00KSCJkYb8JKa4Y3	rock,emo
00i0OB17z3m3yamO	alternative rock,rock,alternative metal
019Q5nZ079pL34qa	electropop,art pop,synthpop
01I5p010ajulr0O5	pop
01rMxQv6vhyE1oQX	pop punk,rock,pop,pop rock
02Oy8Rwe5K5TIhjk	funk,hip hop
02RGE9FNH65RtMS7	trance,electronic,techno
02hzaGar7vnWY4fJ	electronic
02vi0nu34pnQBFi6	pop
04KHUHlgU8Pg1MAu	britpop,rock,pop
04Q618WBtwDztix8	rap,hip hop
04elyRT3sHC2gYJK	synthpop,electropop,electronic
04q3VppIQEET5rzy	trance,trance,vocal trance,electronic
0632Mc6uw64xV8nF	pop punk,rock
06HvNTU9M9lnH71I	jazz,easy listening,swing
06v3fePSdhXxX3NI	synthpop,electronic,post-punk
07AjGMk31TkPW3O9	rap,hip hop
07CXv8n4sD9Fy96e	mpb,samba
07DgzvdwswlSllK2	folk,mpb
07qxWvKCXR9hamHv	soul,electronic
07xF9Q0K1t3ist7K	latin
08v0FvF1HMmprM3l	metalcore,metal,hardcore,melodic death metal
09OveAcM2Xu5xSzN	alternative rock,rock
09sQQ4Vuv3Yo0im2	alternative rock,pop punk
09x1tVvfWezpMRdM	hardcore,post-hardcore,experimental,metalcore,post-hardcore,experimental,hardcore
0Ac9BENyp3oekNpb	sludge metal,doom metal,metal
0AlGixL2NbCGPjzq	britpop,madchester,rock
0BHQpSlNFgsZHaZE	industrial metal,metal,industrial,rock
0BOXhdc7gj5c6FO0	jazz,blues
0Cat84jO1v3bXluU	jazz
0CkkjxzAsaEnCq6E	folk,country,pop
0CqZ4DcPLbgOlxOk	reggae
0Cweeu5lrQVwRuAk	progressive rock,doom metal
0DANaW6XgBRYfiET	soul,funk
0DgZlQ8A5OuusSC0	electronic,indie pop
0DjU7vZx56D9cK3K	new wave,pop rock
0EH41J9Yur5x0FNv	indie rock,rock
0EkeANTAetzZFrjm	post-hardcore,alternative rock
0GnTDgYjq26RBVmW	remix
0H7nBnNHtv1Ycxbn	pop
0HNfZ7NMpnEWYRjW	pop
0HaCOXEdLTASrU4P	post-hardcore,emo,screamo,rock,emocore
0Hxgv7xgxVyFcHIb	classic rock,rock,progressive rock
0Hy6OyiGTK9VRort	hardcore punk,punk,hardcore
0IGMFBtZCxXxnJGm	rock,alternative rock
0IOVWAhbdf1CsekA	progressive rock,classic rock,rock,psychedelic rock
0J0w2zXsrbRWzPrL	electronic
0J9UQ9GC3VO4l3oU	classic rock,blues
0JD8zXCdku6KeBIk	house,lounge,electronic
0K2vsBA9smDZxKno	punk
0KJ3RQhIgxlRNbyU	alternative metal,metal,rock
0KrfpITRYCMTHZno	pop,rock,singer-songwriter,alternative rock
0KtUZOqkXcs5Q4Cn	synthpop,electropop,art pop
0KtVngQ3MYfJDlFc	pop,electronic,soul,synthpop,pop,electronic
0LFQMQ0Zx2oKHVJO	folk,indie rock,art rock,world
0LSUejQYM3CNyFvB	brutal death metal,technical deathcore,death metal
0LwSoPupgcdqr4Iz	pop,mpb
0M6rQONIPVKkRx8u	synthpop,electronic
0MHinT7xVyogompy	rap
0MWOdRTVAx0staZz	pop,rock,pop rock
0MhSVMMC2sqqHQIa	rock,indie rock
0Ms5TgXO81hi7Jzd	rock,indie rock,indie pop,noise pop
0MsogDqbmJNTohet	punk,rock
0NYOybOH3K7w2I38	alternative rock,rock,punk,rock,alternative rock,hard rock
0P7FMi0IH8YC29jA	electronic,electronic,synthpop
0QFRc22ra1SdrQsy	dark ambient,drone
0QSuci5nyuRojGbo	black metal,raw black metal
0Qeai2jYu5cjc3vE	pop
0SeDKeYWE9enzz8Q	pop,hip hop,pop
0TZKbee0wUzeBhmP	rock
0UhNk0cWCHoH6xDw	ambient,electronic
0ViWaphaNb4lXxJL	jazz,nu jazz,acid jazz,downtempo
0WFZwWXu92pi1twc	electronic,experimental,ambient
0WOk5FhwZDiWMplz	rap
0We9TRA5zyjS7ush	rock,alternative rock
0WeIKLZh9Nzcd2Ew	chillwave,electronic,chillwave,electronic,lo-fi
0WgRx89fMmuDHuHS	pop
0Wtc7y7OYuJ3y9jO	axe,samba
0XEkr1yWNujXRI6W	rock
0XqU6v83ZMOeh4wc	k-pop,girl group
0Xqhhociv7ySUC27	pop,pop rock
0YG71J60HAJ5Glxd	hard rock,classic rock,rock
0YPssy4JykwvVcCR	singer-songwriter
0ZWpQKODgG3lj4h7	indie rock,spanish rock,pop rock
0ZeUa6hsJJrS2bI4	black metal,post-black metal,depressive black metal,shoegaze
0Zi1bAxCIYryXmG8	new wave,post-punk,electronic
0aFIFfBrPqFVAofA	indie rock,britpop
0aK8gzuVHgZDf7lR	pop
0acxku2l9vauMUwS	pop
0af8zLRGs4G32GCl	emo rap,hardcore hip hop
0b55VXwGLfCLa4aN	gospel
0bUiHslp8DhRf5rP	progressive metal,rock,gothic metal
0bdspL9LsnBaXFjS	soul,pop
0cGbpUlhorS5ZvL7	pop,singer-songwriter
0cWzZFhnGkmgefNn	psychedelic rock,garage rock
0cYTIIElIl2tFyoW	metal,metalcore,hard rock,rock,hardcore
0dU75Rzwm99uedjr	indie rock
0dXI6c6CorcfmgB2	thrash metal,speed metal
0dn6u1qHmbl3T2DB	jazz,bebop
0dvDjji9Y2ZDvsmU	pop punk,pop punk,rock
0eevOaGbxIFyawks	post-rock,experimental
0esYQXzcKfzGRHFQ	screamo,alternative rock,post-hardcore,melodic hardcore
0fceDYFPDO4huXRR	rock,classic rock,classic rock
0fsqAbzSxobL06Q9	post-punk,punk
0g473y5n6Abn9EKK	folk punk
0gLBuy5wKXD3WIF6	melodic hardcore,melodic hardcore,skate punk
0gUXBLKIvNFF46dT	electronic
0gs86tF7CLIV73wE	k-pop
0h2qKn4QYied7Wc6	chamber pop,singer-songwriter,folk
0h8G1bhVFVP6G9Km	electronic,new rave
0hEIp7b43rLAiZVR	country,singer-songwriter
0hcO6fu02UtR1iSd	melodic death metal,folk metal,metal
0hfTaonRSy4Ji6Fx	rock,indie rock,garage rock,rock,indie rock
0hi5FGoizAXxin1K	soul
0hp1VIc2JIzmdou4	shoegaze,post-rock
0j5i3WjphnPrK1sI	rock
0jGfv3KjonxRVg0Z	shoegaze,dream pop
0jywvXAj5ah8ffnh	pop,funk
0k7FuwOfSWu1FW0b	spanish pop
0kFhN9KUu2eVeiqw	post-hardcore,metalcore,metal,emo
0l74rMivq4JRIW5W	pop
0le9gmaGSt11gMzl	pop
0ltYJZpJLaxEdGd7	indie pop
0m5Q7XPXgBKh69Oo	k-pop,hip hop
0mpDFb1MSL6M6QDw	death metal,technical death metal,progressive metal,metal
0nWfiiw6TgdCNuYe	disco,pop
0nYiKD0xkvwn3Y2K	indie pop,pop
0nj7ecyJqaZsDW4D	soundtrack
0o5jvQWVuFrPhA4K	electronic
0oe2d23jio9Uyg49	pop,soul
0opwZtw5F24W5nGI	indie pop,art pop,indie pop
0pKdVXwboxWtasKV	pop,pop
0pn3KPrmlT65N0TZ	hard rock,rock,alternative rock,hard rock,rock
0qJbxD3hsFTAtT2H	country
0qJxPb3F5iBwemou	soundtrack,classical
0qgdmHEKVUOkICJq	neofolk,martial industrial
0qksG0v30j5B3d5m	soul,motown
0qqf89vequY2e2uT	dream pop,indie pop
0r15MBZkjvHovNPk	disco,pop
0r4GXVQMxdHlqWVw	neofolk
0r9CaVEt23gk1OLL	psychedelic rock,lo-fi
0rEoPxgyzHki2RWu	house,chicago house,acid house
0rjE4lunyG8Lrgjq	hardcore punk,punk
0slI8BiyGTfFWUGu	punjabi,punjabi
0szuK0G7dl2oeACy	rock,classic rock,funk,funk rock
0t6nCxnmb4fmDhnQ	electronic,shoegaze,dream pop
0tKSRIcj9gn6IJ5X	post-hardcore,rock,post-hardcore,electronic,metalcore
0thBNWXI4Gzb2ZLV	gothic metal,symphonic metal,metal
0tzYEg8KodbJHl8p	progressive rock,psychedelic rock,classic rock,rock
0u3Kcm8q8vnWPMHc	rock,garage rock,lo-fi
0uEtFSfUUzI9HMLn	funk,soundtrack
0uMHZRtfqLwZmzPv	grunge,rock,alternative rock
0uV7xclfhZI1ABpT	soft rock,easy listening
0uyVX6LPixsFh00P	rock,classic rock,hard rock
0vXeC5LIEh3rf9Mx	rap
0vd7SREH018NTDta	folk,singer-songwriter
0vrezKgvdaVdP55M	electronic
0w5hHsx3iy7K3Hvw	metalcore,rock,alternative metal
0w7vt6PTaKx8ogMT	bossa nova,jazz,mpb
0wuIKJAXhSBJ23h0	pop,k-pop
0wuaeUCdj0eoIpRH	new wave,electropop,electronic,indie rock
0xVqeng8rSk1vkzQ	folk
0xXiMHpY7KUmXlAv	pop
0yL5HM8MXEfkmgcE	rock,hardcore,post-hardcore,hard rock,hardcore,rock,hard rock
0ySwHBFBFjqs3ZwH	rock,brazilian rock,pop rock,alternative rock,rock,brazilian rock
0yT3jx96TnZ8ZMDj	folk,soul,k-pop,folk,k-pop
0ylNFDWBjq7HoaRR	jazz,cool jazz,vocal jazz
0yvedEdqrVJZJ8FB	stoner rock,alternative rock,rock
0z4MvkgcEZIuUhaC	jazz,bebop
0zHYWyUgwiCVEXty	rock,punk,emo,alternative rock
0zLKtENKWykjX3uw	ebm
109IXnS5xSfF7I3I	classic rock,rock
10w2wTXsYADqkdF1	post-punk,indie rock,punk,post-punk,hardcore punk
11AWkdsjnYloW9kn	alternative metal,gothic metal,metal
11SAgRx2QYFJEX8L	electronic,electronica
11TbQFLTZ0rWsuT5	pop,folk,indie pop
11vLXtujW5gKibl7	emo,emo rap,rap
122YR0dLpuw1XTjl	k-pop
12J0SifUY3ZcE7dL	blues,jazz,soul,blues,soul,jazz
12kWO3sheJ5BCttJ	disney,soundtrack
134RxLi6hDKFLixZ	pop,easy listening
13AYHy6cyhUIcPmC	soul
14sFTXZejVMAq33a	indie pop,downtempo
1537AQrURK0xyndn	dream pop,alternative rock
15tLvTjDxU197oBT	jazz,blues
166TJqR8YtaoibkS	soundtrack
16D82lKDn3niatEm	punk,melodic hardcore
16FgAwHUT9uktVqa	progressive rock,progressive metal
16Hz1Pdate9ZTzs6	pop,rock
16RZKo74hALxISBB	noise
16UnJPwsJaWza1Bt	britpop,alternative rock
16jrwJilnXunxqQi	indie rock
16pOUJTRbQFVz7pW	classic rock,rock,pop
16qLHNiUdmeJs9Qy	soundtrack
16vBZvYvZW9nceau	post-rock
17agWPqEyTQSui3I	pop,latin,latin pop,pop,latin
17z4NTAHHVech2oB	jazz,swing
18SiVZcLUJAJgviA	folk,rock,classic rock
18gL24KTRGwfRYE9	psychedelic rock,garage rock,rock
18vv9maSyDLb16H9	soul,soul
1921M8biipnVsHIM	country
1935k7mIkFNpUnxU	alternative rock,rock,hard rock
194kBdMfAYil6whx	pop
19AiX0Gb6VNKvjGU	classic rock,rock
19OiVL1Z3bWapeTg	soul
1AVBZ1QGoMgGtBZM	pop
1Ap2Ahuz2AS3D898	industrial metal
1ApbfAhXieJCmweB	blues,singer-songwriter,rock,blues,singer-songwriter,rock
1B8LAeUAPd3uLW0R	death metal
1B8re6qbgtUxjW8K	grunge,alternative rock,rock
1BAJNO4P19zJuRCZ	rock,alternative rock,grunge
1BSTJnqQWGkb0Miw	rap,rap
1BxOomemaljnipHN	rock,singer-songwriter
1DIRkXtyFT0RzMW4	indie rock,indie pop
1DfWWCw8vFSLPZoC	k-pop
1E0XOnSgrhT29oTj	technical death metal,death metal,technical death metal,death metal,brutal death metal
1Emt5bmCnIj3J3DN	folk,mpb
1FHsbrJnBPPP0g0k	electronic,hip hop
1GH1N58NWSZBHu0o	pop,pop,freestyle
1GSla2d1IZgYnLEY	christian rock,rock,alternative rock,christian rock,alternative rock,rock
1GgHBJlpBcyhExSA	spanish rock,spanish pop
1GgOhyP7jFJjmMxl	pop punk,rock,alternative rock
1H4rPODb44vLIJds	progressive metal,djent
1HoTAKe9slCtsTiu	k-indie,jazz
1Ix1W83L21wL90VM	metal,hard rock,metal,hard rock
1JDhrF80iTL8qZTw	pop,pop
1JJ4W4CJsmR02HTx	rock,alternative rock,grunge
1JUBq8gdBT7jepls	progressive metal
1Jp0SeFFOQ4i6y3R	soul
1K4uqBQSMn1LR5bV	pop punk,punk,rock,alternative rock
1KGKpWkeW70Knm0L	hip hop
1KNqgyqVTxDSFbJZ	folk,indie folk
1L5YgJUNjt0kE3rf	disco
1LMveeyguTX9Vrzz	gospel
1Mzdkzp94lWU1VP8	fado
1NO3BwFtJjhQIQkh	latin,classic rock
1NUjQqlkw8rUBLLI	soul,blues
1ODKAyZfoiA8c1Hj	indie pop,alternative rock,indie rock
1OVpEErH60sofbKM	rock,singer-songwriter
1PbkQt0nm4wlaQB9	metalcore,melodic metalcore,hardcore,metal,metalcore,melodic hardcore,hardcore
1QrsMIpx3nbyX75S	uk garage,deep house,house
1QvrgUV3GN108S9s	nu jazz
1R5OUBY88yVKWKFU	rap,hardcore,rock,screamo
1Rn5G0gL1K0m4gFQ	mpb,latin,mpb
1Rt6nEc20mcLigSf	jazz,country
1SLIcf3T7zK09Tv8	broadway,rock
1SM7ZyVo3MsNBAeS	pop,french pop
1SWs1ngkM7XXhWfL	post-punk,new wave
1SbLlmun3Ybu6WDI	singer-songwriter,cantautor,latin
1Sk8XOujVHQxrDSN	electronic
1TOx5IDc83JfKJMY	gothic metal,doom metal,metal
1TajXcJq5yg9hgid	folk,singer-songwriter
1UY3Xhpe9woT376Q	house,electronic
1VvHG6uaWyLTZZaR	blues,chicago blues,electric blues
1WJFOzUTGPCTohZA	electronic,breakbeat,industrial,electro
1WQkoAHloStdthMw	soundtrack
1WlRq8rW40gTSwKO	rock,britpop,alternative rock
1XYxr3gPDLh1OfLG	power metal,metal,power metal,symphonic metal
1XksK0edltBBIgAR	alternative rock,brazilian rock
1XrZWrECeBx9rqwK	melodic death metal,power metal
1YJWDNKhtS9WKB8a	blues,chicago blues
1YOagKsFqTS8BDK2	pop,pop
1Yfyk8H2Qu4Cf3Ex	pop
1Z17lY5HmJ4MqbvS	rap
1Z7Pb158yANCZ7zN	jazz,vocal jazz,blues
1ZDeLHmbKM5AZCQR	soul
1aOy9pzOsJ8AjKAb	pop
1aVjukDrKZfuozsS	gothic metal,symphonic metal
1ajbRfMC8Z16Td2W	lo-fi,indie rock
1b7L5n3xhCn2bLWX	experimental,electronic
1b8sA4iir0gn8d2g	rock,classic rock,glam rock,hard rock
1bAK1RMIbpo3BhrK	gothic metal,industrial metal
1brDIUXXgVDlvv0v	rock,britpop,alternative rock
1cUUnlwxUH9rXdBd	hardcore,emo,experimental,emocore,post-hardcore,screamo
1desuKPRoCCWc5xZ	funk
1eApBsTMCYUAWWKW	pop
1f1RCJoqJZKJQyEC	j-pop,pop,electronic,techno
1f42FxRyQ5L2N9Ic	ambient,post-rock
1fCrL9VWob31hlOf	indie pop
1gCejbMa6vBbzeIY	indie pop,indie rock
1gVhiGnE05wha7iE	alternative metal,rock
1gbSfe8iEpBhNuJL	soundtrack,chanson
1h0uWdoZOy1i75ho	dubstep,electronic,house,progressive house
1h5xetjDsOju4lmp	mpb,singer-songwriter
1hFwLdmoO4fC46hu	singer-songwriter
1iK5Jw9Hf8vBdMdH	punk,rock
1iXpa8TkY14CtUCp	mathcore,progressive metal,experimental,metalcore
1ingfo3XFafO5Pto	emo,rock
1ipQbTWIdgp6fhIR	garage rock
1j8YxO3cGIbhNj34	pop
1jkzzxdtdUcstunm	latin
1jmYi2f4Zx45iUm9	pop
1kJRurE3EzLYOzkQ	rock,alternative rock,indie rock,garage rock
1kckAOAQl4AZpnY3	country
1ktzw8MBVxykwaRf	pop
1lSVa35bKakCPNcT	afrobeat,funk
1lhDOBoSftrYQJ1Y	pop punk
1lpFiMZP7EMqX5r0	pop
1m6NizcHQfOVzx9v	thrash metal,metal
1mxfEuKfXxeG4WAf	soundtrack,world
1n3apSaoCwmQ5aEt	gospel,soul
1nN1JLKuoWHOXAWm	pop punk,rock,pop rock,rock,pop punk
1nUgqM8kKO1fqqc3	industrial,industrial rock,electronic
1o8cAudoKRQstyHN	folk
1oO29RDo0cdUTIdu	pop,britpop,pop,britpop
1oOfcGLQhe1n5pFb	pagode
1pg8GUj51tDQRlgw	soul,pop,motown
1q4aW350Z3iqaaFy	pop
1qFZ0HF62jrYNkRZ	post-hardcore,post-hardcore,screamo,emocore
1qIrffQFy4Rq0Fsr	folk metal
1qLNOH6PFcqhthLj	jazz,pop
1qQibTZPMcIwThYi	pop
1qbBE2tq5EfH2fnm	post-rock
1rpgPh4SXOonbuWV	dubstep,chillstep
1rtul4j3ViHhsqLM	trip hop,art pop
1snG075AE1jVzzwq	britpop,rock
1tKEbqmPOJgTaMH6	electronic,synthpop,post-punk,experimental
1tho4AsSUx5CUbvp	indie rock
1toZXou7rNITaMLS	punk,emo,pop punk,punk
1tx1pK4HWjonqxzB	dark ambient,glitch
1udTmLMZxFbDGzkf	pop
1up9277uzf0f7Frk	classic rock,progressive rock,hard rock,rock
1uq7hlqorbXklPpq	new wave,classic rock
1v0dXYmxG4SJGMUw	rock,indie rock,psychedelic rock
1v3FdjGxhYmKkiKM	post-punk,noise rock,art rock
1vSKLNlBC7jtFkd6	pop
1vXhxyR5IlXSdVM1	hardstyle,techno
1vmSnTZR6E3XWGbZ	death metal,brutal death metal
1wHqJo47ilRkEgQZ	funk,glitch
1wLyyu97sE2qxHdr	rock,indie rock,alternative rock,indie rock,rock
1wnp9dUFAxeg6u8b	electronic
1wxIq8WMM9EBAuz7	pop,electropop,twee pop
1zfl5LM074y6tL2p	electronic
1zhQnmapnOYooiqK	ambient,electronic,shoegaze
1zlCj1t0jIudSPvV	pop
1zoEwsASM4ETpeel	alternative rock,rock
22Zz29oDtQzkfmPr	alternative rock,rock,metal
22ueZuGJzNcqpXW7	garage rock,indie rock
234sc1UPIAam4gNe	post-punk,black metal,shoegaze
23MjwaVkpokLjFIU	pop,electronic
23NOs1w2qaSzSLE4	progressive metal
23z7bAcQF1DACqpE	rock,funk
24BUshcEmtzJ1xDI	ukulele
24Ft3WS9YTwCJdy1	k-pop,pop,girl group
24iJtlgE7EhmIBDv	folk,singer-songwriter
24nlgl4Li25Oozfz	jazz,jazz,free jazz
25CXGpwL9tzbw8pR	pop
25D1h68mMNdSRFQJ	experimental,electronic
25EtnoL9Tzv6eZIB	alternative rock,folk rock
25p7eYt8IGcNvRYQ	thrash metal
25tftkfnWAd88uVv	noise rock,post-punk
262sBFgWVZcuKaB5	folk
26lDsWTP7PJYrNiT	folk
270Kv5VeaZu4PRof	rock,alternative rock
27GiJsXCHkUISKiM	metal,industrial metal,industrial,rock,hard rock
27IJTxPO1SXXXu14	progressive rock,hard rock,rock,progressive rock,classic rock,hard rock
29BfQrbglHW023p3	pop
29Fl15gJt6a2tLUd	rock en espanol
29IkvAUrLTAanLvt	pop
29piBkMOqAZVL5bp	electronic
2B9IozRcQLjfTUTu	doom metal,progressive metal,progressive rock
2BgIVvMvNIV6MXSX	metalcore
2BjR4DCmAasATw2w	latin,samba
2CItxqKbfNCVXjMb	alternative rock,alternative metal
2CRVi4QcbgnryXAr	shoegaze
2CY7AzZfbJ8CJney	post-punk,experimental
2CkImSeKolHKPpPE	jazz,harp,yoga
2Crpq1lNUxXXzCfA	emo
2DN8Q7MnhBMq1XrL	soul,rhythm and blues,soul
2ETjCaVtTN9K30FU	classic rock
2EsLO0i2o18zx0ge	power metal,symphonic metal
2FIxCcpy5DptZGhZ	electronic,pop,synthpop
2FLDjfHZrUMJDpup	ska,rock,ska
2G1QsfIabbLrPV3p	folk
2HEDUMxUacma646T	nu metal,metal,hard rock,rock,alternative metal
2HFpbmmMD2wTUE18	hard rock,alternative metal,metal,nu metal,rock
2HZyJYCRlcGDX3aL	jazz
2He51rvwe19Ies8H	rock,classic rock,glam rock,gospel
2Hg2uAW57l5GJOKF	rock,folk
2Hm3MU7OHsBzDKTS	emo
2KM7Y5cp7co9pDMT	pop,synthpop,new wave,electronic
2KjrfARNuA9LZL5J	dub,downtempo,lounge
2KoTzrP2cU9dF35p	industrial metal,industrial,gothic metal
2L1vfwlVWd0jYXRb	alternative rock
2MkTJ9OFc0cwfhmg	post-rock,shoegaze,post-punk,dream pop
2NvDBQlve8KQ6aqS	mpb,samba,mpb,soul
2OWW9O6eEwQn0xpO	hardcore
2OhFd1zj3IqWAXrq	power metal
2Oqv1dT8RbVDy2Fo	electronic
2OxTpAcoZZjr43Qu	dream pop,folktronica
2Q8zmpogg1fEUVgr	jazz
2QYvwWjZoLSecjdF	rock,soundtrack
2R0e2QDRVUiUOJYm	indie rock,britpop
2S5j1hlh00w0URdC	pop,latin
2Sg3ptwe7ZvHsdvT	metalcore,metal,hard rock
2TAZAsRTomiImG8w	black metal,atmospheric black metal,doom metal,folk metal
2TD6tSmdzdwUORiH	ambient
2UD3xlgUwbbTpK9U	soul,pop
2UQcnK1ws7ZjmD1L	latin
2Uq7X419wfoxXytK	singer-songwriter,electronic
2Uy2gQDqnTzxyDzK	ska,ska,reggae
2VM6lSsdBrZVuLk7	experimental,electronic
2VMMReREqDvBxz17	folk,singer-songwriter
2VRvcjk2RcnCCTst	lo-fi,alternative rock
2WRdPOpokdV6lNra	progressive rock,progressive metal
2WUbcfexNIpDylIe	math rock,progressive rock,post-rock
2XQ1HQwq90PeNUzN	post-punk,indie rock,rock
2Y6VOZSzZss8nPOF	pop,singer-songwriter,pop,country
2YMhCsXXNlDpuuGU	alternative rock
2Yth1nYzRbDV8QEh	singer-songwriter,folk,singer-songwriter,folk
2Z7yBOTfjtvGwLJD	death metal,metal
2Z8xej6p395ks5kH	soundtrack,ambient,video game music
2ZCUDbGSBASlMBSE	rock,power pop,psychedelic rock
2ZL9CKS3yNUfTO8P	pop,singer-songwriter,pop rock
2ZMO1kjGFObo1gbq	rap,samba,mpb
2ZMoriwNhQDKr1fP	rock,classic rock
2ZaMOuFdsHGttfxQ	folk
2Zsmfr39dCABuJV4	mpb,forro
2aiKewjz7zVzeoLK	post-punk,minimal wave
2aj8WZ5AOTNMrv6I	grunge,rock,alternative rock
2ayKTCjtFL067qbr	garage rock
2bIsqk99mDsz4jVX	pop,pop
2bKnuDY6yVlPpZqY	electronic,minimal,deep house,house,experimental
2bmAUUBVmebA8dnQ	thrash metal,metal,speed metal
2cakaYqDKReBW2Fm	ambient,dark ambient,progressive rock,dark ambient
2ckGrlFZxgwLMlSN	experimental,experimental
2d7CcYxkPoVIRE83	soul,pop
2dTQ1i3UnFml5FZ4	samba,mpb
2ekVWpFnEgAWatng	power pop,indie rock,indie pop
2fHPxPOQ8S0wv0Fa	pop,rap
2hRRD9paDQfzNqRE	latin,cumbia,electronic,reggae
2ioBvpp1ihymLglY	folk
2jfZWc9gcwcDIpI9	pop
2kcO02S00F5JrM1N	hard rock
2kdf82NDfNcDJi73	folktronica
2llpRCbHTknLuyl5	house,tropical house
2mAp0X2gHi1AIpVY	industrial,experimental
2mMJV9wlPw7zJjLX	symphonic metal,gothic metal
2mXuTlLuoHG7Xgrt	pop,doo-wop
2mr2D2YlNzyTPwKC	thrash metal,speed metal,metal,thrash metal,metal
2mzlldXgCYcvYcg7	jazz,k-pop
2nPGFdINjiXPwh5V	rock,pop
2nPuDTLNBIa0LmNp	melodic death metal,metal,power metal,death metal
2ngM5mngYPecRVJR	groove metal,metal,metalcore,thrash metal
2pDRMBFgeqXNWBEj	classic rock,rock,soft rock
2rBzxeuCzQ7IBlRh	groove metal,thrash metal,metal
2rQUO4jU0myfggFP	punk,hardcore,punk,post-punk,hardcore punk
2sF9Hn5tma7n22Ut	indie rock
2sVmKXIvO8cARIF8	latin,pop
2sWGfN4rDYbP5DNR	singer-songwriter
2sfFZYdInzDiunzT	rock,alternative rock
2sk4CIdWNABMzNmU	nu metal,metal,alternative metal,hard rock
2tMoknK8uzkl4PGQ	rock,latin rock
2ttZq7Q29PSMra1r	post-metal,dark hardcore
2u4wTkhAmCT4sPXr	post-punk,new wave
2ua2QeZmz3kBTLdO	rap,experimental
2uaRixxZbSNdJ6L9	pop,electropop
2ufFgTBTYJF90BmI	industrial metal,industrial
2uoKQYOZa21Ll3Qc	funk,pop
2uqDTBk0zVAXddxk	grunge,alternative rock,grunge,alternative rock,rock
2uubq5eYjyU7fCMk	soul,pop
2v6cyBmLHol9eg95	pop
2v8KtCCDkJui2I2q	indie pop
2v9iHGrDVs1FNgGh	rap
2w0iy95g3YLGdYRF	garage rock,rock,punk
2w6nDWjxoC1sCSuC	metalcore,industrial metal,post-hardcore,industrial
2wZXfIxJQMVAchl7	pop,pop rock,rock
2wo10xcWI6DBbrjp	rock
2yS8OjfnzareM2il	synthpop,ambient,electronic,synthpop,electronic
2yTmONbhBi9yGfEY	smooth jazz
2yezn8DHcaF6JxSP	rock,blues,rhythm and blues,classic rock,rock
2ygjVPlU3cKp7nMG	hard rock,metal,nu metal,rock
2ypE2PjWKJLoyHsR	soul,hip hop,soul
2z4BnuIwyXTBbwAt	soul,pop
2zA9Yuz4zTJmYCOy	synthpop,electropop,pop
2zx75CNYSfjK9Kzq	grindcore,death metal
30FcvYVfGIUHyN6n	samba
30TX3xUfoExOgxHA	jazz,soul,pop
30hCe4DN8UZ86OZh	christian rock,rock
31NZ0ZTbQjpPIRyD	latin,pop,pop,latin,latin pop
31YIVZHQipXDAQRX	thrash metal
31YXnt6RbdqJqtmn	punk,melodic hardcore,hardcore,melodic hardcore,punk
32CqmThzZGVrYwwK	mpb,mpb
32J3xSss5YHCLY8l	black metal,swedish black metal
34LGXzU4AMNXJ5QT	electronic,electronica,electronic
34Mht3N1INAOCLgU	pop
350J7ZEpocP0UT6D	soul,rhythm and blues,soul,jazz
35iqaAumRwIyaFIv	forro
361QOxGc27oShviO	folk,indie folk
367Z7zhm2Vnrdatd	thrash metal,metal
36DCHgrXQKOV65xL	indie pop
36R5fITHaR23oOqF	indie rock,indie rock
36mogkQR5VcNWzZP	rap
373FTmXmB8JdNHwz	electropop
383oeXIzIxzDY7jC	rock,brazilian rock,pop rock
393YyCL4dOzjeDXO	jazz
39Bj9W5I8YKJ0lkX	folk,singer-songwriter
39L8oA3uDlnhV1Yc	rock,indie rock,shoegaze,indie rock
3AiwrUZ3x22JVluu	downtempo
3AnM1iGQCDI9Ceab	progressive rock,rock
3BxDIaNzK3knd5Jf	rock,brazilian rock,rock gaucho
3C5fKOvqw2pe6kLP	synthpop,experimental,noise
3CP0a854FeGN4eJV	rap
3Cmgta0LRzpvGdGU	rap
3CtzkqoWR1NJRdH0	country
3DLXPUltUaagok0k	mpb,pop
3DokXXWKhKVqgP8A	samba,samba
3E1s6pzcEC0D7k1l	electronic,electronica,electronic
3E6LE4q6HaJh7B3t	progressive rock,classic rock,psychedelic rock
3EfsW6jEhV0OvKIY	talent show
3FKCw0BfL1qGeDWg	noise,experimental,drone,ambient
3FThFRyM66r5J3Me	indie rock
3FsnGzrD9FvvUsxm	soul,soul,jazz
3FuKyTNdLJwWwIAU	synthpop,new wave
3FxEcHPDIKtaby3G	mpb,pop,singer-songwriter
3GBENfHz2WFiA9Ek	k-pop
3GGg4XLPiJgFZdEW	rap
3GHIXJgC7L7oNVGw	k-pop,dance pop
3GfWKyIRbkUbxnrU	folk metal,viking metal,metal,viking metal,folk metal
3Gi81iofhDsZRykw	rock
3Gv4CyGPvChHFF6l	indie pop,indie rock
3HgSt6BCbjGNRC4k	metalcore,hardcore,metal,screamo
3I3IEXhRkSokAauW	rock,alternative rock,funk
3ILnEnond0d83DzU	classic rock,rock,hard rock
3IsQCwU8FMDhfPED	alternative rock,rock,post-punk,lo-fi
3IyPVVwunPHbrQBk	symphonic metal,power metal
3JMM7GU7136u8s5g	thrash metal,metal,hard rock
3JMT9wwhiROQqvg6	symphonic metal,gothic metal
3JN6azAYHZDJ9IHg	rock,christian rock
3JOlSxCDJja5SYC9	electronic,pop
3JQ0nTBcONvkAVE1	progressive rock,experimental,alternative rock,indie rock
3JQg8yPgsDqwSdJN	electronic,house,synthpop,synthpop,pop
3JT6jp2pCjf7BxDX	electronic,techno,house,electronica
3K3MxF2vecOqIH01	k-pop,pop
3K64x4asNZJfQEU7	worship,praise,pop
3L29CebZqYMPZqFu	rock
3LIaIcifnY5aenlF	rap
3M5gz1dan3SX5pS7	grunge,rock
3Mc3L9CUAFBVdAof	dream pop,french pop
3NBgF3XHk7EI01s3	emo,midwest emo,indie rock
3Nb69rQrYso7u9Yg	soundtrack,contemporary classical,soundtrack,classical
3P3uQTWd3JxAexBT	indie pop,indie rock
3PtseulggRtHMoOz	progressive black metal
3Q36EsmmokskRC8v	rockabilly
3QAgiowCE58lkfhU	punk
3QnpjtdMMAjoMtBF	experimental,soul,violin
3QtvURvlqOYsZEDz	rap,hip hop
3R1U4t8F9OHH8msx	black metal,metal
3SEJi4JAZeoYCWk3	bossa nova
3SRUD2w7DrZqHE0U	rock,classic rock
3SSolszQvCHozHdV	blues,rock
3T1tYnVtfilZZQB7	pop,pop
3T4bhuhIQTEHhcFg	rock,pop,new wave,synthpop
3TAjiWcI8u0FODuS	soul,motown,soul,motown
3TIdOAlULKdqaSR0	pop
3TJHHVey88djFD94	k-pop
3Tcwq0kIiSJDk1OB	metalcore,hard rock,metal,hardcore,metalcore,metal,hardcore
3Tdu9390svWhC45z	pop punk,pop rock,pop
3UWmNTjmsIQBFhtd	anime,gothic metal
3UnYmzcPVNgjNNFv	electronic
3UoA4vRm5Kiqdbxg	alternative rock
3VD4IvI3WR2KhZV8	rap,emo rap,hip hop,rap,emo rap
3VDugjDPEErsGZQp	neofolk,nordic folk,dark ambient,neofolk,nordic folk
3VYHPB2fFFO0f4Sb	rock en espanol
3WI416EeAZXptYAZ	new wave,post-punk,rock
3WTnP3pKNYFYfvsI	screamo,hardcore,post-hardcore,melodic hardcore
3WfncosyPdVtcRvq	jazz
3WlSHd6TxJ2drbA1	ebm,synthpop,minimal wave
3Wyx6bL4fbkgTPO2	pop
3XI3KppPMcvPClP2	punk
3YuG0V05zf8YxUY2	grunge,rock,alternative rock
3Z2mxKTNkaayfjGf	melodic death metal,death metal,metal,power metal
3ZIbiMoxAEzvxZO9	electronic,ambient
3ZW7dFyJ1lRtbo8y	pop
3ZbrrRQHcFkpTHTt	rap
3ZcPj4mx8ChcnQsz	pop
3aLLv89gHveBuosG	progressive rock,classic rock,rock
3acD8cv7zhxlthnv	jazz
3ayVeQEo9JAqorKS	rock,brazilian rock,rock gaucho
3b39vKAGHcJLyd3n	singer-songwriter
3bejCrhNQlm97r9A	pop
3cJaypWniZHpomfi	j-rock,rock,metal
3dEyqCSLzdyPFgk5	rock,britpop,alternative rock
3dT7OTg9w8jEBjMm	power metal,speed metal,metal
3dwil4nYh1KdOQDq	ambient,indie rock
3e0iJgXDtiLWbvAD	grunge,alternative rock,rock
3e3NRBRj6BxA921Q	deathcore,brutal deathcore,hardcore,metalcore
3eRxIV3sVkZsbgKB	punk,rock
3ek5bpYhdyAlCLlJ	pop,indietronica,exotica
3f0doFlc7yQ903bJ	new wave,synthpop
3faYOQ867TjLuWQz	reggae,roots reggae
3fuOrQt9qqGmPNQY	experimental,psychedelic rock
3gGUBqtyIV67NLu6	sertanejo
3hlyvzY6y1zhe4TX	fado
3i6RfuPvfB9ZDn9E	techno,electronic,lo-fi
3j9jevapaVvqDPcp	progressive metal,metal,sludge metal
3kAIoRnx8aJhupuI	rock,alternative rock
3kqXYNx5eBHRl3XF	thrash metal
3lAIb6v82pmMZS99	classic rock,folk rock,rock
3mAl0v8h53hrEolv	rock,pop punk,punk
3mKxvt2YUxlAtj8U	chamber pop,lounge
3miAW8whHjT8ke2c	pop,soundtrack,disco
3n11BOrQPpuN0W76	rock,alternative rock,singer-songwriter
3nEJ6WRWjuLq0JV8	electronic
3nriJAVYlnMFabza	electronic,shoegaze,post-rock,ambient
3nrwHAllpcYeO51i	gothic metal,alternative metal
3o0tMKDO7qu7mwP8	industrial metal,cyber metal
3oD1wi4njfRo4y0K	house,electronic
3oTQyW9VsRG1vAZU	rock,pop
3ozh9LF6vuI7ixvQ	indie rock,rock,alternative rock
3pKGqHJGqgLr0Uim	electronic rock
3pi5n1NmZfkF09dI	jazz,jazz fusion
3pwtPBxBWXawmwlQ	house,electronic,progressive house,tech house,trance
3q2VIzbbLzqCj0NI	rock,reggae
3q8pvkFyr6zNgQJb	k-pop,hip hop,rap
3qCb03UxBvbZsWEM	post-hardcore,screamo,hardcore,emo
3qGNZSp8p1NoFoHN	classic rock,rock
3qyQ24VV9RVxqvSH	grunge,rock,alternative rock
3rK4404QHChfRtHQ	rock
3roAUOGQtS7f7rmq	rock,experimental,alternative rock
3rq08eBFUt4V0ER6	emo,post-rock,indie rock
3rwGO4kmdFUJDj6z	new age,ambient,celtic
3s6qDbF8qsvcfmeY	britpop
3sU9qFGR5sqLO0qy	ambient,experimental,chillwave
3saT0fjF814XQz3y	house,electronic,future house,edm
3sbVM40hDB3hFoIh	rap,rap
3shrACNQQ5eeQEAO	pop,hip hop
3t1u6zgXiu7CYRxc	soul
3tH5Zk46RrrZimoX	remix,electronic
3tzEdoqi8YsbSNCz	noise rock,post-punk,no wave
3uE2U46E1yEXAhKP	indie rock
3uTj1EuKkKna5uPh	hip hop
3uXOXJsblMZfY12A	electronic,synthpop
3ux924VZYedQCq7I	rock
3vLuOj1c1suvUGZT	j-pop,j-rock
3vpLjr47A2ANetid	pop
3vsIlMsA979ZqMLq	garage rock,indie rock,alternative rock
3vy4HNPWkTnMviIw	gothic metal,doom metal,metal
3wZ8tUKbB991Y56c	indie pop,jangle pop,lo-fi
3wmtEja2v0pUigM5	lo-fi
3xAFBtATL7yEEH5c	rock,pop punk,alternative rock,punk
3xcyDvE6On5xbmCD	folk metal,metal,black metal,viking metal
3xhpkrkuCNicNAn7	trance,electronic
3yBuK5zDxlyIqWS0	soul,jazz,soul,jazz
3yOJLIpOiYvqCKAm	rock
3ykvh6q6cPyU5A1J	pop
3ymMofwkRtRhO2ed	synthpop,new wave,indietronica
3z0wMks7ETAvm1ve	post-punk,post-punk,new wave
400mck7o9mxP7gbI	symphonic metal,gothic metal
40FzEJFj72Vme3Kn	classic rock,rock,hard rock,folk rock
40bTSpj4IHp0SALq	indie rock,rock
40fe2APtsJlezB53	rock,indie pop,indietronica,chillwave,lo-fi,electronic
416KOiSVKofwDSOz	folk,rock,country,pop rock
41Q97CsKUBL75oQP	electronic,techno
41VSBVwHnZpYDR9M	death metal,metal
42CAuUVyrPX7VT8v	blues
42RBCzVu3NhQfdTh	rap
43L7L5sa9qedtFb7	reggae
43OzbKKKuC7jFrNA	mpb,samba
44KUk7sAa6Yw6MHn	black metal,norwegian black metal
44hiQmXVeTGxwl6X	classic rock,rock,blues
454ig2ufBn55PgIv	soul
45D1oBXnltpWt8eg	pop,rock,pop
46LVu3FgTZEzHyIJ	experimental
46RQFXKoxrsEJ2E1	pop
46c3wPfHns7jfyOv	progressive metal,melodic death metal,metal,finnish metal
46eMdbSlKBEaEiWF	progressive rock,doom metal
46pXyusxTp6sKznM	pop
4726zaxwER59zhEu	spanish indie pop,pop,indie pop
4727DlhzVM7gntaq	new wave,rock
47YByKoXjGdw78fm	britpop,indie rock
47t776itGX7iSLbs	latin pop,latin,pop
47v76UDo9RxPv6Cn	disney,pop
48VV4hceeVbhX673	soul
48VdPLCPJnZaYlBX	rock,alternative rock
49HcGXMaif20lWip	pop rock
49OodlVPpj6MaSnp	soul,beats,lo-fi
49SZz8cAVP3AIR7f	rap
49vPDq1yQB5jFtNH	lo-fi
4AE2erUaaWz1BCDc	electronic,synthpop,techno
4AVfgf2JgL5GQGFv	post-hardcore,alternative rock,emocore
4B7btzfTwykxH3pr	sertanejo,sertanejo universitario
4BBUIXPOAuKdqyxG	post-punk,gothic rock
4BDGU5V8BqrszSLh	indie rock,emo,rock
4BTfYjwpadlNuQCG	black metal,depressive black metal
4CSZ78WaPCV6oqez	emo rap
4CZWWnwka0eWQCju	country
4CesfcVnG37H8lsC	pop,rock,rock,pop
4DMiWUvAvtpqIeFT	pop,rap,hip hop
4DRfQSCfKwBJ5is6	doom metal,metal
4DsqfjuxRGZ49IWX	pop,electronic
4EZLHYX3aUVxm9dh	electronic
4EZMwzxk7g8WodzV	samba
4EjsnIJzfv9nacuW	progressive metal,progressive rock,progressive metal,progressive rock,metal
4Ep5FQO8ux3S6Lu2	jazz,ambient
4Evo16q3iaOe0DC9	rock,alternative rock,indie rock,post-punk
4FARlQGY79MNZVHz	k-pop,j-pop,girl group
4GDRazarJOAv2Hx8	garage rock,rock,psychedelic rock
4GSrif3dvV3xFXQR	rap
4GrxpWblpXQSYwM6	synthpop,electronic
4HnwqasMeaZ1QjeR	progressive rock,classic rock
4I1Cqv2AZRoeCYw9	witch house,witch house,electronic,shoegaze
4IQMrY9DMUrvm0oL	pop,rock
4Ia5QWeHIGw24bwn	rap
4IuSbTUBgzThz8uI	electronic,downtempo,electronic
4JEHIYg24AFHVEe4	electronic,pop
4JOpWqMf2c2TGCbg	rap,hip hop,rap,hip hop
4KPBIPBcqnzzxeE2	dream pop,dream pop,lo-fi,indie pop
4LhB5Mr14jhdTznF	alternative metal,metal
4LqElqsxeXeq5F1Y	britpop
4M1xgvP0XIpKXUbZ	post-punk,industrial metal,alternative rock
4M2DXEfaghkv7lok	soul,pop,pop
4MT4S2t6xcW4Y5J4	psychedelic rock,folk
4MsjH1TyTwZuZuOK	classic rock,rock,pop
4NQT2FVZHXg3wrSo	folk,indie folk,chamber pop
4NRmb0GSeBbEoBJW	progressive rock
4NXFdFjrafHJdLaB	folk
4Nk8Vkd2zCgW43oa	mpb
4Nn57OQFgi7wDff7	trance,ambient,electronic
4OHi08lv0lGZbxC8	pop
4OKHYlaWbkwWZP4R	rock,indie rock
4ORlPGnimryDVDZp	eurovision
4OVTpQTTKmEzKQ2t	jazz,garage rock,psychedelic rock,garage punk,alternative rock,indie rock
4OlefqFr6Y0QaoIz	indie rock
4OpAvah0yUKDwafW	alternative rock,mpb
4OuTvlQqmqcvZw6z	grindcore
4OxOFWrIMBXB99RA	rap
4OzypfW25LNW38JW	pop
4PSIRdeKbXt5wM6W	melodic death metal,death metal
4QCACE6R845kvyl9	shoegaze,dream pop
4QSF7rvh4vjnWv73	pop
4QjkDEFwl0ZdZcp5	electronic,post-rock,noise rock
4R2lmr5lP67vnvsE	metal
4RH0bstXSpQfieBV	power metal
4Rv7Wh1g6cRqMGyM	rock,alternative rock,experimental
4S5TzGUyoD3frg8B	rock,pop,classic rock
4SQ03S7tRR1VLFkk	pop
4ScJnVHTVBKGPyru	electronic,electronica,indietronica
4Sd1vohiMSsHL7fJ	alternative rock,space rock
4Six7mnnPGIdeIEB	indie rock
4SwEkxKv1EwzTpwr	reggae,lovers rock
4T4WS25clgZG0Rwk	pop,britpop,rock,pop,britpop
4TBblTC9FdxcLig7	rock
4TDqLnj3Lndn9TCT	power metal,metal
4UOvIznnwATQ9fyA	indie rock,pop punk,alternative rock,rock
4VlD4hA22osMVJpE	indie rock,lo-fi,singer-songwriter,indie rock,lo-fi,singer-songwriter
4Vn9VEIE8GRYVEo0	rock,britpop
4Vtn1DI8s3UJ0mKH	pop,indie pop
4Vumo5bybkjwPR4V	new age,electronic,ambient
4Vvx2pI5T9hIF3zs	pop,rap,hip hop
4WDwkpQSwDo0XvN8	post-punk,rock
4WXESNNO5Xks6U7P	pop
4WZ4nxbqfJL6D73I	rock,singer-songwriter
4Wt1w5cT1F5R0xsY	rock,alternative rock,funk rock,funk
4XdEozQRnksNkNpf	rock
4XsY6mDyVjWZ7309	alternative metal,gothic metal,metal,gothic rock
4XwgaDSlvRNEc4O1	folk,country
4Y3dSYVcYOEvz95G	pop,post-punk
4Y3e3qOS9OVGYhT8	post-rock,post-metal
4YXTqCeHYC5L2sCb	deathcore,metal
4YofBCNIWq1I3Y8f	electronic,indie pop
4bJBGkxofSUvAMhM	alternative rock,progressive rock,rock
4bJX42VvFBT4r51X	ambient,dark ambient,experimental,electronic
4bgNoAhe9d4pBMNs	soul
4cpIRIIrpLMxr4PT	mpb,forro,singer-songwriter
4cs3JsHc4XXOOStS	indie rock,rock
4dfYBlscEiIGnJcn	progressive metal,thrash metal
4ea5gdpmXKJTeoDu	singer-songwriter
4eyDkxGNMScrPXNF	progressive metal,progressive metalcore,metalcore
4fCS07fAgw90e92l	post-rock,ambient
4fJ2oIHIhjWj8yHz	indie pop,pop
4fZOPpoVowJb5oSu	classic rock,rock
4fdHZl51XNuxD1O4	dream pop,lo-fi
4gEFZ0aisEmzyFok	pop
4gQhKYtztYttE9yP	hardcore,hardcore punk,post-hardcore
4ge9lGjwxO3yTDaX	indie rock,alternative rock
4glaLmaXFAdOw5b2	soundtrack
4gvy5upAccWDOxYM	shoegaze,rock,progressive rock,j-rock
4gxcD1IObyDszRr1	rap,pop,hip hop,rap
4hOKiyfIoovYJRcU	black metal,symphonic black metal,gothic metal
4i7lUtU7nCcAAkhl	rock,indie rock,rock
4iCH6ysFj8ZRXVDL	christian rock
4iOqqsSeA2Ifvb9C	country,folk
4ifZbeWDndwinfQr	electronic,electropop,pop
4kCx7fL5NRkhKZXI	electronic,alternative rock
4kVtzwbBITvH7G4u	pop,art pop
4kZMdi28q9YF1zo0	power metal,symphonic metal,progressive metal,metal
4lwWcZc2CSTflpiJ	doom metal,black metal
4lyBFOnjsTd7o4Ug	soundtrack,contemporary classical,soundtrack,classical
4m1SSWsNBuoyJoDJ	soul,rock,grunge
4mYrfV4RX2OedB9g	pop,pop,electronic
4meLFo1wkmOnGnRp	soul,pop,funk,rock
4mhmSdRmnG0tO3M9	melodic death metal,melodic death metal,death metal
4mipDEKIk6WRgq4u	rock
4n8KiVAYtoQ1SO5Y	grindcore,hardcore,hardcore punk
4nl4bD8mUDpjhwq5	alternative rock,rock,alternative rock,rock
4ntTVg12WMjJxjcs	pop
4oTt9joZykP0FjyR	rock,alternative rock,indie rock
4oecdz6LhVVjr6PO	death metal,death metal,metal
4ooTrnupb44EU6UV	symphonic metal,gothic metal
4opNmQ2SqLkJwjzo	electronic
4ovoZEaFn6Hg6tmb	garage rock,rock
4p2yCLhkAA7prvDV	pop,pop,britpop
4phB8U7EUTBLvJcG	mpb,samba
4pyrv3dsC20bV73k	punk,rock
4q6mc4jq1azB0Nvp	rap
4q7zSqZdOykOZCjE	electronic,acid jazz,experimental
4qJVaZM7epp0rvML	rock
4qZ4vZHqCW07laiO	djent,progressive metal,progressive metalcore
4qdVV29bV26RhEdD	folk,singer-songwriter
4qzSFulNz52Ssmxs	pop,singer-songwriter,rock
4rkPsxchObFakkVJ	alternative rock,brazilian rock,rock
4rkUuSgdqbjW4Ccp	disco,pop,disco,pop
4s7dQVA55bfSmFXi	metalcore,metal
4sUNaDw0evcjjBzv	post-hardcore,metal,electronic,experimental
4sbsXy3Oe32LS4x8	emo,punk,midwest emo,pop punk
4sxHQ3I4g2iUHdDw	soundtrack
4tfGOr2LKS1LK9G1	grime,rap
4tfYQIkt1vEoMQYa	black metal,raw black metal,swedish black metal
4ttmhv19NBU2qnLW	brega
4u9uvF9JAQ2TFLUu	alternative rock,rock,hard rock
4uK1NKMrc8skcSes	indie rock,alternative rock
4uroF36rp4SBbdX6	pop,pop rock,punk,synthpop,electronic,pop
4v1nOpa6nTX5ELBF	industrial metal,metal,industrial,rock
4vFLgPG7a9BPT2Gs	pop,britpop,rock
4vHbsI004ms1IHQr	blackgaze,atmospheric black metal,post-black metal,post-rock,black metal
4vYv5iDxBR5lZXP2	emo,indie rock
4vm9FnGA4vEXUSRE	emo rap,rap,hip hop
4vvR1uCgFpJKDzg7	indie rock,progressive rock
4wAPzKWXf9DcCLsA	pop
4wC3XwW7wPDAgNS1	progressive metal
4wDS3gK3lboVBRcm	disney,soundtrack,swing
4wQMsOg3wi5jEoly	post-hardcore,hardcore,metalcore,trancecore
4wXgUmGonsD5v8w3	post-punk,deathcore,metalcore
4xwkJn8oa6sPqCwm	alternative rock
4xzbXNvYGyCqxEcU	metal,industrial metal
4yBc5bF6kK7IN4oZ	soul,jazz
4yGAYt5xDFGsxfzc	folk
4yViX1qb5Ct7pJza	nu metal,rock,metal
4ycF1LG0Ych54f0i	new wave,pop
4yiIyscOiT2TgT2X	electronic,house,electronic,house
4zDUnGnZGeRwNQN5	mpb,bossa nova
4zIazGBvDRNybblV	rap,hip hop
4zUUUvPDkfMlhcR8	electronica,rock,punk,electronic
50ZIhsB0tHQGEBRA	gothic metal,symphonic metal,metal,gothic metal,symphonic metal
50jd1qMRV60M8ETG	pop,reggae
51DcMVJ8pr33k9sz	grindcore,death metal,grindcore,death metal,deathgrind
51I0DcoRVfkiRDeR	rap
51MUV2XSVHVJWJbI	pop,italian pop
51QCxurjGgdhjvm8	shoegaze
51znC33E7tKpQmq6	pop
523wmyxkx8KztEHy	indie rock,garage rock,rock,indie rock,garage rock
52DcPB2PkQoJDcKl	pop
52P68xRayj2a2Fmp	indie rock,lo-fi,folk,indie folk
52busP6JW3B18QgS	country
53DdxbpYp6kgtmc9	blues,harmonica blues,chicago blues
53ORjAYX6B2E4J9q	electronic,alternative rock,rock,rock,alternative rock
53skCF7OttxfjUq4	rock,psychedelic rock
541vmTYiNos9uoyI	singer-songwriter,pop
549Cg4K9DayU8scF	industrial,new wave,electronic,ebm
54VxPcTD0J8jeYxd	classic rock,rock,hard rock
556dHb6MJwPcP7eW	jazz,bebop
55DcTLYWMGMgRiWh	electronic,electro
55NQViktvtzMxJwQ	shoegaze,indie rock
55Oekm90JRbmjmHu	drum and bass,jungle,electronic
57ah27JVtQTr65N0	nu metal,rock
57smtw3MnhkzxhvA	soul,neo soul
58QoNwy1ZCYRLGnV	classic rock,rock,classic rock,rock
58hKf3RzL7dpuFLE	cabaret
58v0jqacBYBt2rEn	indie rock,lo-fi,indie folk,experimental,rock
59c5YcUgzy3P1Upf	pop,pop rock,trip hop
5A5N0dK6KAnOgcvq	new wave,rock,classic rock
5ALZRhOlzc9zwPvh	electronic,downtempo,experimental
5Afg4w047Na8dRZ4	metal,hard rock,hard rock,metal
5Aktg1p2pt3jxwkx	folk
5ArM5G1F2qenTBYR	lo-fi,shoegaze,dream pop
5B8MEDFsAUufCkyP	country,singer-songwriter,folk,country rock
5CKAJvinsxsVOy7G	post-punk
5CXvlCjhf8ic2Q7S	synthpop,electronic,electropop
5CzG0nfcO0rdLwYt	indie rock,electronic
5D53ebE8oKvBgzLw	alternative hip hop
5D8hhOcQ39pRWVeo	soul,pop,electropop
5DKABFoFMB4M4r5h	indie rock
5E4d9M0mcRzgimRX	house,electronic,house,electronic
5ElsQrERvWhY32iG	pop,rock
5ExFKNjiL9UpVf0V	synthpop
5FGBYu8CM1MlXokl	progressive metal
5FGlCdsB9wJ1Xy8B	progressive rock,remix,art rock
5FlM24hFUPv7u6yA	electronic,funk,experimental
5HRq3xRdqs27o9Gq	progressive rock,rock,psychedelic rock
5HUCbUNoE9k6re9g	pop
5HUdnm6uceG7GqPn	hardcore,metallic hardcore,nyhc,hardcore punk,metalcore
5IKM3soDe7kBhm4n	pop,rock
5J0NHYvCD8x3Cqkq	pop
5JhLvD6ofhJ0ddXH	blues,folk
5L2UIQBsbq6XupbJ	rap,pop rock
5LQI3zxuXxWX0kAH	classic rock,blues,classic rock,blues,rock
5LekI9Qss48gknk4	hardcore,hardcore punk,punk,straight edge
5Loqfsn68inkPPRC	k-pop,pop,girl group,k-pop
5M2uPxFlMUGhuBFv	crossover thrash,grindcore,hardcore punk
5MCFj97qRYl3dFmi	indie rock,garage rock,rock
5MWmsAPuhdOjPuAy	new wave,synthpop,pop
5N8w20QwUaJoWMGG	disco,pop
5NYcgQav8xg17wXv	pop,flamenco,folk,eurovision
5Oa7qTexHvpLUOeS	thrash metal
5QmQSFzAHcALmj4i	jazz,jazz guitar
5RCDjW6KDc1KP1MC	indie rock,rock
5RcPBjkfv28O3cCU	electronic,house,eurodance
5ReisPV2qb2iTJWE	art pop,ambient
5RjY5YCHnaJ3YPML	rock,pop
5RxA6GiCkXyTybuM	pop
5SHBToIKSwKCCjgv	gothic metal,alternative metal,metal
5ShsQ3dctLMFC3Xl	rock,indie rock,britpop
5TBaeqWFzNbOeKZn	pop,pop
5UGj15LvE1lyNy3f	alternative rock,rock,nu metal,electronic rock,metal
5Ub40WNlLB8GP8Vf	singer-songwriter,indie pop
5UtxTyC8We2LekFg	classic rock,rock
5V9GFbr9xLwmLZAg	electronic,house
5VFh8F92v79DfE3R	soul
5VILwhm62Rhf9wvO	post-hardcore,post-metal
5Vy0e3R01JpIIT1U	latin
5W7RTSzYz8EVHroD	britpop,rock
5WrCcVYqVX1FOrOx	pop punk
5XRiNCJtOEXQlIHk	pop punk
5XTdTMvlp7xmmg74	pop
5YBpOY8L1ig4sjNi	pop,rock,singer-songwriter,britpop
5YwqI4RIFvHQJRJU	spanish pop
5Z4ZG3QyQ5eKkBAn	ambient
5Zts56nlXqv2tKNX	pop
5a1fnO1BqGMPqyG5	classic rock,rock
5a3PAVTIghtWirX4	rock,pop punk
5bLqqhu8gjzu5wlA	lo-fi,indie rock
5bVqP2AsQwwTBO1v	jazz,soul
5cxz6LSrTnNm2quh	rap
5d7dc8xWexDwdwBB	j-pop
5dA2NpxEZ9gFdJAn	industrial
5e02R988TJ10sWNz	electronic,downtempo,ambient
5eC3Jb2yc0hD6ZK0	symphonic black metal,black metal,melodic black metal,metal,black metal,symphonic black metal,melodic black metal
5eMXwAQxzKOCZC6t	pop,latin
5ezMlUjgWR1qSwIB	electronic
5fNEHTk23KOhI8Cp	experimental
5fRWN8SWgAjthZyh	nu metal,rock,nu metal,rock
5fga8XWcyM6AhD3t	classic rock,psychedelic rock,rock
5fz08CJx42Ia7DrS	pop,pop rock,rock
5g8LHgR1GND7IY18	black metal,atmospheric black metal,symphonic black metal,melodic black metal,black metal,atmospheric black metal
5gI8ealRrm7YbMzE	classic rock,rock
5gvF447rb1rXG4W5	classic rock,rock
5hx77DgNcRAntbRa	folk,folk rock,classic rock,rock,singer-songwriter,folk,singer-songwriter,classic rock
5i6YWGw5v7GAKkVy	house,electronica
5irgmNE7Y4O3G6de	soul
5iwqTicdZjaKDNs1	rap
5jMqi9NLmuzz3xER	j-rock,rock,j-pop
5jQLDAjgugNZ4S6e	indie rock,garage rock,hard rock
5k0J8Khb6W0O7vt8	rock,hard rock
5kG28CzlVZGIrpOh	indietronica,synthpop,new wave,synthpop
5kHDYEyLxG5btrxA	pop
5kRRzFRjQDMeKZh5	country
5l8k6jpPsqGjgmwC	metalcore,melodic metalcore,hardcore
5lYXY2GrZS1Itbnw	nu metal,alternative metal,metal,industrial
5lp6WPQXOXbaG2Kj	black metal,hardcore
5mEYfsUwcZkCHs1O	electronic
5mOxIQC1MFQaajCS	industrial,post-punk
5myxZ7PPTBItSNKV	pop
5nE0LQfRWTrx6luh	death metal,deathcore
5nba7v13hMFxZ6e4	progressive metal,progressive rock
5ncTabMAeNCGZfXp	industrial,metal,rock,alternative metal
5oA1qAGYLj6W15vO	experimental,avant-garde
5of4TBCqyNJxO3Da	hard rock
5pHcnDimXQuDBXiM	nu metal,alternative metal
5pMQhlkciPW2dvA2	tech house,minimal techno,minimal,electronic
5pXZYfwp0p9pSam2	pop,indie pop
5pefNeWT0nGcTmWH	electronic
5puEuHuDvFBi7Qj2	synthpop
5qS4jrejDakMgRii	hard rock
5rM7oS06IJuh3qFt	experimental,glitch hop,rap,hip hop
5rgTx0RWpBrbGKo3	classic rock,pop rock
5shD7tJ5iYu8vdMl	rock,emocore,hardcore,emo
5t9ZOKLEOZ446B6T	alternative rock,rock,alternative rock,rock,grunge
5tRzeSQZg5InYL5Y	forro
5uHSQQR4vY303egd	pop,pop rock
5uS8vWF3uTFohZRA	indie pop
5ulXiax8UJuHS5C0	rock,hard rock
5uyK4MY9X6YPfm7Y	singer-songwriter,rock
5v8P2iE6GTR7ITgp	mpb
5vRXh3j6q1qhi4ht	j-rock,rock,anime,j-rock,rock
5vY0zdHBkTAs7dFl	funk rock
5vejHNCT3rGBJHC3	pop,singer-songwriter,rock
5vxRYq375jamf6Qj	singer-songwriter,folk
5wCw7eATgUSfplfa	industrial metal,industrial,metal,rock
5wHPXFPehEBD8OrL	easy listening
5wlPWDOi8ihQ5sTc	rock,pop
5wyv1E5hkhJR9Q1V	death metal,metal,ambient
5xGdtXaPJJnv8DQR	mpb,experimental
5yUssnUlEeZjzg4P	soul
5zG2Y9PUi6haLPhk	pop,pop rock
608RAorKOvSj4T7t	rap
60m3ZKYwzF1AILx4	ambient,post-rock,shoegaze
60ttr6qLtN0B5qrc	deathcore,death metal,metalcore,hardcore
61G9ofDcAZxQ0NGm	j-pop,anime
63jz2yy0Rll5W1c9	metal,alternative metal,nu metal
65jhplKd8AOdbx70	pop,eurovision
65wDEhUoUx0bH3Sd	indie rock,rock,folk,indie pop
66lf6cbPN3kEsihw	pop,rock
67zrYvQSMe5eK96X	pop,funk
6865jdk5RdA2Q3W2	reggae,roots reggae
68AfbH6aUVyu4NSy	alternative rock,rock
69urnaMnMPIECc0d	indie rock,psychedelic rock,rock,new wave
6A2fpJ54WelUYKRf	sertanejo,viola
6AtYXxHqDCqre4eV	pop,soundtrack,soft rock
6B4PRup0ktmDTnBj	funk,funk
6BHKRqedHnZNgvwq	ska,ska punk,reggae
6CH45wqrOmDtMRh6	hip hop,rap
6CPchJlOxi8Lm8Fw	jazz,jazz piano
6Ckx3D1NVNvX0jio	soul,philly soul
6DFvffhtHNM9DlsD	pop rock,latin,rock,pop
6DSJD0Oemhb8u8Ao	rock,nu metal,alternative rock
6E8AE6BDZ9wS09aX	alternative rock,rock
6E94y926Mwc8UsTc	pop,electronic
6EAsy0eXiXYn6Fxc	pop
6Ec6jOnqa0Y1m5Ig	hip hop,dutch hip hop,rap
6EmLRW2jlmK35fNu	classic rock,hard rock,progressive rock
6FTUoF6l1nzFi4pn	emo,rock,post-hardcore,post-hardcore,screamo,emocore
6FlZ0TVkUPf6RNYW	electronic,electronica,ambient
6Fyk7xZF1jOYlTEz	rap,rap
6G3OlCkqo5aaeQrg	synthpop,new wave
6G3q6YqIzBN1JUjc	country,contemporary country
6GnNvNQi3FpW3PL5	post-hardcore
6J5tsCOUoKhBvfL5	death metal
6JC8YxWAM6AicoDX	pop
6JVwiDR9zS4dfp8L	rock,indie rock,indie rock
6JmwFGurT4imyE7M	emo
6JoddNb0GqI5dWiC	singer-songwriter
6JwXfZULVpssuwLn	atmospheric black metal,black metal,ambient,atmospheric black metal,black metal
6KUiIuuloT6mhHpQ	experimental,psychedelic rock
6KXtLUgJSVQm3aD1	soundtrack,folk
6KgeXc1k7HonJz9Y	rap,pop
6MJkge2anZHEYvjl	new wave,pop,synthpop
6Md22aBSNXo62J4f	pop,latin
6MyInp6HkGRDRQnu	smooth jazz
6OYZWw103w5FJ84E	pop,britpop,rock,pop,britpop
6PRalGDOmC27ibWk	folk,singer-songwriter
6QQBJU3WYI2z5t45	post-rock,indie rock,dream pop
6RUPvcfSGOskTiYV	death metal,metal
6RurDTBUq8pibWZi	funk,pop
6SmtWdmnc7FOhqqE	indie rock,dream pop
6TCjMEUrvVjjOpQu	electropop
6TmAihJXY0YhL45r	thrash metal,metal
6U0qwqza4o7Q2DNw	soundtrack,ambient
6U1725ceR4JyKM3c	pop,rock
6UEKlxGSgkQmqSEr	indie rock
6UGaCEYOALmfHjVK	pop
6UVi49N41dbX580A	electronic,hip hop
6VFPcau6SWAqnbaR	deathcore,metalcore,death metal,metal
6W3d1JAe7zFsO0t7	progressive rock,classic rock,rock,psychedelic rock
6WWn2yFKASscMwKV	rap,rap
6WxqKZdv7Dx0aAzH	tecnobrega,pop
6X1A6uyLZZBRbfwf	folk
6XJw0ZPeLQeM0EWn	rock,alternative rock
6YdzDwnoQ34wZoyv	pop
6YjXW7tLyeGAAGgs	electronic
6YrVmtBLvuTOTGKo	black metal
6Z1X16IOPXFYfChb	electronic,synthpop,rock
6ZIwFh04fhf3C6Mt	post-hardcore
6ZnmrijZUnFFKFkg	garage rock,rock
6aMo7EKAcwQDM0oK	pop
6aW7evleI2c1U6fF	soul,rhythm and blues,motown
6bLXiodr1OiQV4w4	folk,singer-songwriter
6bassbmE9Lf13nli	reggae,dancehall
6bdb3Ht58CrzzZI8	alternative rock,hard rock,alternative metal,rock
6c5RMNmIY37Qi0M2	pop,folk
6cOmllDm4mslnyMk	rock,alternative rock,indie rock,pop rock
6d39g3ZQvtrrMd4S	pop
6d4PYlUu4uYMQaXc	electronic,emo rap,emo,emocore
6e5DpbZf6phQsBhN	rap,hip hop
6eFhw04o8Pqpztsy	disco
6eGhfVi5ttEHAE9E	alternative rock,rock
6eYqPqMTKQab1fIU	pop,new wave,pop,new wave
6eZihFciiAjKVNA3	pop,soul
6ffiWqlhcrDgUSCo	rock,pop,industrial,electronic
6fiCT4PoHDOAhlQa	electronic,pop,indietronica
6gDSYbenSXOshLKJ	rock,indietronica
6gsfJy7ywp3dMApJ	punk
6i8FMF0SDSHGFYD9	electronic,experimental,ambient
6j8mi57KsIj6lpl7	hard rock,speed metal
6jPhq4fIrjJm2ZkZ	electronic
6jzBMaEOvntdvZ17	shoegaze
6kBSY1A0ezfQKKQQ	pop,soundtrack
6knr17cnXPBrhwaO	hardcore,emo,screamo,melodic hardcore,hardcore punk
6kylraOAy04sKSHV	emo,indie rock,pop punk
6l5zZ7HX0gnNzgJx	pop
6muc6NiAeHJeKD9N	rockabilly,classic rock
6oSFqOOHDtQhzW92	christian rock,rock,christian rock,rock,alternative rock
6oTcM2NxAgu43l5q	zeuhl
6pL5srXCZjgIw5OF	punk,hardcore
6qkR6e0UWZfC10NK	pop
6r5umUmtmDmm0yMF	soul,funk,jazz
6rQ7GUl8g7jd1yJc	pop,boy band
6roFJcG5ZsLbRyIv	atmospheric black metal,black metal
6s7D2kq7AlYmbsnd	pop,singer-songwriter
6sOYRi5TXMxLORLW	classic rock,rock
6sqU3FJ0je01aa16	indietronica,indie pop
6t1mc9MY9rWVwIr9	emo,post-hardcore
6tENy9fZ6ZsFBUdI	soul,beats
6thYyT8kkAjzEdPp	new wave,post-punk,rock,alternative rock
6u1gua4yCZuzguFs	post-rock
6u8drYIAMrGLElEC	pop,teen pop
6uE8tCfP8lyfp51E	rock,indie rock
6urmLRq6mfG3tMPk	art pop,synthpop,downtempo
6uujs4kLb5pLCHDH	experimental,beats
6v6VhRpKuqstdk9y	post-hardcore,emo
6vEQEEHpvp9CH77s	noise pop,math rock,shoegaze
6wJVHvBwU2TPn3Ul	rock,garage rock,indie rock
6wLnOvDm1wefcE9z	pop
6wX1ceeTwxoClh4M	hard rock,classic rock,hard rock,classic rock,rock
6wkqDBUn8coXAZeF	disco,disco,soul
6xIwbgSE75ERwwfM	rap,underground rap
6xfH2wHZxGdmV2zl	rap,hip hop
6yg3s3PeyUEsG0ac	pop
6z8UiWUf8QaBN4Qd	pop,latin
6zJzYR7Fm5cxdSlB	death metal,brutal death metal,technical death metal,death metal,brutal death metal,technical death metal
6ztpS2NjJkNfCmU4	pop,boy band
6zvBm3jtkQZuGEOh	alternative rock,noise rock
6zyfsGAICPU4Poy5	country
70a8AW06FWtIRGzl	electronic,dancehall,electronic
70xiHgrgIgK4i7dq	electronic,electronic
71De9tdYEmNWBHoW	rap,hip hop,rap,hip hop
71wKpR0S53M3CHdG	bossa nova
72YoIVPLHga23QNS	pop
72xSZ7FTAVl7H72Y	alternative rock,rock
737bRTRxrSCgRmIW	neofolk
73Cv2wgbqARqyBH0	pop,synthpop
73RnXOlgo4ePwUIw	pop
73lVwNvXiTLqgxR4	alternative rock,rock
73sZRup5iYAU4vGv	folk
74SSuLA9V54qtwMP	soundtrack,j-rock,rock
74iTYfigJ1meiVVU	power metal
74mQUFV49o0bMRBY	indie rock
74sK5o5bkPjaE5YV	rock
75ZD3AqeWCum9gGD	folk,sertanejo,mpb
76BxAopLbuTcOJsZ	rock,classic rock
76EZTWn742hQV6ph	country
76Ebv3bYRGZ4gxDa	soundtrack,soundtrack,classical
76P9ch1ul7aPaqyR	idol,talent show
76pmfDm804B5Jktt	rap,pop
77Qx6tdWazRDmfi8	ambient,electronic,dark ambient
77lEiDssVCHYbk1U	pop
78WD8M7F5zhxiVNa	anime
78XDhPEcFuLGxB4t	experimental,noise
78Y1MYLyoE0y0DBS	electronic,ambient,experimental,vaporwave,electronic
78m8NMPaPadmTvBL	synthpop,electronic,ebm,new wave
78qHG36f6mTS7oe1	mpb,pop
79GBPM2O9vl0xC7R	electronic,pop
7A0yOWQaeWKXWRiV	jazz
7A1iIPaMjE1YEStW	pop punk
7AJzgEIZLwTUWsQ0	psychedelic rock,dream pop,lo-fi
7AbZpDQ5co4eiTyc	folk,rock,classic rock
7AlwkKLMQSNsKaYc	thrash metal,metal
7BAlwhElxz0QwpE0	post-hardcore,punk,hardcore,post-hardcore,punk,hardcore
7BFzklEVJD7s6BFZ	indie pop,electronica
7BUNrPfM6kxjbrNf	glam rock,classic rock,rock
7CpX9zMMPG5uRYRg	indie rock
7D47Si8PKntQQx80	experimental,mpb,rock,jazz
7DQI6hI5KiggQHkB	rock,classic rock
7E1HAun5nkINOQct	rap,hip hop
7E69Rk5SPoY6hvVd	rock,indie rock
7EjT1bH7R8ij9j2R	pop
7F7KQ6YgH6uRr8ex	dream pop,shoegaze
7FKeulrlrKIgKeaW	rock,stoner rock,alternative rock
7FZ2R36AlGe6iTw1	rock,classic rock,pop,singer-songwriter
7FZZx5V98DR2JlMC	indie rock,indie pop
7G00YUPjne85CRiM	symphonic metal
7G0bXJSKniE80UNf	electronic,electronica
7GSjAtazIoxS3UwX	alternative metal,experimental rock
7HXhLM3J0aSbSSqk	rap,hip hop,reggae,rap,hip hop
7I634VNkk48XDttP	electronic,house
7IsN0yLlttKNYJmg	indie rock
7IwsL07vNZbD79cP	funk,pop,soul,rock
7JFv9vneBtkloxMi	house,deep house,electro
7JIMHRbZsn73ObY4	soul,jazz
7JKlKoEKdCA3pGhf	rock,indie rock,dream pop
7JQZ8tDyvumwNsoJ	rock,metal
7JTA7Zmty4hUQOMl	symphonic metal,gothic metal,power metal,metal
7K0zBNDLjFEV483r	singer-songwriter,easy listening,singer-songwriter,soul
7KG9VYeMEzp4Z7ej	rock,britpop,alternative rock
7KV6mVbPdP7AJpsl	psychedelic rock,experimental,experimental rock
7KhE0Am0Dmu0Wnjk	rap
7L39QD1Mvuvz1VhT	french pop
7LT7loQoyPXTE9UT	electronic,progressive rock,ambient,electronic
7LmUSPvmWLIY9Fub	singer-songwriter,blues,rock,experimental
7LnQSdnFNRO3KOxj	k-pop
7MEfyEz895pdyjXW	funk
7NFtxOsB3SXx7Z02	power pop,indie rock,twee pop,jangle pop
7NlPtMoPy4e8Snbs	pop,electropop
7NrE8RtOhEBcQTe2	progressive metal,metal
7NxXSo5Xly9ZHgyR	rap,hip hop
7O6ftsTUQUCD4KUH	pagode
7OJutP2b13nSaJLW	pop
7ORRZg3iFOf5fmbl	latin,latin pop
7PAc0qJBlSzW7Jlc	alternative rock,funk metal,rock
7PCg1FtuANIMix85	singer-songwriter,folk
7PDjA0rUcCiqbJch	k-pop,pop
7QlDTqDg0By8m55j	electronic,electro,trance,electronic,trance
7R8wjQDT5ymhHmY4	ambient,soundtrack
7RCK9ScJ0wBPmqnX	experimental
7RETcXgtJOJJrdHb	rap
7RZpX1MbSLb8kZAY	rap
7SDLcVvC7NR6oyaW	indie rock,math rock,experimental rock,noise rock
7SJF7uYFn0an2k93	rock
7SWIyUBZAYMDFW6u	singer-songwriter
7SzjtUOGMfK8C3Ir	stoner rock,rock
7U0phnrUThWxV5Sq	k-pop
7U2ptxsghPXnYQWu	classic rock,rock
7UvrHg5ByZoFM4Sf	soul,jazz
7UyCI7BQxNYSVuQg	indie rock,psychedelic rock
7V8tkPp8mXCI6P5L	soul,pop,singer-songwriter
7VBhx1QLglNM6Bc1	pop
7VrIzf6siL6P5YAg	chiptune
7WIUxU1V70S8bnKQ	pop
7WJ1lNqyKWkaGYOS	electro,techno
7WYq4LBhcn7Z9arf	classical
7WtOYMdhw7N4WQch	rap,underground rap
7X1JnzLvCWvNFhM3	bossa nova
7X9IbbIGPYzavyld	thrash metal,metal,hard rock
7XPNBlkIsGVoF4MN	classic rock,rock
7XuOsvai2Ok4JeGQ	death metal,progressive metal
7Z51azBBTDQbIYSg	lo-fi
7aEHe0bQRa8OdUEM	funk,pop
7aQTkNXfuS44Nmwv	hardcore,emo,power metal,symphonic metal,symphonic power metal
7afnYuMcGVbNxlEG	progressive metal
7bDdq09ToNnBjdeI	pop
7bOteKgPqGaAdIIJ	reggae
7bwzxS37GZ78Z0Ba	classical
7d60YLT0ktxkYem8	pop
7dDD0zOBtSStQCfO	dream pop,electronic
7dYk0TCGZqev3LJD	pop,classic rock,rock
7e6wFbNEVDGcN9Rm	alternative rock,rock
7f3hTNaHnFuFP3cC	soundtrack,video game music,ambient,contemporary classical
7fQmb3jm6SUCAsaZ	alternative metal,rock
7ffhj6RdN0kmRSIx	britpop,rock,indie rock
7fgTWMtI8GxIrefI	indie pop,indie rock
7hEOpxN30iOHNMFM	mathcore,hardcore,experimental,metalcore
7hQJkknDBCm33LM0	beats,lo-fi beats
7hyZakzTE6dcJQHD	folk
7hzX7HywY9R8hiin	easycore,post-hardcore,pop punk,electronic
7iDpgervQgIeCfHz	post-grunge,hard rock
7iZ0hvEsAAi8caz2	downtempo
7jDVUkaYQOZ2lVz3	doom metal,gothic metal
7jFuPGc7etG4W8hM	pop,soul
7jMSAEmYnzJW7Mka	math rock,math pop
7kfNgnD9Hk8OMSh5	grunge,alternative rock,rock
7kk58TckBLcpzge2	singer-songwriter,singer-songwriter
7l6P8FfLjUyxc9kr	hip hop
7lX0wiRVFx54LBrx	pop rock,pop,rock
7leAc06luQOelIPg	power metal,power metal,symphonic metal
7lfWuF3dZT4vNcPp	rap
7lijBnYihFTByPzZ	progressive metal
7lnsypU7Ye97f1HH	jazz,experimental,avant-garde
7mjA9pJ32t2pVUgy	indie rock
7mzoGNG3o4mtDEzb	electronic,experimental,ambient,electronica
7n9HCSsDNhdMBBdY	electronic
7nd2pFgIAJAqbDtn	post-punk,gothic rock
7nlrtet64qvV65FT	black metal
7nvwgKHgajex6Wgf	shoegaze,dream pop,alternative rock
7oKqvHCkbc4R2NcX	latin pop,pop
7oUKgtVJArd6fXrs	indie pop,spanish indie pop
7p9k9wkRkquTvHxO	pop,rap
7pmlbcQzzSvtBkvN	electronic,edm
7ql5mHOJ2gahgIxZ	soul
7ruMlW0pmKIk88Md	soul,jazz
7soHX5boBQp4RBtJ	latin,latin pop
7sv7z1h2Y84Hl5B0	power metal,symphonic metal,progressive metal,metal
7tXhrFGY03xyI3wr	soul,pop
7uCosVis839QFC11	electronic,electro,house
7uN8nT2TheGLuOGy	grindcore,punk
7uf5OM1hRZUayJeJ	britpop,rock
7uy7FiNKCYzw8QeX	soft rock,classic rock,easy listening
7v1JDazhq1RhTjAl	pop
7v2CDZQgHq2LZkUJ	country
7vGskBKCz6wtYI6H	psychedelic rock,progressive rock
7vU4F2PPFKuAncGZ	folk,soul
7vdzHB0K1f1yQXNc	singer-songwriter,rock
7vkzE1Tc4rhc5iY1	dream pop,dream pop,shoegaze
7vyXrRAzdQ8RPDU6	indie pop,indie pop
7wfj1RYJxB0K5GnC	rap
7wso3k9dghQEm5BC	chanson
7xRcNBMeeFDbqMo0	garage rock,lo-fi,punk,skate punk,garage punk,garage rock,lo-fi,punk
7xUcbwVVP5mOXGj7	rock,mpb
7xhbUamx6HrSX05K	indie rock,rock
7y2yoXwEiX8LaXA5	grunge,rock
7yfcZpXGFKkFdpkO	rock
7yiF9e8QCKOEfDio	metal,metalcore,industrial black metal
7zmgo5kCgsK6z4IM	alternative rock,rock
801oC6aLYg9RHVFY	screamo,post-rock,post-hardcore
81U48X3iub3BOn61	pop
82tsqv0BWeNJpBRy	punk,rock
83Y5O0JGOSaLxBXq	rap,hip hop
84AgJA0hi1d31kRs	rock,indie rock,rock
84U5AvMNww8S6OFR	country,easy listening
854zV9cb5MWJyHAQ	ambient,psychill,ambient,electronic
85G69IxHKiBhTKOx	flamenco
85SuQhNg7pOF5cRf	rap,hardcore hip hop
85neaSgs5WK4EczV	progressive metal
865ykTyAjfPpdCmx	k-pop
86LgMB8I2mjqAObi	downtempo
873PHsocsWzooGbq	new wave
87QIuKb0nJaeRsSg	alternative dance
87abhZFwglpLMIzH	pop punk,punk
87ut3i4zv2SfKqIi	j-pop,pop,pop
881vUvn86B5VKQgv	rap,hip hop
883kasCisG2mz2iC	alternative rock,punk,post-punk
887oWPcWpcHmffEP	rock
88bAyZF0qFZ8ha8L	christian rock
88w6JHb5XO4BFBTz	pop punk,punk
88wFdenwAydEmiUv	pop
893k8e6RMnBbgd8f	pop
89E5lBZvWM0rBtNl	rock,blues
89iKrT92QCtupq8m	garage punk
89jtSeMyG0IpUj3y	alternative rock,classic rock,folk rock,rock
89tSDRud9wqA7VEU	pop,synthpop
8A784GprQY64JCxN	ambient,experimental,electronic
8AVECDHAJecitgwx	funk,pop
8B6Pi8tuAEsNRHYw	electronic,experimental,electronic,experimental
8BHXzRMzmiC9fARu	contemporary classical,neoclassical
8BoLOpp9Ogc4kESx	electronic,indie rock
8C9RJmUK1RrzO70J	experimental,noise rock,noise,post-punk,electropop
8CJ2bNqo79vY0bCP	pop punk
8E0o0q6T8c6GfNLs	hard rock,doom metal
8E2HYLnDGnh6mZqz	k-pop,pop
8F2REGv7DMJ1h4ru	pop punk,rock,pop,pop rock,electropop
8GPpIdqlFfJkUA6V	shoegaze,indie rock
8HEGKcuRfwpjkCIb	country,folk
8IgwjD9dXnmJl9DJ	alternative rock,rock,post-grunge,grunge,alternative rock,rock,hard rock
8IjcKDIySoYl5Mbg	soul
8J69eZDiCp4L3WYg	electronic,experimental,beats
8JLrmW0p48rfBfE9	electropop,pop,pop
8JPXcrlhKaC1T8Q6	samba
8JhiMTLJv5L3dq55	post-hardcore,emocore,post-rock
8JzpCIO88C69kfyF	hip hop,rap,hip hop,rap
8KWnFhg5Z8sNI1V4	latin rock,mexican rock,rock,latin
8KcrVQWhoe32tmig	electro,electronic,house
8Ke3EjTVACp68tdx	electronic
8L0w9md4bhjEj7ZO	experimental,psychedelic rock,space rock,drone
8L1CFcLzvmcrdbDU	hard rock,metal
8LMgG7ZLLjFv9KeH	post-hardcore,screamo,hardcore,rock
8LUEOs6h9SoXKpl1	pop rock
8NZXNNYCcb0MR3hf	country
8NwtPyC4PndR5LRN	grunge,rock,alternative rock,grunge,rock,alternative rock
8P6bPaqv3GlbwhTS	beats,lo-fi
8Pd0DMuX2m7DqKjW	pop,hip hop
8PdjlZrqai8xaZYI	pop
8Q2V3jUNSc2CV99V	rap,k-pop
8Q9gJPcdheARcTiw	synthpop
8QWrBrAaZ3Ejuluk	rock,alternative rock
8QjULlOeyqMiCPMr	rock,pop,soft rock,classic rock
8R1QhQjjG77dXo7j	post-hardcore
8SF9Q0dydePGXzvd	indie rock,rock
8SMyHNDXgwAewA8Q	indie pop,electropop,pop
8SSwcwPPvwWNmQOd	punk,hardcore punk,street punk
8SX4uIpOoc04eyuj	progressive rock,rock,experimental,classic rock
8T3p0W5QZUxAPhWw	pop,electropop
8U3YdO41396cDfAQ	folk,singer-songwriter,singer-songwriter,folk
8V5ohPyciZYhN8Lu	rock,classic rock,progressive rock
8VNONiezek4gzvqq	post-punk,post-punk
8VTlaVyNM9E3iTsb	country,country pop
8VjehPyc0eAlDglf	hardcore,melodic hardcore
8VxhQw49kRw5KRKC	soundtrack,rock,pop
8WO4qfiWy94IpJxi	soul,pop
8WR3LxqMMlWb5NML	singer-songwriter
8WrksAjVOedA9OVs	metal,alternative metal,nu metal
8Wu6AHPzgR5fLNwx	gothic metal,doom metal
8XMTuTP9Rg6xlSYc	pop
8XiSKsuzmMke30pO	rock,hard rock
8XsOlDLfFluyS4YM	pop
8YFizxFVSomnTfKP	soundtrack,disney
8YOhKjXzRZUsLmlk	beats
8YeSVbJjGmTrb121	grunge,alternative rock,rock
8ZCF2bLm26PPwpQA	pop
8ZKGiFVAKnmzOsTX	pop
8aNejfxVqSHYFbM1	punk
8b1O37IgJesasqmR	electronic,glitch
8bWn8djvKnalZ8Cj	indie pop,alternative pop
8beJCGexhOC3xWns	electronic
8btGCPEbeOw9V3d2	soul,pop
8ccgJLd28jpTDL68	soul,pop
8drAmmHm6P2gmWB7	pop
8drXQl3BK3ilLkST	folk,pop
8dw9bKWeq2ByiFJ5	soul
8fiXufACSAbLavN5	thrash metal,metal
8gXogPQnx00NLoit	rock,classic rock,hard rock
8hz6WkGs0X9NgpYC	disney
8iKouBSp0GeDVSML	black metal,melodic black metal,black metal,melodic black metal,atmospheric black metal
8iSvml4UNrc6L2JA	soul
8iv1NuAzFfW34keF	rock,pop
8j1dteSkS7STjyfz	hard rock,progressive rock,alternative metal
8jAVSnCyRcCXKlMZ	pop,easy listening,soul,pop,soul,easy listening
8jm343ENCwrykYvJ	pop,latin,latin pop
8ju06RT3uF5sWYQ3	j-pop,pop
8juAgVx5L1N4qRAu	soundtrack,pop
8kVzHcRzhDS7Bxvg	thrash metal,metal
8kbJl8BMcmlhk8zC	indie pop
8mbQ8LclxGzRs8sM	synthpop
8nG0vZiRQXrHbrQK	nu metal,rock,alternative rock,rock,nu metal,alternative rock
8nfInLnXFaiJCz14	metal,nwobhm,metal,nwobhm
8nn59jT0abA59EF2	pop,synthpop,new wave
8nx1r98DWNMajGpk	metalcore,metal,hardcore
8oLjdG6ftZe5IAKm	thrash metal,metal
8ob00fp58J5Q7e2S	new wave,pop
8oiF5nv0DGK0LQMQ	punk,pop
8oxyFL2duwAPYZNe	post-punk,new wave
8pAdYpeKhpmRZ83D	lo-fi,spoken word
8qQGED0CK83gqK2H	rock,singer-songwriter
8ryVJGG5B3J6hbwA	indie pop
8sIe1bMekhXx6FPz	folk,classic rock,singer-songwriter
8si89ZZOTePxWUNZ	indie rock,rock
8sufJfhyteY1VXr7	pop
8tZBMa0MllIv0KVO	progressive rock,progressive rock,alternative rock
8u9fyti3s8o9wYeV	downtempo,electronic
8uWid3g2Wzcye5T4	pop,electronica
8v6xGX6Psrtt1cOM	jazz,cartoon,jazz piano
8vE5Zrpy8oVtWw1K	rock,j-rock,indie rock
8vbeb3p6vATQCnSO	stoner rock,doom metal,grunge
8wk2f2lIkRWtUCqQ	electronic,experimental,dream pop
8wweAwTMzrrS7DTv	alternative rock
8x6WfNyBkmi2HemH	rock,pop
8x7Coj3LBZpSEgdB	pop
8xH3HayjxABW1Agk	singer-songwriter
8xILhc8i3jf3XOZd	indie rock,rock
8xcBkkbq51mMWKJG	symphonic metal,gothic metal,metal
8xhiMNFkd8uGyNoN	reggae,soul
8xpEpsaWQ2Ow6DE5	soft rock,classic rock
8xppbLxi0tbzXnZV	rap,hip hop,emo rap
8xrJB9uhruYJUVAL	pop
8xunDLSxrB1u5agF	gothic rock,rock
8xyMzm7LnuOzQMac	ska,punk
8xyotpN995FpQ4Ns	electronic,new wave,synthpop
8ys0skCYZshSBTTi	alternative rock,rock,electronic,dubstep
8zpRRyAbQ2jizIrc	piano blues
915C0ljH8mOKpP4Q	grindcore,death metal
92sYi2jqT81CHTre	folk
92x47mtZZlxsVtL3	rock,alternative rock,funk rock
94MziIchbbmiBBV4	new wave,rock,punk,pop
94vbTStoXRy6EewO	metal,classic rock
95RI5fgCg2VocL0O	rock,new wave,pop
96FXP9g2jcL4ZwRU	disco,funk,soul,soul,funk,disco
97drm5mZVuk1HdEF	k-pop
97kWzMRO2y7T7QS6	industrial metal,industrial,metal,rock
982OMvCiWs19giny	alternative rock,rock,hard rock
98mzlj5KlThDab2f	pop
993Sr9xC9zTpG8yA	synthpop,art pop
996ep5S9Pi8KQPjl	soul
99IWlWCRlyhRve35	symphonic metal,metal
99bgeNH9Z2lXsTgi	rock,alternative rock
9ALEcwUfkHXd1uem	gothic metal,symphonic metal
9ARldTY4s0zwpzSp	jazz
9BWW2uLto4WhNlDa	blues
9CFIZd07WUyHsUg9	latin,reggaeton
9CNGU8QfcEtqksLA	rap,hip hop
9CjXegnVcptrG7Xv	latin,pop,latin
9Cjst12YBccwcJkO	drone,ambient,noise
9CuEQRYVaaGpgOGn	rap,hip hop
9D2c2vduKE4z4Sne	pop,electronic
9DLw6lDdZsu6yzOI	indie rock,post-rock
9E9I0B2ItsjdNei9	rock
9Ek714glrYth36on	stoner rock,alternative rock,rock
9F1gV68TypCQoHAh	mpb,bossa nova
9Fl074LqThRQBg8m	alternative rock,hard rock,gothic rock
9G2z6hHoL7Wsvmg4	britpop,rock
9GTxtZ3KtEPBE7jD	punk,rock
9Gao5zhHA331z7lg	latin,pop
9HYJdncOd3ditRjf	pop punk,punk,rock
9IDodVBkVWYciuaB	pop,soul
9IPfxzNtq4iBGoEX	death metal,metal,technical death metal
9IjA50THFSLbmvx8	indie pop,lo-fi,experimental
9Ijiz1Y7VCFNPxr0	rock
9JtafVE9ABFN4c0x	pop punk,emo
9K128RRw2Xmmsi5v	alternative rock
9KcosZcPXy5eSIHx	alternative pop
9KdgyVvEDwifgBje	melodic death metal
9L3wVAnFmedjj6o9	psychedelic rock
9LYp044f59ZP5NY0	pop
9MCoT161a63Nz7do	pop,latin
9MSZYU1bW0MtoLw2	indie pop
9Ml7MQmMOpQZhPve	power pop,classic rock
9N0VW71ztNVXkSyL	glam rock,rock,visual kei
9NnPbxZdiAwWaul3	house
9NxSTjfiCaLJeMSD	classic rock,rock
9O2a4Se8J4roX0RL	indie pop
9OB4lHHK9x6QhHwg	pop,singer-songwriter
9ORQj1Gjgyuzq79P	indie pop,rock,electronic
9PPpuEd0cYey65wk	latin
9QNIVQoNI7ewcMPX	jazz
9RVhsrKpkkQkEpkY	alternative rock,rock,stoner rock
9SNfrAKOc6FtkLgx	rock,punk,alternative rock,punk,rock
9TRO6OKYCUBj1JLU	soul
9UXJY75NJUJBsKPV	pop
9UYq3skhDc5103Ha	house,electronic
9UoZ3pzKGpJ7tNY8	singer-songwriter
9V7FcL5ONzEn5GrK	britpop,rock,alternative rock
9VAI4y25Ss2IeGgD	freestyle
9VQ9GGVuYePVTUdY	folk metal,doom metal,symphonic metal
9WSalbaSsrNoxjTO	rock,pop rock,rock nacional
9Wox3eF3d9pPFYcZ	folk
9XRPyl7xL5kiHFrz	indie rock,alternative rock,rock
9XRv0ffNrXeTqyYd	rap,funk
9XZnUXAlRjwZfVBW	electronic
9XcrWoWGmPTwx10q	synthpop,disco
9XjcTcNaVjat5i0X	indie rock,electronic
9Zu9kZHk8AOiiMqf	pop,soft rock
9ZzhsZM34XuPp3In	rock
9aIODCK9fUoAxCBZ	blues
9bRxin8Ah5TZwYP7	metal,hard rock,rock,hard rock
9e1IknMy0LthsGg0	emo,rock,screamo
9eWNMjg2IwKmdNpQ	pop,latin,rock
9ewHGB44bT6eFip3	pop
9fPgsgQRQAX0bZaj	k-pop
9fb5miQdgj3NV720	metal,hard rock
9fmDy4qA6zkGwkU1	electronic,hip hop
9gY0mHPFBXLqmWFR	garage rock,rock,punk
9gZTgZpV6mBSXswV	soul
9ghOA1okIBq7pZlT	pop,soul,easy listening
9heKoKCcU5HHMYsc	pop rock,rock,pop
9hm96jMqFvVAkLoJ	hip hop
9hzViMayQUAwfVYZ	melodic death metal,death metal
9iPAjVFDZEKUug9P	black metal
9j1kgMcoRwMSJI9d	chillwave,electronic,experimental
9j4UhqzJ3xUWevOV	pop,rock
9j7IttevWufOyH0Y	industrial,industrial rock
9jDGscPdRFL4LbOi	latin,pop,latin pop
9jJu031sMMcGJroy	progressive rock,classic rock,psychedelic rock,rock
9jhfWbs8Epd0rHnE	black metal,norwegian black metal
9kKaFG0McbM278c6	doom metal
9kRn3DFVG50Q74sc	metal,progressive metal,symphonic black metal,black metal,progressive metal
9lAoeeEDBGrwFkWE	forro
9lLvrbpsxuR4Pwv4	soul,pop,electronic
9mAnztazEN0J6hcT	electronic,experimental
9mAsO3Ach6UEIwsj	pop
9n5um9rsfkDs1tCL	disco,pop
9nGYqWbLr4KsZC86	pop,pop rock
9naCL4nTjGXszDKY	rock,indie rock,alternative rock
9o2XSs0Sciy75Lsv	jazz,swing,big band
9oCW6CV6144w0AnH	synthpop,new age,electro
9oHTWgr0D4wHOl0H	rock,rock
9oWhjVSJnq2kroXb	progressive metal,alternative metal
9oY6wE9hcRyYCcjB	punk
9oaGUlPMKKSAVRtq	rock,garage rock,indie rock
9oyN3Av5CXpk6irR	funk,jazz
9pEBPJMvQtAJp7Ue	post-hardcore,hardcore,emo
9pbBfVPAIpSSuqQ1	indie pop
9pj4uFWHMG7n1Rpd	pop,folk,singer-songwriter
9pzhap1LGZy8DPd9	classic rock,progressive rock,hard rock,rock
9qGCsAmwOj3OjPl2	classic rock,rock,singer-songwriter
9qaKV0JY8KZZ5hfR	symphonic metal,power metal,metal,gothic metal
9qkkf8UFZMEO37d8	thrash metal
9r5QfLNXFG1xbR9m	shoegaze
9rWCMau99ml7fSui	black metal,metal
9rgJsDDeGxdXkHOz	gothic metal,metal
9rvoWUrdiqVQwBUB	disco,funk,soul
9rzuRuHobIortaVf	pop,electronic,synthpop
9sBQdyp0jfSbM8N6	electronic,pop
9sVHDeBgMi0Lc1Av	singer-songwriter
9sbSNlVCT9iCiQID	indie rock,indie pop
9sqO3DMg5y0XNpl1	latin,world,jazz,latin,jazz
9t3v1E05aBrRfcIB	rockabilly,rock
9t5V6KNdF2HTdY2v	pop,rock,pop rock
9t81GnFjmVyjYAm3	emo,post-hardcore,emo,post-hardcore
9ttBPpYD1I5fBjXz	post-hardcore,hardcore
9ttzPPo5qsG6EvWM	funk carioca
9ubEIdkbvUi67sP6	soul,dubstep
9ufwJdANQqCqgnrw	pop,pop rock,pop,pop rock
9uinLzhFX5Li8UxL	alternative rock,rock
9uipubnlZVihbuon	rockabilly
9vfTAY6uET0AAEX0	motown,soul,bassline
9wHxDaN7LbEnpQXY	electronic,dubstep,deep house
9wVMVj3NEoSnQDwH	rap
9wgNaVNTy0MMN84q	electronic,post-rock
9x7hJ4DZ9zHau1yx	pop,pop
9yPJPUXddLrexCsb	alternative pop
9yR7umx73B9lRruf	progressive metal
9yqcwWJcf5nd7ONf	rap
9z3a5HdONdK7tcXT	k-pop
9zniJGYWmE9sWeIZ	forro
A0P0ZbQMfyN031bn	indie pop,ambient
A0es4ZrbD9Vj0yFz	ska,dub
A1BXGdlTukDnWY9D	reggae,roots reggae
A1bndB4BaPGyoIQp	metalcore
A2Sc6PmbSuQdebpT	rap,hip hop
A2wARJPaWUcYAnPP	funk carioca
A4LHD5mR4q2DfjkV	singer-songwriter,rock
A4MQyQh57Qzrd1Jv	deathcore,metalcore,hardcore,metal,screamo
A4OVTRC4LrcuEwXw	hip hop,rap
A4rVdbOmWC03SfH7	medieval,neoclassical,neofolk
A5aa9b6otWVeCzxZ	gothic metal
A6RH26SJ59WiJh26	classic rock,pop
A7fWG4gWuOX6nzQO	alternative rock,rock,progressive rock
A7zgLS08lI9vrDQ6	pop
A8BGOA7xT9m828mM	rock,alternative rock,indie rock
A8EH3cVNOYShrMoX	pop,electronic
A8Q9gX4RokaFDMOP	classic rock,rock,pop,singer-songwriter
A8h85ibksnSnhdsl	thrash metal,metalcore,metal
A8kewYV75MUyN1Iz	alternative rock,rock,hard rock
A8riDeX1lgDwzURU	hard rock,alternative metal
AAde0x5mxmP6EuRg	soul,disco,pop,motown
ABL8YthB5Y35Jenn	electronic,synthpop,electronica,electro
ABaL80MkB6F1CRdU	pop,pop rock,rock
ABf2eJ355ZV5sFXi	rock,rock nacional,hard rock
ACQtPXv35XjD9CJY	country,folk,singer-songwriter
ACT4ynulbcV4ImYD	rock
ACgKRroc510k45qF	pop,soul,rock
ACp4BZyiKPP0Sa9Q	folk,indie rock
ADBHmI5XoBCoT7J1	rock
ADGkUnl2j2h8pg7U	experimental,post-punk,ambient
AEp0v4MBw9xTPjWh	shoegaze,dream pop,electronic
AF9C6yd9joq4WYiP	electronic,experimental,ambient
AFa4LoV0kMC55xax	glitch,experimental,pop
AGK0z9pdbKpyx2gV	soundtrack,ambient,jazz
AH4zjf9r5g4lmZnL	disco,disco,pop
AHxlYYF77deeT3AZ	symphonic metal,power metal,neoclassical
AIBHo3pKlhELRytG	pop
AIPEnoGZ4rdPIriI	soundtrack
AJOdkJzaXjuV92Ma	pop rock
AJzObB9wB9RHXkMp	rock,j-rock
AKRHttpUMX49y9fl	rock,video game music,video game music,rock
AL1fFp7eNK8FFOFV	melodic black metal
ALrLi7zZwwWmPDl2	jazz,soul,rhythm and blues,blues
ALtYCqP0WNXBuQGi	pop,rock,rock,classic rock
ANaFjVKaxKxGxjG3	metal,rock
ANgqdprgC44Bj6Bv	singer-songwriter
AO3FpzGyxyfLiXRp	soul,pop
AOPw4HGzb6AyX80k	progressive metal,post-metal,doom metal
AOZr6sZYl89pNlNE	pop
AP9AHMswubBb42Eh	pop
AQB88LaysVOVlMxc	jazz,blues
AQHrSg085PQgy0Sp	jazz,swing,pop,easy listening
AQwaUS1ooFNDUf3O	baroque pop,singer-songwriter,singer-songwriter,experimental,avant-garde
AR1NgojPLeh4W9Pf	singer-songwriter,classic rock,rock,folk,folk rock
AR22qiNNZJH53oZ3	black metal,norwegian black metal
ARRGkgK7lRVv2zTD	ambient
AReCVNilc0nSXKww	electronica
ARfBHsLlhLprEt6U	soul,rhythm and blues,blues
ARuvcIB9D44qZfhx	swing,jazz
ASfVpOlcbV7uzwuz	jazz
ASutjz750fK5oMem	progressive rock
AT0WTh5hF1JZNnx3	death metal,metal,technical death metal,finnish death metal
ATNbFmkVBcd6097Q	pop,pop rock
ATSgTTDdi3JU2GJ5	pop
ATx5hzyuhv9wc2SP	rock,alternative rock
AU6HrDjuZifKZP7Z	indie rock,alternative rock
AU6wAXx8FtqPMi1S	mpb
AULB1JrekmhHQcFq	pop,pop,folk
AUQftv5u7Umwgb0h	emo,punk,emo,indie rock
AUWRxIfnhwupqTYZ	eurovision
AUqyqV0WiHC7JB0Z	rock,singer-songwriter,pop
AVPBhHKtPunxi4I5	soul
AVddwgIQM8Pf1jIQ	progressive metal,doom metal,gothic metal,alternative metal
AVeE9oeewaVqOicV	soul
AW4eXMIwqmVCpzNc	stoner rock,psychedelic rock
AWGGSyyiq2aprR2z	punk
AWQlhWxD7KquoF7h	new wave,indie rock,post-punk
AWlQXIzsq9OEQ3lH	pop
AXo3IRM6zSZeHDJc	electronic,lounge
AZG2P2FqlHOFXHhl	progressive metal,progressive rock,metal,rock
AZebBWHqEyFyZJG2	pop
AZm3GKxXEiXjtNe6	electronic,soundtrack,electronica
AZr4yqqtSJlBmHAA	rock,pop punk,alternative rock
AalWDiMakwC7lbMO	funk
Aaruqax7ZuG8p3sc	pop,disco,new wave
Ab6PcCvNzMhSjvC9	hip hop,nu jazz
AbfCteGKruA4zW8h	new jack swing
AbjlEcSMY5tjKc3D	psychedelic rock,rock
Ac5qMXBdTXpGZMtn	rock nacional,alternative rock,rock
AchrxBe9fay6wza8	pop
AdIjOsJtx97kFTbL	indie pop
AdP9XFIcXBs0hQsP	indie pop,shoegaze,dream pop
AdiSsUP1IWEVNEjs	country,pop
AdpancZyCftcXbLs	ebm,industrial,noise
Ae6ui4UEhaw9BUnt	britpop,britpop
AeKowzEU6IEBEOME	metalcore,alternative metal
AeUyZmBYFC2byRkU	pop
AeYc3lS3e5Yb6MMD	soul,mpb
AeqSqejYZnez3XbS	techno,trance,eurodance
AfAUJ1IBQwWu9AOt	rock,pop punk,punk
AfI5NVukxmVBNDes	pop,soul,jazz
AfPhlwboCnT8q1R6	sertanejo
AfrLhYX0OIS0UFNL	uk garage,house,uk funky,electronic
AgJ6E9Wk7J2fn8ST	rock,pop
AghPRnUuGTZFTkSr	folk,psychedelic folk,singer-songwriter
Ah44EewbTJUw9s8T	pop,singer-songwriter
AhNen5ZZD6sGiQbM	post-rock
AhYFhuki4kduBRta	pop,soul,soundtrack
AiT6MwWAoNLj0qvR	punk,rock
AjLVfM94O2WvuYGH	pop,rock,glam rock
AkJ9etYhYzmWXm5i	symphonic metal
AkLsPFsWyNXZLk0u	dancehall
AkN19gTS3a7ddJP8	post-hardcore,post-hardcore,hardcore,pop punk
AkZzxPOUNnnnplbk	pop rock,pop,country
AkeYqvR2u32f0Zfa	melodic death metal,viking metal,death metal,metal,melodic death metal,viking metal,death metal
AkivBVjeMvXR6pzC	trance,electronic
Al6c1yaUwNw08Lva	thrash metal,metal,speed metal
AlErEJcF2PWXSzUj	baroque pop,classic rock,pop,singer-songwriter,classic rock
Alr6fcLBvqQgZ2nN	indie rock,britpop
AluH2OXiHevXonRS	alternative rock,indie rock
AnTK7JpEqOnRbPyr	new wave,post-punk
Ap3JEQXnLNF3xyg7	rock,alternative rock,brazilian rock
ApCsCw4zG5Bx1AQm	soundtrack,chiptune
ApQfX4l4dG3Bwg2z	alternative rock,christian rock,rock
ApzOHujENCoRFV8J	rock,punk,pop
AqMM9mvBK8JZNM8C	latin rock,classic rock,rock
AqSyoycNunkuQKPj	alternative rock,rock gaucho,rock gaucho,rock
ArwAMfm5qtBvSiuF	classic rock,rock,blues,blues,classic rock
AryDfCpF8Gbeg4uq	latin pop,tejano
AsqO0lioabBwhxHD	progressive rock,classic rock
AssOUZYXLxnWE8Np	post-punk,punk
AsusHwPhB6h6GyNj	hardcore,rock,post-hardcore,metalcore
At81xEMnc9Gg0jjp	ambient,contemporary classical
AtU3OGIxZjdg6Trc	soundtrack,soundtrack
AtUmjPGYyIemLuKt	soul
AtbEloxdbxIY3YjT	electropop,pop,electronic,synthpop
AtuU7Z1AkjooQHtG	rock,alternative rock,rock,alternative rock
AucKdao25JYJo35f	indie rock,lo-fi,noise pop,indie rock,lo-fi
AueP6uCGsJoIvlWG	pop,soul,folk,singer-songwriter
AufaRWttOCrzAeWH	classic rock,rock
Av3Qx2LkBpLXcfgV	pop,electronic,electropop
AvNQgdvQXGWu7gNu	hardcore,metal,thrash metal
AwHC7H9m0rO4s5SY	synthpop,new wave
AwRnfilV0vVs0z1n	britpop,madchester,rock,britpop,madchester
AwhHmivHHCmDhxr7	singer-songwriter,rock
Awja1FZEA55HBpUm	classic rock,hard rock,rock
AwtWmBKr5MEq4S95	emo,math rock
AxOdcGi6sG7qIoy5	alternative rock,rock,indie rock
AxegNWxiMbnS16gq	symphonic metal,metal,symphonic metal,metal
Ay9npAI7F41zGw3O	rock,hard rock,classic rock
AyU4r4kr3T7wvmsD	symphonic metal,gothic metal
AyewZKY9Em97eC1R	blues,rock
AyzKEkr3T7TpexUG	pop,rock
Az7AHNynMOrsdLzA	experimental,freak folk
AzdjUjCD6gvWuHfX	new wave,synthpop,electronic
AzrmVKxzAk6b32oD	melodic death metal,metal,progressive metal,death metal
AzziUF4VVtDW9teL	pop,indie pop,indie folk,pop
B04AJ9LotPIvWM1S	latin,latin pop,latin,pop
B04eXeErDzL75q2k	gothic metal
B09n8o5DirdBVESs	ambient
B0O5wVUqc21wTb4B	hard rock,classic rock,rock,hard rock,classic rock,rock
B0Pddlbbq7kidk7D	electronic,hip hop
B0nYb9Gf9PhcRIQE	soundtrack
B0xVcH7z06fRId4V	industrial metal,metal,industrial
B1NMy410imVPP6kR	metal,doom metal
B1X4DKZ8mcxvB2a1	metalcore,hardcore,metal,screamo,metalcore,hardcore,metal
B2gPtIRyb56aTcBX	britpop,rock
B2hj0VDxKc9JNkoy	power metal,power metal,metal
B364U1C4E0MKBDzm	folk metal,gothic metal
B379TG7hDI0wAv31	death metal,technical death metal,metal,progressive metal
B3aokgqRe69RfSFH	folk,alternative rock
B3s0oWtZ0AK7VAd4	metalcore
B4C3VAE5NPVQ2RZZ	pop
B4dtWZ0ToffEjKvs	folk,singer-songwriter
B53Djs6ER6QcpLBg	pop,soundtrack
B5GxxQfCibqwQrCK	rock
B5aoKdLHwFe4LybP	garage rock,punk
B6LZTtlFAB0759c6	folk,singer-songwriter,indie folk,folk,singer-songwriter
B6WNsT2awOYQKInq	post-black metal,black metal,atmospheric black metal,blackgaze
B6XzSyD1US5OcZaX	pop
B6e3ZZoy0HPAfU8s	folk
B73dsXi3KH47rONI	progressive rock
B8mKUKOQ2U7TF8c1	pop
B9BvPO0wirmPCQKa	pop
B9U2KyoRDBfAt3ne	pop
BAq1mdxuYbXZp5BY	post-metal,progressive metal,doom metal
BBpNW3wiBSN1ehu4	jazz,soul,jazz
BBvoQRYIthT9JKDD	pop
BC3T0MM3fz9Nxnzj	alternative rock,indie rock,rock
BCIJKD1LwjX55sco	shoegaze,post-rock,dream pop,alternative rock
BCTJFSKZqleIjogf	cumbia
BCfCVQCILsUaCahg	rap,hip hop,rap,hip hop
BCy4dmltoGZLzCPh	latin,pop,latin pop
BEZqXYEPfqv77A1S	alternative rock,rock
BErb0WZfxvyJymL7	new jack swing,soul
BF6QAFYP8Topuq66	post-punk,minimal
BFOd9sY9Uvxk45VC	pop
BFnRNh1mchavuOMC	rock
BG2xaR81pzSMUlO0	soul
BGtMQD0DvpibiCqg	folk
BHP2etwqmjUn0F7T	pop
BIFAoszg92ftdz0U	blues,soul,singer-songwriter
BIkiQtcTzHJgp14J	metal
BItA9JwNy5bn4Jgz	pop
BJ2tA430oWZtyK5N	house,electronic,deep house,trance
BJLKE0kitiIxSRl8	rap,hip hop
BJfgUKWoAWfOiTDq	death metal,brutal death metal,metal
BJjXtGkvSWYhCLdx	house
BLQ0MVtFsdqusuoC	post-rock
BLk4EONMpoTd8aV4	math rock,experimental,post-hardcore,progressive rock
BMFPO4u9abJZhG59	pop
BMcgtut4xcY6HUzm	alternative rock
BMy43eQL7kpEQc9n	rock
BMzmty5tHRO1dWHC	indie pop,power pop,indie pop,power pop
BN206xE2prIy8T6l	britpop,rock
BN3l38Xb1oBGGoQE	rock,classic rock,soundtrack
BNiT7xrXe4AP9GHA	hard rock,metal,alternative metal,nu metal
BNmDdKQiwxyhP83h	noise rock
BNwZPzeAYdAoVdcQ	punk,reggae,rock
BQiBitgBJjm5GruW	synthpop
BQxq2faz1eykciuR	pop,new age,new age,pop
BRGWS6qpygZwHaOD	pop,latin,pop
BRT3Xamcitwly4w6	rock,pop rock
BRWpTQgvAKFJWZWB	electronica,electronic
BRhcPZSUrWjgsPWR	indie folk
BRlVtiMtUGV6Amr6	electronic,pop
BRrWX0cov3fF5shf	classical
BRtb5vZB0NQZu1WX	rock,indie folk
BRxPOHOdTak8Lb0w	rock,pop
BSGXHVTHQlsG2wjy	folk,singer-songwriter
BSZSsbTaehSZKYim	easy listening
BT635fdnzuZLqFPo	pop rock
BTi9LtASz55cl9E3	pop
BTnVhiLl5fwmMiV6	rap
BVSA31vXjQYALA8K	pop,tropical
BVj71rDq8FywXWv9	singer-songwriter,rock
BVpOTtDacgBxeuPV	shoegaze,indie rock,post-punk,dream pop
BVuqsLo9r2LAS65Z	jazz,hard bop
BW87tIgoYTnn0orG	drum and bass,liquid funk,neurofunk
BWm3su3nbZS72Vax	pop punk,rock
BWo7HjHiYl0ox2Jh	indie rock
BXbUGQH2dmKuESz4	krautrock,experimental,experimental rock
BY6NhgTfAoDzsOID	j-rock,anime
BYG88695cmOmyP4Q	indie rock,rock,indie rock,rock
BZR5COFeUjA8hrNM	ambient,electronic,downtempo
BZW2iuEz4vaooKg6	electronic,synthpop,electropop
BaLS2kfVNuz5bd6x	psychedelic rock,garage rock
BaOvc3pFi9txcOi8	soul,pop,folk,soul
BbUDXeZ2nqTsRjDA	death metal,metal,brutal death metal,melodic death metal
BcBv2GWxQBBsbQ0c	classic rock,rock
BcIq16voO88OdAbL	indie rock
BcPKQixR5jvsZ4vI	deep house,ambient,house,electronic,yoga,balearic
Bczf1UALMMtUnzXA	electronic,ambient
BdWjKh76B0bDhiGX	alternative rock,rock,grunge,alternative rock,rock
BdygmQeTEsFQ0a6Y	death metal,technical death metal,metal
BeGdBYxk0P4mEVnD	indie pop,indie pop,indie rock
BeLYHGFvPv1kfmvE	grime,electronic
BeaoIJVU2CMaJ9qn	pop
BeoaY3fYbDaFmLjN	classic rock,rock
BfRVLtJc0t3h1GzJ	pop
BfxdiQTET2EuItEl	hip hop,rap
BgAhHhdXGFOHL3jU	soul,pop
BgNLqy6Wxty9oltd	samba,mpb
Bi3TLDJR8eer3PtV	pop
BiEE9gLMPY8x6mHr	axe,samba
Bj3a37TR7Wdv9VfP	post-rock,dream pop,rock
BjzVxJJedUixeaMi	chalga
Bk3QR7PLOkdEH5hs	post-hardcore
BkFjpdD9Vd7ZRCtb	power metal
BkerWL3jQBqxFmMd	funk,soul
BkoUjxTdLFYC7paG	post-punk,garage rock
BkyMQuHyc1Y9gTOW	electronic,techno,electronic,electro
Bl5Zy2fyw5ciTPV3	k-pop
BlcnGBKhLxxvArG5	pop
BmQEnGEwFdaYAJIf	melodic death metal,death metal,swedish metal,metal,melodic death metal,death metal,metal
Bn9NOioDZYyA4iSO	classic rock,rock
BnHouKaP1gYHtX7l	rock,hard rock
BnHp751BdotdifPo	rock,pop rock
BniwvmQ8Mq9fmpvV	glam rock,rock,classic rock,new wave,glam rock,new wave,rock
BnvV5muzHXKZlLea	bossa nova,mpb
BoFcfcmQLe4RFz2e	thrash metal
BoH6mvWra81FMlyy	electronic
BotzUWGPurJJLQg9	k-pop
BqLXITszC5W8DN82	mpb,mpb,rock
BqMdwBSopxmBesGx	doom metal
Br7PopHF835WuJDF	latin,pop
BrzMZAOtYOTAO4YN	indie rock,alternative rock,rock
Bsa7rf1BuU4g6xKz	chiptune,soundtrack,video game music
BseoDZeuVGpOp5kb	pop,rock
BsrWhn36yyloZ8ON	lo-fi
Bv5sJbuiuR4QYH71	k-pop
BvwlWFTQdbLDt9wC	pop
Bw5of18S5GxTFAso	rock,j-rock,visual kei
BwMHTJFsrT64TPph	blues,chicago blues
BwnE2oXkykgK4Cb2	grunge,alternative rock,rock
BxFNWXtlVI7ns9l4	doom metal,gothic metal
BxvdidDMbbdWHzYJ	rock,soundtrack,poetry
BxyZna4GhGVoFGwh	alternative rock,rock,alternative rock,rock
ByS2TpK5I0dp8nlT	post-hardcore,metalcore,alternative rock,rock
BzbXMvDRr2N27UF3	progressive metal
BzzZN9nOAlg5QVpp	mpb
C0G8dxTlOKQGOY5j	electropop,electronic,electroclash,synthpop
C0gVhMntWqggR5Rw	synthpop,electropop,pop
C1QOLz5zVfaOlekr	schlager
C1SUjAxhAwQjfZw1	punk,metal
C1l2ifC9sAjK5qnu	pop,k-pop,k-pop
C2uD8DhzD0D9V04H	dream pop
C3CxzWsGE56Um7gE	indie rock
C3V31sWOCUxqmP2s	alternative rock,indie rock,rock
C3e5LyUcs6KED9in	groove metal,metalcore,metal,thrash metal,alternative metal,groove metal,metalcore,metal
C5ULb63JDcCgvf2M	punk
C5hZIsUVhrgSfZD4	pop
C5lAHHM91iukA6ks	emo,screamo,punk
C5pEt2cHltKVboga	punk,pop punk
C6J8ezzMqt9YuvLy	soundtrack,alternative rock
C6iZeCsuoumOa1YM	punk,rock
C73k4ZB0MFjL4dNj	psychedelic rock
C7QfrKzXYIdUmkjc	classic rock
C7TXpNVwnPQKuMR7	progressive rock,hard rock
C7f0U0UGmS5aQUNR	jazz,pop,jazz,blues
C7zRFFikfscjEh5c	pop,geek rock,rock
C96Kfe53yd3oodUk	pop
C9UwXlBMzklps8Lv	rock
C9WbXXfjQK5dvbKz	mpb,mpb
C9ac9faoir4YqbPv	experimental,noise rock,rock
C9g4Nq168RHTkCWH	krautrock,psychedelic rock
C9upU2IVDe5IP7aD	rock
CAsK5WExlvyF2Y5L	house,electronic,trance
CBjOwHnOoFfSOXLN	pop,folk
CBuJdKeR5oFmbmMv	soundtrack
CCwtoSBa9TvL5YQS	rap,rap
CDuj5cZUPIjVSMaW	hard rock,rock,alternative rock,post-grunge
CDz2fynAE82KGBhX	funk,hard rock,avant-garde
CEFQr8WnxDP95xaS	hard rock,metal,rock,alternative metal
CEQf1UbfZSsf4XUl	industrial,industrial,progressive rock
CEnXhhyEZ8jddUW7	pop,pop
CFC1MTpdY5OmheQo	alternative rock,rock,rock,alternative rock
CFJJmbnI2JZqZLvD	soul,electronic
CFTwLd5aByft8UK9	rock
CFXqlsFOPhk2uGpo	alternative rock,rock
CFktsnbcKlBAPMaR	pop punk,rock,easycore
CFpaKYhKcmPFkVEc	pop
CGGNrzQTntbF9kJf	beats
CGQNJDkVQYuhqE8y	classical
CGSL1zmoQ9gtcGa2	folk,singer-songwriter,singer-songwriter,folk
CGZyuzZLcwkoiUW5	easy listening
CGpLB40XAD2NFpFe	pop rock
CGz0z5iv0jZmIa7X	ska,ska punk
CHEzcIDBkHFo2NBj	rock,dream pop
CHKN1DEaMWYoNZXe	soul,jazz
CHLxDuKbnY1mPA3A	gothic metal,symphonic metal,metal
CHg9GmMQ74rgJjhq	classic rock,southern rock,rock
CHmf9WMghmVw5lFF	rock
CIHBOkVNBS9cIbst	grime,rap,uk hip hop
CIjpgLYMiffWTxuK	synthpop,electronic,new wave,8-bit,chiptune
CIr3wYOHDDjWh95p	alternative rock,alternative rock,rock
CJ2AbrBgl88gIvDM	alternative rock,rock
CJwB8m56sEC4Pflm	mpb,latin
CKF4ziJ1ucF7bCqm	rock,indie rock,southern rock,rock,indie rock
CLtPEcep00zlBPgY	latin
CLzQce3eju0xW90U	rap
CMUKzSkIVglx1lg4	classic rock,singer-songwriter,rock
CMUpaQtw1RIUWr6M	eurovision
CMaifnt6WWWoVWME	electronic,dream pop
CMo0arhvj6GZlaKo	alternative rock,rock,pop,rock,pop punk
CNAGPe4WjbMet59p	soundtrack
CNWm3JolLu6Mv0MM	stoner metal,doom metal
COzfNSdJviZavR9J	electronic,ambient,electro house,dubstep,electronic
CPCGHPFfZxjsUrN0	metal,nu metal
CPjP46xBiBBwQue6	britpop,rock
CROclg6SNym6dt3C	techno
CS1gOtdvew9pJgGq	pop
CSWk9rqQMCL0iM13	pop
CSh6yX581pvLqDDf	thrash metal,metal,groove metal
CSmo9sHRP5teioxS	pop punk,melodic hardcore,stoner rock,hardcore,easycore
CT7FpCGG4Nb1FM1t	folk,singer-songwriter,folk,singer-songwriter
CTspO9SdKp4cla2Q	mpb,samba,bossa nova
CVEAvdQdzxaNIok6	ambient,rock
CVYpKHtA1YDTgXgv	rock,alternative rock
CVlCQ0kQaSfveQWU	christian rock,rock,gospel,progressive rock,progressive metal
CWJZZjwRXrQXVwNO	pop,c-pop
CWUMfHCiUp5zVMPD	pop,indie pop,pop
CWZj1VHUMhh62i3c	post-punk,gothic rock,new wave
CX3uGlW5icPSiQHd	industrial,synthpop,ebm,electronic,electronica
CXiVXWHz8rCJgj1z	emo,pop punk,post-hardcore,melodic hardcore
CXwghmYPhfyVLoiT	pop,pop rock
CYsNwPjONqVkIee3	classic rock,rock,classic rock,rock,hard rock
CYtbzAv1m1ocvZyW	easy listening,pop
CYucS2NMUiUQRoNC	electronic,pop,synthpop,new age,post-punk
CZR0aIu7evfGvXGG	electronic
CZVn1tLLWYO4Ium0	pop
CZzifWsCAXngbgYN	jazz,blues
CalPbEZ8bnuISHRx	new age
CanWyg2BMszeNmMi	folk,pop,singer-songwriter,rock,world
CawzUERvD0pmeDhz	pop,idol
CbQCxWEDISFXGnbw	pop,latin pop
CbjW1G1dZxwAj3ve	alternative rock,rock
CcR8OC6ncESxbL7I	lounge
Cd9coQC9xk9saea7	pop,synthpop
CdB3c6g24hKEziOE	synthpop,new wave
CeugaMQ03Y9lKTSc	math rock,post-rock
Cf0zBeyGmbBLnBsb	downtempo,electronic
Cf4qOh05aVptCWWu	rock,noise rock
Cf98oKF7rdcDkXN9	progressive rock,rock
CfZ7Hio0sefQQD3s	pop
CfumFwlJRzgzOSA2	viking metal,metal,folk metal,melodic death metal
CgTrKTNzywMqlHsx	indie pop
CgUoBhyn3ZhGMeGE	rap,hip hop,west coast rap
CgYVjkctLsa3rRre	psychedelic rock,garage rock,progressive rock,psychedelic rock,garage rock
Cgaaj9AoPqcoeBP8	shoegaze,post-punk
ChSWJ6Tk7Uq86Nss	rock
ChUEZbv3I0ZAuJ8I	melodic death metal,progressive metal
Chk4DqvINp7xK1ik	8-bit,electronic,new rave,electro,electronica
ChnU5ishx0i28uem	folk
CiLFjUJvYWGmyr2d	rock,indie rock
CinsixA3G83sd3YN	shoegaze
CitJ89pfKuEcrsC5	electronic,ambient,electronica
CjJhdk4AzZGSBybO	rock,grunge,punk
CjQOWxVlG4TsgtwL	singer-songwriter
Cjjqy9YS8EGzOaif	pop
ClHkZ5VcNmTCQv3Z	pop
ClQmiPKqfbHWoLdb	folk,electronic
Cm0nh8mZdKRI8ZfC	latin,soundtrack
CmG7AsIFxbOojGvP	gothic metal,symphonic metal
CmPKRjrnjnBuSocM	indie rock
CmmneXVjfGH1wBsB	indie rock,alternative rock
CnZxIhBzdCKHGaRP	jazz,pop
CnsEeTpxC2OoyQ4U	pop,latin pop
CnzCqAwtC7ijmwgU	rap,hip hop
Co9Sp7p21sJm2z6Q	metalcore,groove metal,hardcore
CosJZV3R3ktmwdAY	metal,hard rock,metal
CosSdfOwWyRy3rkU	progressive rock,classic rock
CpTx3WpJt92hVEq1	shoegaze
Cq4hk5tayZOIurUW	indie rock
Cq6w49vBq3QO0Vqf	house,electronic
CqYFV0sXlZXWPw0x	rock
Cr1pWCQ0DLb4R4uD	pop
CsADnHYE8KoheoFd	rap
CseY1V6geECopV7a	k-pop
Csqlo055qXiR2QQZ	pop
CsxqrfqROSz2vizo	experimental,ambient,electronic
Ct3zJRGNCKXSbjVI	indie pop
Cu7RgD4Yc4Q65Ggg	rap
CuCws0OKeuC1E8hF	shoegaze,atmospheric black metal,post-rock,black metal
CuOJN8iBeNwx8Ssc	soul,pop,soul,folk
CukjVsmUDQkMM10X	pop,motown
CvD4RX0sy7r5Yh2U	rock,alternative rock,indie rock
CvIufZM8DwZIlbn7	classic rock,rock,soft rock
CvKzIZ1zEclAcfRp	downtempo,downtempo,electronic
CvVXdhqPmyWgOlXA	gothic rock,post-punk
Cvkoeu2Xj9fMHoh4	hard rock,classic rock,rock
Cw5pQE2eaaDDzVye	punk
Cw9GPcRGetjXBy66	choro,samba,samba,mpb
CwEiX28Nd6zd5zhB	west coast rap
CwMDNZmPtCAJgv8z	pop,soul
CwrfTHhJ2LJjaifS	singer-songwriter
CwsldOvmpLKruuaz	rock,indie rock,alternative rock
Cx8sjIi8f01GYim3	dream pop,country
CxM1EyYBNmAO48YA	canadian country
CxZRJpYTWxgV2nSg	soul
CzGEVojaIDD1Cq3D	dream pop
D0HGmxP8eF5ZFXLN	alternative rock,alternative metal,rock,post-grunge
D0PvpTqKA4C9BJVn	grunge,alternative rock,rock
D0zVQ0bGNYcpuZiY	hip hop,highlife,afropop
D10gfWVaBiOpVEdl	ska,latin
D2fv6KZ9RYQKwZo3	rock,indie pop
D3Y3eX0K90yxWEtp	metal,nwobhm
D3f0kqY2K6Excr07	folk,singer-songwriter
D3oIeUXTOxkpcCkt	black metal,raw black metal,canadian black metal,black metal,raw black metal,canadian black metal
D3xPyCPbPNAyZ8Wa	indie pop
D4eo12t43gbqfsv0	electronic,electro
D4j5HFGJIMVDaBy8	electronic
D4n7GtMDMlVYijNn	electronic
D4rM0bm43zdcRJhT	rockabilly
D5APeq80TqUke4uN	indie pop,indie rock,folk
D5sOhnWXQpgQay2r	rock,alternative rock
D61CxYIQ7sjD1grP	j-pop,electronic
D6292lpJmR7iCjkK	forro,pop
D6QR0maS5N9Sr9F9	rock
D6mwbt3fbJJu8v81	rock,emocore,hardcore
D7ovh2OxvQikRDPl	jazz,vocal jazz
D7pnb06XAVK4UJtg	ambient
D8AoqY205xjFA2bk	indie rock,rock,alternative rock
D9GICCXFS3s1255T	indie pop
D9KfjdHK4Wn0hpTW	alternative rock,progressive rock,rock
D9OmCDLFU65ikObN	electronic
D9oljwK51cVMr2v7	bossa nova,jazz,mpb,soul
DAEka3RzbsyL063p	eurovision,pop
DAUvesvB2HWcKWP1	pop rock
DAnawbMcYajTd3l5	doom metal,metal
DBDDnn1Zk1Ucqnq2	emo
DBE8xBHci8nlKw8Q	folk
DBFFzLfPYUVVUeqc	jazz
DBarYyTcmISsxf0X	rock,emo,alternative rock
DBd0HXIva7Hd8djE	folk,jazz
DBzvjgYY5T9GibCX	progressive rock,rock
DCfKbiEC8SMTj1J5	electronic,electropop,synthpop,electronic
DCnLjlC6wJDpiF7A	hip hop,beats
DDNOWGGGsBYomuTa	rap
DDc7YDUfhUrpfUrj	baroque
DDozseqC4SqVbfq4	folk,electronic,lo-fi
DDq7x6UKN2Y1UaTL	singer-songwriter
DEn12KJY6H61FgFv	symphonic metal,gothic metal,metal
DEuZB8T8aSaCDTCb	singer-songwriter,indie folk,dream pop
DEv5EKd95vZK8kE0	rap,hip hop
DF7DR4ouzpRKsyAR	jazz,soundtrack
DFfuAKwP9KRiQgFQ	industrial
DFursyhAMOdDhrZO	metalcore,metal,hardcore,emo
DGOIM4FLdAy6PtaL	progressive rock,symphonic rock
DGfMtOfDUD1Yv8zE	mpb
DGkNIdmNGTEEc3dL	chillwave,electronic,lo-fi
DGlRrk4kfpcjiAga	pop
DHX9VWFjETAFPkbJ	rock,blues
DI1kGRLaDIb5L4Vq	melodic death metal,metal,death metal,swedish metal
DIJXhAztpbMTlWh1	indie rock,alternative rock,rock,rap rock
DIOZWylXtYkWAd0F	progressive rock
DIe7OMbLlVbcK3DZ	salsa,latin
DIenz1hGgjltkjQF	soul
DJFtVv6n3vLDLsVl	pop
DJJiYrRqagv8zbBQ	rock
DJPtI0A5vovo8RZr	chanson,chanson
DJS8dWa5dU4YMRiz	noise
DJr94u6GoBXqGNi9	lo-fi,ambient
DKIkYkVd8qQdH5rR	pop
DKTyV5SDT4YnKHaE	thrash metal,metal,groove metal
DKXF9TJVk2cMXvS1	death metal,brutal death metal,technical death metal
DKil1umFSuOC4qZ0	post-hardcore,metalcore
DKuCkA8bZkOR3ZdL	tecnobrega,pop
DMGdM65UNxbxoAb4	rock,alternative rock
DNjUvcL366eWefpl	thrash metal,metal,groove metal,death metal
DONaK6BIgwNcvm7j	singer-songwriter,pop
DOXoY9lgfvikUtRI	post-rock,post-rock,ambient
DOyPVRIWXRof1KEk	rock,alternative rock
DPL8KH7TETjqC1se	death metal,metal
DPYT0XCxZB3fJwd8	grunge,rock
DQ6sEnx67JKZAStI	rock
DQAro3YYq7xu1wAi	hard rock,glam metal,rock
DQoDO7yCtSJgywx5	indie rock,rock
DRKlBU4q7cDXvnwY	noise rock,hardcore
DSXtsjp9yVj9LD7I	rock,noise
DTCQVMBoDKdqNyPz	rock,indie rock
DTD5npCClmRjoglO	industrial metal,metal,industrial,death metal
DTXCqCNkchWvnKlI	samba,mpb,bossa nova
DTixIhgLRFJZNfgl	post-rock
DTohjV2fuoAUUvJk	rock en espanol,rock,rock en espanol
DTvJYMqMgx1d8OEC	pop,rap,hip hop
DUNPHLMJOe8fyE8r	pop,spanish rock
DURZNeBffuHi7HSm	synthpop,industrial
DUoXqCNqsUxP7iX0	k-pop,pop,girl group
DUpne99V3pJ9qLB1	classic rock,rock
DVMyB1aD6t5bVzIf	singer-songwriter,folk,indie pop
DWGB0jUq1kvX4jvw	post-hardcore,screamo
DWgv8EGLl90REHih	pop
DWyStvxvwe37GVkO	post-hardcore,hardcore,screamo
DXjra5qmHSWXXDpB	experimental
DXllHvX7SFXvgpUx	pop,singer-songwriter,mpb
DY3McyB5q2XNs2VZ	dream pop,indie pop,jangle pop
DY85ou0mpbMh6n9w	soul
DZd5ctYJYDGrELuc	dream pop,lo-fi
DZi6EKl6ZdqezjtM	hardcore,metalcore,sludge metal,metallic hardcore,hardcore punk
DZzzAAwmETSavceL	industrial,electronic
DaGhOsU4uWfVvsGB	thrash metal,metal,hard rock
DaM6lreTrl3hyfNt	rockabilly,psychobilly
DaPa7ooFHdxT1IxX	electronic,industrial,remix
DaXt87iqpalzFGLg	rock,punk,pop punk,punk
DavNk6LXvHNjqgWY	glam rock,experimental,art rock,ambient,experimental,electronic
DcLWUgvZ9ekxODUt	post-punk,minimal wave
Dd00WwmyFLunxJbG	ambient,downtempo
Ddbf7Zy316KS1iG0	hard rock,rock,alternative rock
DdilUDFyos4uZJaH	power pop,indie rock
DdrlphDvTHVXoQ2C	rock,alternative rock
De58duprGglQlX0h	rock,alternative rock
DeB7LILnMd01YefV	glam rock,rock,art rock
DeRdKulMmloAksR9	psychedelic rock
Df4F05E6NxwBJw6a	folk,downtempo,jungle
DfCfMAry1ub2rZN3	pop,pop
DfWASsoggVsMGKVr	ambient,pop,ambient
DfyFtePh2Ga6SyZG	post-punk
DfzdbwIRfJogJSnO	new wave,pop
Dg7xcD5GnEJPRJMZ	country
DgJ7Li7XkseNmMeJ	black metal
DgK2P6xVsExUukxg	power pop
DgnTCr6GDqmgV2SE	ska
Dh4D36y2ucO2EocT	black metal,progressive metal,black metal
DhFiu289OGxzv6pd	gothic metal,symphonic metal
DiHav0hzIIL1W0o3	rock,indie rock,indie rock
DiKcVCX1Iq1jagFg	soundtrack,soundtrack
DiOUBIPPmGtUVYyL	ambient,new age,ambient,new age
Dizc9JW9JfVLH0ON	folk
Dj2bBw0OtLWkCVyO	bossa nova,mpb,samba
DjVoE5nl3JMuOXMW	pop
DjoKLEHCesOzD24I	synthpop
DkU7wDDHlcteITmP	progressive rock,post-rock
DlPUb8mnowUKeIl0	experimental,electronic,experimental
DlT4kg9Em5N0g2rQ	post-hardcore,screamo
DmL6Jrhlg4DeJDgR	soul,swing
DmO3sKLTJHGmXuti	rock,punk,alternative rock,rock,punk
DmTgHxWx4y1Leu8l	dream pop,shoegaze
DmUvUJiKkc0PoW6r	jazz,vocal jazz,swing
DmsoC83OqDwbWGWF	eurovision
DnXwsHNjzTxdDqHz	rock,indie rock,garage rock
DnmeQrTNCPA0Bzqh	rock,grunge
DnoaQPMTyFpa27Ve	britpop,rock
DnqFbXWi2R5voiFF	rock,punk
DnvGckXRd0oRfuy9	pop punk,pop rock
Do85yZHu8hWqKNgd	rap
DoiTJE7pECi6WYed	soul
DpAdf9RLPPdZzVUZ	rock,punk
DpOFLRkMIsDjGCow	shoegaze,indie rock,dream pop
Dqtg4D55iMqnfgSG	electronic,ambient
DrbCpLyYEvP6zFgX	rock,alternative rock,pop rock
Ds9t0Wua7EA9HnCF	hip hop,rap
DsH2HstcLEwoKWXO	rock,britpop,pop
DsSKh4cTElxp46F6	witch house,electronic,witch house,electronic
DsVUS1inUYUYujXA	mathcore,metalcore,hardcore,experimental
DsimknHPOc9oOcFX	disco
DukkiHRwupV4qc5m	dream pop,shoegaze,post-rock
Dusy9YdjdGyFCKCX	pop
Dvtcls2EvP6d34es	latin
DvwbrcuR7KBurmXq	indie rock,indie pop,rock
DvzSCeoFA96HmNP6	indie rock,rock,alternative rock
DxIFYezwwgEl7OS7	jazz,vocal jazz
DxdvwEegMtQ0z5VH	classic rock,soundtrack,rock
Dy88WbWBzsObmEUP	downtempo
DyIWlmDHPctkKrXZ	experimental,post-hardcore,screamo
DzaNz7GZqtzs8Bzo	nu disco
Dzibzfc0GllB2B7e	metalcore,post-hardcore,hardcore,metal
DzjymfjqvsdPAlk8	rock,singer-songwriter
DzvttpqzOADXmohF	death metal,technical death metal
E0OCvuvbIgCFoPSs	electronic,experimental
E0TQmc4Zkyaa20AF	j-pop,j-rock,thrash metal,j-metal
E0bGxWXRIFKWm5oG	mpb,bossa nova
E1SitH6OBxLVXd1B	ska,reggae,jazz,chanson
E3E5ux5tiRrn3CeQ	pop,soundtrack
E4BfBDK0LHjz9YbX	grime,rap
E4MuEtOJZDOkDWej	rock,classic rock,pop
E4TZTsNQVU8bzM7c	ambient,rock
E4u7VIBtVLpg3VJf	easy listening,soul,pop,soundtrack
E5P5AwVnKMVL7xqR	screamo,post-rock
E60apxEIkrEFaPci	k-pop
E6QrKKiL4134JTkV	rock,alternative rock,hard rock
E6ZxLjE886PSICBP	stoner metal,stoner rock,doom metal,metal,stoner metal,doom metal,stoner rock
E6g2btyo3iIJJPVX	emo,pop punk
E6qVfF1BO2r3cf6o	singer-songwriter,soul,folk
E6xPpEgNi9qSscdU	pop punk,rock,punk,emo
E71zeORcxji71QWQ	pop rock,christian rock,brazilian rock
E7nPeNNLOtvT6jFH	shoegaze,post-rock,shoegaze,post-rock
E83jDxRmwulh5Qge	rap
E89IDRYWSNoWC9S2	j-pop,pop
E9BiNsQlU5ZwuYUx	pop,latin pop
E9SluPsOJZLrBJZd	pop,soul,indie pop
E9ZgOLdZnJhjwrMd	pop
E9rWPZFlUBUT4RTc	pop
EA0WnyVGS38AWiJa	mpb
EAKWWvymZtcRykDg	folk,singer-songwriter
EAP3URnaMqCZZJKt	dream pop
EAQkBEzU8oJme93H	soul,nu jazz,math rock,jazz fusion
EB8wnQwPFH0Z2FeK	drum and bass,electronic
EBIZYVYtmilfvOez	emo,indie rock,emo,indie rock
EBRKqVxknlKxh0Z1	electropop,art pop
EBl7cdNyTuFiPHTG	electronic
EBmAnNCdhFas3S65	indietronica,indie rock
EC8ak0Lyeuytk5DE	chamber pop,dream pop,art pop
ECIQqsTrPmRuS3zS	blues
ECMInBhzYdHluokR	psychedelic rock,indie rock,grunge
ECqU8wWJWnh6ei8R	pop,electronic
ED2qOLBIpY3aWTOF	punk,power pop,pop rock,pop punk
ED8s5fYuYEZYfSpd	electroclash,electronic,synthpop,electronica
EDURU8QOVHJzo720	post-rock,ambient,experimental
EDklPGxH2Byxp9kb	brazilian rock,hardcore
EE8u1Ra28pbXOrx0	electronic,witch house,lo-fi
EEHJHFO1Xgk87DWH	pop,soul
EEXolXbBp5YRTA1M	comedy,metal
EEcbpFamgvzpBhuT	pop
EG0RxTLh3KOeKgGr	k-pop
EHMaLL1Vwb0kR5cw	k-pop
EHOgjOc672QLdDQf	rock,alternative rock
EHpJIMC6ndeNIUjO	rock,psychedelic rock,indie pop
EHsGiuT4KW5dcGwz	eurovision,pop,eurovision,pop
EIt4ji3sw9t0P2vM	folk,folk rock,alternative country
EIyFo9dOcK26PzNY	rock
EIyPaREv8DRaQT0l	indie rock,rock
EJ2YbvbPg66Yk5Rp	indie rock
EJt7fiHzvBDPWFPp	rock,nu metal,alternative rock
EK0e547YOwMU5W2C	punk,noise rock,grunge,post-punk
ELP6IcyWLkR3kiZj	rock
ELb9BRqAGn9rZbBZ	hard rock,classic rock,rock
ELh3q5ATvL0oTsa4	pop,new wave
EMKi2uT6eNoitXsE	rock,soundtrack
EMvILXFNDQ7XycQD	emo,midwest emo
ENNcM7yhfinLdaNm	country
EORMk4iQTrOVywWB	pop,pop rock
EOWaYUYxpjqZ2Oh8	synthpop,new wave
EOr7HUsjlzw96I5V	rock,alternative rock
EOw9mNRc5D1VliT8	indie pop,indie rock
EP8oUPaVobC4u5aV	nu metal,alternative metal,metal,hard rock
EPLvE70J4NoszmWr	singer-songwriter
EPhjuQTv5EfxSypE	grunge,rock
EPn1LJZFtI4JIV0y	rock
EQr3t16rQOtXn07d	new jack swing
EQwSdeIwSmj81nUu	latin rock,mexican rock,rock,latin
EQyTccqtz5Y0HxOU	hardcore,emo,alternative rock,emocore,post-hardcore,post-hardcore,screamo,emocore
ER3Tty3i64Cf4XYG	electronic,remix
ERJmFZFh8f17BbWK	progressive metal,gothic metal,alternative metal,doom metal,progressive metal
ERhs9P1ubwFh94HL	power metal
ERiT7v8anOGdWHpy	folk punk,folk,indie rock
ESB3eoHRgogBSluI	pop,singer-songwriter
ESDmnzkyb2wIJktd	hardcore,metal,metalcore,mathcore,post-hardcore
ESLFyd8ybMbKw7Zp	rap,rock,emo rap
ET8Bh73KA1KSbtTI	ambient,singer-songwriter
ETGf30PkKOvIzTny	thrash metal,speed metal,thrash metal,speed metal
EUDqLe0aYWftwFdy	metal,nwobhm
EUFaLQJJPbzLxiv3	rock
EUg13uCC43ShJl1M	pop,latin pop
EUhS64EkbxHO59ec	chillwave,chillwave,electronic,lo-fi
EWDAXJxymBF7f3Zy	indie rock
EWmTo1WOXp5DTLrG	rock,alternative rock
EXYXNDZjjplcoATC	new wave,new wave,synthpop
EXuXATL3XCvgNN2Q	electronic
EY43dC5qBR9lZaza	dream pop
EY9WlH0NTslR4rgy	progressive metal
EYYkxL0msPG3AjJJ	rap
EYzbWVnDdgEnbD1V	post-rock,math rock,electronic
Ea6y1s0pUuJfzpnY	indie rock,rock
Ea7pUAgrvbX1CUd3	eurodance
EaHE05Aj6DW2Vgxg	post-rock,post-metal,experimental
Eb2ho4a3QNBRSjV6	singer-songwriter,indie rock
EbDkDpZAYjR8TQBA	indie rock,rock
EbKgk339OnDEKz6F	pop,new wave
EbdxwnSYFxEifALz	mpb,rock,pop,new age
Ebxqq8I415H51rIH	classic rock,rock,pop
EbyWHQjETpmhszzX	classic rock,singer-songwriter,rock
EcCD1I5iwRWNpoKw	bachata
EcMuOK5nWxdURJ5U	funk rock,rock,funk
EcVunD6IyD7d11QG	rock,alternative rock,indie rock,garage rock
Ecw9XVEBc3ejMnAb	pop
EcyWLBfayZmWE894	glam rock,rock,classic rock
EdiA7MFVCN3RaIfW	jazz,swing
EduCGZdN595HuXv7	stoner rock
Edv33hXmNZO1stua	synthpop,indie pop
EeNsb5XPqBvynQPO	rock,punk,rock,punk
Ef7GRUKefGyatX6c	indie rock,singer-songwriter
EfFxUZcqk4Cv4yRk	indie pop,indie rock,jangle pop
EfhNfkadtxObDzKk	post-rock,ambient
Eg0Sn6tPIVPWvNj6	pop,pop
EgFLTTmU42A4zaMI	outsider
EgaD5xNhkZ3YkzsA	pop
EggNkCVJULKGseBI	electronic,indie pop,pop
EginsUDZRP1YMJyh	classic rock,rock,pop
EhGuK8GQYonViWWV	pop punk,rock,electronic
EhbkuT924MxGj1UB	chillwave,electronic
Ehzh3LrEVi5xNvto	rock
EioRDDPdPKz99I3V	rap,hip hop
Eiztb9cKUJbWiQ18	emo,post-rock,math rock,midwest emo,pop
Ej37iAsQqeNr0OgV	alternative rock,rock
EjlsRmNZKAZXC455	soul,soul
EjpF1BUyTjsiggP2	funk,soul,pop
EkJouNcejRB3TSWU	pop,eurodance
EkpJGja281m1l6wC	doom metal,folk metal,neofolk
El5fciMeO6U24T94	funk,soul
ElCPz8nx9SMeLyNH	electronic
EmTBgx2qQRPjFQUK	rap,hip hop
En4U8jMEP6697lDc	happy hardcore,electronic,hardcore
EnK1FTcL4DN21Wll	pop,indie pop
EoGeE3IjAxSifyaz	alternative rock,rock,brazilian rock
EoXkQkNmNFI6OkMa	pop rock,rock,reggae,power pop
EomZfTO2qNi0U5BZ	mpb,afropop
EopCepSkOX0HkImf	indie rock,psychedelic rock,rock,new wave
EpPcuiH9gGcQEAZN	soft rock,singer-songwriter,singer-songwriter,folk
EpVG0fgpx2Nnnv3L	electronic,ambient,electronica
Eq4iwD43gO1PAxGp	thrash metal,metal,metalcore
Eq9VrDHnoWPEbP37	soul,blues
EqF5nkGzf3cf6RRE	singer-songwriter
Eqwg6QFHdxfv2B8Q	dream pop
ErEXLDslZjAyGZIC	electronic,rock,pop,pop rock
ErKW56iwYHYFCrpP	gospel,pop,anthem,soul,singer-songwriter
ErLcBzxQYQVZ8olJ	power metal,metal
ErieQxLwqSWYjfXU	death metal,vaporwave
ErzUpTP4b03U4TP5	disco,pop
Es42BwrMc8HwO5tR	oi,street punk,punk
Es6zT0XKpIpDzsOI	post-hardcore,math rock,progressive rock,progressive metal
EsMMmEReGn4ThneZ	rock,gothic rock,gothic rock,rock
EsWzVqbHSQIJ1MiB	progressive rock,classic rock,hard rock,hard rock,classic rock,progressive rock
EtF2Cqs3KoDNuttw	drum and bass,electronic,breakbeat
EtJ3tnpl5biAY7JQ	garage rock
EujuJFW0T2baIwlC	doom metal,gothic metal,metal
EvB3PQAcjXg3vgfO	pop rock,rock
EvaF8sfjjJ7w9Qyb	soundtrack
EvfmsFM1BMPy5GzC	beats,lo-fi
Ewti7EzZtkpntPBT	bossa nova
ExA69XaJqQPpH4Cj	shoegaze,noise pop,indie rock,lo-fi,shoegaze,noise pop
ExbzgBOxVe8jTGKx	pop
EyOKLoattiExpxQU	punk
EyTN7l34CK2aBbxJ	rock,post-punk,indie rock
Eyc9LTm9RLDGn0yP	black metal,metal,industrial metal,norwegian black metal
EyfLVzQqrtuafHL1	rock,classic rock
EylLg1MQcHmSa6WQ	pop
F03dF3GH3rZzFBg3	folk,singer-songwriter
F03qVBXAgZAd8wUd	electronica
F0N2hD6W3lZW9wnf	ambient
F0c9yn79enjyqpih	soundtrack,classical
F1Lla25peHLMvH1H	soul
F1RRglzUBWHNDu7Z	dream pop,surf music
F1RhtUonV1gFjeKE	punk
F1gwBEjcRIk75nfX	jersey club
F1smy3FedvCeBxlm	soundtrack,rock
F1w4GzkpVxaf2pCV	progressive house
F2HLg4jIxzEo8BEx	ambient
F2oEr1uYzGiIwLY0	death metal,deathcore,black metal,death metal,deathcore,black metal
F3MsfSfosiKIElxa	dream pop,electronic,indie pop
F3aAqpUhrDnJV9US	shoegaze
F3d4srSq3VI2QY6i	soul
F3mjaaNLiyEsDUqC	classic rock,soft rock,pop
F44Ufeq4I1VK1JQ2	pop,pop,soul
F51ymL9EjgYoTQ60	pop,rock,indie rock
F5UhpakL1GSSpw3H	nu jazz,soul,lounge
F6ITXbWuISg1Y1H5	singer-songwriter,folk
F6SHehqN9NrI50Fy	folk,post-rock,drone
F6rGVoWZYLE5Vg6c	jazz,lounge
F899rYCM26nXDwzf	christian rock,rock,alternative rock
F8ZkHRzie0n9lAgI	pop,synthpop,art pop,electropop
F8n71X7Iah62AKBA	soul
F9NAK8RFiPBRd9Gn	mpb
FA9khxoHx12I5cfc	indie pop,experimental,folk,indie rock
FA9zV1BKGpo1VNps	pop
FAXFriW3qs1NslXR	k-pop,k-pop
FAXsTIu3RqCUEv4g	rap
FAkTj4S2Y1z3FOCC	post-hardcore,melodic hardcore
FApKnflwAI017lUp	cello,symphonic rock
FAyhIsRjYo7ovfmL	experimental,post-rock,new wave,post-rock
FB5MzhEHZpX8g3kM	soundtrack
FBczT5zlcd6AKxoa	gothic metal,metal
FC11LJWfJJnEvBKD	chamber pop,art pop
FCdPx4gkAaVEginV	dream pop,shoegaze
FCx6BW5IAhy5vNQ6	indie pop,electropop,alternative pop
FDRjft4l4Hos50Sb	salsa,latin
FE2k6KsT12RwrZtg	soundtrack
FEEnVvso8k9FdeP5	classic rock,rock,progressive rock,pop
FETbb3Eiew75ciy8	gospel,soul,neo soul
FFLtutRJ3ch1Qym6	indie rock,rock
FFXMtcs6Ywz0Q4K5	industrial,industrial metal
FFXxeimTDlMT0FCv	mpb
FFjxYRQVqJ4ZOiUt	rap
FGWtjcKIc63yM3Wr	melodic death metal,death metal
FGcNBDHlPADBleOy	shoegaze,indie pop
FGfqns8uJ7eSVGmA	symphonic metal,gothic metal,progressive metal,power metal
FGoHBEH3VdffqD8V	gothic metal,doom metal
FGx15PQukVas2W4F	house,electronic,tech house
FH8HY8cYKjNGgW71	classic rock,rock,soft rock
FH8l1VL6Hovg2iIf	pop,electronic
FHbTlqJXuYnrDgoc	easy listening,lounge
FHkDPIlLYOcrQpUp	new age,electronic,ambient
FI92CSHUE0pB6xFy	rap
FJWfzbLUBEUAynse	soundtrack
FJanPogGw1biVU9O	contemporary classical,ambient,neoclassical
FJiq9oV8fchcWaRo	jazz,jazz fusion
FJld4KOlb7BTF41O	britpop,rock
FJqTTFtM0j7lo9kG	soundtrack,rock
FKHqXJZXiZW46NDW	synthpop,electronic,pop
FKdGrW98y4cRo24c	classic rock,rock,classic rock,rock
FKoTV4xKcHTjWr8X	pop,singer-songwriter
FL76tZr8nLYaUUvq	techno,electronic,trance
FLdtwCHye9s1Ge0X	new wave
FMetawZ7uItBQi7h	singer-songwriter,experimental,rock
FMfSxFgzf511UNbw	lo-fi,indie rock,rock
FN0z8lNlOs1rZstc	swing,jazz
FNEoREmjRCWfMR2u	pop punk,emo,pop punk,emo
FNUlO6ojDec30b5o	alternative rock,rock,hard rock,alternative rock,alternative metal,rock
FNpS1gA711QdjJpd	rock,classic rock
FNyExb5eLVZTksM3	ambient
FO4qZN3zGPDXuruG	electronic,ambient,synthpop
FOdJjFY9dYjJLXG2	industrial,electronic,electronica
FPFd2qo68Azh85pb	pop,new wave
FPYDJ51BRuS13YUd	rock,alternative rock,pop
FQFXHkRRJUX1lpKn	new wave
FQKTvCKtYpqWzxWj	emo,punk,screamo,emocore,post-hardcore
FQpRMvgepbCcHXuw	soul
FRQ4h3asJqjSx6oE	power metal,progressive metal,power metal,symphonic metal,progressive metal
FRvA0ym098h4hrQS	britpop,rock,pop
FTUNG3Djb357PW0c	classic rock,southern rock,folk rock,rock
FTs7Ds0D1D2dGY53	synthpop,electropop
FU3TkbOXIjX9oWj5	experimental,ambient
FUQ80in3jUmUzGqK	jazz,easy listening,swing
FVKT6BRABGB1cYdp	k-pop,k-pop,girl group
FVLfWrns8Z7BQqQW	pop punk,post-hardcore
FWag5eCOrDbEFI4p	grunge,grunge,alternative rock,rock
FWgoz6YqKbqJBXBG	pop,soundtrack,pop rock
FWz3kjUAUFffnKMt	latin pop
FXAtKCsaEdWX7cz9	gothic metal
FXUolp0Ie9aXUZT4	eurovision
FXwGJ0MOefgO3VQj	hard rock,classic rock,rock
FY2sIQ9cAAnzniup	lo-fi,downtempo
FYTsCRbDC13IQs8y	folk
FZ6rrn5QR3gXM8mA	indietronica,synthpop,trip hop
FZEfb5wuVSMk513x	alternative rock,rock,space rock,punk
FZODhrTLwWypzJjP	alternative rock,progressive rock,post-hardcore,alternative rock,progressive rock,post-hardcore
FZcJCU93n8Aw13DG	progressive rock,progressive rock,art rock,rock
FZjAzdNNIBLir77a	rap,hip hop,rap
FZt2fKnvMiHulH6S	indie rock,folk,indie folk
FaY5Uu05xJftTVX6	punk,garage punk
Fb3KzjIpUhZhFI6x	punk,rock,ska
FbFHW2YggTCd3dep	grunge,rock,alternative rock
FboYhiSI44owC5UI	hard rock,pop,psychedelic rock,stoner rock
FcEnd3X5iSnYpe3P	shoegaze
FcM7GQ2rSxousYq9	k-pop,pop,korean pop
FcNylYk3vbC8T7F8	k-pop
FcPnkYJNQlnP7GB3	thrash metal,metal
Fcmr2Wdtho4Sm1Sx	rock,alternative rock
FcrHLY4GIWJf8AH0	metal,rock,soundtrack
FdOPVs4VEcHzBUQz	thrash metal,metal
FdZ0KMoDOGOsKCJa	metal,metalcore,hard rock,rock
Fe3upMvEXsLvGJYm	pop
Ff4d0TmBYJD9fRjT	folk,lo-fi
FfKTnDVfjDFbx9gf	indie rock
FfP82p5KS3VAltWb	punk,ska punk,ska
FfsKA1GDDroIzMoJ	pop,singer-songwriter
Ffy0GAUibMGkW8cP	ska,rock,pop
FgVRx5Fvg0N3uSal	pop punk
FgXSllAYTEKO269U	power metal,metal,power metal,speed metal
Fh63msEpXEl07F04	cumbia,latin
FhU52PU8kS2N9kHS	indie rock,indie pop
FhYXTpZpVLGD7yWV	dream pop,indie rock,chamber pop,dream pop,indie rock
Fhks6ZPQacjcid6p	indie pop
Fi5upOOyiHZE4TtD	folk,indie pop,chamber pop
Fi8zHSLIVTgFfLjh	soul,funk
FiEgkykn6tnhBUNE	cumbia
FiQTQIXOok3rOXMq	depressive black metal,dark ambient,atmospheric black metal,black metal,ambient
FiZqYZWpv66fzLdH	mpb,pop
FimYBEtF99Hvqmdv	emo,math rock,indie rock
Fk1xz8S3TPw4lLsk	hardcore,metal
FkG0gtf5YEVv9KNy	ebm,industrial,electro-industrial
FlPF64JwVEQQwH2A	house,electronic,electro
FlYDAvUBApALEV1T	rap,hip hop
FmIidrgNydMlZZqR	funk
FmQBKwnlZKun5AIf	folk,singer-songwriter,lo-fi,indie rock
FmS3DLHtr4X9DZbI	rock,britpop,alternative rock
FmZSjyXzfKA8zvdv	emo,post-hardcore,melodic hardcore,alternative rock
FnAn7awXWaAaUluk	electronica
FnB2RXrDqOId9DGa	grunge,alternative rock,rock
FnjghxysrfGKLly4	electronic,experimental
FnvBIKQbBzybnpr1	melodic hardcore
FoQKnaID4GqaZNSH	electronica
FoVuquqMIEqOAAoJ	classic rock,rock,hard rock,classic rock,rock,hard rock
FpSHrgYPnwJvVuZE	electronic
Fq0GmFCQ6rH8fhGw	indie pop
Fqk6k6Mmi40DfyvT	singer-songwriter,folk
FqpW85CaBLDDoXh7	black metal,metal
FsitsF4m5nzqlSEC	industrial metal,metal,metalcore,nu metal
Ft9JTF5d5IKTLQq1	rap
FtFVJoPUjkplrZp9	classic rock,rock
FtHalkTpAF93ajq4	emo rap,rap,hip hop
FtSNrVk7VKhLHiXK	ebm,futurepop,electronic,industrial
Fu3QuYyRTwdZYDrb	electronic,ambient
FuSSpZM4mN7JXCWK	reggae
FuVju35v7B0jtKeU	pop
Funk25m7wFcANXAv	mpb
FuzQUGCTqdQgeOVW	death metal,brutal death metal,deathgrind,grindcore
FvICo0pS7pyvOtkP	noise
FvmUxqDYcskY1E1q	classic rock,rock
FvnLLlcU1QldvDlJ	post-hardcore,electronic,metalcore
FwHWznv87c6NLdhS	electronic,new rave
FwjVComOWkwA7oYO	rock
FwkoUMZ6IttlPgYS	industrial metal,metal,industrial
FxOlUk5WuF7rwExu	folk
Fxi4I8Ih7NbkCJ2b	melodic death metal,progressive metal,death metal
Fy5vtMn4D4kM6tXm	jazz,funk,jazz fusion,jazz funk
Fz7DkWlg01BwI2SX	synthpop
FzBGuQhNJ8D49br3	hip hop,rap
G0SgJMYBczeXwZ7B	rock,progressive rock
G27hZocdPCF4Pbzj	post-rock,experimental,ambient,shoegaze
G2aLdTalzlIPIZ3C	gothic rock
G37zzv6LXiM4AI6m	rap,hip hop
G4HToMO71hefOMFp	rock,alternative rock,gothic rock,alternative metal
G4OXh7aSH366jWVT	jazz
G5Eb0cMQ6OnWu2fv	rock,punk,melodic hardcore,hardcore
G6IjeJK8Hyyyz07u	post-punk
G6WUcLtHqv2wHYKK	post-metal,post-rock,progressive metal,post-metal,post-rock
G6lnayYLEZ2eeABl	new wave
G7EQeDs7jVndK4Ps	indie pop
G7fSb4eU2BosPBzC	progressive rock,rock
G8QARSiuYpqUniEQ	indie rock,lo-fi,dream pop
G8tJVM0Z1rTcz8jI	grunge,rock,alternative rock
G9W9qavnn0hxQysZ	samba
G9pWWq5JipYtVMKA	rap
G9pxpxaP1e9WCLDz	viking metal,black metal
GAq4Nsei1YB708r0	metal,nwobhm
GBOdjANOJKC6ygJs	pop,soul,doom metal,soul
GBQJMvg7g3juz7ws	pop
GCDjUQPbnTRiTU3R	pop
GCaaolQ5adxtpyyD	soundtrack,classical
GCpLz9MNjzDybKRH	folk,singer-songwriter
GCv1jKRNfRJ9HqaM	singer-songwriter,rock
GDdCnfs63FSLqhtT	pop
GDkp3URH5GrjewqH	psychedelic rock
GDpB4nzEsfJJ87KE	bubblegum pop
GDx632QTiLIaZPHn	rap,emo
GEmmiuRJ1SK9UoBn	glam rock
GEttDep9d4KDyKP9	rock,electronic
GFCw90RP4bIfXwh3	indie rock
GGXHpxdpuMo9q50b	singer-songwriter,country,singer-songwriter,country
GGygQSGD3R9CXV3D	pop
GHXTJTKjXpk8JdZJ	ambient,post-rock,ambient,electronic,post-rock
GHYIVTcuOgFzz5XZ	pop
GHeVGNmGxJTafMIY	electronic,pop,indietronica
GHiijFFRFqKDNICH	soul
GJ9QL2TUg1L1pGkD	mpb,folk
GKixw9EdmwXDcxk1	rock,polish rock
GL9NfAXXgASShoOX	death metal,technical death metal,metal
GLMb98xm0bVFx6fK	pop
GMEtrPb9knQQnjkf	new wave
GMFH5sGTrDA7khll	classic rock,rock,hard rock
GMLFQAQ8yiaMUrib	bossa nova,mpb
GMNt3JSBAfjK2DqR	post-hardcore,indie rock,rock
GMg7b8qQiTzyF2Ry	alternative rock
GNDepN0J5keiSuyW	electronic,pop
GNF8rnm6UHhmCxqY	pop
GNRwduSUpGpTK733	rock,alternative rock
GNmyuYixegbGJkI7	indietronica,nederpop,singer-songwriter
GNx8p3jIllwdtFu8	rock,pop
GO0ZoJe9t24r9EkJ	death metal,brutal death metal,metal
GO61SE2J6v50Mq1v	rock,alternative rock,indie rock
GOgUEWztKjag6ZcR	eurovision
GOmjkWyiGrwltsvz	techno
GP8aY9u1yBMhGezE	jazz,big band,ragtime
GPIY0cnCnj4krvPF	gothic metal,symphonic metal,gothic rock,gothic metal
GPIagwmR83iR9R56	reggae,roots reggae
GQaVz0s946z5fWOp	singer-songwriter,folk
GQcSnD6EkGAPor29	rock,alternative rock
GRKnowGLzlIjWhsO	electronic
GRlCQYNd17jNgAtf	pop
GTQaTSnXfVEEbRnL	rock,pop
GTaV1ubSZT1rpC3T	pop,pop rock
GUEut2iXm1VhhVJq	post-hardcore
GUHa5AckJGJ9GCj3	pop
GUNe5gL6Di8VuD86	pop,power pop
GVOsPltnnQI3R4bN	pop
GVSaXXXLcUX3fdDO	singer-songwriter
GVdj19MdRtMWzhL0	psychill,ambient,downtempo,electronic
GVhmNGKjsQv7T9aX	rock,singer-songwriter,indie rock
GVyJAMgkmgO4AXVX	alternative rock,rock
GWIqR6kp8FkSU8Mo	pop,easy listening,soundtrack
GWbE2lGAf2GaCgzy	ambient,experimental
GX08Kji9s1S7JMGv	electronic,singer-songwriter,electronic,singer-songwriter
GXFrV2p1QFHOKd2R	stoner rock,alternative rock,rock,hard rock
GXnqYZQ6J1qtsoxL	pop punk,punk,rock,emo,alternative rock
GYNdwd8W6gRgPKsE	pop
GYWAeiVXVLkFiKjZ	punk,emo
GYbgjgVErgMg1nA1	pop
GYfaow4KBlDpPywy	death metal,metal
GYwzt3lok9A8CNlT	soul
GZ8upi4wcJg2sT6Q	alternative rock,indie rock,avant-garde
GbFJjSVcklMSNsqQ	pop
GbxG4nJF2UQyqc36	rock,pop
GcYQmF48HG2zCGEu	rap
Gd0EZ4Y92zJcOwQW	beats,dream pop,bedroom pop
Gd1kg2dvge7YuvLL	motown,soul
Gd3VtZGLfuLPS6nl	electronic,electronica,pop
GdrdZZBxvrag35R3	electropop,pop,indie pop,electropop,pop
GeUoZ0JH69p2eziP	alternative rock,rock,emo
GebyJPltjpJeAvRa	experimental,lo-fi
GecDfHN4MDWrms80	indie rock
Gf0FpDZiZx73SH3h	rock en espanol
GfZPFrzIKFU7kSHz	house,electronic
Gfd8Bmx6ipGgBBXd	rock,alternative rock,nu metal
Gfg4wPP8FGlNlmTt	electronica
Gg5icPCfJo6DbfHs	singer-songwriter
Gh4XHTuCdfXt0kB7	chamber pop,art pop,art rock,pop
Gh7cj0ASHy86GsAC	pop
GhJolX19JBb9ZPNk	soul
GhdADIQ07T2m7kaZ	grunge,rock,alternative rock
GhkkX00oHbexB3Y7	emo,punk,post-hardcore,indie rock,pop punk
GhlR9KGXi5vy0DXO	indie rock
Ghqpfy1iU4NJNJaB	doom metal
GiQaGnRCmAzqc8dG	pop
GiXS4IOrYVpyHhRT	folk,rock
GiZmrKdpxdsL1G58	soul
GixbKvhxrplnGJLx	shoegaze,post-black metal
GjwioiFmpuHu1IUG	shoegaze,indie rock
GkehGm4U5zYtEzyB	electronic,synthpop
Gku6M2P3MVLq0IQC	new age,celtic,ambient,folk
GkxiVnqXowBSC6Yx	indietronica,synthpop,rock,indie pop,electronic
Gl8ZPIkQ8bnEFhcN	pop
GlOegbRCFYqeWOdS	folk
GlTo9y0j2F5BkLEW	rock,alternative rock
GlYQzSXUurZhJQzd	post-punk,new wave
GllGn47wMxxfJ7Cm	house,electronic,minimal
Glp3ZdfC7AE1BgAB	pop
Gmw9EBzssSrHAEMD	black metal,melodic death metal,melodic black metal,death metal
GnC6slPNyUIkxwa3	jazz
GnNKIRYTLyIKThUA	alternative rock,rock
GnY0eB2gjTbkZLk4	punk,hardcore punk
Gp9SacJx2gTBqxQK	pop,world
GpKqgeSCVyvsprSM	rock
GpX6jaON0WVJuB8h	electronic
GpgZrFf2QjYW3vPp	k-pop
Gr9cUZr2UxOxVXrj	alternative rock,rock,alternative rock,rock,grunge
GrQNKqXLbBGsriNG	rap
GriHojNojbvSzN7N	rock,new wave
GsahgqMVYOoiWdue	electronic,dream pop
GsmONsPEXQQq666F	post-hardcore,punk
Gsvz7IWX1N8uMdjY	garage rock
Gt75I4MnGA6Qio9g	rock,alternative rock,pop
GtGPIsFw0UyPp74j	k-pop,pop,rap
Gth03dpW3NAXMb65	big beat,electronic,electronica,house
GtyUtK9czdlMxanR	house,electronic,trance
Gu8ekvfiVn9ZiJHv	punk,pop punk
GuABXJnGX6gP85q4	latin
Gv3qFQA14r2UMWxV	electronic
GvOKPpJjAX5lHnJY	indie pop,pop
GvTHSn3dBzcFsBfU	pop,pop
GvnfeMBD1ExMewo9	pop
GvujHQfArqD3dpRR	pop
GxQSAPkFnlwaY0Z2	pop,pop
GxpadsIPiaQU4KpW	gothic rock
GyIukplLBNcBKG4r	folk metal,doom metal
GzWTyUhr0Xg1yxfM	industrial metal,industrial
H0CQrkHeTorZimcF	emo,indie rock,rock
H0Srz4Oo5MpM1yNK	progressive metal,technical death metal
H0gi4xI8i7vPEDTH	pop,new jack swing
H0huuVcK4V6jr4S7	folk,singer-songwriter
H11m9FcWagnA4Z2o	hard rock,hard rock,classic rock
H1QvQ9N3dW3RkCMP	dream pop,shoegaze,bedroom pop
H2BaxzXFJPFKKnP9	grunge,rock,alternative rock
H2sjI6mHuW0gXK4c	rock,indie rock
H2vEgFTopIDO8P1i	pop punk
H3LsEkOw7Qc4ZivN	punk,alternative rock
H3pFIPVEqFZTRN4u	soul
H4p5jHfSc805tvFE	lo-fi,indie rock,lo-fi,folk
H5oyJleoWGTpz2Rj	screamo,post-hardcore,emocore,hardcore
H5rlC4pKlupVmZbR	black metal,metal
H6NXh69nuT6AzSZZ	new wave,power pop
H7D7Zq0UpgvBWaj6	electropop,electronic,ambient,electropop
H7M63BTs2caxHLmu	metal,doom metal,gothic metal
H7dhyrE2IpdLFFTp	soul
H8342RzybdE3vTGU	pop,pop rock,pop,pop rock
H8KEhKPRglBtEYwb	lounge
H8V5k2Hgc5WiJrgz	classical
H9jf6RfH6OXthRr7	death metal
HAYdq3DFwbEXvuaG	pop,electronic,pop,electronic
HAlNTj6txwngLREF	rock,alternative rock,post-hardcore
HB0rdqypn2YfAreg	folk
HBY7327CwYnpBmEx	screamo,hardcore,rock,rap
HBuNnIXZ6ccPKl3K	house,electronic,progressive house,electro,soundtrack,minimal
HBx15Q0gAUsr5j9C	soundtrack,electronic
HCiwW6DhoIQ8YTBa	pop
HCmN7jLgTjYJPkkT	rock,stoner rock
HDEuGJhgIhYbPGPy	doom metal,stoner rock,stoner metal
HDQ7PBBsA22YiN5b	folk metal,viking metal,progressive metal,power metal
HDka8pRozVuhwfo2	ambient,post-rock
HE3g6vA6YTgTwYaR	electronica
HELbGitWK3Ul5C0g	electronic,shoegaze,synthpop,electronic,shoegaze,post-rock
HF2xzsrEpykkFB2V	blues
HG1XEEwFqv5SGW8i	ambient,electronic
HGmy7ZpECSt1mk7s	hard rock,glam rock,hard rock,classic rock
HH3vmubzJlTrD8lt	samba,mpb,samba,mpb
HHV8HMTI7h3Oriww	jazz,experimental,avant-garde
HHXw5X0tFmY8eBCC	metalcore,post-hardcore,hardcore,deathcore
HHduAfrudkOrspR3	pop
HHsVKrzhzUV7BL3Z	rock,britpop,rock,alternative rock
HIVB2oyAyfZW29no	drum and bass,breakbeat,drum and bass,jungle,electronic
HIdTPT7nUOIoXGkv	soul,jazz
HIkZEXTfO16B1dbt	rock,alternative rock
HJ8bE2CSPU0YJlnK	experimental,post-hardcore,electronic
HJBHhI4AYcf4gnza	experimental,folk,neofolk
HJQeeV65ZT8A06en	soul
HKDYQQlyRODlzgPP	death metal,thrash metal
HKosK52Q7Mb81uLw	disco,pop,disco,pop
HKouoiJSv4zNerLu	pop
HL6RTRR2d2jS5OKC	latin,rock,latin rock,rock,classic rock,latin
HLHV2SrzDNzCcy5N	brazilian rock
HLIIHyHyg4Siesjg	mpb
HMc6AVa4YSaK9pSB	deep house,electronic
HN4UMmC9lXfmg57H	krautrock,progressive rock
HNV71xeWPAqbgA4X	industrial metal,industrial,metal
HOCnll4AZXYFttEl	synthpop,futurepop,ebm,electronic
HOHJbRGxGEs4Z3Zn	electropop,synthpop
HOLK4FwtgaSwzbVz	indie pop,indie rock
HOLbh4e1G42yTYnV	pop
HOU5VNruNYj1WboR	rap
HOVkr6ZUpqlQwZVe	pop
HOc7mbdQ70GrqCBE	alternative rock,rock,progressive rock,alternative rock,rock
HOo3bGX4vK2RFerw	pop,soul
HOtfLMtqVOYKRyQg	soul
HOwyvixCjkNUgOym	indie rock,rock
HPaRsJH35TjMdjzk	alternative rock,space rock
HPj4zXnX86Hn2yhJ	rock
HQXLDagQmCpk1FFd	pop,french pop
HQfChPO8aHbhhuCU	post-punk,experimental,rock
HR7o58l2AJi9nMoJ	singer-songwriter,folk,soul
HR93txJvMQv0OkwW	folk,indie rock
HRROCgjruM90SJAW	post-rock,ambient
HRcSr0Y4g9g6PJFc	experimental
HSJrhZHbHjAQCmKb	alternative rock,rock
HTGjc2tfRHc57Tjd	pop
HTOqJJVYGbR0GmAa	folk,indie folk
HTfUWa5ztZpFYoYr	pop
HUOSeI0YAPMQQbBz	hard rock,power metal
HUfKZj85iscpHVGw	rock,indie rock,rock
HUpbP6pLPdf6Gv3w	indie pop,rock
HUyJtbJ5fOZO9PJ9	pop
HVhjykCkeRFAtpZv	electronic,hip hop
HVitb9Vjo4B7ll83	rock,pop,pop rock
HW1nF1Id0zuivjoe	folk,singer-songwriter
HXhJoMOQvsds3o42	pop,pop
HXuLNd92c1jsop6Z	emo,alternative rock,rock
HYNdG1ASJkLO9nh6	classical,contemporary classical,soundtrack
HZ85T2sH6DV7p1Ki	stoner rock,stoner metal,progressive rock
HZdZgOJ0x7HHcDUL	lo-fi,folk,experimental
HaG49glSqKJR4qov	rock,alternative rock
HaSOXmoGIxeLBmtE	rock
HaVFaw34hORH55dH	pop
Haotmkpcwx0NHycc	latin pop
Hasb4xZLrPSwL3wG	rap
HbyoxfIfqIt6KgAA	jazz,vocal jazz,cool jazz
HchgPKmwB6FP04mM	rock,alternative rock,electronic,rock,alternative rock
HdavlfT9eh8AnBP8	folk,singer-songwriter
He4gktqB8B1QtrZY	progressive rock,doom metal
HeDpdqICWNoCbS3D	rap
HfdShvYYaND0YQXH	grunge,rock,alternative rock
HgKz0famfQQLIGdJ	k-rock
HgNRlR1wKzmvROMT	lo-fi,post-punk,experimental
HgXojfKSlBHZU3Bw	death metal,technical death metal,metal
Hh0DnH3M5K0lzPXW	soul
HhbVE8xMhcfpYjX3	punk,hardcore,alternative rock
Hhl7MHZDuMU2yOop	rock
Hhq0ZTAXJYjWadr9	electropop,art pop
HhsKl89QJnJTGI43	indie rock,indietronica,electronic
Hi0sUJhJih9POJ34	country,pop,country pop
HiK04OjO1lx5u3q5	ambient
HiK9h38UPCzAAFIR	pop,singer-songwriter,indie pop
HjDecRsaL6YljoiM	pop
HjNcIoLpXC0ubhtR	jazz,swing
Hjq6g6u4cTnfkjS3	hip hop,rap
Hk5Ytl8q2rhNOA2l	classic rock,rock
HlLcxBXxPRC8kiDW	idol,talent show
HlW51Mg9SvkrUaa3	classic rock
HlqTlQ8W3JUyq82h	electropop,synthpop,pop
HmQAMdnX55siRCUZ	new wave,post-punk
Hmx68PbWZ7uTMHFr	post-punk
HnsGkIzXRP9WD6eQ	new wave,post-punk,rock
HokXU8y16gJdDId2	pop,pop rock
HpFgaL9Gx86uTEx3	ambient,electronica
HpQH3XVZ2Tm1oXiw	reggae
HpXIrOnaA0S3Ndvm	contemporary classical,avant-garde
Hpy9QMfGIND2jATA	pop,indie pop,pop rock
HqirAbJuPxVayZRX	jazz,bebop,cool jazz
HrSHtDOUfOnwGtfZ	pop
HsR2FRA97xawtVNt	alternative rock,progressive rock
HsRMi9IqZIxY7CFW	soul
Hsr8aAdvwrVPILDE	electronic,electropop,synthpop
HtIvi4cI5CKRVemA	soul,soul
HtaE2y071JuOQ2cm	alternative rock
Htnt5gxZBZnRkVW3	singer-songwriter
HttNs8OcWGx0aj3c	samba
HtxRhRuPWuk3U979	country
HuHXTEBHygeLi51j	depressive black metal,black metal,metal
HuHhioFuMPzdCaPs	thrash metal,metal,speed metal
HuevuGXroxScPQYd	classic rock,rock
Hv87gdhkyBtHuPNU	progressive rock
Hw6YtQDjrWKpLRvl	k-indie,k-indie
HxbHQkbtRJRhyR8x	pop
HxjUb6lO1JCysmIi	stoner rock,alternative rock,hard rock,rock
Hyaussa5PTHetK9v	soundtrack,rock,hard rock,classic rock,rock,hard rock
HyoxywE7yukoAPlb	electronic,big beat,electronica,techno
HzG2KOVib8VdPrC9	folk,folk rock
I0nwVF4BUfCFNTlS	post-rock,lo-fi,indie rock
I0xepbeRWgWpFSyH	shoegaze,rock,dream pop,alternative rock
I0zhO394AyEHaQwj	k-pop,girl group
I1pb7fLOcccqx0BV	pop
I1wjOpt38t7rhVhy	pop punk,easycore,post-hardcore
I1ww5H1mDQ6Zc8iZ	soul
I29iV60d5MSAkvmO	rock,industrial,alternative metal,industrial rock
I2NACLTwj7LIiXsi	dubstep,electronic,experimental,wonky
I2OJgMMatUE2JLWW	pop
I2ZVV3wSwTimNyUZ	soundtrack,video game music,classical
I2h4hWZ8lHhNyr1P	reggaeton
I2o92QLSb4vCrRPl	pop,pop rock,pop,pop rock,rock
I2sEYhSJeRB4uA28	rock,classic rock
I35ubG3kfhjybgdl	alternative rock,rock,progressive rock
I37qfSqv21kKfCd3	rock,classic rock,folk rock,classic rock
I3WCaQFDOyWRv1Zh	pop,techno
I450AqaPo4XtTFvF	rock,folk
I4VMxsGh9cQBWlGw	indie rock,indie pop,pop
I4jWM78JYnRGiJ9L	black metal,norwegian black metal
I4sflyCgrQYZ2tqW	rock,classic rock
I4yHEHbYewvNJtqq	rap
I5HiyUANPf2Q8mul	experimental,ambient
I5IQFwxsnvy3Vgin	country,pop
I5QEkEjK8zWU8Ows	rock,indie rock,southern rock
I5h2VixcNDY4u8HK	ebm,minimal wave
I7a870JsuBzL8l0J	dream pop
I7r7siB8DMtROfRP	pop
I7tAbAKmCHDy2uST	folk metal,viking metal
I7v445H7gZWoHA7H	fingerstyle
I7xwlyqUByL76Wpu	southern rock,classic rock,rock,blues
I84yGdpgcPXezvom	rap,hip hop,southern hip hop
I87znXWFddDe9JCC	lo-fi,techno,indie pop
I8aBt6wmKiqYZF8J	post-rock,ambient,experimental
I8uZg4oAxGKrgpIv	progressive metal,progressive rock
I8x1tyvXuYe9sOxu	electronic,pop
I9ZbTQi09bVuKmLX	pop,synthpop
I9d61iuf9dq45C0y	pop,ambient,electronic
I9l8SRzEKhjU0zb4	hard rock,classic rock,rock,hard rock,classic rock
I9p56XnthIBcjCly	classic rock,rock,hard rock
I9q4EMsiRiNDPYUR	post-hardcore,experimental,progressive rock
IAM5yg6Hyf3SExmH	stoner rock,grunge
IBN6ELQtYMkHmKEy	hardcore
IBifwHZRvARjeX6K	ambient,electronic,deep ambient
IBj8uNI06Mg1tQVs	singer-songwriter,folk
IBwSfknsrLJBhrR3	rap,hip hop
IC2oOqFzVIb16Ue5	death metal,brutal death metal
ICD9tKa66dP08lp4	vaporwave,electronic
ICmL4l8NJEocLenl	rock
ID8InCvF3Cs8nI6W	indie pop
IDYkWKeyeOIT7VeR	pop,funk
IDqPwQZIzNCpR3sn	classic rock,rock,glam rock
IEL6phbiKmxDyc2C	jazz,bebop
IEgWXSj5xrCQhOQv	downtempo,nu jazz,downtempo
IEmzwkLRbY9UcA1v	disco,indie pop,alternative pop
IEpuHlCi94Uu6lg5	pop,electropop
IFDHqvL8ewDVMTzg	folk,rock,bluegrass,worship
IFMBlbM9rzdZUK8e	pop,singer-songwriter
IFMdIGm1cpfB1gVT	viking metal,folk metal,progressive metal
II8SY9yJVE7so4xs	alternative rock,alternative rock,rock
IIvtJp2ULAKudQG4	post-hardcore,hardcore
IJRe4DoL9sm2ycHf	pop
IJmeRY6BeKdPOxZh	electronic,retro electro,electro
IJok4H0P2Aq2SE7r	indie rock
IKEsVgEXFbIw7xc0	pop
IKWofqRiOq7xfkzF	k-pop
IKnkOX2765AmEQ3B	rock
IL6XorLnLjxRic2b	mpb
IM0TzEHpbGUBlZQN	jazz
IM8dOAtZsqdeiA7C	deathcore,metalcore,death metal,hardcore
IMR8ppHv46JN21fj	rock,pop,latin
IMUOATWFCLPpEFBS	post-punk
IMaovt9Fxp1rzmv0	christian rock,alternative rock,rock
IMmtsZEt3Oqu7X4U	experimental,mpb
IN8SlCGJeipl7ftI	rock nacional,progressive rock,rock
INClyxoOGnbGFfjf	power metal,metal
INGjZzeFz2WMNdvq	indie rock,rock
INPovGAjK9ShCz5j	rock
INqkzaN5U6chTiI1	electronic,house,disco
IOfOkxE8OCeR3uNQ	progressive rock,classic rock
IQL5D05ucdhM0pR8	synthpop,synthpop,ebm
IRg2KkF11jnEmveT	nwobhm,metal
IS04UdJuGoPjPHdR	indie rock,rock,britpop
ISIvc1IgUVOVSvQ1	electronic,shoegaze,post-rock
ISPQ6NJ2IbLysJIX	metal,folk metal
ISTSRA4QS4fmmbJc	pop,new wave
ITffUNGwkjS86x3i	rock,alternative rock,hard rock
IU2FTJfleu9gOnAC	pop,indie pop
IU4DZ4hJbmjiNFqq	pop,british invasion
IUIuSv9vRAD93p2T	pop
IVIVNGnpvMlcplIm	electronic
IW6Pqkfe8AThQuQd	dubstep,electronic,electro
IWQUVUWLqElNbBGj	vaporwave
IWiTV0udF3bn6MbZ	indie rock
IXDt9h9DZ2mZyESS	symphonic metal,gothic metal,gothic rock,symphonic metal,gothic metal
IXfCCcCbareJubvQ	noise
IXlM6D0eJiVwDSwv	pop nacional
IXoFHibXjFQDfqne	synthpop,electropop,pop
IZ0f112tjuLnFCkF	rock,hard rock
IZA9EmhfkYjcKpNu	death metal
IZGWigGysL1JXt9n	grunge,hard rock,rock
IZI8mExI0KCegPYi	psychedelic rock,progressive rock,classic rock
IZRPgvRKQoKz6r1k	garage rock,rock,post-punk
IZUGYVweusXLWFki	space rock
Ia8SNJH0Ahaij184	jazz,swing,blues
IaGxmoxhxNrrby2X	indie pop,garage rock
IanaU4YjJgyHfSmt	house
IaoVd2g04kB1H70V	nu metal,metal,alternative metal
IbF5g824fUGFmmGv	black metal,symphonic black metal,gothic metal,melodic black metal
IbbuqZAZgqjoVzHD	folk,singer-songwriter,folk rock,folk
Ibv76ZqBkY8fsazP	soul,soul,jazz
IbzVjzKC6vPk01OK	melodic death metal,power metal
Ic45l6z92EW1K9hi	pop
Ic5bivTJCK6hnMqc	post-hardcore,metalcore,screamo,hardcore
Ic9wIUwhfVCBo9dK	rap
Icxlxke6z6Pkl9pK	tango
IdApzAs2xzPalfgE	funk,new wave,new wave,post-punk
IeGZ9vCOAir0YoxN	soul,motown,soul,motown
IfCmDU8XSVli0wq3	lo-fi
IfW4N2jO8G9qldJ4	folk
IfdWHRR3rPmeiYSQ	thrash metal,metal
IgDYP5D6FTxYIilQ	indie pop,electronic
IgXQdMxxkraQWevO	pop,pop,pop rock
IgxlHDmV3tt1TOKh	indie rock,indie pop,rock,indie rock,indie pop
Ih3SXO6WIL1uHLsQ	swing,jazz,big band
IhkBOzUqTG1A32Op	folk rock,classic rock,rock
IhkkB3VNqkdkQ1eV	alternative rock,rock gaucho
Ii2pP589B4SYOy5z	progressive rock,alternative rock,progressive rock,experimental,singer-songwriter
Ii6ar2jKKkwizy9x	folk
IiTw1Q50t5DF94xh	soul
IisqizysuCjywgAm	pop,rock,pop rock
IjCEoczRBjbLE05O	chamber pop
IjDXBZ3SvRwCXtGg	rock,pop punk
IjUwRczhKHNIJdor	doom metal,progressive metal,folk metal
IjYbKNUN4FMLPXm7	sludge metal,progressive metal
IjteVIQlkJ3T2N1b	jazz,soul,blues
IlzBdD5LGu5KceIi	indie pop,pop,spanish indie pop
Im0I4lpe7HIyrE3f	gothic rock,industrial
Im5zNzCUEdwVUEU5	folk,singer-songwriter,folk,singer-songwriter
Im96z7fR2VGRpAhm	soul,blues,jazz
ImYRpsf57oaUNtUt	groove metal
ImsqyaVQcpEqtSdM	blues,country,singer-songwriter,rock
InpDh601vuPIZlB2	experimental,electronic,breakcore
IoLt45mu0knyUoFm	country,singer-songwriter
IoQBnji48a1wE0Va	tropical house
Ip4IbsJcCeoqajB2	post-hardcore,punk,hardcore
IpJ1aktgYIvbyqQf	pop
IpjEaCLSLjYDIPWQ	indie rock,rock
IqK5EQQA55HGCOSK	doom metal,stoner rock,stoner metal,doom metal,stoner rock
IqvDICGKFOzruzRV	folk
IrBAMUcvm9lAkrY8	pop rock,rock,pop
IrYTRNMnlfPeMrgF	rock
IrdwPKDuPRFdT62j	trance,electronic,vocal trance
IrrWsA5MMCedLQRL	pop punk
Is0KaUAISxYrfL4Q	folk metal,gothic metal,symphonic metal
Is4zu9UZLIuvxh1R	indie pop,art pop,experimental
Is5Chu5fTgMSMat4	country
IsQMWjjAQhyftOAt	new wave,synthpop,new romantic
IsTO1rHFpSE93xls	soul,gospel
IsWbe9Ecl65t2HVc	post-punk,rock,new wave
Iu8zW1YYTPMQrPOE	blues,singer-songwriter
IuCJxClFvLXMAXpy	ambient,folk
IuDCrV5P0CAYYADY	classic rock,rock
IuKBd0zOU4sbnzO4	k-pop
IuhNTycK5vXG9IBn	electronic,chillwave,lo-fi
IvFOfGXDtrbZGdQw	alternative rock,rock,singer-songwriter
IwBHQsrrhYT8xRKJ	mpb
IwNJsCO7bqMJ9Gsa	gothic metal,metal
Ix2UWQMBNmSmT389	psychedelic rock,rock,indie rock,pop rock
IxUm8yXiNoUlMF0z	classic rock,hard rock,rock,hard rock,classic rock,rock
IxWANnOE23vZH4a5	singer-songwriter,rock
Ixb0zhypAs5VvK0J	new wave,electronic
Ixfh8syUrJqOj70H	soul
IyAO804GVvoBjS62	soul,motown
IyYYdpTeXK3j3I22	latin,pop
Iz5cAmxSJHJTuQcb	rap
Iza91rVEhzoWqURD	indie pop,synthpop
J02GAZ69pxIGBh5A	alternative metal,metal,alternative rock
J0BzIqpKU8o0iOXD	indie pop,pop
J0GYxl5elGqZy5fu	pop,singer-songwriter,soft rock
J0V5sGL387p3YDh9	indie pop,pop,electronic
J0bGkZruM2A1OedM	stoner rock,rock,hard rock
J0rMKPtqzJSLtA2t	rap
J1EjCuoHOggPweIi	rock,alternative rock,hard rock
J1HMRkrR8OvwRpkY	pop
J1MCtX2StV5ydBtB	industrial metal,industrial,industrial rock,metal,industrial metal,industrial,metal
J1TBBOyaIycnUTIj	folk,folk
J25R35IKczMAiaE9	progressive rock,classic rock,rock
J2BUrMR4uP2NU1u4	soul
J3EXwL6Y6gXBflAQ	pop,electronic
J3MjgUyBW7vTta9T	jazz,blues
J3WvQJWBwEOM3CeM	symphonic metal,metal
J3ccSUkaHKP9CgWT	pop rock,indie rock
J3d6Q6aXq0yc5zzN	rock,stoner rock,alternative rock
J3sDnBglnLwLcFqq	grindcore
J4WVTscCmjLijMqS	groove metal,metalcore,metal
J4mcA88lOPVC6EWo	hardcore,noise,screamo,experimental,melodic hardcore
J4uSPtf3tOepEJtp	future garage
J5CAQL51y9jF9u4X	electronic
J5JbEENnm1zrTIiy	classic rock,rock
J62FG6wtU7EX3yHn	pop,rap,soul
J6RKw93XNrwD7cZ5	progressive rock,canterbury scene,experimental
J6rc8zONwpBO4Y74	post-hardcore,trancecore,nintendocore,hardcore,screamo
J6slxYRaYjpIWz4M	pop
J6zog7lhNTIAOHDd	progressive rock,art rock,classic rock
J79Y9W8u9LIbfwtp	psychedelic rock,rock,classic rock
J7AnpRaez1XqoZOg	pop,new wave
J7kelR43BPskOdaf	melodic death metal,death metal,metal
J7vbfM8AEwYwr1nb	wonky,glitch hop,downtempo
J7yxkrLvBuY2F3aF	rock
J8qgDm7VQ14YTYho	rap
J8tsGRPREv9hBzts	post-punk,alternative rock,punk,hardcore
J90d8c2IAXu3aQxW	nu metal
J9kvySgbTNRMzPE3	alternative rock,nu metal,pop rock
JA01ThW8lZXudgWg	funk,disco,funk,soul
JAiOQJnyThSmNPfQ	gothic metal
JAqnliOw9VRnQtRK	punk,hardcore,garage punk
JAtWnz9r4QhCYYtY	folk,pop
JBDciNNHPYybi7dF	folk,singer-songwriter,folk,singer-songwriter
JCEfFBf4zxg9CsXf	folk,singer-songwriter
JClX0hwRx8UgmET2	post-hardcore,pop punk
JCr7AW9QbgT4AvvI	pop,singer-songwriter
JCtARltiR2E8XKW6	pop
JDO3kaUsOULZaREa	pop,electronic
JDczWJmb7UM3ckEl	soul,soul
JDi4H7t0re3oailp	pop,rock,pop
JDwVZkrgtKsS2mQy	indie rock
JEf9nAH4JJju1PFY	classic rock,rock
JEheaFcZe7HdoALQ	singer-songwriter
JErdDAXcOTmC81xA	classic rock,rock,pop
JEtBPPKdKjEfOmAa	rock nacional
JEzgfebbkyDIkOBP	progressive house,house,electronic,trance
JFDb7mjpA3RZ9Q32	chillwave,ambient
JGRJJPFqQK5fZr5V	classical,contemporary classical
JGZZZQ6F6irItU94	rap,rap
JGbOUN5HW16AHP0Q	rock,alternative rock
JGjOvWQZoLGh1tfL	folk,singer-songwriter
JGx6cEOX1UoazFRz	latin pop
JHIpybskUKl5FRar	mpb,pop
JHdtDXNr2sMR8xrR	country,folk,classic rock
JHf43LvlagY7DdVF	metal
JIb1sb6R41NYB7BJ	soul
JIjlwnClGmXLID8R	progressive rock
JJW1vVezs9LK9adY	folk rock,rock,singer-songwriter
JK23CQi6L9SE2bTn	progressive rock,experimental
JKxDOWvm2dwbxVGd	britpop,pop,indie rock
JLPdUxl31JD7GNBm	pop,italian pop
JMBKw316actRdZxt	disco,pop
JMbIR9XwmHByVRXW	shoegaze,rock,indie rock
JMmGurOuOyXtqUeA	electronic,hip hop
JNI1K9oqtFVFv5Fz	indie rock,indie rock
JNLjv6meY2wHlBnY	k-pop,new jack swing
JNYVqXpC4ITLCo72	post-rock,post-rock,experimental
JNhbjLEh6Va8Qnef	emo
JNhopUcdVI4ubBe0	indie rock,folk,indie rock,folk
JOV2uFYNVRxLBlme	singer-songwriter
JP9m2ByuyTxtSgMF	electro,dubstep,electronic,house
JPOLE03VfYw9GZyc	pop,electronic,electropop
JPYp7x9lBcaIHySV	pop,latin,bachata,electronic,dream pop,new wave
JPw7fUE8iXFnN5nK	indie pop,lo-fi,bedroom pop
JQtH5D5MeBU8nHt0	pop
JRFtwedjd6CT26G5	mpb,synthpop,lo-fi
JRrgrwMPTMsaJviI	rock,classic rock
JS5Ep1hwXjlAddxJ	pop
JT3J5ayUtykJkhAY	metal,grunge,alternative metal,rock
JTA25TfTGBBb8ujY	pop,electronic
JTiCNhEVVHjGapoI	singer-songwriter
JUaNd8yOUZUF7B1v	rock,madchester,britpop,indie rock
JW7t1ww9x8nOAckY	reggae,dancehall
JWCmUyFou1QVU6un	experimental
JWQFCS0zqiinfH44	black metal
JXKKrlSWcMjlzC99	psychobilly,horror punk,rockabilly
JXWGT3wWQIB0kXsi	rock,alternative rock,rock,alternative rock
JY8wKak2Sa94oPtD	blues,post-punk,experimental rock
JYK7RCNulZguR2eF	rap
JZJKoyIxDAbVDJyk	k-pop
JZcSE31xGaGZbjRd	ambient,noise,experimental,electronic
Ja1tybz2kOZsndIf	folk,lo-fi
JaPidKZedHkk4yGp	soul,mpb
JahRnSBn8zzXD510	blues,singer-songwriter,rock,blues,singer-songwriter,rock
JazZlk9IRNpzTXqp	melodic death metal,doom metal,black metal
JbN3pm1pe6ZXGhfx	bossa nova,mpb
Jbi4LP9Ita4veuzL	rock,pop
JcAFCMO3lhYG8sRF	electronic,synthpop,new wave
JcNb61ftSGRdgcgj	pop,rock
JcUoylA70W8W5uf7	rock,soul,alternative rock,pop,gospel
JdTRREY8TOHP0TFy	folk,singer-songwriter
JduzBnlSWG90zUbw	folk,punk,blues
JeUt4GD50rnDWWIi	pop,indie pop
JeY2WFS4GVPO70IX	country,country pop,pop
JepkOyAomICKR1eK	hardcore,emo,experimental,pop punk
Jex53BBs3JofgHCC	pop
JfRUqzcWc4wGTidp	soundtrack,classical
JfhK6723ePStDefJ	funk,pop,soul
JfuwAqKaxQC3FeV0	electronic,pop
JfxQC1IKKLKUVoKK	chiptune,8-bit,video game music,rock
JgATzh6bRpJfzvBg	folk,classic rock,singer-songwriter
JgJ2LO3DzpE1iIQQ	post-rock,ambient,experimental
JhBk6Jv3gJVx0ZAE	electronic,glitch hop,chiptune
JhdBhb2oAwHBnozF	rock,alternative rock,rock,alternative rock,singer-songwriter
JhqrOqTz7CPduexH	soul
JiCWJtJefNoEs6WH	pop,soundtrack
JiPJlpDLAZ9Jdi0e	dancehall,reggae
JisUmOy6H5clEscK	punk
JjDd7iPCeks0Ze4B	pop,soul
JjGqwBkjtdTGx16P	folk rock
JjoMNkhcO5Ejp1A1	electronic,alternative rock
JkCgB1gnydVeUpI7	mpb,bossa nova
JkDZBV4YxpXFvqHr	pop
JlH9by5cfzhb4Qw5	j-pop,anime
JmBBg35h64pT9pwo	indie rock
JmNnXCTWHKFfcUFG	indie rock,dream pop,indie rock,dream pop
JmTUD1KXdrazc7vO	death metal,hardcore,metallic hardcore,hardcore punk
JmfSgJqzyfDssl29	shoegaze,dream pop
JmplYKIZUJSwkCHf	soundtrack,pop
JnNE2UzwxU7C2ZWo	future garage,footwork,wonky,jungle,electronic,glitch
Jnwl9VbrjxLifoe4	singer-songwriter,indie folk,folk,pop,indie rock
JoUmSNnDt4g9btb4	post-rock,experimental
JolfUR23OcZwnx4i	world
JomcFgJpr4Eu8UVa	indie rock,rock
JpRavig9RX5bDRdI	folk,ambient
JquJ47QkV4J2nzd4	ambient,indie rock,dream pop
JrM6tt1xFrqTCsDP	indie rock
JrgrEOzwNuZvNY4s	folk rock,indie folk,folk,post-punk
Js7oOZ902kAoBMn7	christian rock,rock,christian rock,alternative rock,rock
JsFKfXVlh14XiZOn	electronic,downtempo
JuZA8vixisCJit2e	rock,piano rock,alternative rock
Juna2XCoSIxEQpQI	indie rock,rock
JvNoGGiuD0PqPOJ4	post-punk,noise pop,rock,shoegaze,alternative rock
Jw4p98tPdDDHgb6W	alternative metal,metal,nu metal,nu metal,metal,alternative metal
JwOKAusvNfjOzBov	electronic,pop
JwbHW7ahYsLWX0xa	hip hop,rap
JwnaQM4cxt8j5tq3	post-hardcore,electronic
JwwkHnT1cH4fdS2t	hard rock
JxGu4FiFEUbguqo6	ambient,electronic
JxIGiekHhjir4aYV	stoner rock
JxYEyPOjmuJ0SdSH	soul
Jxd69goZNxk9ysBZ	dubstep,ambient,electronic
Jy29wNzJSYADl97n	folk
JyacnYurOEQmHzgu	gothic metal
JyhA62SIYafmRhPN	electronic,electro house
JzwkR7dQzPDrRpmg	modern rock,synthpop,electropop,electronic
K06gTchUrG7e7C4q	post-punk,minimal wave
K0SKAzquzRr1KTyQ	ambient
K0iKhtWNRuOGV6Wi	folk,lo-fi
K0myPJh5XVwn9WbT	punk,punk
K0upnQKlKwqA7bdf	grunge,alternative rock,rock
K1HscSosu2LAfq59	electronic,synthpop,new wave,post-punk
K1YI3PSgFDT4nNfT	britpop,rock,indie rock
K1tR7f9ZasgOAHl2	thrash metal,metal
K2RPxbMwfDlu5neK	rock,alternative rock,alternative rock,rock
K36H0lEtqS3IJgGa	electronic,ambient,electronica
K3FxwdBmSptMhcTx	rock,sleep,space rock,space rock,alternative rock
K3ltON8Zel2ayD51	pop punk,rock,punk,emo
K43MhOsghvFY3D57	indie rock
K4EwkQie0TJCizrr	post-rock,rock,electronic
K4pcjEMWzaMGQkf8	singer-songwriter
K5Slka7qX869VqPG	blues,rhythm and blues
K5cRJM3kjRivZQOs	aggrotech,industrial,ebm
K699YiNyFyKEDZoV	rock,pop rock,emo
K6ZPYfy5HbxOSUyP	hardcore,emo,screamo,melodic hardcore,hardcore punk
K7Reb5h2yBQ0tSxh	lo-fi,beats
K7sd7TAwXjw0nMAk	rock,alternative rock,southern rock
K8GvhOmBDw0gMbPs	ambient,contemporary classical,neoclassical
K9Mb17cza8ORcPIK	pop
K9qWyJBkYAHk2GNg	k-pop
KAFdxtiJHd2vcfFe	pop
KB0Y2LCtBqkOCJsL	power metal
KBRpXEHjCJrlXE03	rap,hip hop
KBTUj7KxkijVJuXQ	rock,pop
KDNxohbZto60h5pd	pop,pop
KDVfORXfLDJbmErs	folk
KDwdDb46FRw5xcfR	dream pop
KEKYfvgAu57tUpye	soul,blues
KEkua8pokCn4Vtq3	forro
KEokTt7TqaMAHUKu	alternative rock,rock,stoner rock
KFCXJVv68993z50N	psychedelic rock
KFebGVLqM8HU5rwf	melodic death metal,melodic death metal,death metal,metal
KFzamnCqx2Lw6Zxz	futurepop,electronic,industrial
KGQrJNNDTjJt5qbN	pop,soft rock,rock,classic rock,pop,rock
KGvQlpoUfPdHZGAT	rock,pop,singer-songwriter,alternative rock
KH0Pm3v4RwYoZHuY	electro-industrial,electronic,8-bit,new rave
KH9xJJHbZZBKLewv	indie pop
KHFPn9eTX6dxZrxi	mpb,bossa nova
KHu4Oidnnwzc7vQ6	horrorcore,rap
KHudzxVF3DCbkPfa	soul
KIcdUeLMTyqk3DNq	pop,electronic,pop
KJBvaw4XXgTu5lvh	soundtrack
KJhjxyg4UZucpVne	soul
KKGaYr0Nvdc3Y7Cs	funk,pop,electronic
KLNppS51fiby5fyM	emo,indie rock,pop punk,emo,pop punk,indie rock
KLSbU2UgIWsD57ec	electro,electronic,electronica
KMOqIJ4fwXMIXVow	k-pop
KMjtAl1ATUo8fcUT	pop
KNcuaea3IpH9auGr	gospel
KNqltdEfdzBJAWAD	pop,singer-songwriter
KNsDAmD7uzDo4B7j	gothic rock
KOqERizXWPhJNMcv	alternative rock
KOufvz4ujPjVC93n	pop
KP2fklVZAamdaHJU	experimental,soul,blues
KQh2kJMYj9eeg0Sf	rock,pop,classic rock
KR83umFx9lfbCT1E	modern rock
KRBkj08fHXfvu6D8	electronic,big beat,electronica,house
KRf00HpTQNyhpXP0	punk,emo,pop punk,melodic hardcore
KRfknKdbSGa9wuBa	indie rock,indie pop,indie rock,folk
KSa7A2I7e2cs50H7	synthpop,alternative pop
KTWFai31wBlSrShI	ambient,soul,ambient
KTqplooZq0vjSiPM	rap
KUE8GBXk7vdlZjoM	folk,singer-songwriter,folk
KUjYpvSIuS3u2JAk	pop,rock,pop punk,pop rock
KUlsnDcIlv88cnSq	grime,hip hop
KV78q6dNCkeZvFsN	emo,pop punk
KVyC8vs7XS37bU6x	j-pop,idol,j-pop,idol
KW2G3YZnWdb8r2Nx	metalcore,hardcore,post-hardcore
KXGmlfevA8akDQsu	folk,rock,mpb,folk rock,singer-songwriter
KY6smW6br2SlBnZM	post-hardcore,screamo,emocore,hardcore
KYYvRsZyHrr8GyhX	hard rock
KZXoKszUQA52wY0h	ambient,shoegaze
KZofx143Sisd1IPV	post-hardcore
Ka2qj8hYJ5AWoAqU	synthpop,indie pop,trip hop,dubstep
Ka6M6iPMR7jF3uSN	metal,power metal,folk metal
KboCrn0VyCCy76nt	progressive rock,classic rock,art rock
KcFV0wWs4MWaujLx	christian rock,rock,alternative rock,alternative rock,christian rock,rock
KcFwQUpHWc4mvnfq	disney
Kcm9mtfcRdPxXHVO	rock,indie rock
KcpmD9WHlBFuLLim	pop rock,pop,rock,pop,rock,pop rock
KcxuJXt6azxaHgjO	pop,folk,pop,folk
Kd4tF8LBq8RHz554	lo-fi,beats,ambient
KdXDwLd0vYZGY7wp	pop
KebHcIb9oasJvyI6	metal,nwobhm
KeuADW1STcjCORUS	alternative rock,indie rock,rock
KeukPMCIlv6gU0ae	indie pop,pop,pop,indie pop
KgV6xEXEvbTdvuHV	rock,emo,emocore
KgfevHF8TE4mpjU2	pop
Kgi0PKjdWurkEcb9	j-rock
KhAwPAb5HxUxe2SJ	classic rock,rock,hard rock,glam rock,classic rock,rock,hard rock
KhRTDWdy8G0r2jZo	post-punk,shoegaze,post-punk,shoegaze
KhfTh9ZJgr7pTiUL	lo-fi,ambient,indie folk,lo-fi,ambient
KiWDK8GDE8zFy4m8	indie rock
KigiCHrHkulrRLxS	post-rock,ambient
KjAZlfN1q2BiC6FV	pop
KjFpx7c0refDI0PM	post-rock,electronic
KjY1CCprOPF2zf6Q	southern rock
Kjq3KnZKoMa6akT8	disco,pop
Kk6uVSEgnVsBlHTh	thrash metal,progressive metal,metal
KkDU7aE5tK7p2ciY	rock,pop
KkFGmF0W3v6eMCwt	rock,crossover thrash
KkfPwmaeG9SRW57r	symphonic metal,folk metal,gothic metal
KlVfLmUeihcyeOfC	rockabilly
KlnL6VBezALkj5HZ	rock
KlttAK7kgndHGjx5	funk,reggae,funk
Kn83anR4ScwHRWVY	lo-fi,indie pop,chillwave,dream pop
Knem0qGeoIulXLoy	indie rock,rock
KnhtyVG9483BPuGj	indie folk,folk,singer-songwriter
KoCAmEzRfn6By4O6	latin pop,pop
KoJz5t7UkQv2ptUu	post-punk,alternative rock
KoXc0z7uD81SODvw	rap
KomdvdgF1Spg9gNY	electronic,experimental,wonky
KpJOVR0MActHOTNF	ska,indie pop,indie rock
KpMgHOMRH8T69wqC	electronic,lo-fi,synthpop,dream pop
KpZjEw8aGi27KdPV	post-punk,indie rock
Kpbzp06WpfKQWu5v	house,electronic,trance
KqjPnnTja957hPio	rock,alternative rock
KqrveQLEundZX7oo	deathcore,progressive deathcore,djent
KqxahlFIwNuoizG2	rock
KrKjobYbml2i5TU6	space rock,rock
KrjIIMRIBUUznHAo	indie rock,rock,post-punk
KsuRJokxNoGSwPAR	soft rock,pop
KtFoGco2Xc3vTVf8	progressive metal
KtMqPAvH6UUPD1MP	rock,funk
Ktc1pUI8t2EeGcN7	jazz,easy listening
KtdR5c3k4Vldh3O5	soundtrack,soundtrack,classical
KtwX79SOG37PN83v	electronic,chillwave,electronic,lo-fi
KtyEGlIjJMMuZX4v	k-pop,k-pop,pop
KuiT3CwJ8VeetgrX	rap
Kv0ATvqby0XnH1mj	mpb,folk
KvUzkZyTDosvGMEa	indie rock,rock
KvvV0YhLvpGynnLF	electronic,electropop,electroclash
Kw8qCcjfCenEQxTc	garage rock,psychedelic rock
KwcL6PwFrZXxOaej	pop
KxJbAePzJXZEDRpM	pop,britpop
KxLDBfAjJpMPruee	indie pop,indie rock
KxZGdB4PhUh6e9s9	rock,indie rock
KxbapK1mUbgjfTbI	soundtrack
KxsqEYWFyUXOneUI	soundtrack
KyT46NICXfTLqThZ	cabaret,dark cabaret
KyefH0PdEWzdfD6M	metal,nwobhm
KzShdJP0o8Wg6BlK	beats,ambient,beats,ambient
KziVfb0sW6UOj2f9	rock,soft rock,folk
KzpC09Jaskp57Lim	hardcore,grindcore,hardcore punk
L03rVuzJmEYWQnMV	post-hardcore,metalcore,post-hardcore,screamo,metalcore
L0dGa5trh5HA4PIK	trip hop
L1Ak9YeGJfHmdeYu	rock,punk
L1W0clyQY7ysnD5N	mpb
L2RZNkjAm421KB0A	hard rock,metal,speed metal
L2YZohnGiw7ERRnm	death metal,brutal death metal
L2gnt8dqIkmRjefp	progressive metal,death metal
L2yvC3lmRkiMGg0b	folk,chamber pop,rock,pop punk
L3aYkhfpuDhIZYKf	punk,rock
L3ecU7VNEtANnsgE	rock,indie rock
L4MFzu1YdaRGdabK	experimental,mpb,jazz,samba
L5Nyp0cgbILe9eUA	pop
L5fGfdOXHx47Upye	pop
L5hzUwJxVruePOF5	emo,chamber pop,indie folk
L5kel9ii1NItXG7F	indie rock
L663R2DkxlsiEjio	pop
L6GSMwz9KAu0icpD	sertanejo
L6OZIso6fTrglTv6	symphonic metal,power metal,metal,gothic metal,symphonic metal,power metal,gothic metal
L6wwZdUlr2cqKyXX	electropop,emo,drone,stoner rock
L81uiGRAAlvx6Rad	electronic,remix,breakbeat
L8CwUiWIV6HjEYCL	electronic,ambient,experimental
L8PKl3Hy2MrlHvlQ	rock,rock,classic rock,singer-songwriter
L8Pi8hYl6bki41NU	futurepop,ebm,electronic,synthpop
L8bRrL53bYInlShC	lounge,downtempo,electronic
L9HzPIPUoSA5u3gk	thrash metal,nu metal,groove metal
L9OWTYnCTooeJcvR	progressive rock,classic rock,rock
L9Pv1boJbGRm2dvM	alternative rock
L9uPn9B0jehyb3Pc	post-rock
LA1iLUJoN40pWJIz	progressive rock,progressive metal
LA3aG5qpSRoEIkq6	folk,electronic,pop
LA8AuCq5kZhdxWU1	experimental
LAhv5czpV3DiiXmH	jazz,vocal jazz,jazz
LAuoEf4yLA7j1SIm	death metal,technical death metal
LB9GVFREFQLcD5bz	indie pop,indie rock,indie rock
LBTK9Hkd44lksHZJ	progressive rock
LCL52HpPA7puXaAr	power metal,metal,speed metal,power metal,speed metal
LCf0x3hG5pCDaK1j	soul,disco,quiet storm
LCzFFLE9HiUe0bEs	indie pop,dream pop
LDOt6mI8RCfOtVxG	hip hop,rap
LDPk1F5pGbhpYPhM	progressive rock,psychedelic rock
LDZ9lVK1aikZ12JP	dark ambient,ambient,noise
LDa19N6F03mVJa4T	jazz,vocal jazz
LDq43SIBKxQ2KT8R	electro
LEKUcSp6hJb8xF9C	electronic,house
LEmyIR0bfXsNwkVg	pop,electronic
LExFi0fEE33rufmE	8-bit,indie rock
LFBddJckTYBseS9Q	synthpop
LFKYue8YlfYi1ILw	pop
LFbhggcIU1tXYolH	punk,rock
LG16DD3N6BaBL6TH	pop
LGHnrsnnlCPTQVJY	indie pop
LGiRP4GRhP3A1nNG	progressive metal,doom metal,progressive rock
LGj1ktV5GZ2d8jxv	disco,pop
LHDlFNBaI9Qxx0m6	folk,indie folk
LIDSApOeUNXidxDP	pop
LKHnVjPVBkBQBfJ9	metalcore,hardcore,screamo,metal
LKwb8nyHmL4IC73o	pop,indie folk,art pop
LLJEKxrHQ6a6RlBt	shoegaze,dream pop
LLWbPUdEB4FHQ19L	indie rock
LMFQEec9D0F4nJpJ	classical
LMLqOC9naSqiWKqq	house,pop,eurodance
LMO7d9lYfO7mQ081	ambient,contemporary classical
LMY9JdqcgKwSKAfN	rock,alternative rock,electronic
LMd0mTyYeOJmfnfs	disco
LNxfcBqf3mUJPzu7	folk
LO0uzPSnPRwlcQQn	experimental,freak folk
LO4uvVzcEuuQx6tQ	pop
LOnLIoFw7Ja1PF2c	rock,christian rock
LOvSZwxj0ITKWcNM	electronic,electropop
LPLcWIYMeIxFWRT7	pop
LPNDp9mwvKDqDgtG	symphonic metal,rock,folk rock
LPShrNua50d4ayB1	black metal
LQ5D2Q5SE914jB8V	electronic
LQG7MLoe4yuXPE5o	shoegaze,lo-fi,rock
LQKd7z8masEt7dDg	rock,pop punk,pop
LQsoIDXqFusXFNcS	new wave
LRKDEbjikM8ApBqt	soul,jazz
LT3hoLc75upLHA6T	soul,pop
LTBLorQuybXiT1Sn	progressive metal,post-metal,experimental,sludge metal
LTPxLnItVQvEDQwg	indie pop
LU172SWUFj6iScpv	pop
LU9pfbzRxoXmlpQI	post-punk
LUYNyDFcBwOsYwJV	pop
LUqaTXtXxYh6HGvG	pop
LVsyEiJxNHNmYBkT	symphonic metal
LWQ3KjBBZK6nvfQd	rock,alternative rock
LWVxlUSlpymweDSM	electronic,ambient
LWgass7yhgoi2uIk	indie pop,rock
LWhCAVDBZjaAbafg	metal,hardcore punk
LWtrQmR6SsPjAIbS	pop
LXLc4pKtyfEw1gmp	ambient
LYUISWFIhJarStkp	rock
LYm4xtUlaPPYxYud	glam rock,rock,classic rock
LYu3F2zrN9GLXfF7	indie pop,pop
LZsR70Fb9JEki5nf	pop
LaFKKy5CsSMkrlhz	shoegaze
LaNxlRl0Nfg5kuqF	soul,pop
LbokTGplmHs3dtct	singer-songwriter
LbrPYPjEJFCcgurb	deathcore,progressive deathcore
LcpT2g8YClbmCdsX	pop
LdTk4mJOlg3PlXMz	soul
Ldxw4VY8iXqyD9lF	electronic,downtempo,synthpop,electronica
Le4jz9lUnn8YgV2F	pop,singer-songwriter
LeBYCuRjwelILJAL	metalcore
Leyz8SjtQHftjZqG	rock
Lg06JaIOMHlwFhrG	rock,alternative rock
Lggy2QpQLVLASQ9Q	punk
Lh1PgK2c9VRI3eYR	pop
Lh1piMazF4t3mnzh	stoner rock,stoner metal
Lh4G0CffCEAzlQhf	synthpop,electropop
LhBiFMoHlbrGLEE5	reggaeton,reggaeton,latin pop
Lhob3J8lkYpIsISh	alternative metal,metal,rock
LiCOrxzPhn5yMBmd	latin pop,pop,latin
LiNEueB1uvHmIe4k	classic rock,rock,singer-songwriter
LiPiTyLCohltDam2	ambient,electronic,electronica,pop
LiTJZ0hFmGV37AXa	pop
LjBSX9ozl9zKIJYH	rap
LjXguG4rUlEQ7rMf	soul,soul
LjqtER7m3usIU0xQ	pop
Lk7yDZgAjLpC4ATQ	pop
LkGpjJPoB7H0mt8A	electronic,indie pop,electronica
LkQH6Iq8pgJyMLQ7	shoegaze,dream pop
Lkd4DxYnFdxro1uK	electronic,chillwave,lo-fi,synthpop
LkjhB8MSQ4Ao036A	indie rock
LkrVriCtwyduVe5k	rock,punk,pop
Lkv2DgDPlkseob65	metalcore,metal,hardcore,melodic death metal,melodic metalcore,metalcore,metal,melodic death metal
Ll5AqyUtmeE6LkRG	electronic,indie rock,electronica
LlTBoEBAt9wsK8Th	rap
Ln8V2iRhJCGtrEeR	ambient
LoFJQCeC9KpzrBzA	pop
LojAkF5RlYUPTWuB	opm
LopEHwB8VKwuPVXv	indie rock,rock,alternative rock
Lp6y2JjZXyrV5DI8	pop
LpUiuRfWuLqymj0m	electropop,pop
Lps2nY7wJhof8WRL	rock,soundtrack,pop,pop rock
LqJHleH0m2fAu9iQ	electronic,dream pop,electronica
LsXrc53bceKF4U0i	alternative rock,rock
LskA0oIk4mrHtF6n	metalcore,hardcore,nu metal,post-hardcore
LsmzcczZKtMqfWSI	soundtrack,electronic
Lstqqtb0yfjQX6eR	hardcore,hardcore punk,punk,queercore
LtDPm8w4qWcHsBLc	psychedelic rock
LtLeJMFkU1dYnu1R	funk
LtQ2IoaQ20DpXYJz	reggaeton,latin,pop
LtSzYdfQFUUcZtKL	experimental rock,electronic,art rock
LtsUrEy137mheaJv	black metal,dark ambient
Ltzd4alCQV07gBd6	power metal,viking metal
Lu4eiHXwCeiKt4LM	k-pop
LuRTXGEv87mKIVHi	ambient,experimental,electronic
LuubqgggwcysZmFq	mpb,folk
LuyxeVk8b2tEEmwk	lounge
Lv7nbwe2VwDwwQp5	rap,hip hop
LvMRWmnenhOTCyYe	death metal,technical death metal
LvU5umG7fwWWLN33	rock
LvcaYA51dFoLdoRf	pop
Lw54An3Kjg9IcRHW	dream pop,shoegaze
Lwj1yuH4W2KzOf2u	hard rock,metal
LwzF8EtKFHaqvBxB	experimental,indie rock
Lx1DPOfOWra6fHmk	progressive metal,progressive rock,metal,progressive metal,progressive rock,metal
Lx3YptP8iBbTfZgR	alternative rock,rock,indie rock
Lxl5FBlYXfHPLxB7	funk,samba
Ly4mxnhHOl4QPHBx	electronic,electropop
LyoEQk4iFvm4Yuhn	electronic,ambient,experimental
LzMo2X57YqIjZD5A	j-pop,k-pop
LzP99BdVv6boKTkj	new wave,rock
M07wpAsgxnIq4tjR	new wave,synthpop
M0qrtRof8WJI0ES3	indie rock,post-punk
M1DoO1MVL2F0oXUv	electronic,house
M1Kh6JQcYXKVy4B2	pop
M1unBeSr5jHPWYR2	rock,pop,alternative rock
M27TzKOy3GSOKeno	reggae,latin,ska,world
M2iFAe2mETkGC6l3	pop,rock,pop
M2oNzqUlXaJHv0eO	soul,jazz
M2xShWTDKe0MeQZr	trancecore,post-hardcore,electronic
M4FSmyAARMuQtIYF	lo-fi,lo-fi,emo,noise
M4GR5eptRmSCeEM3	classic rock,hard rock,rock
M4XdQhY5LOf63JTR	alternative rock,rock
M4pxbNrc0U6swqaK	progressive rock,jazz
M4wsXcXedJIUjvPe	progressive rock,psychedelic rock,rock,classic rock
M5a7AUgh4fsEJTrr	progressive rock,progressive metal
M5kKVgSOG6ehnj3I	depressive black metal,black metal
M5rVSabSiLdn2Bko	pop
M679OGhsBAdpqFyC	rock,indie rock
M68qyFHw4ZscOZOg	pop,singer-songwriter,folk
M7drHad4r6XIGQr9	hip hop,rap
M8AYlWDjLpcnTXcJ	ambient,noise rock,hardcore,experimental
M8d3Ou6cm8l5Mhx7	pop,electronic,teen pop
M980Ce2WH2tTTHsz	indie rock,rock
M9b8NwWu2JR9qoXS	soul,disco
M9edqXGTGNzTiUvu	electronic,synthpop,electro
MA16tYyVb0uNiT9X	pop,axe,latin
MA4OogB7wWrehsXd	pop,soul
MA8RgxWhcKa3YzCS	rock,alternative rock,alternative rock,rock
MAJXPvzXDEIi6EZm	country
MAKRvFasD30WxXRk	pop,electronic
MAOpRA5GemJJj7p3	easy listening
MArG8kkxnIDp1gSF	rock,indie rock
MB3CwquQR8FJs7tP	pop,electronic,teen pop
MBiQSbrc2VBIghoM	k-pop,soul
MByOWkm4L2443k7b	space rock,alternative rock
MBzX21EEFzP5UA5e	gospel,contemporary gospel
MCBxU0FbgFZ3KreB	hard rock,pop rock
MDK6g1G24Kxz0Upv	pop punk,post-hardcore,easycore
MDLo4AbROeevtfrm	soundtrack
MDOWadUZJm2cqPZ3	rap
MDWCmuO8aKaSRRUn	glitch,experimental,pop
MDoKZebhoJX54OkZ	soundtrack
ME58GYAVCNUZcH85	post-hardcore,emocore
MEhCkNoZn8HIOiRF	dancehall
MEzkg86XcuemH2vD	post-punk,indie rock
MF65GYzP4yMRhGoC	pop
MFCNDH5qIX7pAzO7	post-rock
MFLJBqamQAv8jt45	jazz,big band
MFOFhcSiDFWGhxYp	pop,soul,rock,soul,pop
MFa5GkmE5vZiTSD3	rap
MGdTrxn7Uh4LTLjE	rock nacional
MGzEcUsSgo2xwG24	punk
MHErWvi0ugGrfaRo	folk,singer-songwriter
MHK1MCIKNQB3T1gQ	gothic rock
MHiBnMChxlmoZlbE	pop punk,pop rock,pop punk,pop rock
MI4ooQKxZdsihgnS	rap,hip hop
MIVSmMzw5pgZXoSR	rock,punk,pop rock
MIYuFGNoG3yEGWPT	soul
MIvEfxUNACyXxtmw	pop,easy listening,soul
MJCjAe2KMAeyBDXr	rock
MJEQXhtPU1T0fhQW	pop
MJduEgLmg6za3s1N	post-rock
MJtYxJkPD375vtlJ	psychedelic rock,stoner rock,doom metal
MKDhpXnU5ElaXkYL	indie rock,rock,alternative rock
MKJ3VcYPQ7vWjQk2	mpb,bossa nova
MKmAxBLhnRqXsZ9D	post-hardcore,rock,alternative rock,pop punk
ML7mNZ3SITIrNO2k	folk
MMH2vyP9h4SMve0U	indie rock,rock
MNvfJ5DNmcleMqdJ	country,pop,singer-songwriter,pop,country
MNxZ6NOWcRdWVYkG	rock,pop,singer-songwriter,jazz
MOKNCX34CzVaFGDs	ambient
MPIrxYRA0J94SCN8	new wave,post-punk
MPpJ0LuFf3mAycKw	country
MQRYue8l3j8xUkf3	k-pop,k-pop
MQhFK3FsSuSRA5y0	k-pop,rap
MRSfD6PXnIBFhG0r	jazz,folk
MRZQuzidKal81iKd	rock,hard rock
MS7IxHjA2uSPdc8d	rock,mpb,samba
MSYFuBsHcw6kzTHy	progressive rock,canterbury scene
MSplH88X08G0Gw16	ambient,electronic,pop
MUCHmDWYj1JYc3Ji	synthpop,ebm,futurepop,electro
MUKZdKxx9EoTwnqx	death metal
MUUbhsDvWGhfr19n	spanish indie pop,spanish pop rock
MUfRjZRau8TTMvJf	power pop,singer-songwriter
MUqEvIHuyx4prPxd	k-pop
MUrQdR7XZNkNtvEu	post-hardcore,alternative rock,emo,indie rock
MUsc1aPz32H3PB31	post-punk,new wave
MVMeSPsVIaNS0OW1	indie pop,rock,blues,pop
MVVDeSBuidQnZrOr	electronic
MVbanXgUjHAGT3ve	singer-songwriter,folk,indie pop
MVdLRZiR3M35J4b0	indie pop,pop,electropop
MVoFPDiukvcKbxa9	stoner rock
MWdDFS6IAArBbyKC	metalcore,metal,hardcore,emocore
MXmTGRHN5EghEkX2	grunge,alternative rock,rock
MYnHmpjAUGhuudaz	rock,indie rock
MYplJgWLFQGAcUbT	rock,pop rock
MZSr5KlCMaAifKe0	country
MZihcFDggtxFdoZy	southern rock,classic rock,rock,hard rock,southern rock,classic rock,hard rock
MZoQiVIcmFqFNZHN	experimental,electronic,post-punk
Mah9mP9ttLPtXlma	industrial rock,industrial,ambient
Malj6FauTQp1vgSH	rock,alternative rock
Maped72IsnioRnnd	doom metal,drone,funeral doom
MavllxpotTZ9M7S1	dark ambient
Max1dgKXndgYldR0	electronic,indie rock,rock,electronic
Mb1zv03AAmjozva6	soul
Mc0t8L2ZQwWBbjzm	alternative rock,rock,grunge,post-grunge
Mc2k7nM0T4EEFk4X	nwobhm
Md1Mvma0ZfmtqdEd	hard rock,metal,rock,hard rock,metal
MdbQMNseTjFaS9jW	rap
Mdd8bGn43H9ePcKU	pop rock
Mdqk4xzSNujLsPgg	power metal,speed metal,metal
MdslYQCdVaB5tM3U	rock,singer-songwriter
MebPBtEjssDtqReB	rock,punk,hardcore
MfgHkcGm0udlxlAd	garage rock,noise rock,punk,lo-fi
MgoQ9yD2ryqTqUBm	math rock,post-rock,jazz,math rock,post-rock,jazz
Mi7w8MTfy0SWuBRR	progressive rock,classic rock
Mj2fKURAHHwd6wVc	pop,new wave,new romantic
MjHtRYdrmeX0fyBv	electronic,electro,house
MjvKTwS5uVYVpbWn	funk,electronic,nu disco
Mk65nJxoVd93K4iD	singer-songwriter,pop
MknZBSGN4ciXdMMR	jazz,vocal jazz
MlxvjKZezZovKHAZ	latin
MmOhQLE2WIYgtLS8	black metal
MmbtJEn6yZf6yrwa	country
MnJOo9yUYMukuE05	synthpop,new wave
Mo2pidtuzzTuGCbr	metal,hard rock
MoIFu207RCSUBWf0	electronic,experimental
MoWvUY0ik2IFoXdm	death metal,brutal death metal,deathgrind,grindcore
Moy7Z5uayY8d2kfF	wonky,glitch hop
Mp1SxJVD5KKMzFCo	folk
MppZIeEahP9BAkFV	wave,wave
MqFT5FBvw7ageAuC	experimental,electronic,folktronica,ambient,folk
MrNSCslvs1mAj6TT	trip hop,downtempo,nu jazz,jazz rap
MrhniuPxlr8JkKEF	metalcore,metal,hardcore,melodic death metal
Ms2dDlb1l2ETptdp	rap
Ms7tvtmnfNd6gKFi	k-pop
MsQqMnckQrjA6wiN	latin pop,pop
MtEkJVpO4YLZDk8i	rock,indie rock,art pop
MtphUfNCgH80nvMf	folk
MtzrHfwkjHQivwVe	rock,post-grunge
Mu7JPREefUMSBKWe	post-rock,ambient
MvIIRNYtpFb9tmZP	punk,emo,indie rock,punk,emo,indie rock
MvTD2sDXkpFbfU1a	electronic,synthpop,experimental,post-punk
MwCQ1xELqNXCzouH	rock,hardcore,emo,rap,post-hardcore,screamo
MwTg7Oyf9s5WPpxJ	pop
MwxkIAMxuryo7O1K	alternative rock,rock
MxUfziLfuCdvtdRp	dubstep,darkstep,electronic,grime,dubstep,darkstep,electronic
MxcHJ1tUtVPONHM6	alternative rock
MxqGLoxTzM7ON2jz	pop
MyJvuN2tpsOfVAmL	indie rock,indie rock
Mz5pJ3cjcNlg8H7G	glam rock
MzCthLGa6UvlRT1Q	experimental,progressive rock,avant-garde
MzLDwr22pvDDffDE	classic rock,rock
MzvUmii22NN1SYzy	pop,pop,latin
N0rDBSXGodB1e508	punk
N0vahBtLlQkUpuZn	electronic,experimental,ambient
N0xUvZgLjOIMbyF0	rap,hip hop
N2ycNqdnkV7sLfhK	glam rock,classic rock,rock
N32LW8da9zak3jtw	disco,eurovision
N3XpnLc7GGssSYs8	pop,jazz
N3adcKm3Y9r76ZqB	dubstep,dubstep,electronic,breakbeat
N3g4MOHai7etT7Er	classic rock,rock
N3sqdIM9OkXzZJVO	blues,electric blues
N44xbRiNkO0au40Y	black metal,swedish black metal
N4P4TcJX5c918pQi	rock,post-grunge
N4YaGP75vRIHv14U	metalcore,hardcore,metal,screamo
N4wDu91Zr39bCMzE	thrash metal,metal,rock
N5OGyaF6TYIP0hfd	disco,pop,disco
N5RtvxjSn2jtw3EQ	indie pop,soft rock
N6h4nI1hwNowhyIL	progressive metal
N6q3t8ONBYXyVOI2	pop,pop
N7AX7F6hDXe4ykbf	mathcore,chaotic hardcore,hardcore,post-hardcore
N7YFNwVkTgq923TL	soundtrack
N7aZZcxRcQmpiLJK	rock
N7eBlSOXrLuZDSOa	pop,soundtrack
N7rjTKDkCxqxhKI6	dream pop
N7wH5VtdpHX8zulS	drum and bass,liquid funk
N7yLPUHoMl087XEE	eurovision
N82WsEb0rOWIsjZK	soundtrack
N85ZQnxS6I6NqB4n	progressive metal,progressive rock
N8ep2mQU1GfLv4Ck	electronic,electro,electronica
N9cmy0fyWUy2BUx6	indie rock
NA74UEG441yk9F0U	dubstep
NAmkIJ6hhsetLoKd	soul,pop
NB2oFnM45j59VdLG	electronic,electronic,pop
NC9J1Brm5Dj4hrSV	happy hardcore
NCGwxRWJfMJfg5V0	metalcore,metal,metalcore,metal,hardcore
NCwW0aKv5geyR5Qd	emo,indie rock,rock
NCyUi1hEIsVS2eJ5	lo-fi
ND8lWjmjIcRnPizH	grunge,rock,alternative rock,grunge,rock,alternative rock
NEogaJF241YgrXM0	thrash metal,metal,rock
NErFWYvOMsOvn0Sq	pop
NEs809IxWY4cxhIM	rap,hip hop
NFAn2d5Ao6W0MegG	disco,funk
NFfwjUofQqjRJaia	rock,hard rock,alternative rock
NFmBddkKb8LEYBLL	worship,christian rock,praise,rock
NG4V9okqW3MDQ5BO	electropop,electronic
NGLzqIO1fgzl80rR	rock,punk
NGwG4dVTUtnthIpG	ambient,electronic,drone
NJ5XSCLxqskhKdhv	rock
NJHY7VgIwWPt72WD	post-hardcore,emo,screamo,rock
NJZfzhF8MpBHY1mC	hard rock,rock
NJk4OFDiBPATuDD7	pop
NJonPkZi6nNi8NKS	synthpop,new wave,pop
NJw7BJ9x9QnGeq4h	hip hop
NK3dUpgVPl3GXZTg	dubstep,electronic,uk garage
NKPCrsF0lAfVyTCG	metal
NKPHUlbHwkRqDEeN	indie rock,rock,indie rock
NKWa1ObrIIbGCtAt	pop
NKrmsk3Wc7hWUZcO	country
NKxmmoRuCKB2uqQQ	progressive rock,classic rock,psychedelic rock
NL9dxM1H0ozX1vWn	shoegaze,dream pop,indie pop
NLJdxueC4rfcx3M9	rock,pop
NLRkHNd86PYaWbrO	post-punk,reggae,ska
NN7G5aYKjKwjPtxM	pop,singer-songwriter
NNARvvy9Am8iB3Kb	post-punk
NNS1xIn4wUEXQ0IC	new jack swing
NNdDX0cReLnswqfL	mpb
NO9zvs3h9IZ4YSoU	alternative rock,rock
NOj3JYAAvmPvxG72	soul,singer-songwriter,pop rock
NOoGCcAjATgLU4n9	punk,ska punk
NPBERok8QMcXTiwJ	black metal,atmospheric black metal
NPFYYL9bYrW8lCCx	indie rock,pop rock
NPQqgGdi6ritO2PX	ambient
NPoJPIwR7qLwOl67	singer-songwriter,folk
NQDYli5RfKmqnZcn	rap,phonk
NQN8BJIvJ8XIYMx5	rock,alternative rock
NR0Lnp7NU01Trn9g	pop punk,rock
NR2eTnFClA0dbP6g	dream pop
NRe56RgD7sFnIYXW	dark jazz,ambient,experimental,jazz,electronic
NS90svrI93s17WTL	thrash metal,metal
NTcmLcoBb4ROGo23	indie folk
NUphviU5bhQa5i4n	bossa nova,samba,mpb
NWBypE3gjOa7ghBy	ambient
NWJ3l2Y9xKAuzPZR	rock nacional,rock
NWJQSAhJxduPA3oj	metal,progressive metal,black metal,progressive black metal
NXb6RWjixlTSoR3t	rock,singer-songwriter,rock
NXhJu2soxDvwwocP	folk
NXoPAL5WoyY2xKpe	hardcore,metal,metalcore,post-hardcore,hardcore punk
NXoyeU8KWYaa8NBR	shoegaze,dream pop,ambient
NXxRssC8QzuDhHgr	pop,eurovision
NY07JhnZxamrI7BJ	pop,pop
NYKdRaAXs4vs42wg	country
NYdW2juZHxlfd44q	death metal,technical death metal
NYp9K3RATCyuslTC	rock,singer-songwriter
NZ44u9gBu4wUtcCY	mpb
NZAmGSCJ67BJEU31	soul,rhythm and blues
NZChgwgSdmVZogSg	bossa nova,jazz
NZDMubI4X2ir7cbW	metal,power metal,deathcore
NZQ94DRlcbKwJD9S	folk,lo-fi,experimental,indie folk
NZoHbhXYbluI8ebW	pop
Na3WJJqdfCXbFOS5	mpb,folk
Na5KROKlvWggK3OW	indie rock,britpop,indie rock
NaRWu8C0Y4VJVeFi	progressive black metal,progressive metal,black metal
NabVBJbLX5N1mkJe	electronic
NbEp5bnCnBVZeYjZ	pop punk,punk
NbGEne0MgCJOR0qu	indie rock
NbZSXArD7jc9NWw4	rock,singer-songwriter,alternative rock
Nbf8AHhLi1InwmqF	experimental,avant-garde,avant-garde,experimental,disco
NcG87VJGRz5scnDO	pop punk,rock
NcZcZbHgA1kCC1Pc	rock,electronic,progressive rock,alternative rock,pop rock
NcgntqGoALBvrcDu	soul,jazz
NdJfgYWLXmS8KS4c	progressive rock,hard rock
NdOHGlMODKKuKI8E	synthpop,electronic,electropop
NdTUVsAK5QDrXIuh	black metal,norwegian black metal
NdbVmfgliuIFDdzH	indie rock,rock,folk,singer-songwriter
NdsTGc83KmtBDPBG	alternative rock,post-hardcore
Ndv1s3pijNhDhiAZ	indie pop,indie rock
Nedhu4ubAFFcdE6q	doom metal,folk metal,black metal,progressive metal,metal
Nee7FFRGPvohrEPw	sertanejo
NfNZTboNJZzMPH9t	rock
NfUJoE34oElgon4X	thrash metal,metal
NgTo470ZryCrC9Xu	dream pop,indie rock,dream pop,indie rock
Ngu0zLeZK4dp31rA	synthpop,dream pop
NhNsT8mMEHscBd90	rap,dancehall
NhdupQW4QNq6Jcqd	indie pop
NhyIwS0625Gsyxic	pop
NiLqlcsPt3zDaUOX	experimental,ambient,electronic
NiudqcEKB1pIADsL	hard rock,classic rock,rock,progressive rock
NiyB0ON9MDefhFJU	dream pop
Nj5xXdRhcGmFf1NH	power metal
Njn1NwRTpopg9p9P	indie rock
Njr6jCCOKamaq2wL	rock,indie rock
Nk0EdV91xUqS1MrT	jazz
NkNs5BTIMXdxYDdP	pop,disney
NlMmzOiM5jQL0AIN	funk,soul,samba,funk,samba
Nm2A0A2FojNYTKiQ	indie rock
Nm9McCNSw3kYZJ75	indie rock,rock,indie rock
NmJRqoipEN80wJot	melodic death metal
NmhCjSA41EzuCKfL	industrial metal,industrial,metal,rock
NmnAgkSFGjpSi7Bt	black metal
NmrCqQhrxRqhOtuq	post-rock,ambient
Nn3KhfoZWaoUI6Fq	christian rock,rock,soft rock,folk,singer-songwriter,classic rock
NnLKuTMt7Te4n4OQ	drum and bass,electronic
NnZ9kml7taTCoHa9	black metal,grindcore,industrial black metal,death metal
NnhlEJVVJcX5oGci	shoegaze,dream pop,indie pop
No2X2XkR1wh18j45	stoner rock,alternative rock,rock
NoKlPOXqOPPcPRsG	pop,pop rock
NoQr859iKxsDJ24H	post-hardcore,screamo
NoWzSl5t6joo1NBH	post-punk,noise rock,post-punk,noise rock
NpWMwY0N5uEgD9Tb	electronic
NqsmVXtFaJekun51	pop
Nqt84x13U417X6mY	liquid funk,drum and bass
Nr52g25noN2cOkf6	soul
Nr70p2v1BI62sDPr	power metal
NrFyKvytYvM75UJZ	mpb,bossa nova
NrUt2VsLULo1bnP1	k-pop,k-pop
NrcQ85iZfMn2ZLCl	post-punk,new wave
NsdluNhUNqzEIpmx	rap,hip hop
Nseiw5iKBqT66a2Q	classic rock,rock,country rock,classic rock,rock
Nsl0iL0ZQWoyyE8X	country,country
NsqBueiGAyvCOnQb	downtempo,electronic
Nt33su6pXO1q8VGv	hard rock,glam metal
NtDQzyjr5BpLiAjA	soft rock,singer-songwriter,rock
NtPeAdC49n5s7lSk	pop,rock
NtnVVzZ5CRS2e6lp	soundtrack,classical
Ntv6g5lcrROVv0Nc	black metal,doom metal
NtvcL4YndIMuoek8	hip hop
NtxiVy3u9ZIMz6qO	rap,hip hop
Nu9f0OIpZgS1baDE	emo,post-rock,indie rock
NuYmb8Vtn2SgMBEt	black metal
Nv5TKxRRuOFQAaS4	k-pop,pop,k-pop
Nv5qrchJvNTCh7cp	funk,acid jazz
NvfKdB6SQyGeRlGZ	singer-songwriter,soundtrack
Nw5kQLQbLFqao7nu	jazz,bebop,hard bop
NwReeIAaErHsxnsn	electronic
NwjDp73W3wccj04g	indie pop,rock,indie rock
Nx37IuCwJAS2YmE5	rockabilly,rock
Nx6WSbIXtOpuIUQF	pop
NxDuAw545ivgXqgP	pop,electronic
NxIx2Zg3cSCk4AwH	soul,rhythm and blues
Ny9larGl8WJvgZSP	new wave,pop
NyZ9WBKRoCkeBQwk	pop
NysZZDyEbfFuCCPb	singer-songwriter,folk
Nyxn7ApCXe2mRbk6	folk
NzGo15jodGnYtchR	electronic,pop
NzsTaPrrEadusGd8	soul,pop
O1OjH1RoKKgm99dr	pop
O1jm1sBM2TpzFHZX	rock,emo,indie rock,alternative rock
O1oDeNiBP5sQvfX3	thrash metal,speed metal,metal
O2CopC5lg3whLGhu	singer-songwriter,rock
O2qGJ8aWViEoO190	pagode
O30ks8ZzHJBina62	post-hardcore,hardcore,metalcore,metal,rock
O33N9BLWMNTFuW4w	rock,electronic,indie rock,synthpop
O3NYEVj9ZePgKXnk	pop
O3sMXuMJEuIeRmiR	rock
O42sZfzZ29FAgRzW	pop punk,punk,hardcore punk
O4P0HZ6Taxj23P4R	alternative rock,indie rock
O4cC4qKepsdsRpFF	pop,latin,latin pop
O5NANzytdOBLoxrg	progressive rock,rock,classic rock
O5ccZhRRVB5QKQAV	folk,singer-songwriter
O5xePKFZiruq0WEj	indie pop
O6PZJBEHxiOIvHGp	experimental,soul
O6b9U9Vc9VAzqK7c	gothic metal,symphonic metal
O79LWSpbD73F8Kyb	folk
O7XRZ7sE0saLzSbl	pop,singer-songwriter
O7h1wEoFvTFDPBPq	new wave,pop,new romantic
O7pjTEtfY0momza8	folk
O86aW6A9TS6QbvoR	pop
O89Dd70U261uKJzR	mpb,folk
O8MXBbnUK9jOOZGG	electronica,house,electronic,electronica,house
O8WnPps92Feu84Kg	mpb
O8XHz0hZxZfdD7mK	pop,teen pop
O8xLq9YZsJ0lwLXd	shoegaze
O96HUw6ljll4nvq4	blues,jazz,singer-songwriter
OAIaFPgcYtfFWF0b	folk
OAWSH910wp7HvZmT	post-rock
OAovXpeKwPdusC0a	thrash metal,speed metal,metal
OB4tqNLrVBrgoSJY	pop,latin
OBPO7m1wQZj30vE4	folk
OCDUO9tAU09O7a13	punk,post-punk,riot grrrl,punk,post-punk,riot grrrl
OCatf9m45b9RlTED	country
OCx99Oa9jrLSNnOY	soul,funk,rap,hip hop
ODER8mTX29NxobM3	ebm,industrial,industrial metal,industrial,industrial rock
ODPlapTPkz8Ov7ZJ	post-rock
ODfJWJ8FQrehDJdJ	soundtrack,classical
ODkZ2Z5MuRxCjweY	indie rock,rock,dream pop
ODypuwB5PTy1QAaf	rap,hip hop
OEJ31fIfg6jAaj8O	synthpop,art pop,melodic death metal,screamo,indie pop,pop
OEzO6y6QGtpD6kzv	death metal,metal
OG6Y1ZdpzarnYIew	rock,classic rock,new wave
OGBr9f0cvhe4Gk3j	hardcore,punk,post-hardcore,hardcore punk,hardcore,punk,hardcore punk
OGJKnsGVwAWTBuBr	experimental,rock,avant-garde,experimental rock,folk rock,folk,singer-songwriter
OH4LF1eEia8LYJpB	pop
OHcLhQ7xjB69U50x	pop,britpop
OJWTRJuWFj08BU1h	folk,pop
OJctEkB1wdLnwKwm	samba,rap,mpb
OKE2D9ivz2HvKxlw	hip hop
OKNtCh5tgn6Bkol3	rock,classic rock
OKTVVn4MrieEF7JC	progressive rock,experimental rock
OKq6mpj8Kn6aWJN1	space rock,psychedelic rock
OKzYX6XYKG1SCpvR	hip hop
OLBhenPFFFRQoKyZ	progressive rock,art rock
OLMoEUn3upirD9ln	electronic,synthpop,post-punk,experimental,electronic,synthpop,post-punk
OMw31ry41gLUqkwO	indie rock,lo-fi,experimental,psychedelic rock
ONMuo28kd5N2rlwo	soundtrack
ONysRKGk3jzj80x8	rock
OOILsgXKi36oogw7	house,pop,electronic
OP7MHZ2uuSgbBIBI	pop
OPfLbWfPG6JUZq16	experimental,electronic
OPg85ifPAPNVsz3h	grunge,rock,alternative rock
OQN46q1KzwyqoHJ4	rock,alternative rock
OQevdb6ueOdNqBzM	rock,alternative rock,indie rock
OR2S9Xuo6LOcMm5Y	downtempo,electronic
ORwbA2hDq5CYgGpH	rock,alternative rock,alternative metal,funk metal,alternative rock,rock
OSxWMyro4wiPcoKg	electronic,new rave
OTaX8SW5YDkQgPa3	shoegaze,dream pop
OUEQkgKx74uAp4T7	pop
OUsxJAxsz6DP2ejv	death metal,metal,folk metal,melodic death metal,finnish metal
OVOnsAnWXw8i8c9n	electronic
OVPnJs1jVTOPnzQj	melodic death metal
OWALhkavNeREExLD	disco,soul,pop
OWHPwr2DNITVeCOY	rock,indie rock,rock,indie rock
OWm0mCNhbKhEXtbQ	pop,pop
OX5QpnTGYx99HoN9	soundtrack,rock,hard rock
OXB4CWgChdb7vkZn	symphonic metal
OXXRl9rgi1X1BR03	new wave,rock,punk
OXcu6bC43kF0cneb	folk
OXjc6dHamI2wApZg	indie rock,rock
OXk59aZZSGV9vR7e	pop
OXthts7NnOVW9sDS	symphonic metal
OYiEF9Hl1pCrOvvi	pop,electronic
OZFNMjI9nfW3PX0o	soul,rhythm and blues
OZI2HLGPPGFC5f3Y	indie rock
OZN2UAzdVSjOou6b	classic rock
OZYpxya27xpHMX6o	pop
OZiQ720VBGcEjcP4	pop
OZxyM66rYT21PTYG	indie rock,k-indie,indie rock,k-indie
OZyqPkVhX1XGYciF	soundtrack
OaKbpeePBxQfxOgB	rock,alternative rock
OaSvVB0gheT8RPmo	folk,singer-songwriter
Oaw6u5QmPlTmtyhp	classic rock,rock,pop,classic rock,rock
ObEnEbzN0IUuhnDk	progressive metal,sludge metal
ObKmUB5OgOxVpuUD	soundtrack,classical
Obg3NHYitJdcbR3q	ambient
OcKhAr5vZPT8h6Kc	rock,alternative rock
OccbkGSoZxaFP70s	trance,electronic
Ocu65MYTMlKYxemn	pop
OdGYK8INLuHJ4sAR	pop,soul
OdZ2NLCTv2UmIXtR	shoegaze,noise,post-punk
Odc4vck5PparTzPy	krautrock,experimental,progressive rock
OdmxhoBgb82Q26TQ	indie pop,dream pop
OemBupJTR9glFooy	rock
OfzVWDV2oNSRtdMM	trance,vocal trance
OgWDV82JkbGlam41	vocaloid,electronic,electronica
OgjNE8yIMWGfqzLB	progressive rock,classic rock,rock
OhKIEiHGjbXclOWB	indie rock,rock,alternative rock
OhW1iALtPGFdbLA9	indie pop,shoegaze,dream pop
OhgpYwMkC0p37JMc	punk,grunge,punk
Ohr4JpS7x0a801UM	rap,hip hop
OiNPhwy86RQQhBIW	rock,latin
OjOIzXtoonwFcFhd	power metal,speed metal,metal
OjfH3EXXNZonhOZl	dream pop
OjwXTPCan4M238cI	classic rock,rock
Okz4K3lEYXYi9sk7	pop
OlHmCOmY9UqrsmzM	electronic,ambient,downtempo,electronica
OlrEiKo1xcZpQHWz	emo,rock
Olxv1GphUtAemIyQ	alternative rock,indie rock,rock
OmAg7pUyoCGaDKEo	latin pop,pop
OmPaJn6FhiglKWNI	singer-songwriter
On2Mq19nPzVmJg5p	rock,indie rock,alternative rock,rock,indie rock,alternative rock
OnyfYRnBCYEOE6kh	grunge,rock,alternative rock
OoUcJ6iYd36dTIN6	progressive rock,classic rock,hard rock
Op6daPhkFznpw74Y	viking metal,folk metal
Op9rhPjFpFpRfzSX	rock,singer-songwriter
OpPI6Jv4eGHnTnMw	modern rock
Opa0BDFw1uSwyrjf	soundtrack
OphX0BwZugfLQsdZ	folk,singer-songwriter
OqQ9rB2cReEMMLJK	indie rock,rock,alternative rock
OqlsR988e0DAK29P	metalcore,metal,thrash metal
OqpojKypQYk8NKKN	pop
OrColppwFOVMbqfv	indie folk
OrViZaVFwrBUXJdF	indie rock
Oro35RPz8l41I1UA	rock
OsBIQ1O5px4PrcH6	indie rock,alternative pop,alternative rock,rock
OuMSyPIZa99tXm1X	electro,electronic,electronica
OuST634Vp2FZBKKU	garage rock,lo-fi
OucyF52aDH5ZVCaO	folk,pop,singer-songwriter
Ova9bRMy3Wi1KdEA	metal,hard rock,thrash metal,rock
OxIY8ILFyU5PWi5Z	indietronica,art pop
OxaJdxncDQytJ93I	latin,soundtrack,rock,latin,pop
Oxl11HgnfhI1dAwS	soul,pop
Oxrb6oaY35lTwm2Q	hardcore,punk,post-hardcore,hardcore punk
OyMohl8TNMqWZiqB	hardcore,melodic hardcore
OySJFse1ZoSBm1xo	classic rock,rock
OzB9Q5w71aVzNWdJ	indie rock,experimental,alternative rock
OzaQXOSZOxP5XMeR	shoegaze,post-punk,dream pop
OzuKmXvZEfRPsY9J	punk,rock
P0DNOXkgkP3JrzlZ	house,deep house,electronic,electronica
P0wduP6CwGfFyYDY	viking metal,folk metal,melodic death metal
P1JFgX2inhedGI9m	classic rock,rock,psychedelic rock
P1YHNBY49hliViCQ	alternative rock,mpb
P1e88oZvEM0gTkue	latin,samba
P1rY453Gabk6Qjhg	pop
P2S6M5e4PN1JubTp	rap,hip hop
P3n19zXBZjUTOKBH	country
P4Ez8cBQyWR3h7WE	rock,pop
P4R963t59zOY1IXV	ambient,contemporary classical,neoclassical,classical,electronic
P4zIY2Z93w4RnHWH	jazz,blues
P52dbxSL5Ac1J02K	electronic,electro,techno
P542Q75Cf7nEBjqG	alternative rock,pop punk,rock,experimental
P56VIoXBdn04CZiw	post-metal,doom metal,post-rock
P5PhnAUrO7gutVQe	pop
P5QZ6aObvNwObwGx	britpop,rock
P5mkOihY9TB7J6Ua	bossa nova
P6D94KavHyqQubCk	ska,reggae
P6HPaciTulCfYseZ	alternative rock,rock,progressive rock
P6yem7OpRHKpv323	soul,funk
P7AIFsTDEO9onvG8	grunge,rock,alternative rock
P7tbZywBjTl13cc8	bubblegum pop
P8KMs3Yi8rq7TZLA	alternative rock,electronic rock
P8l2gwcObRNrT3DD	pop,soul
P9C6YwUsCAHdAWe5	soundtrack
P9Xl19amy2blzy9a	metalcore,metal,hardcore,emocore
P9glGNb4nKWmLPWo	synthpop,electronic,new wave
PBB6Cdu9ATmZvpMy	k-pop
PBEsLeg3jSUfrWFt	hardcore hip hop
PBGBniDXOl8JRekW	latin,pop
PBbrkr2BftrLY4P3	new wave,synthpop,pop
PC6ndAj4ZWyNN38i	k-pop
PCd7QZ7k44ODfPmU	viking metal,folk metal,black metal
PCmbO0UW11Y5yDfM	electronic
PCpfXWM7Deyocxu3	electronic,ambient,techno
PCst5vDb6DGqWTCN	punk,rock
PDC5T5eLofFlPOuu	ambient,art rock,drone,indie folk,midwest emo
PDHgXypfJrtDDRqw	electronic,wave
PED6ytydKCXhDk8n	j-pop,pop,electronica
PEDjd7ayOWMGJGfL	pop,alternative rock
PF8yXJ6or9SKPsSy	hip hop,experimental,glitch hop
PFfckHhbYAsk7pay	pop,new wave
PGcXHPOXkWiqLq0d	pop,k-pop,girl group,korean pop
PGxLgyGjrrohNdUY	grunge,rock,alternative rock
PHHFUpXjLjpFyK0H	pop,latin
PHlrMrB8IHTm2gMo	metalcore,hardcore,screamo
PHzwgGXJJ5m32jIP	mpb,rock,pop
PIt83vXX7TSajS8t	drum and bass,electronic
PJGUsjb2i33lMQDB	new wave,pop
PJGkXRFSmJzZ0LQ2	sertanejo
PJS3KitYMyM9yuGo	pop,funk
PJvPympjYB4NCBLR	synthpop,electronic,electropop
PKDLBmk1grFICo0N	ambient,witch house,electronic,dark ambient
PKEuX4f2OlseweNs	country,pop
PKWRD63n0QZrXIou	soul,funk
PKkK1yiS9NEyBV69	alternative rock,rock
PKsz5XSuuDQTUmL6	singer-songwriter,folk,rock
PMIEWP5l1jGMqbE7	chillwave,dream pop,electronic
PMIZBRZiAmrQFFUX	ambient
PMySTe6ejTTsyf3d	classical
PN6GYJkGD4qPEdN2	ambient,electronic,experimental,electronic,experimental
PNEZzZMtlaOWMWJO	hardcore,nyhc
PO5Td1vnsEI5BQZs	k-pop,pop,girl group
POIULxG3H23PUHGW	rock nacional,rock,comedy rock
POobfSSZJ0jMSvpn	country
PP6poS6XEOaLnHxb	industrial metal,metal
PPL7klhRhjYwcYPL	ccm,ccm
PPc87NauCUbIkPWN	rock,ringtone,alternative rock
PPkAoNG5yGwCjdQK	pop punk,punk,rock,alternative rock
PPnXfItUxw7ads47	soul,pop
PPpoW2HACBZj0IrV	soundtrack,contemporary classical
PQQyOEfwGo3H4Avv	symphonic metal,gothic metal,power metal
PQa8xeEclPIe4H2F	soul
PR0irowHiZ1ND68u	experimental,avant-garde,experimental rock,experimental,avant-garde
PRVUCu0FWQ0hCR53	space rock,psychedelic rock,progressive rock
PS0AbvJPrp4oa4Yk	pop
PS69taiMbxSFkuEe	punk,post-punk,rock
PSo2VGlDQrXU24ah	country,pop,soundtrack,pop
PTjAgaULILFpDWCm	rock,gothic rock
PUOqj6USjnz8F6RF	worship
PVY2siDPo4gMrLsI	shoegaze,indie pop,electronic
PVgxCtsAzUUbzwBn	experimental,electronic,abstract
PWKrCWMcOlcpErPS	hardcore punk,punk,hardcore
PWhdybZyqiCm3V8g	bossa nova
PX06stSZnkhFOdvI	rock,singer-songwriter,pop
PZcJOvnLlhshDzfF	electronic,electronica
PaBg2azD3G9C2bsT	pop rock,pop,rock
PaBmnNveNo3gg0G2	metal
PaHKeT5vCNsJZjVV	witch house,electronic,dark ambient
Pan58M2p4GcUKNmt	metal,nwobhm,speed metal,metal,hard rock
PbF9x3Krh0GU0PTH	ambient
PbeJpzOytm2qNbDd	rock,classic rock,pop
PbeMk8oOAQt9JzzP	country
PcdOYsoYIsBu07Mk	rock,indie rock
PcjoJ2YyOdroKlAy	progressive metal,power metal,metal
Pd0uSWxOlR8Dj9iF	indie rock,rock,space rock,indie rock,rock
PdJjAksRAaIqrhag	folk,singer-songwriter,folk,singer-songwriter
Pdc9IrO04OqpTttN	pagode,pagode,samba
Pdht2AjMJs4b7dRs	punk
PduXZTzf3pTwTVNA	ambient,contemporary classical,ambient
Pe4RTnSDm9wLHlvn	rap
Pe6BTnWIlzmTK3zb	progressive metal,progressive rock
Pe6PwGyXroesrEHb	latin
PesitO8AdysGyY98	rock,noise pop
PetjPkl2MZwDe02U	melodic death metal,death metal,viking metal
Pf4JCahxtNN0gsEa	pop,soul
Pf89ffRoZd5ooZ1g	axe,carnaval
PfBpuxtF6tfw1na9	electronic,singer-songwriter,experimental
PfKtDFsWEiTGxfLH	folk
PfcT8KH1HXPFEteN	metal,hard rock,thrash metal
PfjkHIHQngvl1Uou	melodic death metal,death metal,metal
Phb9n4ric1ja8273	house,electronic
PhzrnaxDW4E1n2e1	jazz,jazz fusion,progressive rock,progressive rock,experimental,rock
Pla9auqurrjY82lw	dark ambient
PlpohkhZ3mHRIFUw	k-pop,pop,k-pop
PmO9duahdQqmQXUp	ska,jazz,soul
Pn6TtxNPZoEV63IQ	k-pop,rap
Pn7fgREphJcF3meK	mpb,jazz
PnGXAFFh5RKamr6a	noise rock,punk,post-punk
PnKCeBGOVkGd1yYO	rap,hip hop
Pnyi9BGrpgoaUyxs	electronic,progressive rock,indie pop,ambient
PoRyRrygwNsofRJX	folk,singer-songwriter
PoVysfYbdtjKF0lB	progressive rock,rock,art rock
Ppe3fgUJu8wSd3rV	rock
PpewZQMSDAmAp50X	hip hop,rap
Pq9EUXZ4ho2ud9aZ	indie rock,rock
PqLGyjZxwLIiw8dc	post-rock,ambient
Pqy5Q5OYnwq2bwSJ	alternative rock,rock,hard rock,alternative metal
PrPriYhYSPsB1vzB	rap,comedy
PrQIv6FqrsxtIUel	progressive rock,rock,classic rock
PropD1EDGs2hxXE8	soundtrack
Ps7LnqAko6BLdKBP	indie folk,indie folk
PsFfFM6CMOQB2K9g	pagode
PsFjGsGhTk7QiGsi	symphonic metal,death metal,symphonic death metal,melodic death metal,progressive metal
PsxsusyXLtlrXrk7	metal,rock,hard rock,alternative metal
Pt4SvpDS5pAhpThh	pop
Pt7ec3v51nEY0ZGJ	latin,pop,rock
PvMw2az2hwaMS5DC	soft rock,folk
PvQwOzymJiwtOJle	dubstep,electronic,reggae
PvT7HZZCTNlJWpNM	ambient,experimental
PvTBEVgI0fwXNmCI	hardcore,hardcore punk
PvjJksRy67IoefFs	pop
Pw3Dt2hXtLTPQ1xZ	folk,singer-songwriter
PwDnKNxxQzJL45AH	rock,alternative rock,funk rock
Pwk51UY2ezOzXHmK	hip hop,rap
PxfoemzYZM7OCmZ6	folk metal,viking metal,melodic death metal,metal
PxvGk8cKOf3qUthc	pop,rock
PyH37s4GawQB4cFf	pop
PyQNKiKn3cPWtVfk	jazz,britpop
PyT5KRaA9JYMy31U	hip hop
Pz6dZcZKr4aYMGRm	experimental,electronic
PzH2gcYvOMTX79Ml	soul
Q0AKE4VBKpalql3V	stoner rock,rock
Q0FuvjirjmMi2Xy4	progressive metal,progressive rock
Q0ccHDFVN2lwfzG8	gospel
Q0t42sd16xXzxWHg	pop,electropop
Q1TvRJSRlQ6AoFR0	electropop,pop
Q1YXEwsI5o5zoAUN	rock,alternative rock
Q1kgeOio7y8URTRU	pop punk,pop rock,pop punk,rock
Q1vaFQj6x9274ZLz	electronic,shoegaze,post-rock,electronica
Q36xayp9RYcO8Lur	metal,hard rock,nu metal,alternative metal,rock
Q3hGzDI07MmPODD5	pop punk,easycore
Q3o4j5nBfE0DhI9w	folk rock
Q4U5NVKQYl6t1gKe	rock,alternative rock,indie rock
Q4ViQM6A1crSWEE5	electronic,indie rock
Q4WKX51QU3F7D4op	rock,garage rock,lo-fi
Q4X6CtZXSgN3zBuK	christian rock,rock,hard rock
Q4YO6mZBNLAnUDdB	rap
Q4dOq20NLXiC9qHH	rock nacional
Q4nXeRIYrnIzYenm	math rock,math rock,experimental
Q4oQTC3afihmRHgC	indie rock,rock,alternative rock
Q5FpbLUBcj52MXJc	britpop,rock
Q5k2fgtemALXzTUg	groove metal,metalcore,metal,thrash metal,alternative metal
Q63w3uwoh79kaUvg	singer-songwriter
Q6N7ZxEuPI11GTVg	new wave,post-punk,new wave,post-punk
Q6YS2lyxJbQO86nx	glam rock,art rock,rock,classic rock
Q7CNVZthccPWm7Po	indie rock
Q8DbuoSTfvQMtNxK	punk
Q8IMLp4SPoVEqlr5	black metal,death metal,finnish black metal
Q8g6kAURAC73Alt2	pop
Q8smEfa6FfyISdCt	electronic,drum and bass,disco
Q8yCi0jmiB1z3xNF	alternative rock,rock,pop
Q8yyAZavtMg4DgN4	melodic death metal,power metal
Q9Cyij5EkftdQv7H	rock,pop punk,alternative rock
Q9Vqx1raibZP3Ypu	pop
Q9cLzVHYWRQ1k3gc	dark ambient,electronic
Q9cORfQkkublNsEA	rap
Q9pR6gTnXgCMecvr	new wave,rock
Q9w1OPbVjf7rnvBP	hard rock,glam metal
QABFtA5886cSKdKZ	pop,classic rock,rock
QAYFCAXaj5k2LHTO	hip hop,hardcore hip hop,soundtrack
QAe9QNSpT3sDaaNf	pop punk,emo,dream pop,indie rock,pop punk,emo,dream pop
QB21XNy13HiMBpvl	rap,hip hop
QB4KZGpZtO5zNcCY	dubstep,electronic,ambient,dub
QB8cVOp81XNtCAYD	rock
QBH8oqCsuZdKsqHW	pop punk,post-hardcore
QBwTObscjkE6kJ1O	soul,rhythm and blues,soul
QCNBzVZXyd94U6Is	reggae,dancehall,dub
QCYDSf0IM0GoTk9G	indie rock
QDT141UGc4UtyUXC	post-hardcore,metalcore,hardcore,screamo,metal
QDZQ0JMKOcFqAzA7	pop,country
QDif4fbVA23MlIFA	rock,garage rock,stoner rock,alternative rock
QDm5xGGNEC4B93ku	pop
QDtPFYALLvF0RPoj	thrash metal,metal
QDuf6mb9iX7XJa9F	electronic
QEKAvcCWwqWatNVD	hardcore
QEXC5yKM6xdwcuA7	jazz,free jazz,bebop
QFUZlsKe3OVeONCn	post-metal,post-rock,ambient
QFhstigS9Te3BUNN	remix,electronic
QFtunsQxaL7i4CC1	pop,eurovision
QFvVZ7PhComnNYBS	punk,rock
QGjrZZJtYQo7fqYg	rap,hip hop
QH67WC5dQtcqgQCJ	rock,emo
QH71uf3R4mi99EOx	electronic,experimental
QHJ1nM1psDS4C5lG	electronic
QI0aOoQI1n0Y3zIh	rock,lounge
QI6tgOOeejI9pH6r	jazz,progressive rock,pop,jazz
QJYJnhJmD9NlJxBh	hard rock
QJqLVmzO7vUNiOb1	indie pop,singer-songwriter
QJt9T1Nwp7K6jyTY	shoegaze,electronic,ambient,dream pop,glitch
QJxkFMMBN0wHzRfc	folk,experimental,folktronica
QJyGLqnO4Eyl6aCE	indie rock,rock
QK5cs2NnhKsZmUl3	disco,pop,pop
QKr8XSWlnSOVuuGC	rock,alternative rock
QLYLxLhsi9SJW3Md	progressive rock,alternative rock
QLiy0orzciG3XQIk	indie rock,post-rock
QMm5mQvpSrqR4vAJ	hip hop
QNXKBbzvjl1J7NJ8	psychedelic rock,rock
QNohIgn9wRUuZZAK	classical,violin,electronic,electronica,violin,electronic
QOjpOTr8e83n48lz	new wave,synthpop,pop,new wave,synthpop
QOry6PaML7fWQaV8	soul,pop,soul,pop
QOw3afPIA0ToRZqM	pop,pop,classic rock,rock
QP8XrlwWI6wNxRpR	pop
QPUDzhEyi0Igak0d	death metal,metal
QQuw3c4Wu34pEcEl	gothic metal,symphonic metal
QRN0CrtTAlIsfdxl	folk,classic rock,rock
QRxbGB2vWDsCW6er	mpb,samba
QSDvM1oXOU0Yej4f	hardcore,electronic,hard rock,metalcore,emocore
QTKXRRozTjUJOJwA	lo-fi,ambient,indie folk
QTruQtAjMs3xsDzO	blues
QTxf0P1qd3Dsrc5D	alternative rock,rock,christian rock,post-grunge
QTyXDJe4voGd0WJG	edm
QTzoty1UtIsiQsks	soundtrack
QUvC9A2hreqWGuGm	swing,samba,pagode
QV8eHnGJbcXNp3An	metalcore,groove metal,metal,thrash metal,death metal
QVdmB8avqicnC9xg	latin
QVuZQ2BOlobSEJ0g	jazz fusion,jazz
QW1LZPfBgLQaI7cz	lo-fi,new wave,jangle pop
QWTxAo4irYkNas9E	pop
QX9UYcKSERHdp1YT	rock,emo,emocore,progressive rock,post-hardcore
QXEAJxLN4DSxWMYx	post-hardcore
QXVHDka2XilMo2wh	rock
QXi0fJAoupiPybm1	rock,alternative rock
QXiMCUHvnpfcZEFg	indie rock,indie rock
QY80YrEUsMQxiwwa	pop
QZ8XBzsVdLGKfZ4R	thrash metal,metal
QZP45Jz2nT7D0CPt	funk
QZQXcZp8CaeNRjsw	k-pop,rock,pop rock,k-pop
QZcvLrIyQ8lUHn6r	pop punk,rock,alternative rock
QZpD2qNTlTJYOcjR	samba,mpb
QbpblikftQXExI6A	punk,emo
Qc2Hb6CGjopHaEZv	pop
Qcen4n8BJPqUc1NR	metalcore,metal,screamo,emocore
Qcf6JlfEQ6BDwV85	thrash metal
QcoCbyve5S025Eox	rock,alternative rock,hard rock
Qd3KhZKoy1JyWGBs	noise,industrial,industrial rock,industrial,industrial rock,electronic
QdXlbqjwbM6KICSb	rock,indie rock,alternative rock
QdyAI7TQPcwb40cu	rock,comedy
Qeq6wpAJPSXhjqUY	progressive metal
QeqyElQVdlkYKM70	pop
QfUglc6m1JIYhXRH	rock,punk
QgzdSogkJ0dJPgwP	soul,jazz,blues,pop
Qh0B322iktNfQaHT	pop,electronic,indie pop,pop,electronic,indie pop
Qh6N463vHzOR06Mv	anthem
QhjbEeYnPBhUScon	pop,pop rock,disney
Qhna4dOpQlHwdnFY	pop
QiAfI1Y5zJxCdxe5	folk,singer-songwriter
Qj2KVUAFtIHhx3lV	soundtrack
QjF3jJbOEKZzYTsr	power pop
QjqK21xuQ54Je4zc	reggae,reggae,ska
QjxUmiXnnXxYDt72	jazz
QkLubwzXbEpKWmae	jazz,bebop,cool jazz
QkORhJnJc22BJzj3	rock,post-hardcore,hardcore
Qkqwky7f3NOcasmE	classic rock,rock,british invasion
QkrGd5J0jY1vvB6S	soul,classic rock,classic rock,rock,blues
Ql6zY7ZpXjvcBAfY	pop,folk
QlBKRgDwuzN5MQs2	singer-songwriter,folk,rock
QlCzkGwH8QKzyRlE	nu metal
Qm0Jh38RJOxQqc1W	alternative rock,rock,hard rock
Qmm2IgIopoCDruvz	folk,singer-songwriter
Qmypm0wJImrkfDAv	ambient,singer-songwriter
QnHbbx3VrFJ257Bx	indie rock,rock
QnPDB3xTKyUib6FJ	black metal,swedish black metal
QoFpZ6TsWnq8aC8H	classic rock,rock,british invasion,classic rock,rock
QoULqlxpfceyKZSS	jazz
Qodw9Or2M9V4e9Hq	latin pop,soundtrack,pop,latin
QoeX1MwJMwoUuBFX	hip hop,alternative hip hop
Qofw5Unfj5V4iOeq	thrash metal,death metal
QompUceb0s9naHPZ	house,eurodance
QpILTNUtcoMKKGZY	punk,rock,hardcore,melodic hardcore,hardcore punk
QpIYSh52kM15AgX3	indie pop,indie rock,pop
QptAS6T1NfTrUgJl	metalcore,metal,metalcore,metal,melodic death metal
Qq0BNBj4q9Fc141o	rock
QqO36KRoawTTRbn3	k-pop,j-pop,pop,electronic
QqgHteWrUjBA8lXE	electropop
Qr9bNB5XkclVCHpZ	pop,house
QrYHI8mIRbyo7SaY	post-metal,doom metal
Qryp9GcFr3qcCDJD	electropop,synthpop,disco,synthpop,electronic
Qt2K4v72FoqrtJng	funk,soul
Qtg7qg9xLrWN3qZv	pop
QwQRg7R27Onc6MTU	thrash metal,metal
QweyLv6rMxgvinLs	technical death metal,death metal
QwhSD4d768EcMtFR	experimental
QwnBAMzVfAqIMbBA	singer-songwriter,folk
QxIYURiSnZjMhXmL	electronic,rock
Qy1TWwgrgJxwdpu1	post-punk
QycpcFX49WS6camV	shoegaze,dream pop
QyhkfWJrYsOJDYvI	rap
QyzfHiDhy1iq86ho	brega
Qz65G7h6WO0F1Zlu	rock,hard rock
QzIpVi163R76dQuq	metalcore,alternative metal,metal,metalcore,melodic metalcore
QzZtDEQVLiaEr3wa	pop
R0WmdVS28WVvjG2r	rap,hip hop,experimental hip hop
R0xkn6XCIvpT37z0	steampunk,industrial,gothic rock
R1KoNU6JCa3egJq6	pop
R1ekRqv74Skiu8Wy	eurovision
R1hPcWpaXZByUoE9	metalcore
R1hvuOiPuvjmfNu2	latin,rock en espanol
R1qJBD80vL2nmJ7w	forro,forro,mpb
R2NG3xqOpK7aStMZ	experimental,glam rock,electronic
R2l1g00z4vPDVKmN	garage rock
R39QtDM2H3zW2yKQ	hard rock,hard rock
R40p1IMdzyARRuhi	folk,mpb
R4VMVAxVOAEWBjgg	britpop,rock
R4juORcJIxBmP0AE	pop
R4sm1zJ8iX6ybmRE	rock
R4tSpxxBs7lcCeQd	classic rock,rock
R5RjYZZSYeNCXXWL	post-punk,psychedelic rock,ambient
R5q9Qt9b7E4TxMFS	rock,alternative rock
R6GngKj4w5gPISet	synthpop,lo-fi
R6Ocdq5dZykZHz9S	pop
R6TpzhV8LTiHe5ii	electronic
R73XiLEKVA7gs36b	punk,rock,punk
R7DycdPXt0Ucdsgm	horrorcore,rap
R7EXRQdXkfGGvxTW	black metal,symphonic black metal,norwegian black metal
R7FbN556rUJEKJRA	grunge,rock
R7YoNBbJYL3MAPKI	pop
R7mHO1abXUQv5aSs	garage rock,rock,alternative rock
R8DYebOMfwhzsS1t	soul,funk
R8eBBwgcjxKgJaBK	latin
R9SJkEXvd0WRYa95	soul
RA3f8ByMeM6EdHpo	mpb,folk
RAL9I7IQ8cstSeTt	pop,latin
RAW7LvLH7WXbrVS5	new wave,post-punk,rock
RAevVHOFlOPFyOBR	pop,electropop
RAp6vEnREc66lXxU	folk
RAvwEuerESZjWx0P	comedy
RBganCZTcS9wOc96	pop,pop,pop rock
RBk0ZKJR1yrNzjGY	house,progressive house
RBx86ASeFzcUIBTi	country
RCEtPqtfCg0R4aMB	rock
RCGLlYCigkopKd7D	alternative rock,space rock
RCm0SG7RKsvgMLTg	metal,gothic metal,symphonic metal
REUvCoOzi7XesygS	folk,singer-songwriter
REibdfIo5AYBPuiM	experimental,experimental,electronic
RF8hmPNXXsXhLrOy	alternative rock,rock
RFhWUIoHcPtayAKI	electronic,downtempo,electronic
RFtPG6Of9ydFoamm	indie rock,punk
RGOdMWYbtFWWH9Fe	rock,emocore,emo,rock,emo
RGiQQ9RNRlsSH27L	soundtrack,classical,soundtrack
RH8IT2pTFZGnGo12	hard rock,rock,hard rock,classic rock,rock
RIUZHxyx6hpJ8H0Y	rock,classic rock,classic rock,rock
RIiuxx9W9nBXSkYf	britpop
RJlV6LdWhXHWZk4w	thrash metal,metal,speed metal
RK4xxzzuWIpgn88M	technical death metal,death metal
RKTIXT1byTIFyY6y	punk,rock
RLHbq9UXd6cof8Hs	electronic,techno,ambient,electronica
RLRJMPZQZCi4FmVD	rap
RLcDknkzDHtcxtMH	rock,pop
RLjniJEpmhGFbhON	dream pop,synthpop
RMbq7XtxkfKRZQNd	rock,punk,pop punk
RMzh7SW74mBhm7X7	electronic,noise pop,lo-fi,experimental
RNVSPP65D7O9hYpU	rock,classic rock,soft rock
RPaNqk96D5evngJO	singer-songwriter
RQ8hKxXxpXHI7MPU	soul
RQMBz83vnn0zev3k	black metal,swedish black metal,metal
RQQ2fQqrvyHVqSUW	deathcore,deathcore,beatdown,hardcore
RQaJVHmmWVZt2QRJ	witch house,electronica,witch house,electronic,shoegaze
RQwGEZSIpOTJHeh2	pop punk,garage rock
RRJlddAtuBMWrXlp	classic rock,hard rock,rock
RRZEwA4gez2F70f7	melodic death metal
RReh111JKKzAfr7W	shoegaze,noise rock
RSWxhJX0aN0JMdb7	post-hardcore,hardcore,melodic hardcore
RSijdgCp2HPGn7US	synthpop,chillwave,future funk
RUSjTLvdc0kIDDbr	electronic,new wave,experimental,dancehall
RUiYg3xsTuXK20bk	electronic,synthpop
RV8zH9AHgyco2fIA	rock,hard rock,freestyle,pop
RVOfT6vAXb8q5glq	soul,funk,rock
RVS07gUYLN9Zx8EZ	post-rock
RW7GYqWmJ03Z7F3t	hip hop
RW8AiqCn5s21WuAS	anarcho-punk,punk
RWPNGCx0yZ3cvtE2	electroclash,electronic,electro,house
RWr04oYzjtt3IzOx	thrash metal,metal
RX18FoCVdqSCHfbf	alternative metal,metalcore,melodic metalcore
RXAAUWtovzjsQgaL	house,deep house,electronic,techno
RXZjOFdmOqAXUECy	indietronica,indie rock
RXr0xxmmtklL4gg5	thrash metal
RYFEicGhuPKxtPGk	rap,hip hop
RYKsu50DUatGzAPI	ambient
RYVe3W02M4Dogfey	rock,britpop,alternative rock
RZfyqLzAzja347dq	punk,garage rock,rock,classic rock
RaTUGTF0qs8GQBVZ	rock,indie rock
RaZ8NP7hH86Z8Pne	post-punk,garage rock,indie rock,post-punk,garage rock,noise rock
RaqrNETn1TQCK5EI	easy listening,rock
RazI5H7URnCHa2qw	soul,disco
RbBT6lQ8UPLxRKWu	rock,funk
Rbo1rvmuP6MkT8RN	rock,classic rock
RbsSjxJ4U3DY6lIJ	grindcore,death metal,grindcore,death metal
RcD8RaqiCRghZt35	punk,rock,classic rock
RcJmVGZs1HfXb5Er	rock,indie folk,folk
Rcee0YV4RP1gFHoy	pop
RdIb9JxJD3y86vk1	post-punk,post-punk
RdTvz5fJqJrc5NOr	rock,hard rock,rock,hard rock,classic rock
ReIqbhXoCgTouwu1	indie rock,indie folk
Reb1b18EqQYzGkAC	power metal,symphonic metal,metal
RfTygqam2DwXnIRa	pop,electronic,pop,electronic
RgMvvqtVBcMbvqpy	mathcore,hardcore,chaotic hardcore,metalcore
RhkBVdb2oO7LbvUy	funk,rock,soul
RhqSQmn86EN0Mt3I	progressive trance,deep progressive trance
Rhrzyuc1SFVHn9GE	pop
RhtURb4V1dcIcAlq	classic rock,singer-songwriter,rock
Ri0k5sbVj8akYI3c	soul,pop
Ri8pB9nUw6QBqLNS	pop,soul,electronic
RiRWaDVNCwPTNYeF	rock,classic rock
RjUEWwMTgRIMS7A5	lo-fi,beats
RjY12DCcu6IbdcuN	reggae
Rjop8rDOyRz1qUiI	doom metal,stoner metal,doom metal,stoner metal
Rjpy8DWqNRoA5RIj	metalcore,progressive metalcore,metalcore,mathcore,hardcore
RkOdR088qNiym0LX	riot grrrl,rock
Rl8DQpVNvjrAIK7i	hard rock,metal,rock,nu metal
RlpTemziQOUIxOpd	depressive black metal,depressive black metal,black metal
RmMSHhTryKoZYEjZ	classic rock,hard rock,rock
Rmb5iEvHvg5tekV9	downtempo
Rn2Fk3zmYtMzNBd0	pop,pop rock
RnuaBpCdoNQJZGTT	new wave,synthpop,electronic
Ro9aqTmrmHL8Sd3D	rap,neo soul
Rog9ECe3KPl7DZkB	pop,new wave,glam rock
RoplqBUdch3yk9j4	pop
RpAr9yNbksNUg1Of	pop rock
Rps7HKymrt7wwiYK	pop
RqJoFYxZSCiplWeT	country
RrJJbY5F15nnf77b	metalcore,progressive metal,groove metal,progressive metalcore
RrPVUX9k4PU530wB	pop
RskAO4RS8WtAxqfs	experimental,soul,violin
RttK2ruJO1pCJ7wb	melodic death metal,screamo
Rtwo5JVPKtmzqJr3	pop
Ru2HLZWXSN6p4SWI	pop
RvQrSnKN14QMcTm2	alternative rock,rock,punk
RvWOxTurV3lrVGQw	pop,motown
RvfnoZoz9UJHU6IA	rap,hip hop
RvsdEASH4XMxZCK8	punk,rock,j-pop
RwPAbyRk1s43J9uz	mpb
RwlcvAexYnM5JTMa	progressive rock,classic rock,folk rock
RwqhZ1j3ivqxDXIp	post-rock,ambient,electronic
RxIBDBUrf3RMGBOC	soft rock,pop,rock,progressive rock
RxgANc78Ch3wIGVi	latin
RyRRCkzbQtzvZMHX	electropop,synthpop
RzXzJEREmADsh0HZ	rock
RzYY6lAYs5WL6tH5	pop,singer-songwriter
S0IASVtwLrYZEhvM	lo-fi,beats,lo-fi,beats
S0YzKr4bBulRgx4d	folk,indie pop
S0apnPI33OBv9TJq	soul,jazz
S1eNVvl9eSbVHoZK	folk,singer-songwriter
S1fjf8VznYFUFom2	symphonic metal
S1l0MiYyZviXnvnx	mpb,pop
S25zQb42FLLks5pt	metalcore,progressive metalcore
S2KZSv5xwYwHFm3S	motown,soul
S2P8vMEzPY4Mctau	singer-songwriter,pop,indie pop
S2eV3ik4P84GxFnY	hardcore,hardcore punk,grindcore,hardcore
S3Xqv2iStI1VpZjT	pop punk,rock,alternative rock,emo,pop rock
S3m3Wdr7VdVKmgPj	experimental,folk,freak folk
S4GRXVFinDlLO46O	alternative rock,rock,pop punk,pop rock
S4SEVtZtXgJXFBRZ	classic rock,rock,hard rock
S5IRStik9QcZnB9e	pop
S6AUvWRKGNTnbOcV	progressive rock,rock
S6P4KXoBNlQ62xIW	electronic
S7pvaD40pSMsfPFR	chanson
S9308UHgwsHlHkt7	progressive metal,djent,progressive metal,djent
S9BmZKaZ8NC9NikU	folk
S9WnnETMpWoeq2EH	shoegaze,lo-fi
S9nYbv2tAhL0IMpy	rock,pop punk,alternative rock,pop rock
S9sZwU4SLhYpzjBn	rock,hard rock,alternative metal,metal
SAb0geK8BkCctKLw	shoegaze,j-pop
SBC97jS80fai3cuo	math rock,progressive rock,alternative rock,indie rock
SBKmHVxbm5L04SQW	hip hop,rap
SBe7NNVqlGYWQMrz	latin pop,pop
SCH7pVPFZ8yFEWbE	pop
SCU8jOAQkPveucE5	soul
SCYbyeGQ4yiO9bPk	classic rock,pop
SChBVyATqfByWFXV	synthpop,indie pop,alternative rock,new wave
SD1D4f4yffuwQMgw	electronic
SD24qbtH2KjlUgky	medieval,neoclassical,neofolk
SDoi3rmOjzRQx7Bk	thrash metal,metal,speed metal
SE5Y9jrMsXeJBy94	dream pop,dream pop,shoegaze
SEgS5OHAhzvpnxtD	rock,hardcore,alternative rock,rock,hardcore
SF2XqpZQYN3Uh5yY	indie pop
SFTs6op11EkTAKbt	symphonic metal,symphonic metal,gothic metal
SFc491eZl7BxSTUu	mpb,experimental,rock
SFkkx01Wdd5nX5Mh	progressive metalcore,metalcore
SFqJiSH8oXwtGJ0G	soul
SGXVsMOgqEg7tUxp	horror punk,horror punk,punk
SGZLkwwd0wHF6LBH	psychedelic rock,hard rock
SH9y8o4MaMdekCcS	industrial,industrial metal,industrial rock
SHMsui4j314tq4Sj	k-pop
SHfUGRrXFJyYg5cX	pop,electronic
SHoRr4pH9n7iM8Z7	rock,punk,pop
SJb1jkcxuZEka8W8	deep house,house
SKJISbdIcC9S8w4c	classic rock,singer-songwriter,rock
SKoOVBWE55peJjb5	rap,hip hop
SLJt7fthFd7JY4VN	pop,singer-songwriter
SLMm4hSPBChYpw4q	avant-garde,atmospheric black metal
SMAInbrQC5zl6AhM	eurodance,electronic,pop
SMBaVnO7ABbYsGSQ	shoegaze,indie rock
SMCg403fHrmMXvXm	pop punk
SMggKcf59wUwsb4o	punk
SMoQJct8kXpHFjOa	indie rock,lo-fi
SMtoWRrmNRfLziDw	soul
SMwz3itNzeCS8vKZ	indie rock,rock,funk,experimental,freak folk
SN5hL2jdF0YyNkUe	reggae,roots reggae,reggae,roots reggae
SNrda5weLDBO3j8E	hardcore,hardcore,screamo,hardcore punk
SOVDnGPlKa1f7BDy	pop
SOfE3shORVHwD05M	pop
SOwBLydDs3AGgVck	soul,motown
SPWguBXb4534gHLQ	rap
SPYw8Ja3OPmdOrp1	shoegaze,shoegaze,dream pop,post-punk
SPvtz7byC3GH5GgW	electronic
SQMJzhJarhPJ1mFQ	folk,folk rock
SQa8i65EQTVfw8Ah	electronic,electropop,synthpop
SQy4fzFwn77U7mkV	post-hardcore,rock,post-hardcore
SR5GYmfvhKlhbNJV	post-rock,post-rock
SRDjDD3R5ZUi8Bny	dream pop,indie pop,shoegaze
SRcD09CFX1Tgw1Q6	rock,punk,electronica
STJAqagnYA9ppjdM	rock,indie rock
STgw4czOW04jrNzQ	grunge,grunge,alternative rock,rock
STzwWkG53NAFSVGU	pop,indie pop
SULTDW8mmlWwCwO1	pop
SV9PuBIvOjql6z19	experimental,electronic
SVNQhWwaQoABrefs	hard rock
SVS9afwtPRH9SGGm	alternative metal
SVpllV9EukTNIrCS	progressive metal,technical death metal,death metal
SWPd7eSex7B4my7L	chiptune,power pop,shoegaze,indie rock
SWqU7uL2Yt67grsi	pop,motown
SWsOaBS2KxwKzjub	indie pop,indie rock
SXNcBeS3ga5UPdWE	post-punk,garage punk
SXfpzcKdnapTKH0L	experimental,electronic
SXz8wEnJvIm7EQVU	mpb
SZ22kPG83GnzIEbC	metal,nu metal,alternative metal,rock
SZD93zkwR7zJGGxe	funk,soul
SZUUM2UGAdZ9EuTb	classic rock,blues,rock
Sa2oqDDMy5VF0CU6	folk,singer-songwriter,folk,singer-songwriter
Sazd8G63L2f8mHk7	soul
SbXwF9AG14kXrseu	electronic,experimental
Sci3BRUIhSa2S6zl	hard rock,blues
Sd46Sj6CeWAbLfPm	j-pop,pop,singer-songwriter
SdHiAuQAxeAl2hBy	soul
SdVEIjU4rmk1sfyj	soul
SdbILbM8HMHh1TOw	pop,soul,electronic
Sde8iLredx6rZVlj	pop
Se9KDiwbDwmSEBKh	folk,singer-songwriter,classic rock,rock
SfIytf6kzxoMviFJ	salsa,latin
SftQVLG79tz9AyGH	pop
Sfxvi1O7PvBj2ghx	classic rock,rock,british invasion
SgF1Kj5AzNob4NO2	trip hop
SgNIULCwBB93GksG	post-punk,shoegaze
SgXZpqKhSTLR5AC1	bubblegum pop,pop,electronic,experimental
Sh3hvmFqsz1u3B7c	gothic metal,symphonic metal
Sh4i6d5srt7ByEck	post-punk
ShQbYzolRWEUTjvK	pop
ShiGVUyfJb4SrOpw	country,folk
SiPG9IuBH8pQL4OL	indietronica,funk
SifZfAZeaSlF54AE	lo-fi,indie rock
SjFQpc3FyFbLPN9J	rap
SjIxLlcFLLN9bJaj	country,pop
SjTO6cS6esdwkbiX	pop
SkGDmL2s1CwEYXGY	rock,funk,alternative rock
SkZTMIEZbbrElKCO	electronic,ambient,electronica,synthpop,electronic,synthpop
Sl6PiFUmG3ZAqKQn	drum and bass,chillstep
SlHGm9vC7hUtVljJ	progressive rock,classic rock,rock
SlR7IisNKFEIEwgS	rock,progressive rock,classic rock,pop
Sm1jSliVpRGf42ka	funk,acid jazz,electronic,pop,jazz
Sm5T93ReOlYjxhU8	celtic,new age,celtic
SmOW49nKa5lSyh7n	blues,southern rock
SmSqvwbSstgJu1E4	rock
SmcAW9IpuWnxS9v8	folk,chamber pop
Smp4ugSBLCFVX2zF	metalcore,metal,melodic death metal,death metal
SmqLKVQdl6929LXt	gothic metal,symphonic metal
SnO8z6CNLIBqi5ZJ	rock,mpb,pop
SnOkqLzkiIHo21D7	hardcore,emo,alternative rock,emocore,post-hardcore,screamo
SnrC3bsqPqpM5FxQ	indie pop,pop,spanish indie pop
So4AM4GUjJJnBkBK	pop,pop rock,country pop
So7mWWAmQ04PDWdQ	punk,punk,post-punk
So9VkHvWUHr3xTko	hardcore,metalcore,mathcore,post-hardcore
SoAB4CgvziC0u5sw	soul
Sp3mZLAsLxAKPry5	post-punk
SpQWnv7WtkinCnfD	pop
SpdNbaDDiDboqELy	indie rock
Sq4N6tgAJ7kxaqEC	hardcore punk,punk,hardcore,punk,hardcore punk
SqDLEUVp5cp9y01L	pop chileno
SqN89wAtkzaLtFqu	singer-songwriter,rock
SqPg5jnGa6IQS4Np	rock,classic rock,progressive rock
SqUvZds7IilMSNae	indie rock
SqgPvFQAQGajRcs6	classic rock,rock,soft rock,folk
SqzXbYFohPo79jvl	samba
SrTsckVQkMALKDCf	motown,soul
SsrBG7aNB51laZ36	folk,singer-songwriter,rock
StK3YBEGBQXG95Nv	post-hardcore,punk
Ste08cqo9WeTmrz5	pop,indie pop,electronic,pop,electronic,indie pop
StjywC3BNK6ZQXRy	trip hop
Su1CX9btXIQzVWUY	lo-fi,bedroom pop
Su22ADSewBqMLTl0	hardcore,alternative rock,punk,indie rock,post-hardcore
SuHMwd8jJ1zrKYrn	blues,rock,singer-songwriter
SuHzRtUt2kNGc4nq	ambient,soundtrack
SuXDpLCodeK8G6lH	rap
Sui4UkxqCn3z4n2Q	pop,singer-songwriter
SuzNf2wNN0fBJi6r	rock,christian rock
Sv60txNBPDBsiDES	symphonic metal,gothic metal,symphonic metal,gothic metal
Sv9BfyAg0QruRYiN	post-hardcore,punk,post-punk
SwZTe2F3YvXKP0OH	black metal,symphonic black metal,norwegian black metal,metal
Swau2orUE67EZixD	jump blues
SwfTXycH9c6dbovL	vocaloid
SwhMHZyhW6K0rIJZ	post-hardcore
SwrhmeIbeyPDd6vl	bossa nova,mpb
Sx9SCQLsgQyY3BmP	latin
SxDdfO2ZHDbQAy5n	electronic,ambient,electronica,techno
SxEQYkZ0ZAreDrng	electronic,techno,big beat,electronica
SxvwAdBcIOZeQC5Z	rock,blues,rock,blues,singer-songwriter
Sy1c0aSWZLmV8l13	singer-songwriter,indie folk,folk
SyU7MomFOxuoSm6f	pop
SygXSdX0XHCL1OTf	electronic,wonky,glitch hop
SyrnvqdbyZppkQ2L	melodic hardcore,post-hardcore,hardcore,screamo
SyxtslVnJ6gHVw9P	rock,glam rock,mpb
SzMF7AqzwXB0O42u	melodic death metal,death metal,metal,swedish metal
Szw8fQLuMZImkhJ2	alternative rock,rock,emo
T1PKsndU5IH51KSd	hip hop,pop
T2Vw3YtGWRyKIU2O	folk
T2pFonfIA8B2ra8p	noise rock
T30v8YmoK2XrM41V	rock,punk,pop
T4cmehm0aALjsXsY	pop
T4jmoWBXQyyEiDez	hard rock,alternative metal,metalcore,metal
T5OzjBq35RFWb02Y	rap,hip hop,electronic
T5Vtg6SauyU0PBFJ	atmospheric black metal,depressive black metal,black metal,ambient,dark ambient
T5gPNlHkBeWKJ9zL	alternative metal,metal,rock,alternative rock
T5xSdCB7Eih2ho57	dream pop
T6UHxVPe53Yc1yqB	black metal,melodic black metal,melodic death metal,death metal
T6hl21IpYKTaj2Bj	reggaeton,latin,reggaeton,latin
T6krVA0s4LVnTyT3	metal,mathcore
T7AbxjVaHHQv1sTl	pop,soul
T8ViuInpQW52pOwZ	reggae
T8Zo0zYb2NXIOuLN	pop
T8vLnvenHpGrbj4V	indie rock,rock
T9vQ6i8ijJXw3ziE	indie rock,new wave
TA0exJIfDG8RFUeb	techno
TAHEorKPthNFcphP	indie rock,garage rock,rock,alternative rock
TAMnNPdUxK5ORdmw	indie pop,jazz fusion,synthpop
TBGZlI4Wy3iqw1cl	soul,pop
TBOGJ93iqLBPyYQG	industrial,electronic
TBfBUWjNk8hLKArj	death metal,technical death metal,brutal death metal
TBmFJSpylv5GBn1E	emo,indie rock,math rock
TBpLrjCpvVvnQmjv	alternative metal,metal,rock,nu metal
TBxiymqOXt4jM2xd	pop
TCYGAcBKbd59EvAY	alternative rock,rock,grunge
TCqJF2Gy33tHHRVl	indie pop,dream pop,indie rock,lo-fi
TCqgUgltDckVstiq	folk
TD2xLmy1XGOuXPt4	rock,pop,indie pop
TDGGW5hElAh6xXXi	classical
TEnAcMdffxfWONyl	psychedelic rock
TEyFkXfGa3tL7Ual	pop,soul
TFBoNslYRCMIYQCK	electronic
TG2tmrdkIJ5VoQv8	indie rock
TGNUOmJr65DdLuDM	rock,classic rock,pop,progressive rock,classic rock,rock
TGhfapQKwpoybrG2	pop,eurovision,pop,eurovision
TH2xzKYRwDvQ6pWe	funk,alternative rock,experimental
THHxnNrbgtiw2vCE	rock,alternative rock,indie rock
THXOelCzO6ivoYKC	rap
THm0rFBezNfEdiVR	electronica,vocaloid
THtczQxHgtXpnea3	soul,neo soul
TIDAYplHydmOIiMl	pop,rock
TIesySrXwnptkX8P	post-rock,post-metal
TJMaNQgEywcFvuWI	sertanejo
TJVr2MhTChfTRkgN	alternative rock,rock
TJhTD4Sg9KBYoiqL	pop rock,rock,pop
TJo8cvDRfLSBiqhp	hard rock,rock,post-grunge,alternative rock,hard rock,rock,alternative rock
TK8y1ZhrOsriWSvV	mpb
TKW9JsX2PTdKnnhu	singer-songwriter
TKsySf2nFm4UV1cK	pop,funk,rap
TL01QP9uqqbomtNv	progressive rock,rock,progressive rock,rock,classic rock
TLdJnDvY0nqWwxba	jazz
TMGYMqGixsc1mwDn	pop
TMbxAizHV4p2jY80	electronic,ambient,electronica,ambient,electronic
TNAiWEBweQSLEdAo	rock,surf music,singer-songwriter,folk
TNBg5W535z2TZsY8	rock,pop
TNmRIy0FdIN4zeBs	electronic,electronica
TNme1QrU17IHBRsE	metalcore,christian metal,metalcore,hardcore
TO3azVGTDCEgrBnP	dream pop
TOTiGiL4qATx6qyl	singer-songwriter
TOalXjVhNNjBSwPM	post-rock,shoegaze,folk,neofolk
TOs4ZdXqH9ZWXkxn	punk,ska,ska punk,punk,ska punk,ska
TOxvK0xd8hE0c69I	rock
TOyKvuQsBXKmNvOE	rock
TPJVqovicPGJBkqv	dream pop,lo-fi,bedroom pop
TPirKyQRxzEPt278	ambient,rock
TPp565vc2MUiyTXa	classic rock,rock,pop
TQLZ161VRQbgepNb	folk,pop,folk,soul,rock
TQZdrxnNn4jTVBZO	k-pop,pop
TQn7uRhSb1rqraa9	rock gaucho,rock,rock,brazilian rock
TRoD4iRNca730tgF	soul
TS6wSkB1kqQhmjUy	singer-songwriter,pop
TSSzjWf1UkfML04w	pop
TSrIAMKnVw6mELoo	mpb,forro,mpb
TSxRF5jWjN6ahj6t	technical death metal,death metal,brutal death metal
TT1X2okInUBT7Kd1	indie rock,rock,electronic
TTNcE1H5jqNdz8pE	indie rock,alternative rock,rock
TTdPbfkpVX4ERufX	singer-songwriter
TV4UmZATQ7zW0cPP	dubstep,drum and bass
TV5fNgqohTLH5tw6	stoner rock,hard rock
TVRFBgmM41Q8aj4D	progressive rock,classic rock,rock
TVr4f7r5mpq8VvGR	pop,k-pop
TWss1TaS2uNhzPMM	worship,gospel,praise
TXePExBjyIlw1DDI	rap,hip hop
TXgz765tZAJGubJW	indie rock
TXhpzkpvGPdl1PvK	soundtrack
TXrqYbsVeHnfS5AV	progressive rock,art rock,progressive rock,art rock,classic rock
TYEzmgqrZ9HdJUik	funk,mpb
TYLKXnRVII9sD38v	rock,new wave,classic rock
TZ0NRZUo1zC8CU4W	pop,brazilian rock,pop rock,rock nacional
TZWeFyX5kiLYaDvj	power metal
TZg5CTvsBzSbKdOF	rap
TaeREveB9GcfykCB	rock,alternative rock
TalAnTkxEBVyvz3y	indie rock,post-punk
Tas1WRzpg4eft5hH	mpb,folk,rock
TbMkaocInjhHZWQq	hip hop,rap
TcCRGCw2FOwhR7B8	post-punk,shoegaze,alternative rock,post-punk,shoegaze
TcjwQSLwWGqWiShQ	punk,rock
Td8bA1c5JCb9ERxr	indie rock,alternative rock,rock
TeQlMOFasXOSIfot	post-hardcore,screamo,experimental
TekgxNxoges1rWCc	soul
Tg3jdFYty7UNSpuy	ambient
TgVareh63p2MLASF	rap
TgabLRP7tnvXnhcv	uk garage,electronic
ThboZZqr7dbYhJR1	electronic,eurodance,techno,trance
Ti2PgYB3yXVdLa5s	gothic rock
Tisab4a4jgw5kVgq	folk,singer-songwriter,classic rock
Tj7tHraP3IJiu8lS	metal,rock,metalcore,metalcore,thrash metal,metal
TjYVqSwVlXfNgiJd	contemporary classical,ambient,neoclassical
TjffS3yArACEcine	downtempo
TkRj5yFEV29vzLvx	industrial,industrial rock,rock,industrial,industrial rock,electronic
TlBFDpOo9d9QySF4	electronic,experimental
TlWFmUie00fHMqDU	pop
Tm8OVxgH4HiZql8u	electronic
TmgtWNVEax3fqvIt	house,electronic,trance
TnYpe8MF6wcLpCQD	rock,stoner rock,alternative rock
TnqohCfkA5LUV0JU	metalcore,metal,melodic death metal,hardcore
To6fdrdWjvwQ5coC	electronic,soundtrack,electronic,house
TotL7aNf22YrXexy	rock,metal,hard rock
Tp8JY3ZztaDiZix0	easy listening,singer-songwriter
TpV9ARHykuXpEDAG	pagode,samba,mpb
TpZOymy2c6RWAdO2	pop,latin
Tq7DQRmbYlX16A8W	pop,singer-songwriter,soundtrack
TqfQLJGD3ycda4Wx	pop,soul
TqgJw8AAVbAqiX8a	rock
TqjilSrQ7VXLr8Qk	southern rock,rock,blues
TrKpUKeNZtWkcxbO	grunge,rock,alternative rock
TrVkNTDDFNbILoSY	nwobhm,metal
TrvDtpV7b6oUFFZQ	pop,electronic
TrvkuACtZPBkEVnF	experimental,post-rock,dream pop,noise rock
TrxDhezdtE5rKRHW	pop,indie pop,pop,pop rock
TsxYPQOCKSCGFjN5	pop
TtXMvJfn274RpS7F	ambient,post-rock
TtvGNOu7IpAOOvs7	rock,pop
Tu4cfccIlOWTQmAA	post-hardcore,metal
TuBvinshhNZgQpYN	electronic
Turi0J2KCkXaiNMO	soul,pop
Tv8PPECwceIokZ5w	indie rock,post-punk,art rock
Tv8QzwjzaNjbT9EU	power pop,indie rock
TvuaVo2nW0DlOgi6	electronic,pop,house,electro house
TwM4lpYdQEiDGoNl	pop,rock
TwRdKxhfWhNRliIc	shoegaze
Tx753bAYLiAo28X8	rock,indie rock
TxQzvCBJbrjDrwSt	jazz
TxirVLQGtdOdeRRb	indietronica,experimental,electronic
Ty0LTxO86mClVyAw	nu metal,hardcore,metalcore,metal,beatdown,rock
Ty6OgF440UYuAJbI	eurovision,pop punk
Tymx7DpcXXTTNNd4	k-pop
U0fKywVjGA8DIWmT	pop punk,alternative rock,alternative metal
U1rxuq7zzWxK5Fpi	drum and bass,liquid funk,electronic
U1t8SOBiu1cMN3PC	electronic
U286162nJUKz251r	indie rock,indie rock
U2Jdc5GIVNaNx5Ri	rap,hip hop
U2gPr5fPWSbW12ip	nu metal,metal,rock,hard rock,nu metal,metal,rock
U2lYU8jPyvd1KCVw	jazz,pop
U34v3cjLToypjPu7	post-hardcore
U3IFzjHI5BY6eruJ	doom metal,metal
U3V3mzrYe7TW20md	disney,pop
U3YFWR1n3PerxCQB	electronic,electropop,electronica
U3fsY4u4EY1LjljU	pop,eurovision
U4FYFE6qwU5UtjEq	rock,punk,alternative rock
U4LRiY4nE9TitYlG	alternative metal,progressive rock,alternative rock,rock
U4YwpTA6eBKQHvvt	electronic
U5KoASP6wwYD7Soc	rock,indie rock,southern rock
U5gQK62oALn2v6PT	smooth jazz,soul
U5zyv3OmtLlUfh20	psychedelic rock,remix
U6Lc1cEzGMzfVAdp	pop
U6OQzeAFDOlUg1Fa	progressive metal,death metal
U6vglOXUiVUQ3jVg	pop,pop nacional
U7OQvBCYHfJD2PRa	abstract
U7fE1rOs3vitZGxc	post-punk,indie rock
U8AnJKUvY9sVKnmX	pop,electronic
U8QmAu5insp2VUSb	turkish rock
U8R9BXBg06FwnJFT	ambient,neoclassical
U99GWh8vhPg07u4T	mpb,latin
U9rkQ5wrcltlPr35	dream pop,indie pop
U9vo5LiEHh7NJiGZ	electronic
UARcip8jzQi1xR03	indie rock
UB1yhCi3zeK8ekIn	pop
UBPAnt80fV1kxmtc	soul,k-pop,jazz
UBVNvC2dmOqWpN0G	rock,emo
UCbm14L6ORpEMt7B	lo-fi,post-punk,experimental,lo-fi
UCqGfppqiktX1E2y	chamber pop
UCtuvJjJA2QZztih	pop,electropop,electronic
UDEAHoPMKuQyQofE	rock
UDGsYrAdUxuK6iJM	punk,ska,dancehall
UDIAKmEH3I9DhSVG	indie pop
UDb8MYNDkrMToclA	new wave,pop
UDk326AjAHeFYpwD	rap,hip hop
UDrB1VnVn8SeWdv7	soundtrack
UEVGGqf79SId0oE4	soundtrack
UEgLXlctUgHpgijb	pop punk,emo,dream pop,indie rock
UFVDrJTnAsWYP6Vw	black metal,norwegian black metal,jazz
UFtJu6lBleIiXhMq	electronic,synthpop,post-punk,experimental
UFwAvz27mnhzu0Wj	progressive metal,progressive rock
UGLBYMkokII0QKRt	black metal,post-black metal,atmospheric black metal
UGtnu5IqlGn5so1r	funk,rock
UGv2AzMfy59JObIs	rock,alternative rock,singer-songwriter
UHYoHRYeB4TRZiOY	pop,pop rock
UHbkjXewyrvQChhx	glam rock
UHeJybo0i6V9LOKn	chillwave
UI36v2mFL3s4aWWg	ambient,electronic,downtempo,electronica
UJIggk4pkwX2PBC6	electronic,pop
UJx8bQqMtGTwTFXT	rock,classic rock
UKErloGqSFfPBqW3	garage rock
UKdBUZu4tI8SW0SQ	post-hardcore,screamo
ULL75tcqagASTwne	death metal,brutal death metal,metal
ULmK8tJ3SRjJvl80	black metal,death metal,metal
UMBqr8q9izuZi2Pf	post-hardcore,rock,ambient,alternative rock
UMQjpF9HLGjhl5Pw	rap
UMi0M65Rhg00vNXY	pop,latin pop,electronica
UN3Aj1HlU6Q7cpC9	indie rock,lo-fi
UNPdpmGa0iWgR6AL	cumbia,latin
UNo8XHQHm0H8asCT	rock,alternative rock,piano rock
UNqH1aIRpBnKLK8p	indie pop,synthpop
UOURAu2AMBQXgHMo	talent show
UOWhonGYRCXtNgRO	gospel
UPDZbB5LWwqGI9oq	electronic,8-bit,new rave,electronica
UPQKNP367R4yN9cB	eurovision
UPk8aawUPzXV2JvB	rock,pop punk,punk
UQXIP8xDym1fHSer	rock,nu metal,alternative rock
UQkcz6dUy3BUaNz8	indie pop,pop
UQlRZBXj9LPU58f7	punk,punk
UR2tfZapr52Zqj8B	folk,latin
UR8oUIwHlvk50QAF	mpb
URtl1H5JqJIyx3Y7	hardcore,hardcore punk,punk
US3ooDeDl1VdZhhn	indie pop,pop
US6vEaphLgxdzaop	melodic death metal,power metal,melodic death metal,power metal
USGvCoUKOcm57r5r	alternative rock,rock,electronic
UTeoYRTQcDKAUMqD	jazz,jazz fusion,funk
UULkg6lhfh2E6qAH	indie pop,pop
UUSLWHt5vppgBRKD	pop
UUdXOtU3eNNKMQHo	progressive metal
UV14MOuLk8hVApu5	death metal,metal,orchestra
UV1l51GI3K1WPBCn	chillstep,dubstep,ambient,electronic
UVBQ56nKCmpTkzf9	rap,rap,hip hop
UVI1BupyVL1Gf8rF	metalcore,hardcore,beatdown,metallic hardcore
UVnmEIUBPN0UNA46	house,electronic,deep house
UVuQ21NbCCexmYsi	pop,pop
UW9g3nxsFahWHWJP	rap,hardcore
UWLo1d8o5EZgA6wl	pop,electronic,indie pop
UXWBFIa5vnBqwIZU	progressive metal,death metal,metal,melodic death metal
UXcs6GKgvyJylXR5	punk,pop punk,orgcore
UY5CIC9wc86MJXZU	dubstep,jungle
UY9g5bJLBENMIZl8	electronic,rock,electronica,pop
UYTAxbKPpfF3fqXB	industrial metal,black metal,industrial black metal,industrial
UYUUYaiS2Ou78TNq	folk,experimental
UYumwPLJl25G5DKs	classical
UZ5THMzOjEWDOucA	funk metal,rap rock
UZEnd6AnZjUSnGES	electronica,house,dubstep,remix,dubstep,glitch hop
UZILBOXRzSaB7nwV	pop
UZOtuTnSW8uJwSME	ambient,ambient,minimal
UZYEa992s9ot9BxL	soundtrack,classical
UZcgZJlW8tzAprSL	indie rock,rock
UZhkt3dL3fLMA0Em	soundtrack
Ua8Lqf4K2idVYuoF	pop,pop
UaAhZ4Q8GvdL0PX1	electronic,electro
UaQk68mAFfTuQmKl	indie pop
UaariH1IILmrElHP	spoken word,screamo,ambient,post-hardcore,post-rock
Uayag3e3HKNtF9hz	mpb,pop rock,pop
UcJNhVWNchgvicfd	folk
UcxwazIiOaDQwx7N	pop
Uczy8XGSSyL5l85B	power metal,speed metal
UdQVT83AOpW3V4kM	k-pop
UdemShLSfECBBUce	beats,lo-fi
UekQixXKqcyMuKiS	soul
Uf6Ms3f3ZwyvFNXE	post-hardcore,progressive rock,post-hardcore,progressive rock
UfPVOniOeqsf8XTn	pop
UfzixtLV34vdbvWB	blues,classic rock,rock,blues,classic rock
Ug0MLGzHfYsDDR5I	hip hop,rap
Ug5JkOar2AMfJkwS	emo
UgsXUNISX6AD5jnU	electronic
Uh9TSdrQta4CrW1a	pop punk,rock
UhKQZQyZu118hOmn	noise,experimental,shoegaze,alternative rock
Uhe09u1TpC3lo89x	electronic
UhfzaNQfBX71FzPo	progressive rock,rock,doom metal
UhhBemxROYQbJM0r	rap
Ujnh5fJ49HuvVpxq	pop,pop
UjoiliEQvJeKba58	pop,pop rock
Uk5NaEfloLrWACqY	gothic metal,doom metal
Ul6VcTcJMTCJxVyq	punk,street punk,hardcore punk,punk
UlMK4pZN2gqS9u0N	krautrock,electronic,ambient
UmDzBGnHsnAS179B	pop,soul
UmdmjyVEBFK5Usbf	progressive rock,psychedelic rock,classic rock,rock
UnSBlXnb8nZ1lq5l	experimental
UnUPS3407BuZfaGw	soul
Uo9JPtyTTWxTVLQ1	ambient,future garage
UoUExbO73LEJHkQy	post-rock,post-metal,progressive rock
UoUOF7Sj916oXLZi	singer-songwriter
UoqWPyXGsXquXP53	alternative rock,rock,pop
Uowmni6gvpAYycFn	electronic
UoxmLNXFFS1n5k7U	singer-songwriter,pop,rock
UpUgWZhPp9JKw1RC	soul,rhythm and blues,blues
UpYOum3iNypkzGUe	indie pop
UpzJl6oGaUQ1j2ch	indie rock,rock
UqJqbYzD9GQkSypU	ambient,art rock,experimental,electronic,ambient,experimental,electronic
UrEvxJVtb6dvTIj2	soul,pop
UrScqV99XpEKvgBw	samba,jazz
UrbTK8HawH3eKXGg	rock,alternative rock,grunge,rock,alternative rock,grunge
UrlrHNpEtMX6z4qv	atmospheric black metal,black metal,dark ambient
UsQQYy8jwDN7FOKO	pop
UsVozVtLCJkWxrUc	death metal
Usia4RUVOeQM5YtA	pop,electronic
Usppprp4thMn6zAc	soul
Usy1B96bUQGLjrjx	classic rock,rock,pop
Ut82g3WK99JM8w1Q	witch house,dubstep,electronic
UtCgFQH0M7cPkidc	jazz,blues
UtTaxshyBhUAAsCj	indie rock
Uu8x8wBwOp5mE9oX	sertanejo
UuHmYC46LcxTJptN	pop
UuRsypDImZHKvl4L	indie rock,alternative rock,rock
UujSMDp5gUMWPv6D	blues,rock
UvGdptFCT3fHbnpf	post-hardcore,melodic hardcore
UvMV15cZSzzGvlJe	dub,reggae
UvaXt6se6oaBOpJT	electronica,post-rock,math rock,electronic
UvvGWYEw4VkvSPBe	metal,hardcore,metalcore,thrash metal
Uw1iDeGqs19i8qH6	psychedelic rock
Uw4FG6kDpdNq3chq	mathcore,death metal,metalcore,djent
UwNjn0hGc5etuEww	death metal,swedish death metal
UwgcEPBJpmAtk8fZ	hip hop
UxD5GLJZuZwH2hos	country,folk
UxaB2FVdnR7IwApj	drum and bass,electronic,breakbeat
Uxtp9VQrOPIyf0o1	rock
UyOmUqLqz6cYNgL2	folk,singer-songwriter
UyXMaspsByTEefaT	pop
Uyaftm9AHsaOXcOl	punk,rock
UyqwIKfoa3Nvb0O1	jazz,rock
Uz2dhECcawPTjjlY	electronic,experimental,downtempo
UzonlzkG9bRhDKTN	gothic metal,symphonic metal,metal,power metal
UzwkkBkgqupa1rnb	electronic
V08y4AUzkqXdtdIs	death metal,technical death metal,brutal death metal,metal
V09A0qNXk9aPa1HQ	alternative rock,rock,progressive rock
V0GNLi901GIS2NMK	post-hardcore,post-hardcore,modern rock
V2ZdRrEjHBfDH4NB	progressive rock,symphonic rock
V2gZMcXmPM2LxutX	noise,hip hop,experimental
V2vA5RTBtmPl4CvF	focus,singer-songwriter,folk
V35uTCmYV21CCTVy	pop,funk
V48yQwisRAss8eB6	pop
V4z0a3t5zCJ5AEbQ	rap,hip hop
V5cDNRj1C5k7sgCB	folk
V5iiETEmlAGsktrP	metalcore,post-hardcore
V5nMNIb3FoPDwJsj	pop,singer-songwriter
V5z2dqM6VORUVaUW	pop
V6ExCTd15bgBM1IS	electronic,synthpop
V6LDT6QJdSX8IOUB	rock,alternative rock
V7FqzLN20jGmG1kJ	rap
V8JngnPdxNaPN4Xb	pop rock,pop
V8iUw2kfEJpyCCty	pop,easy listening,rock
V8obdyehmNDlZuIP	jazz,swing,easy listening
V8tR06OFI9rRMpXh	rock,metal,alternative metal,alternative rock,post-grunge
V9FxqMlQQuPyW4xg	alternative rock,rock,indie rock
V9xZCMOqodcaMBms	pop,electronic
V9ybctLUiOeBiq1N	rock,hard rock
VA5jhgtOxOvM2ifs	classic rock,rock,southern rock
VAGbVYpDCZe8KuYm	nu metal,rock,alternative rock,metal,hard rock
VAHT6rVt7DfxBzhE	post-hardcore
VBIQTyHlzahRvISE	bossa nova,jazz
VBeREebkSJ1oFXY9	indie rock,rock,alternative rock,southern rock
VBf0xJJNsyOPVzbc	metal,nwobhm
VC2TYH8ikohiYvOP	rock,indie rock
VC2zuFtulEdBvxZR	country
VC96BZuLwxZVyKNu	pop
VCtnK3EDSFPawSd7	rock,alternative rock
VCvtBlp2JaXDoHYJ	black metal,atmospheric black metal
VD5sC8Vbck6IgkX3	pop,rock,soft rock
VDEMZWzLAuYbtuox	folk,singer-songwriter
VDd4yepMvv0JgoCv	mpb
VEZkdZg9Tgpd1s22	post-hardcore,alternative rock,emo,indie rock,post-hardcore,emo
VEmWTrLvZHBqvi9F	jazz,soul,pop
VF1RU45FsMfbNhtb	folk
VFKGg5XXpQpbTCgo	jazz
VGHfmeT3G196fp28	hip hop,rap
VHVJlg9f8UnvKJux	techno,electronic,house,deep house
VHapkzIKNII6em3O	k-pop,pop,k-pop
VIha7ZHfbSteIrlQ	pop,electronic
VIknslOJ85ylmtbI	singer-songwriter,folk,folk,singer-songwriter
VJehFK0Q9d2SqDUL	soul,pop
VJhWQtnRhu8NVSuX	rock,classic rock,glam rock
VKIwLN9gtbYSCTSc	soul,funk,rap
VKw3nzd9xylTCBZc	pop
VLGObkVKbKOWW5Ry	post-hardcore,alternative rock,emo,melodic hardcore,post-hardcore,emo,melodic hardcore
VLQI0kdW1BMBOHtR	reggae
VMVA0DhhknA4Q0Dj	progressive metal,progressive rock
VN31GEGK47IAli4Y	rap
VNMuKipkD9OKcbmH	punk,rock
VNavIarDxPTE6VLm	pop
VNpv3Asav2ALH7NR	pop
VOOUpIPgI0zBYdBt	classic rock,rock,progressive rock
VPT4olSly49ZNqlh	k-pop,girl group,pop
VQSUDDIVj2L1U4mb	pop,new wave,rock
VQgq8Wmtur2wj9Zp	progressive rock,hard rock
VQiQfWi5r11JGSYI	experimental,electronic
VR4lH2MoOi4yEOxf	electronic,witch house,electropop,lo-fi,electro
VRaUoCR4d1gKWTPk	pop
VRbp0FJ1Tz5RWB9J	progressive metal,progressive rock
VRvpwgO7xbfUqlEN	technical death metal,death metal
VSsmOKrLPw6MPqZd	pop,pop rock
VSvgdhqiAapsTxex	electronic
VT3mPpvZkjxW3LoZ	experimental,freestyle
VTInm3LmhA96XZCQ	folk,singer-songwriter
VTKlqhhFNVWYX5yx	classical,baroque
VTPZdXAEsuFmDRXj	power pop
VTcg0xrzQQfSBb4Y	classical,orchestra
VURVBtiMUfmKOqWZ	house,electronic,electro house,house,electronic
VUZXrM0WHfN2w986	emo,indie rock,punk
VUnI9XZ8eQvNFxHa	art pop
VV2fjj2YlyTmoXoa	post-hardcore,hardcore,screamo,pop punk
VV48v1pNzBHgy9E7	alternative rock,rock,emo
VWBEQkkxdSt2pxV5	electronic,j-pop,pop
VWhLXV3Khaj1F091	hard rock,classic rock,rock
VWi0TDOiDugPTEhA	hip hop
VWrGCBMDcIXzoGl8	soul,disco,funk
VWrUykeicslfUToY	synthpop,futurepop,electropop
VX7r1VqWjJ2r7NxG	metal
VXP7WP5J5S2GXoZW	jazz,blues
VXfpzId7trQ2uW6t	pop
VYCuFUNsEtDzFp3n	soul,pop
VYPcjZYIHcj9pPL8	rock,classic rock,new wave,pop
VYbISPsWqHO29xaI	rock,emo,alternative rock,pop punk
VZMyDREHEPzdKaQr	soul,soul,jazz
VZSP8RYP8MQbiO9U	pop
VZfMSxAS3d9ZB4Ur	hip hop,alternative hip hop
VZhGCL8OdRxe5YUF	rock,alternative rock
Va3XP9NtYp3wbq4o	j-pop
VapulU9nMVOtKcVy	pop,latin,pop,latin
VawyAqwzKnr0TUGt	gothic metal
Vb75CjToOYjhX1rw	rock,punk
VbXmIoUlIQHuMq2d	hardcore,metal,metalcore,emo,deathcore,screamo
VcQIFXEYksEaSUs5	rock,indie rock
VcmlfBqjLWDEQWtU	black metal,depressive black metal
Vco2SHBO36jGIj8g	grunge,rock,alternative rock
VcxIufj7LKsp3fMB	rap,hip hop,rap,pop
Vd29DezmXIlS6Bzp	country
Vd9XChKIKSjEbqdw	pop
VdBtiCRMwoSXQw64	death metal,metal,technical death metal
VeGRBJgeHwFdtuqC	funk,jazz funk
VeegGr9iYGsNzrW0	progressive metal,progressive rock
VfVsbIDxnEBVizbG	jazz,vocal jazz
VfeOavwmab3va5Zd	pop punk,rock,pop rock
Vfex02ZrRoSkCuap	jazz rap,conscious hip hop
VfsoBIcUHv2qVmL1	classic rock,rock
Vg6KqlcygXFSS7ns	pop
Vghb4BqufmXDlXpL	easy listening,classical
VhGJd1ULpvsii48G	k-pop
VhMlrjDwhpeKqGNK	punk,rock
VhWDau9cWKU6YbKe	power metal,speed metal
VhZivBtS5v0WO0rf	electronic
VhsvhMx5LrCQMcF9	indie pop,indie pop
Vi7t0EQtm2rKoCTS	folk,indie pop,lo-fi,indie rock
ViN25YCLvU4jrjya	lo-fi,beats
VifIUu9Lgm0W2YaC	rock,indie pop,indie rock,dream pop
VjcWHfYXoB29L7RM	nu metal,metal
VlkLhITEkmO9UnIU	post-hardcore,trancecore,screamo
VlyPBH0EpsKX3zWB	post-punk,hardcore punk
Vm5b1SyAdaiTqk0d	electronic
Vm758gFGKwQxydoP	classic rock,rock
VmmkAb0DwU646WYI	hip hop,experimental hip hop,rap
VmuTs5431yNhxVek	soul
VmxxBAFrV9Q9s0Sh	post-rock,math rock
VoB8XsfM4nwSGndF	black metal,viking metal
VoHtMh3XQuGv56mS	folk,baroque pop,classical
VoKCj5LTuo2JVxh5	metalcore,thrash metal,melodic death metal
VoSxpNn6JFWUG9q7	pop,rock
VohpFbg8Ig9C8ieY	j-rock,rock,j-pop
Vp7csx25Xod2eJll	electronica,experimental,avant-garde
VpSMYnDWYN4EC09e	rock
VpaMhb19XEcglAWU	new wave
Vq1DPuvdTYhy93mg	rock,punk,emo,post-hardcore
Vre1Z9chMNxPGjZt	post-punk,hardcore,shoegaze,hardcore punk,hardcore,shoegaze,hardcore punk
VrgVI5kw5yeYFsI9	pop
VroeQr3IvqGChWHN	singer-songwriter
Vrs10XvV6sZvMhDq	j-rock,anime
VrwvPV6BuMESsbFB	soul,rhythm and blues,soul
Vs5RNE0k4x2gQXSG	indie rock,rock
VsOH6OeBlFk4eHzv	rap
VsjSAsuU0RbSZviP	alternative rock,indie rock,rock,emo
Vstrjcw5lxtwM9fR	metal,industrial metal,industrial,rock
VsxLM8TmxzkwrqjN	folk
Vt05ZOa2QXO48LLc	pop punk
VuedXLqzH4IdHMJs	j-pop
VunyImbESbnY9WrD	rock,progressive rock,pop,classic rock
VuswjrFaLItbf6z5	classic rock,pop,rock
VvUwpA8Yc9ZqbKH3	pop
VvjYtABVAOZC4bC3	punk,rock
VwRynDNYBux8umfv	soul,funk
Vwlfvr7Uf9Fb7bZo	samba
VwnvNKZtjqGOjVC5	industrial metal,industrial,metal,rock
Vx7tI8MTw8qs2ytA	rock,emo,alternative rock,punk
VxCLixc0kKDcJHm2	metalcore,hardcore,melodic metalcore,metal
VxFwLrsZvAq97Zc7	pop punk
VxUHZnN1wNo0ylTz	indie rock,emo,rock
Vxoaj94sLm3AKmCO	pop
VyBVCdny5qClFTED	classic rock,rock,psychedelic rock
VyLvtk9WRIaVFTwH	hard rock,metal
VyhPFV3CfWzmp7rV	pop,tango
VzCqluhehzPSk7L6	dubstep,electronic
VzmcxiIkBq8AmSbL	alternative rock,rock
W01wDGd8M3Yd6aRl	ambient,video game music,soundtrack,electronic
W0BQaWkhTFn2N391	black metal,folk metal,gothic metal
W0PEKyYVy9qLWTyT	progressive metal,jazz metal,jazz fusion,death metal
W0ZuNqaCc4uhxLzy	death metal
W0ah8pt4wj3E1RVY	rock,hard rock,alternative rock
W0xsDy4ySjemX9mg	black metal,metal
W16PBV1tqeT01fnO	alternative metal,metal,nu metal,rock,alternative metal,metal,rock
W1KQe9A1SdbULx79	country,soul,country
W1KTa5HKhR5BFVj3	rock,alternative rock,hard rock
W1bGYsTGIt8QvHmv	symphonic metal
W1sYqlg7KDRucqz6	grunge,hard rock
W2Cxn8hSP9QmIEvG	post-punk,new wave,alternative rock
W2KmP7Ka8b1HPBVU	alternative rock,rock
W2N2RNyhgo91cpGC	mpb
W2gvnydb2w7Axv9l	electroclash,electronic,electronica,synthpop,electropop
W4MHHFZ3irZIB2Ka	deathcore,metalcore,melodic deathcore,melodic death metal
W4cv2Em8hegoO5Sj	indie rock
W4fowDznFozv7Jdj	pop rock,alternative rock
W4xU6MFkMZuxRQbK	new wave,pop
W5lQpdn5vDWlwSxi	pop
W68UdecNTgs6slU9	rock,happy hardcore,hardcore,pop rock
W6l3uBiMIPJIrT0F	electronic,electronic
W6w4H1d4COv8Ocrr	post-hardcore,rock,hardcore,emo
W713bbs4KmkQo9qC	pop
W71Vl3d5LYKagASI	emo
W8CpYEYsHleUIeph	new wave,pop,soundtrack
W8XLPXvELVFip7wR	nu metal,metal,rock
W93eI0Khboh8VDof	alternative rock,hard rock,alternative metal,gothic metal
W94d5iot98XxM6Ll	rock
W9f53wbi1YRXWgpK	soul,pop
W9xPUiK69J44JZKQ	singer-songwriter,pop
WA3Jvew7iBp3Z9fn	progressive metal,metal,progressive rock
WAAO3L8esReiXxJP	rock,blues
WAbTyx902fLAd8Q5	pop,rock,singer-songwriter
WAkX7I2j7uqcuQRs	classic rock,rock,psychedelic rock,experimental,classic rock,rock,blues
WBO04pT29aHe3LV3	rap,grime
WC6vuF9ei2Jkyxd1	technical death metal,death metal,post-metal,brutal death metal
WCBcAmaO3enT3XCx	chiptune,soundtrack,video game music
WCSu3Qv2iRfcJWTu	k-pop,pop,k-pop
WCbiSRVvcd4ZA9gq	glam rock,rock,classic rock
WCc5vlSCcJUSLIO5	electronic,krautrock,experimental
WCjuQtE6PEwXqndV	singer-songwriter
WCrDlDnKjHsGjcQV	pop
WDvyKH5za1tQUhdG	jam band,rock
WE8Rph9q1wRRN3Go	alternative rock,rock,pop punk
WEI65woIC6f5z2vt	pop punk,rock
WEK5g585TRDSKDpM	folk
WEnOw3jebyykcgNz	indie pop,pop rock
WFjrKlcL6yrcLiil	electronic
WGAMB5bAACU9Y8Te	pop,indie pop
WGZSmjoZtvxCvO9i	death metal,metal,death metal,metal
WH9mp9uhGMheA6eI	post-hardcore,screamo,metalcore,hardcore,emo
WIgaRTONCZJ8WFlL	pop
WIqtiSJw7dRnNpgl	melodic death metal,alternative metal,metal
WIzRklMUpOE4do6O	chanson
WJG5SORB5hieD1Kn	stoner rock,alternative rock,rock,hard rock
WK5j523kDESfo2bJ	techno,electronic,minimal,minimal techno
WKxeleVWebt75oEd	pop,electronic
WL83hZeAWHlAf726	jazz,cabaret
WLRmiGIxqFg8vtAy	progressive rock
WLSzLf66GHkYhwNK	experimental,noise,avant-garde,new weird america
WLkrjlyxO5bNueft	progressive rock
WMOwOfxVSjaPkBVr	post-hardcore,experimental
WMcaHClPNE6NXCeM	pop
WMdDysF3kcP9zHp5	mpb
WMpJqKcFME7mN2eS	indie rock
WMrk2Wt2dkUsQJyp	country,blues,outlaw country,country,folk,singer-songwriter
WMyvg6ILs5LHF8k6	indie rock
WN6EHznQF0B2KPlr	trip hop,downtempo
WN775HvkYsVjq36d	jazz
WNg4cGCietVlmT4X	industrial,industrial metal,metal,rock
WO1VU9w97zcvl705	rap,rap
WOaFj05xgiEosId0	pop,classic rock,rock,pop rock
WOfcbPlR3Cc0kg5U	pop
WPIDLretR7JZCfNr	pop punk,post-hardcore
WPOGw9II1nfOwyvK	indie rock,rock
WPqt0qwyo1VACRRq	rock
WQ4H69CEfI5nTVjE	black metal,norwegian black metal
WQPGU9lsvFwTmTZr	freakbeat,rock
WQleu3ByNoMvHNF8	power metal
WQshuIEjh6Xdm6PX	punk,riot grrrl
WRiBPRMGbKS5JDBp	rock,indie rock
WS1lihs0AGHJrzrM	classic rock,blues,rock
WS9bmEr4ZSav6HWe	rap,acid jazz
WSZvrfQzePsFVOAd	pop
WSxC4KdxVjNCKDc2	indie rock
WTI2aTMu4DMwi2ZP	rap
WTTPrDMEGPuvfivo	progressive rock,alternative metal,alternative rock,post-hardcore,post-hardcore,alternative metal,alternative rock
WTVL9Oo2vMO72qSu	garage rock,rock,alternative rock,indie rock
WTqeDmf2gp1DypWE	pop,singer-songwriter,pop,singer-songwriter
WTqlPKpaN3xkolVv	emo
WU243cH7cbn7vuio	pop
WU5aUcwn1Vsx3ENb	pop
WU74yJyuTArWnj9z	pop,jazz
WULxxVTA14xMTWWj	experimental,indie pop
WV9SqLLipdWuiclo	shoegaze,post-black metal,post-rock,black metal
WVAC5cTrIq40ub08	rap
WVxEMVN8mzyLwOrC	reggae,pop
WWSE7HeEEyDjq8Dw	hardcore,hardcore punk
WWoDprgmcJzbGDS7	indie pop
WWrRFxhvTW5pC12I	garage rock
WXBxVtE1T7OhxhgT	pop,electronic
WYXzxJGpKJVVOcIO	pop
WZDCWMKaHejlGBcg	singer-songwriter,chanson
WZYgOhfQWg0faGWq	folk,experimental,folk
WZZeL7EcL2UXOcRt	indie pop
WZlXPrtefFZDVGc4	metal
WZufWxPELH3aI4nm	pop,electronic
WaC4Fli3NEQo9KFR	pop
Wal4FW7naMJHHoTt	pop
Wb6UqwYGWPRLOMTV	emo,pop punk
WbLS9B2I6wAAItJR	progressive deathcore,deathcore,djent
WbMKm9eeZKVwctQx	classic rock,rock
WbU6jALTMWuCd8dX	electropop,house
WbejgNyvLLjkNPO1	electronic,ambient
WcHIceKXU2Vy4hNN	techno
WcUZRqjhfy76ju4S	symphonic metal,folk metal,symphonic metal,power metal,gothic metal
Wcsw4XACazYLK6kW	blues,singer-songwriter,indie pop
Wd18cGcL1uiDZ4wd	pop,classic rock,singer-songwriter,folk
Wd6i5Twqgr8sY16W	hard rock,classic rock,psychedelic rock
WdEBf0CPYZDsmqB6	death metal,brutal death metal
WdJn5xYrt2ADctla	britpop,rock
WdVIBcNlKUe3k36U	pop
WeGkXvTqGdt2xgvr	emo,indie rock
WeKqbV1llnKyh9VG	rock,indie rock
WeLuZqtvUiDvLZEM	k-pop,pop,boy band
WesmxmPASKbV6weJ	alternative rock,indie rock
Wfd0WpDuEV56vIMm	mpb
WgbtO4CEQ24CWEH0	rock,classic rock
Wgm9FvlM2JZsYk9t	pop,rock,singer-songwriter
WgtWK4BUHNsrU3sR	electronic,experimental
WgxN5HUYK4P6s6ah	latin
WgxWNGBcj7YTlmfw	rap
WgyFFzqilElsiSlh	ambient,drone
WgysWGs9JAJ5AOkc	country,country
Wh2R5KG2dUjc0Vo2	rock,indie pop
Wi0PevmHqfXyanSz	psychedelic rock,progressive rock,rock
WiWnJPxx1iyYrhzv	new wave,post-punk,rock
Wiilit8LmUkliZja	dub,reggae,ghettotech,rock,funk
WisbnjBDPZtMTJsT	rock,pop punk,punk
WjAQfT9y9XGE2fAS	trance,vocal trance,electronic
WjwNErlMVre3Ki9G	metalcore,hardcore,melodic hardcore,metal
WkrQ3bIQ9sXVMYCl	symphonic metal,gothic metal
Wl1OEb2x0azfWoBk	ambient,electronic,downtempo,post-rock
WlIe6AmtEvsiZwrB	dream pop,shoegaze,indie pop
WlbMwCSHTEc1frGa	soundtrack,rock,pop
Wlsl682TOX0f3eXr	soul,electronic
WluewnZClNNS5xoE	gothic metal
WmJjljvPBG58uqQU	samba
WmUu4mwQ1L184aBX	indie rock
WmtRWWUJK8FpUrRP	rock,classic rock,hard rock,glam rock
Wn1GWhYlIOfbNRJ9	new wave,synthpop,electronic,new wave
Wn9s3fqhCPEu5niG	metalcore
WnBwENZ98N2ORcCA	britpop,rock
WnCADnhzWhN64Auk	alternative rock
WnPnQuSIyqeO56D3	cumbia,latin
WnXysNgD7d8kDES0	alternative metal,nu metal,metal
WnoKj4KyXl3tTXvV	rap
Wo4WEW0PxIMtZO9m	black metal,depressive black metal,atmospheric black metal,experimental,blackgaze,doom metal
WoDo7cTs3tHH62X0	electropop,pop
WoKCkDEyqyV9HrTK	classical,opera,baroque,classical,baroque
WobfxEyY41PHPu0o	electronic
WpCcJXRIHyPrv2g7	industrial metal,metal,industrial,rock
WpI7Zt9uU5XXQ2Xc	alternative rock,rock,hard rock,alternative metal
WpeEeDBbh55a1wSF	bossa nova
WqKFibUWYbKpYiml	rap,rap
WqLn6w24Ufv4b6wl	pop
WqMYzCEEorHtumjB	singer-songwriter,indie pop,singer-songwriter
WqP09A66KueLFDDm	mathcore
WrKEOftLjIO55IYT	post-punk,indie rock
WsKMCk6stloJLoDA	electronic,pop
Wsbyr660U4jyFBJR	k-pop
WsdYNJNSNJAeVq7A	rap
WsytnMOh4ZZU5UdJ	alternative rock,rock
Wtjh06acfgzzI9Z5	singer-songwriter
WtnttyF3upyyVOBh	classic rock,rock,psychedelic rock
WuEy5vWMQy7uT55o	contemporary classical,classical,contemporary classical,classical
WvfI9nwOhK7dOlpJ	world
WvvOHdH6KUYmPpCK	happy hardcore,techno
WvxgvW82Ru7h7rAj	country,country pop
Ww8ewwgNMjJ40rIu	new wave
Ww95DLD5iRm9Ilqy	experimental,lo-fi,experimental,lo-fi
WwXnsKABqqrHLj2m	alternative rock
WwfzSlGCtHcACFgV	rap
WwoORE93OverCfYL	pop
WwswyNN2sNkTAKo9	folk,folk rock
WxGj1qUm1IfHFRwn	electronic,indietronica
WxQJGBA27xc0zec2	nu metal,industrial metal,metal
WxziyDQYt1pqX1i8	thrash metal,metal,thrash metal,metal
WyMaf2bio9jVjs3L	shoegaze,post-rock,experimental
Wys5YD8xP699h8Bb	dream pop
Wz6FmmXH5vVXDq1b	classic rock,progressive rock,rock
WzYDok8KBzFayUKM	rock,pop
X0OP4ap7frgQmeyb	rap,emo,emo rap
X0PIltQAfBnIbcZr	singer-songwriter,pop
X0wCIzOj7Fm3MLG7	electronic
X1KT1homZZlZ3wFW	house,electronic
X2FA9znmJxAvZcAP	soundtrack,modern blues
X2cwMBHd3t8VZZpK	post-rock,ambient
X3G8vdWV7HdCPc9r	stoner rock,rock,stoner rock
X3Ob2U7s2c2z6gex	pop
X5XrxNXzHnBHtDun	rock en espanol,mexican rock
X823aG57xSDtY4Ss	rock,alternative rock,rock,alternative rock
X8vSm0ZEqG7hgJIS	mpb,bossa nova,mpb,bossa nova
X9A3cxBHBSYPmh7w	mpb
X9CYiEVdpub4XsvV	metal,hard rock,metal,hard rock
X9zyiDeDOr6k8iUd	rap,hip hop
XATU09ZEQzs7Rnnl	indie rock
XAUhMv9Gkoa3bYSe	electronica,chillwave
XAzb4ECuva9WbbZ6	power metal,metal,gothic rock
XB0TCqJj7jyRcPuq	spanish indie pop,indietronica
XBF6pjiL7JfxF64G	jazz
XC93UUSiMBOHPIJI	indie rock,rock,jazz,indie rock,rock
XCP9012NbkULKwNT	classic rock,blues,rock
XCVTwcoTJYkfVkoY	punk,pop punk,orgcore
XDPaJwx4RuskEE0f	alternative rock
XDVEs7HKCuaFsqJj	metalcore,post-hardcore,hardcore
XDuoUn4JYD64Myiv	melodic death metal,metal
XEAoCVLZU1E4ZuP3	rock,indie rock
XEDh6PKERoQu0Pjh	rock
XEFxRP8JPqs9PPP7	mpb
XEXHspGvxfvIMDnz	classic rock,rock
XEZ5kIxhoctAyfI6	electronic
XEbyzfafxVpCCLK2	rap,hip hop
XFADVTaWQt89VoZC	progressive metal,progressive rock,metal
XFNL6vBTnCbEGpX1	classic rock,hard rock,rock,progressive rock
XFau9z97mjW9J0Gy	folk,singer-songwriter
XG9oFnhMU2mcwajc	garage rock,rock,alternative rock,rock,alternative rock
XGAODFqrUeuHMyNZ	black metal
XGCNQiwMMWBT9cuh	rap,hip hop,underground hip hop
XHiSXsf5E2vVKVKE	pop
XHmFZ09F2rfVqwF9	synthpop
XIFUDCiXv38XEWiX	rock,southern rock,indie rock
XIGDSPp1GNqEePCN	mpb
XIOr1KrGv2RfU3Lm	indie pop,indie rock,dream pop
XJ1GHHTZxs8ZGYnj	post-hardcore,post-hardcore,rock,hardcore
XJ5j8wnwLb7fygMr	pop
XKZ3JB78LsPoq0iT	progressive black metal,progressive metal,black metal,metal
XL9ttv6KtHJ4vyhO	classic rock,progressive rock,rock
XLv1mSJsVYH7WEIQ	lo-fi,indie rock,midwest emo
XM5wc5wC96WJ3NVM	rap,hip hop
XM9MeCwtsg4ghEFs	christian rock,rock
XMZ74eiXt2y91Mow	indie rock
XMh2kQAD6ArDk0lr	pop,remix
XMheSKVIrxIQMREI	reggae
XNHucWSkd38dIArA	electronic,new wave,synthpop
XO0Gy724CMw8GaUM	folk,singer-songwriter
XPFzFOeACul0PT1n	folk,folk
XQOxtM6Bv92ThoIM	electronic,minimal techno,future garage
XQd8G30JCAayCOh4	funk,soul,funk,pop,soul
XR4D4XmWbL9yakwZ	tango,soundtrack
XRs0d5l2y78JSxrZ	jazz
XRsaK04oXUPDTgkV	eurovision
XS1GVnWJZ2VsxAfw	stoner metal,stoner rock,metal
XSv4IxPQzFBulAkd	rock,blues,classic rock,blues,rock
XTBLI9bNiPrfLGoF	country
XTf1aYv68GcuXGkA	disco
XUCl9nxSssD42GLz	pop,comedy
XUOH9UXpy34kSahA	electronic,rock
XUvQGftTPUDANXxz	hardcore punk,hardcore,punk
XUyKQp3dyqTuoNwE	eurovision,pop
XVnqWLIDkXJLpeW0	alternative rock,indie rock,electronic
XVvZnNmrN2yypVFs	gothic metal,symphonic metal,gothic rock,neoclassical
XW3ZgDjYvsoX7ooQ	soul
XXFd7xa1Z18SLhcq	punk,rock,alternative rock
XXO54K1MEAzcrnsq	country,rock,singer-songwriter
XY6kfpQ5EjYx5r15	hardcore,metal,metalcore,emo,screamo,industrial metal
XY7drfpdm9Kf3n4d	electronic,experimental
XYjXXTiXi1wkLWJR	pop,electronic
XZMCfhkY6qtrFZN2	post-punk,new wave
XZUkw7UiLw0DeTOv	gospel
XZu7yMb8A0aIFOSu	rock
Xa6wZxNStKhHx1BN	punk,rock,alternative rock
XaAxQzFRIoidiOmw	electronic
XaSIVXJxj6TDiZw6	contemporary classical,neoclassical,ambient,ambient,contemporary classical
Xb32dtzFvLVRzhYO	rock,alternative rock,funk,alternative rock,rock
Xbid35SMfNBNWeAk	indie rock,indie pop
XcSFviCQcVcoru7x	electronic
XcSyp1NsVoIdE8NM	progressive metal
Xd3b163CSICfuVbZ	alternative rock
Xd3lDy6XyV6qW35V	country pop,pop
XdVUFXt4kWo8GD8b	pop,country
XeJMkfNefEnvmyYo	indie rock,rock
XeeKTcoeaPYvUz3M	indie rock,indie pop,piano rock
XerZE5sDVP07zHnM	melodic death metal,death metal,metal
XfWPZPFRkwy5N5OK	pop
Xg2oDTvwyffmbDVD	experimental,indie rock
Xg9IKthG5fmGzyST	garage rock,indie rock,alternative rock
XgGAriqwtJYI9dD7	samba,mpb,nova mpb
XgHmmhdsq9G2wu96	melodic death metal,death metal
XgOnYkgeDz3Sd0Kw	rock,rap
XgV58s0tFFYQOS7l	lo-fi,experimental,shoegaze,ambient
XgeedjcPw5TCpZDB	post-rock,ambient,experimental
XhQiW4s0dhNef2H5	synthpop,new wave,industrial,electronic
Xhu64v4SCFhtycKo	country,country
XjD8BvzVZ6XbyY37	mpb
XjDAW8WjD4Hf3sTP	rock,classic rock,mpb
XjQZQeg7sJg41lNR	pop,electronic,dubstep
XjrCcpfyMwX5qSaQ	pop,indie pop
XkeEozFJeYtkywVD	industrial,experimental
Xkt46vu5kX4H4C7Q	folk,pop
XktugHTyr5plB8f4	emo
Xkx0xgFLulIXnmnJ	black metal,symphonic black metal,gothic metal,metal
Xl6SUI3LHa3jCaTq	rock,folk
XlXk8zYceh9S2Xcw	folk
XlZwp5b3d1ewzeOM	metal,nwobhm
XlolXoPUYrRe2vaZ	funk,rock
XmCrBstiddSXAW7Y	rock,hard rock,pop rock
Xnb2g6IhONdd5bQ6	post-punk,rock,indie rock
XnbO54Dn4UPriwTb	dream pop
XneOXXZcaCVsSuTy	noise rock,punk,hardcore punk,noise rock,punk,post-punk
XoDkGUHgmpVgEkfW	electronic,funk,pop,soul,electro
Xp7riCgsSDBH2GWi	mpb,bossa nova
XpBLhGkdl9hBWXTZ	pop punk,punk,orgcore
XpTfpiJsvjXkK2uA	dream pop
XpUOxQ8DPq3uT2oG	dream pop
XpfqjEDHABwecCEe	rock,alternative rock
XqJk8H5dpZyexRD5	pop,pop
Xs0mAmXiMARLlgNg	rap,hip hop,gangster rap
Xs9QVJjvrUfysFgk	progressive rock
XsI8kBk9IBE4zA2s	pop
XsLVhtAZYAGyU9TM	soundtrack
XsOQdYxpTVAAXDyB	soul
XsjkGcnoc1VoAqxP	rock,britpop
XskinVicWZuFCiHk	soundtrack
Xsn45OVRvTp8sLih	rock,alternative rock
XspOY1uDjDph8fJb	pop,soundtrack,pop,britpop
XstboCzUM7d2lpvM	progressive rock
XtEgXAANLRIc7RMm	electronic,soul
XvhdohqZjnkSplwE	folk
Xvl7dNu8EFHBjMPc	indie rock,rock,indie rock
Xw6Y6qiJSnxrpLEA	k-pop
XwICWsErA3Jqr8zd	metalcore,post-hardcore,hardcore,metal
XxHlcqd14zUl27sB	hip hop,rap
XxbWaP3M3hV0oZ1x	post-hardcore,screamo,emocore,hardcore,post-hardcore,screamo,emocore
XxiMx87wy4EZZXhC	folk,remix
XxtWm402gPrx45JM	rock,indie pop
Xxv9egxd82oCbCIk	motown,soul
XyBGVJ5FnlKM4MWc	post-rock,alternative rock
XyGYoILN64JOsKYB	gothic metal,metal,doom metal,gothic rock,gothic metal,doom metal,metal
XyYUK22MNZA7eFHN	pop
XyxTw8us7ASDlBhB	country
XzKI5YFUGcWVhPSp	pop rock,pop
XzNzAffA1PxK9jXs	pop
XzTOWllUxcUYbJaj	folk,folk rock,folk,folk rock
Xzpc3XmT0qJsl3Hf	industrial metal,black metal,metal,industrial
Y037pdL1ZrnrbBjh	reggae,pop
Y08V5qGr2GtCbxPX	eurodance,pop
Y0HXGXSuieokwB23	indie rock,indie pop,rock
Y147dMwTVZxomRyS	indie rock,folk rock,rock,soul
Y1DNp71eiqbflCUK	alternative rock,rock
Y2453AJtvRHgPIv5	pop,indie pop,pop,pop rock
Y2DmbilZLKMAjxbm	indie pop
Y2LFpvsH3nRdyySb	rap
Y2m4UPJQmT8sybBw	rock,alternative rock,rock,classic rock
Y3UkgwteqedusUjK	house,electronic,electro,electro house
Y3q16Fx6YyoveTd9	reggae
Y3uizboue7dK9TRq	ambient,art pop,electronic,experimental
Y44RACH2ctI7Eo7V	electronic,electro,electronic,electro
Y4eMep7RqOPaYfFl	indie rock,new wave,post-punk,rock
Y4jJEkrX3Ym4VtEE	post-punk,gothic rock
Y5KuJaWFKOqg6YI6	metalcore,metal,hardcore,rock
Y6FNahjycLnr7M2P	folk,pop,emo
Y6SBSRcHNa6sELAU	industrial,industrial metal,rock,metal
Y6Y35PTI0QmfIkW1	axe,mpb,pop
Y722vCfq53x0toL6	black metal,norwegian black metal,dark ambient
Y7k1y1ieO6XUUbyL	rock,brazilian rock
Y8DU49f9VsUXi2gq	indie rock,rock
Y8F7T3nS7upMzHQ8	shoegaze
Y8R5BpnNHJmjgO8w	dream pop
Y9Ou3KL4ABNVACkC	post-punk
YBGANR5f7Hl3dDkW	electroclash,house,electronic,electro
YBV228QQDjtpqvKa	experimental,noise rock,math rock,noise,avant-garde
YBh5RPi2buFZB7jN	progressive metal,experimental,avant-garde,progressive metalcore
YBnRQGFsQ0oQ363W	pop punk,rock
YC4Jcr0Mpa4ATQks	indie rock,rock,alternative rock
YCCO39sq8eRAMnJs	pop,singer-songwriter
YDiJfkrG41MOwfPM	jazz
YE7kmhY5oHfzCHsl	rap,emo
YEC2ppg7aemXb6oR	pop
YEGh41PUWjqeZgKA	folk,rock
YEHh79g2xBD0ASyL	indie rock,dream pop,indie rock,dream pop
YFHz1odL8C1aRBnx	rap,hip hop
YFzjDdmMf3UQnZvs	punk,rock
YG8LkHPAOO6NO1I4	pop punk,emo punk
YGYD7MvP7DWUHNLI	rock,rock
YHEaZwHuTyp5BhA6	industrial,rock,electronic,techno,big beat,electronic,techno,industrial
YHN7tHSb3iRsYWkP	k-pop
YHeh8ZTEv3Q86BVb	soul
YHkD8Y5ceAUFhuJK	pop
YHqx641tn3T3vuNZ	death metal,metal
YHupaKUf3ndWCU0v	blues
YIIJnxhpBgSXv4U6	alternative rock,rock,indie rock
YIf3vr0ksbKnxLHk	hip hop,pop
YIibvLCUbpmXBhGj	gothic rock,rock,metal,gothic metal
YIsQZjI2l8mnfVgv	doom metal,sludge metal,black metal,metal
YJ6ZyonZVISPNoXW	industrial metal,gothic metal,industrial
YJEIiJwFkYxnTc7p	electronic,jazz
YJa45Vn2J5zK00Id	pop,electropop,soundtrack,disney,pop,electropop
YJcYD4qL2CCtvVjA	eurovision
YJxETbIBBKLKOL29	folk,singer-songwriter
YK65S2OD88LgUxdh	rap
YK7VYFAyghVgs3vO	indie rock
YKAaTc2sdiHm6IrY	rock
YKrj55PnnD9AiL9m	pop,rap
YLCafCtIjwWE6dhH	new wave,synthpop,electronic
YLMjXnE6SVNEFIWS	pop
YM3IfzrctdSSlDrg	death metal
YMBz5IBqmQEL1YYJ	soul,blues
YMyrwfTOH7iB77uy	riot grrrl,punk,rock
YMzeVpupOPXITL7Q	indie rock,indie rock
YNGtvAPPX6sEwkDo	pop,electropop,electronic
YNPvgsWt98xOOj7L	hard rock,alternative rock,rock
YNkhVnuRK4bK4IiQ	hardcore punk,punk,hardcore,hardcore punk,punk,hardcore
YNzwnxHqyvESDONT	experimental,rock
YO210DDrjtLTJE6g	classical
YOAIazOdvN0PeiJO	electronic,electropop
YOefg02Pzfktb3nO	rock
YPEYb5TDfgkiPtlo	modern rock
YPaYhXNEVLMj4K8k	reggae,ska,roots reggae
YPjUTQkQFselFzBB	progressive rock,rock,classic rock
YQ1dxKGwpNsGAjpo	pop,easy listening
YQ8V9yH6Beot5H3k	blues,delta blues,gospel,a cappella,blues,delta blues
YQB5k7C8XTojLujU	mpb
YQapD2Kv24QqbRjT	rock,country,country rock,country,outlaw country,singer-songwriter
YQga6eE5ZzEoTGtJ	jazz,easy listening
YQxdpYvPyEFyqJ1O	pop,singer-songwriter
YRD32BROZNLcb725	symphonic metal,gothic metal
YRDosAWoKtA4gZa5	trip hop,electronic
YRFrAPumSSMf3v5z	synthpop,pop,folk
YRIN8Rv2y358v05v	progressive rock,rock
YRLbR1PmeXaiDM8n	power metal
YRiE21D12epvf8Uo	folk,singer-songwriter
YSbc6HSHCArRFHEx	viking metal,black metal,metal
YSjgeZwCqXMO5NwA	pop
YT1ZsHvpwaukvRQv	yacht rock
YTGQQ12GC9gof0Kd	punk,punk
YTb03MZRh9mNH8bQ	electronic,synthpop,electropop,indietronica
YTgIO6pLIVRIIcU4	soul,jazz,soul,jazz
YUEZUauASnaaxsTX	alternative rock,rock
YUH9OrTMyDk6yVXF	ambient,soundtrack
YUNWPpKuOHKk5b5E	singer-songwriter
YURpAW4QastKAfGd	rock
YUdjyyU0jmOhDYFU	electronic,glitch,electronic,ambient
YUiLKRNbZ2PXUM33	ska,pop,rock,ska,pop
YUzFQCFZzDeY72Sa	rock,alternative rock
YVwxQ0aF0ALZKMiL	power metal
YWXOmJqXGVUXiGKj	pop,electronic
YWZGij1HUQepzJuI	k-pop,k-pop
YWedaXd6GgybPnmX	thrash metal,metal,speed metal
YWntluX3i2RPYSsD	rock
YXft20HEJJcQxErp	nu metal,rock,metal
YY9vdY3ycCTqFhL4	hard rock,rock,alternative rock
YZsxIgCdzWoNdn2Z	progressive rock,rock,classic rock,psychedelic rock
YZyEP4KFF9LpBuiV	electronic
YaAiYlVpWYLFO7YV	pop
YbCMnOKdG10N6Psm	rock,indie rock
Ybd39MbtGTmtgr4k	indie rock,rock,chamber pop
YbudfO7j3SlsGnCb	rock,classic rock,classic rock,progressive rock,rock
YcGZsjJmNl4IaHYP	classical
YeeTVGeug89EtBos	psychedelic rock,indie rock,garage rock
YejFcfIPtodWeKqw	k-pop,folk
YepgVH17DmBp8ws4	pop
YfaMn8HVS8IVqTK1	industrial metal,soundtrack,industrial,metal,industrial metal,metal,industrial
YfgPsHpO7OrYU9fH	lo-fi,rock
YgVNhYhduxzV6eHo	singer-songwriter,rock,indie rock
YgxXUxW2CkaNLsQ3	rock,hard rock,classic rock
YhNeuJiF70tsdR18	pop
YiPcwd4uz9S23qCi	house,house,electro house,electronic
Yiy09Gb9JaNPUEje	southern rock,classic rock,rock
YjdlousNFTSSFdM7	pop,electronic
YjzcinFmdXVLyg2P	post-punk,new wave,punk,rock
YkB0ReVl4rsAawTK	rock,alternative rock,rock,classic rock
YkOqpZgHhI4X6KWt	rock,alternative rock
YkkDY2C9mZwQAREy	classic rock,rock,blues
YkmFs1dL5ALLeiDJ	mpb
Ykpm9MuRdJwU6u1f	metal,rock,power metal
Yl2c52gxOqI3Zaz1	electropop,electronic,electro
YlbcipxEkIGsPGcl	electronic,experimental,ambient,electronica
YlhJ9L3Q4US34mrk	alternative metal,metal,nu metal
YmGZoRwOpTobLpaX	rock,glam rock,classic rock
YmgZ1KD1DjRqjey3	pop rock
YowoW4qGtMl46Oh4	rock,indie rock
YppWsOzRTs7XtsNI	pagode
Yqth3f5DVRv7BOnk	synthpop,vaporwave,chillwave,synthpop
YrmBaYrzmHvYeDpS	pop,teen pop,pop,new wave
Ys7Y3f20RME5bzrG	pop
YsUUSu40os5xr1qJ	rock
Ysr3x6dHD9lKPnr0	new wave,electronic
Yt5S8BgnxqxD22eB	electronic,house,dubstep,glitch
YtjKRApQyqJOBUT4	soul
YuEWqlNYMoW0Whb8	alternative rock,rock
YuXjySdPB2jAlHsW	singer-songwriter
YuzA5gSJM6h8NFNc	j-pop,pop,electronic
YuzdU3ZYnmRDYV7r	alternative rock,rock,punk,punk,rock
Yv7Tc8AyNIlMwKWp	technical death metal,death metal,progressive metal,technical death metal,death metal
YvJD01IGlM2bLU1h	folk,freak folk
YvtpnHinHdtJdWH5	k-pop
YwMY4jAC5RQ87jPQ	ambient,contemporary classical,neoclassical
YwjjhazGevWRPNIN	rap,hip hop
YwrnRiwjq87UtZG0	classic rock,rock,singer-songwriter
YwuhW4ISUImPqank	rap,hip hop
Yx8KBNp2ZnuF74kD	electronica,singer-songwriter,alternative rock
YxqpkU1qXXH3WNtQ	lo-fi,indie rock,lo-fi
Yy0XZrueEVJi5xp7	indie pop,indie pop
YymUEjFvaDNw3UC8	alternative rock,rock
Yz81cIyFUJsJqfRM	rap
YzQCGAF88jVzJCzw	deathcore,brutal deathcore,hardcore,metalcore
Z0ZcsAh2kAjpnKf6	singer-songwriter,folk
Z0jf3GwBSrEBeaet	emo,post-rock,indie rock
Z1buSmXy0nYdvi41	electronic,soundtrack,industrial
Z28SOeCInx3nzHVP	punk,rock,pop punk
Z3T9ptfOXTQNv5LM	hard rock,alternative rock,rock,grunge
Z4ksxV9kJZi75J82	experimental,indie rock
Z4uhWfW19inP3r8c	electropop,synthpop,pop
Z59JxjON24DBiIU9	rock,singer-songwriter,eurovision,turkish alternative
Z5D0IbALU7xJYIsk	depressive black metal,black metal,atmospheric black metal,funeral doom
Z5blxf9F1KtIuCbN	metal
Z5wNl7F63cc4PY9G	indie rock,rock,alternative rock
Z653kShrtCA5o8Oc	classic rock,rock,hard rock
Z7TmytFnoM2PfIMR	psychedelic rock
Z7g2qBYN3XTc1koU	classic rock,progressive rock,rock,progressive rock,classic rock
Z7xZ26uNlNaMYqzm	singer-songwriter,indie rock
Z8Jr9zvEOyGsVHYo	mpb,rock
Z8TDrjbCjHt0Gcz3	rap,hip hop
Z9IogtTgXNKJJVcn	metalcore,post-hardcore,emocore,post-hardcore,metalcore,screamo
Z9UsnhphVXkcNQcf	bossa nova,jazz,latin jazz
Z9VXsQzQVwW2nB8t	soundtrack
Z9buo48YjTcqqNrW	rock
ZAhe7paix9QRtCRO	techno
ZAiD6EbvgEtbpfCR	folk
ZB4EiZPVttA4uuRI	electronic,future house
ZBfLG7Eia5rgo1jI	progressive rock,electronic
ZC9qCPxDOJtTrA5I	soundtrack,comedy,singer-songwriter
ZCyJpMQ0Y3rlfxxt	rock,emo,rock,emo
ZDpyhC775FSPUU1P	soundtrack,rock,classic rock
ZDwodGlVLDreAqCY	black metal,melodic black metal,gothic metal,symphonic black metal
ZEN26n2In0hcIaQx	thrash metal,death metal
ZEPAxLqBswUS8otc	indie rock,pop
ZEexJX2SztZYrOkD	rock,progressive rock
ZEtvHYEnk0sJMbo4	electronic,indietronica,experimental
ZF3d8dvP3iuyargg	indie rock,shoegaze,indie pop,rock
ZFv7pTlhVNwqk3GO	rock
ZGS0vwwK1sc9VLIM	grunge,alternative rock,post-grunge,grunge,alternative rock,rock
ZGUZDESRMRodXyWw	rap
ZGyLR4Xbyos615Uc	chamber pop
ZHIKHfLyTuRzAcDU	samba
ZHTT4bb1vDuRPhYv	post-rock
ZHWJJCcskphC1H8K	pop
ZHe24wKy4lSTSpOf	soundtrack
ZHnPgdI5mr4SyWCo	folk,folk rock,rock
ZHyA8gmdsY9rvn7x	new age,ambient
ZIBXdQ5DxrjQhzhH	rock,alternative rock
ZIOOZ63seRv5NgS2	electronic
ZIi4jPUIy7Y8Cl6T	indie rock,rock
ZImXeKPWr5JpI2eY	house,pop
ZImnDJyB863xs87Z	rap,hip hop
ZJUbdebKRQPyl2h4	electronic,pop,synthpop
ZJdq9idlcehA8STa	easy listening,pop,broadway
ZJmwXuYHqbkJ4cNH	electropop
ZKXTWdDMiiTm2C4j	rock
ZKaHu72uzAqTyIkt	progressive metal,sludge metal,metal
ZLx6Z7ykKmM2mQgZ	death metal
ZMPwCflu8N47hDXS	progressive rock,classic rock,rock,pop
ZMouLbGN0LNuzmBT	k-pop,pop,girl group
ZN5dkZG3VQVBD9AH	folk,folk rock
ZNPRvnMJuxBHBuao	industrial,metal,rock,alternative metal
ZNQ41BxfLmmUCxDz	downtempo
ZNYZ3s3y1Jz6OY3d	new wave,soundtrack
ZOFgTotsnvBaAV4q	melodic death metal,folk metal,viking metal,metal
ZOPoCoFQsHTbU3pk	mpb,singer-songwriter
ZOvDKE78T2nGKfX6	pop,rock
ZQAuPCB6xMkz7f0N	dream pop,shoegaze
ZQEoGQMD6Fu7HOA8	indie rock,electronic,synthpop,indie rock
ZQF9ZwwPslcrSNQ3	indie rock,rock,alternative rock
ZQki8qio7CdYxs7H	pop,folk
ZR4UokUqcWBT4ERU	pop,electronic
ZR9nSYK344NlVExh	indie rock,rock
ZSABo5aNa9ROh7Ql	electronic,electropop,electroclash,electronic,electropop
ZSEP3aLCH5iHcE1p	electronic
ZSHyAOUQhFy9DWMH	indie rock,alternative rock
ZSiAHiay6ZLlgjeP	dance pop
ZT2Q1pX0l15Xb5wA	electronic,synthpop
ZTEB2aGePWr3WqkF	shoegaze,dream pop,noise pop
ZTLk2rms83zXex6H	melodic black metal,black metal,metal
ZTauWWtnYiqLBGbv	rap
ZTwBpf2GObCaBp9k	indie pop
ZU6uSutMsslC0uYG	progressive metal,progressive rock,post-hardcore,math rock
ZWRfLvdtnUbOpRYF	rock,emocore,hardcore,emo
ZWbE3A6VF42VL6RT	classic rock,rock,blues,soul
ZWbdAzR0PveJEena	rap,hip hop
ZWcaJtUuOf86TyRr	jazz,easy listening
ZWmmC552HlNczZrV	pop
ZXWct312iySKsSfV	metalcore,metal,hardcore,melodic death metal
ZY0cQcEnv1XL0qXB	downtempo,electronic
ZY7Xo5rkihCuBulJ	country,folk,singer-songwriter,country,folk,singer-songwriter
ZYHltJkRsbjg9kF1	hip hop
ZYSL88GotwXaZHJk	electronic,new wave,post-punk,new wave,post-punk
Za106I1ZTfta0XrU	folk,folk,singer-songwriter
Za28qfh56Te2QPBF	k-pop
ZaY3EYP42PUDItZW	folk
Zabepjs4yDmOZ7Dw	synthpop,electronic,new wave
ZajPRFe0OXjQdDit	rock
ZaqvcTRD01QNTLHk	rap,hip hop,rap,hip hop
ZbYcwj5pFmhxu4qP	post-hardcore
Zc3JtoGse5aG4nBT	ambient,new age,dream pop
Zc6b09vNBmgWDQAE	power metal,metal
ZcfNBTDan64hEbj3	country,country
ZdGRNs3vRWGKyZWy	pop
ZensOBiFD8dQR0mP	indie rock
ZfBBcqIzmEYbTH5v	reggae,reggae,pop
ZfXF9WHqPg4eqvdG	rap
ZfaLwOqkxDjobnL3	indie rock,rock,indie pop,lo-fi,experimental
Zfpfoy3m8p6Xom7Z	pop
ZgOb2pT8HPyeCQOz	post-hardcore,screamo
ZhZqkvr2DOPrgeJL	new wave,pop,synthpop
Zhr2inoVZZqNikU8	folk,singer-songwriter
ZiGYp5KdaNEdplEB	pop,soul
ZiKvBZMekiLsXq22	pop,pop,electronic
ZiLqLrnZuXae7X58	country
ZiOgTDOTGMq1t8oz	rock
Zjv7x4l1KexQa0TT	soul
ZjyL4bDG2X8OVUnC	electronic,synthpop,electroclash
ZkaxILkDxiDd4L3E	ambient,electronic,experimental,ambient,drone,electronic
ZlQqLVeZSSqAEPRw	britpop,rock
Zm3pSVYvApmD7Ioa	indie rock
ZmXdRrIlHv7zdsNj	dream pop,shoegaze
ZmdJLhQm8gtsOkjW	indie rock,rock
Zn1KLgKc7mz88kHc	hip hop
ZnCDMdd8R6RYhPHP	melodic death metal,death metal
ZnEHKIvoWJqsBBfL	ambient,electronic,downtempo
Zo0nfkqHXaYuLx31	alternative metal,metal,nu metal
Zp7WcZPGBRxowbAy	post-metal,experimental
ZqCOBh678uPi48hO	pop
ZqZ4BRrdGZysH32t	rap,hip hop
ZqbASeCG7zMrpYtH	mexican pop
ZqkKQJ0LkofetMs4	pop
ZrFhrCdXm2zbUzmh	classic rock
ZrZrhHxhPL6eO7Bv	jazz,chanson,soul
ZrcWgoTaZGRTFtL5	black metal,symphonic black metal
Zs6psISBXqzaJ1zT	singer-songwriter,pop,folk,singer-songwriter,pop
ZsbivHCiYbZcppuH	j-pop,anime
Zsu0MGsKn8KZeNsn	electronic,emocore,pop punk,emo rap
ZuIm3FRGBkvUkq6I	electronic,indie rock,folk,singer-songwriter
ZuujS0YWGIbArbP0	death metal
ZvF8PoBAaY4woN8H	thrash metal,metal,thrash metal,metal
ZvywPkiyyyN0sDXn	indie rock,rock
Zvz7icGgqqZRaFId	rap
Zw3wuV2iohaJKKFX	post-hardcore,emo,screamo
Zw6QF3Jq5kMrcQZ3	indie rock,rock
ZwCriSKFExUG0GyZ	country,folk
ZwWNb5Wu3bRfqvca	rock,indie rock
ZwZkSOgEIm0N2yTM	electronic
Zwq0iMA0iOLqNgST	pop,folk
ZwuSaBkbDgnUu5Rw	rock,pop,indie pop
ZxDSDSwjJzORtgWS	rap
ZxqUvOHNEzzZ2r4m	classic rock,rock
Zy19Mi4Zp2afOGmR	soul,blues,gospel
ZzasiCwa3T1f1Tje	new wave,new romantic,electronica
a00Q1WxDaI5cvshD	shoegaze,dream pop,new wave
a04jxXrU5bXrtWLc	black metal,atmospheric black metal,post-black metal,post-metal,post-rock
a1BL4PzksjOC9lP7	rap
a26dr7KytwNGy4nk	pop
a38NmSOaS9UwdkWs	dream pop,shoegaze
a3H5gy7mnwJW9u4y	electronic,edm
a3Y6icfzdfdI2072	rock
a3ggxtkETAgzcCJA	lo-fi
a3yLMxFv65RrAOPl	classic rock,rock,hard rock
a4n91alnnV6qEJMq	indie rock,indie pop
a56Yb9uPaJSQLMMh	classic rock,southern rock,rock
a5HYM1UMPftFNEro	singer-songwriter
a5JYvOuC8lApWBPz	post-rock,math rock
a5OczTk7N77LtLPB	jazz,swing
a5r8cd6niEy3pDzq	soundtrack
a6117Ta4k25MTxjx	ambient,minimal
a6ZpHMC1YYPAUhrv	chamber pop
a6ukZifuQVAkirmV	pop
a77EZ0G4JemYTsro	electronic,house
a7el3DDxBUumFVIe	latin,pop,latin pop
a81gFgpx06hK2GHp	classic rock,hard rock,rock,progressive rock
a8QnY3CWASBBBkgN	rock,psychedelic rock
a8qtyk3XPlzIyJLC	mpb,rock
a8xJOuJDOIe1eke2	rock
aA4XDBKkg9IQ8w50	pop,country
aAQidhsBRTe4Rrto	singer-songwriter,folk,indie rock,folk rock
aAvkM3uOOTQv2cm4	funk,blues-rock
aB5MGbb1KGWRgl2N	rock,jazz
aBL0ON8XwEg2utpJ	rap,hip hop,rap
aBowCbxF6RkH9dEa	pop
aC84ymdCxIKd6pW3	punk,skate punk,melodic hardcore,pop punk
aCMjR0vM29ooJ5uV	rock
aCO73NIyjc2L2Xem	post-punk
aCUiFnWxPVX1hRuz	pop
aCixcmcrBASu2gzT	rock
aCpAz7Mm9EZjXKfK	singer-songwriter
aD1VdAWXO2sE8vxg	alternative rock,rock,progressive rock
aDTtWVDnhhouXcWp	nu metal,rock,nu metal,rock
aEchp8v0yA0FtIvx	rock,alternative rock
aEiRVX9CqdqoYi3n	dream pop,rock,lo-fi,shoegaze,noise pop
aFJPTi9uPnCcCdjY	soundtrack
aFoWokJODNSCHlro	indie rock,rock
aFuj6IbQXYMvKV0g	noise rock,post-punk,shoegaze
aGL0Ks0Y23HwAHjs	post-hardcore,screamo,emo
aGc4BpRD7USo9Wjz	rock,pop,singer-songwriter
aGenGqyAioKQzm71	hard rock,rock,stoner rock,psychedelic rock
aGf4DOFlGPDJdbKz	folk,punk,rock
aH1chdvjw95c4Ryt	electronic,minimal,techno,minimal techno,electronica
aHC0wLnfqzNDKfXq	pop
aHItERfW7uqMixLw	pop,electronic
aHe8LNDwkAZVz4hv	indie rock
aI7Q3mrQFMBoyPjh	rock
aIHkRpvDISfojoSC	indie pop
aIfXZE9pyNZEvVPM	rap,drill
aJKazDWkBw3hCtdY	easy listening,classic rock
aJTG9Juq6TPXAn1I	rock,indie rock,southern rock
aJpJRGGCpxjnd9uJ	k-pop
aKI4n02KJsrClkBa	rock,alternative rock
aKMJnMJhmDppXRKQ	synthpop,witch house
aKntDDowLlErakhZ	progressive metal,progressive rock
aLvxWFUG2iTvVdEB	new wave,rock,new wave,rock
aM1ZylFgbEbPhp2J	reggae
aM6lNuipz7wQ14vx	rap
aMuGWbGYJL3st6GC	alternative rock,experimental,sitar,experimental,rock
aP6UiMYSNiXkYrPM	funk,acid jazz,disco
aPGEFVR3wfeLWgA8	folk,singer-songwriter
aQIoH8pOP8OsaxcC	indie rock
aQSASn7RGl5BNB1a	alternative rock,rock
aQtUa94cM9h8Jb4g	soul,electronic,soul,electronic
aQuqy0i8EHfHPmOe	experimental,ambient
aR0wo7I5yDjrpid9	synthpop
aRCGx4nhV5PviN9S	electronic,new wave,synthpop
aRN83J2U5Rm9oSvg	funk metal,progressive rock,alternative metal
aRUvABrOeGztnPXz	lo-fi,chillwave
aRdz1ELD4wD8s8DX	funk rock,rock,alternative rock,funk,rock,alternative rock,funk rock
aRg4LxwmC7yvhYji	groove metal,metal,thrash metal
aThnNfVlc9IWCFd9	indie rock,rock
aU9WaAPSeOF83CkN	progressive rock
aUbD6C3U0E8e4t3t	hardcore,rock
aUzEAFfkaenUIZyG	jazz,nu jazz
aVHznuhucfKdV3BY	post-hardcore,rock,alternative metal,emo
aVXgBl00M7PFpRWh	glitch,electronica
aW8rSML6wUSrZyMt	folk,singer-songwriter,indie folk
aWkKbJ0uZ3rvCXYR	pop
aWqOLbdKQVy7fMGx	j-pop,idol,vaporwave
aX8BTfDuZV4SzyW0	latin,pop,latin pop,latin,pop,latin pop
aXsCVzcs27GoblcA	house,deep house
aYEaTM5ZcdDu7h2N	singer-songwriter
aZLdLKFzw3qwAyri	electronic,indie rock
aZQqgibQmvEDIxZa	melodic death metal,metal,death metal
aZrvQTMg7rCXR9Mx	electronic
aava9gRPcQ7mO6A3	melodic death metal,death metal
abYcacgA2sm0daCN	soul
abvAmtUQR8Y6wkip	mpb,mpb
abvIaI26YYhHPVwm	metal,groove metal,soundtrack,thrash metal
accjhFQnHg1gZwQs	psychedelic rock,indie rock,grunge
aceXMM0MhtZEMp9J	indie rock
acfOFFvtMHnkfqSG	classic rock,pop,rock
acjhg2hVGkR27zLX	space rock,shoegaze
ad0fOnpjwvGhtLqm	pop
ae4gTp2329gBuzdd	folk,singer-songwriter
aeyhSNlz7VfE6wBP	black metal
afmSDk2caOd8CCfx	pop
ag7wQWpT7m7tqyCl	folk punk,rock,punk
ag8ZUUnjQRaX6eCx	post-punk,post-punk,new wave
agF7GNHr5zQChv9b	pop
agJzBRCgZxsHMFe1	turkish rock,soft rock
agQRGRGsrciJHywA	doom metal
ah4k9wIAii5ZYefA	punk,rock,punk,rock
ahG5rLCZkoeswOyr	rock,alternative rock
ahs9pXb2YTj5hx29	jazz,blues
ai9RiaIwL4heOeyG	shoegaze
aiTcinX9660OVlG3	singer-songwriter
aiYjIzQKIlo90ddq	alternative rock,rock
aiitiMQSSlvJDqpD	singer-songwriter,emo,indie rock,folk rock
aiqSAbP4IMaOvHxj	melodic hardcore,rock
ajY2DyuWBZwq1ljE	emo,emo,pop punk
ajugVzaPifYPebiB	pop,new wave
ak6x8Hu0EPXMaNA5	shoegaze
ak9tLVJdRicqd54g	nu metal,hard rock,metal
akCadU3h1HTA4D2T	house,electronic,deep house
akyl6Y3wuZVxWvvZ	rap,hip hop
alKUXvCYBFzkFXxV	pop,rock
alLiFpkto84bTls1	art pop
amfj6mY9IDwjljuT	rock,indie rock
an1sxulm4vBcc5az	thrash metal,metal
angkRVGHTyMrz6I0	indie rock,rock,garage rock,alternative rock
apIpt4mxGncZKNSv	hardcore,screamo,hardcore
apKie7ES4VWZn0ix	post-punk
apiiHI5RubJLhV7m	folk,indie pop
aqNG1JrdAABhxBrA	mpb
aqf3MfFiPlMsoNdC	pop
ar5wWQPVWasoHI9C	rap
arFact5frY7Il4l3	pop
at8RA9hndRumOFQD	blues,soul,rhythm and blues
atOPJOcBxoTaNZAK	pop,minimal
atbVc1L7CNJTbM14	metal,power metal,progressive metal,symphonic metal,oriental metal
atbhcVg8HAYhGrnx	indie pop,alternative pop
atdFGYF4KsvFap5z	new wave,post-punk,electronic
athZShpJEYgE5Dqx	melodic death metal
ausIejFCXCHSe3mn	power metal,progressive metal
avNXrFuXcjRVyDVO	indie rock
avTefuLjqVTOchyR	country,country rock
avqg3c2IqMZN6nas	doom metal
avvaMT48CG8kcJ5m	experimental,a cappella
awEmTXDvAQ1bkwbw	alternative rock,rock,rock
awu3Sk6GcajXpgKo	rock,new wave,pop
awz8VZr24UlrPQu3	soundtrack
axubrXOqsop1FpkW	post-hardcore,metal,emocore,emo
axvpCJsqDIBG7164	sertanejo
ayH8E72NTuOu1SPE	singer-songwriter,rock
ayscvFYQiw8A9qL6	k-pop
az0tkpW6rJUzES6I	progressive rock,post-rock,rock
azLOHkh51WAbtzRa	chamber pop
azsUSW5ji21khs0S	electronica
b06N3VdGxGtqNJpe	pop,italian pop
b0ZircMC00oin2og	indie rock
b15HwJMw75Oti8qV	pop
b1EmQGbIP5iA7b77	rock nacional,rock gaucho
b1FMg1NFyfjPm7dn	hard rock,classic rock,rock,hard rock,classic rock,rock
b1FOyCr8Futqw0lf	country,pop,country,bluegrass
b1gYQ76OfuIJDx4D	folk,nordic folk,neofolk,folk,neofolk,ambient
b1zUVHW2rTsC0niU	rock,new wave,classic rock
b2IercF7lOU1dj4f	electronic,future garage,experimental,dubstep
b2d2F0KkUlAWna5t	dream pop
b35FyntYBrV84iaN	rock,brazilian rock,mpb,mpb,alternative rock
b480cZP9cTdB8T12	bossa nova
b4AlyvmSpX8EKBtX	pop,rock
b4GbTZpgeOIE32k0	pop,soundtrack
b58NG6ZlayiJZflq	folk,hardcore,indie folk
b6GvzyVKuN6hPCcg	classic rock,rock
b6pUONQ1cQW50iMp	smooth jazz
b7B9HWNmMTN5h2hZ	brazilian rock
b8Jb95SRVnl7DL7v	experimental
b8g7a7SBTTU1EDDz	lo-fi,noise pop
b8oIPzxrJUZkeXhS	punk,indie rock,rock
b8qdr9JEkvClBKB7	soul
b8qlPORztQLRaoPl	metalcore,melodic death metal,metal,hardcore
b8rSxomJMbzjH1QM	country
b8sfXTZOsfAAa4AN	metal,thrash metal,rock
b92O1HDFfA7MKEqA	progressive rock
b94gCxshy0dXbZoA	melodic hardcore,hardcore,screamo,post-hardcore,hardcore,screamo,melodic hardcore
b9AQbQu1Gx9jchbd	reggae
b9kmI9TuST3JDKzv	indie rock,rock
bAGXPZfeQaHMpURx	power metal
bAl6GqgGi7fFZqU6	progressive rock,progressive rock,experimental
bB0eeg7XN1TEjNrE	pop
bBgjksPVwpGiRKGr	pop,eurodance
bBm6R74Occ0T9WFv	downtempo,glitch hop,wonky,chiptune,electronic,glitch
bBquA6LRnsrO0Orj	thrash metal,metalcore,metal
bCKvKdnDqolBYsE1	new jack swing,pop
bDImq3tOXw447l4o	funk
bDb6BHAZBiOswRXL	singer-songwriter,indie rock
bDcDcHWitglRzpjs	doom metal,progressive metal,gothic metal,metal
bDmecyTaV0HUL74I	french pop,downtempo
bEvqT5kD0osBlAwd	rock,alternative rock,nu metal
bFOJfWoxOjDW4XlV	alternative rock,christian rock,hard rock
bFfPn9KwgSd09j8b	alternative rock,rock
bGIPmBYilP8udbgg	punk
bGJ1fPLmmLZElMwP	pop
bGOsJLprj3lrJs1X	progressive metal,avant-garde,progressive metal,avant-garde
bGl7grA0FI4vR4R5	metalcore,metal
bGntq2M7i3og37wz	pop,britpop
bHHxTEIjL3PuReYE	j-pop,punk,pop,idol
bHJlWxI4J5w3CN2D	hard rock,metal,classic rock
bHhyWHrpLNSK7CCC	indie pop,indie rock,dream pop
bIM5Q201HcVYT3PK	piano rock,indie pop,pop,pop rock,piano rock,indie pop
bJXqTWW3IhEc1QRe	rock,alternative rock
bJbd5isjj4wqId0B	alternative rock,rock,soundtrack,grunge
bJmutNf4pJb3JNJ9	rock,punk
bKLAO03gUUZ1rfT4	dream pop,indie pop,dream pop,indie pop
bKU8R1YmN96mDFKs	folk,neofolk
bKxJHUbk5MmT4UqK	ambient,contemporary classical,neoclassical
bLmTpCdQ2pvzsb6l	post-punk,new wave
bMY5UhoJzK554rK8	pop,electropop,indie pop
bMmqOt28D3vYEnSU	k-pop
bN5ba7NPC3zGyI6e	indie rock,rock
bN9egN6fJRxGWe4C	rap,hip hop
bOI4UsGCA3FhjMRH	electroclash,electronic,electropop,electronica
bOYCcpbUP5L6fzh3	soul,soul
bOgcWhux4B9dVecb	dream pop
bOw9ut5CxATBFXzm	indie pop
bPYhJWYCPySRkHKC	post-rock
bPdK3pYsPQvRaTf4	post-rock,ambient,post-rock,ambient
bPsteBFRiBgUi5tH	pop
bQ73YjpQvHdreWOe	country,pop,singer-songwriter
bQuFUmXyiMRof0KO	pop,pop rock
bQvewFp4galdxvFq	new wave,rock,new wave,pop
bQz00TdWrcSsbZOd	electronic,new wave,synthpop
bR7sn2qJU5j5irG5	latin pop
bRF8pBKpzCRAsn6t	easy listening,easy listening
bRfjJJUAMnmoNHGh	country
bRrNAKvE5CreT3GG	singer-songwriter
bSPICnBZJQyZ8E4x	electronic,electropop,synthpop,spanish pop
bSkN1CylTQ1mc0S7	indie pop
bT75PhG3NdF7PZ1W	pop
bTZAQWb0rLzftxrJ	power metal,symphonic metal,symphonic power metal
bTcxdTd00Ed7eFgw	alternative rock,rock,britpop
bU8ldLxKSMFmkJdT	new wave,rock,post-punk
bUwq9R146ZWcAK3u	post-rock
bVGPPAanYoqw1ElE	trance,vocal trance,electronic
bVLvgquuk6mwc1Zp	latin
bVkNV9YcmvfE2x2d	synthpop,electropop,electroclash,ebm,synthpop,electropop
bVxU4bkXQcooOUxF	chanson
bWKX11QKBmnybgKC	rap,rap
bWWdx7UWIoiACEdg	pop
bWpIS4YhMBK5KxjL	pop punk,rock,pop,pop rock
bWuofLm0XpcWnEnS	rap,rock
bX5M3qUMGBUjjMqT	rap
bXEQUkwhMeCgyAUs	power metal
bXKybqsyy7KDlYtN	rap
bXUtXEansZmn31Bl	blues,classic rock,classic rock
bY10EPWCJ9dl6baS	pop,electronic
bY1z9WCAB0ymqD22	classic rock,pop,rock,singer-songwriter,classic rock,pop
bYIE2wsyipy49tFj	indie pop,pop,indie pop
bYqZW9G7sBuJXwUa	post-hardcore,ambient,hardcore
bYvzL9r2329xog6m	soul,pop
bZOe91GTFbo16Eqh	metalcore,progressive metal,progressive metalcore,djent
baMIxwzJb7u5qTLN	death metal
baN3c1PKr6M9Vb6Z	rock,alternative rock
bbI3jFRHtMWPKwJo	spanish indie pop
bbVpQclTUoGuvvP0	pop,electronic
bbqpHOxoSblhGnX6	ambient,experimental,electronic
bcXs6aKaTCvO33i9	dubstep,electronic,ambient,dub
bcezPilJO8OYJLdW	j-pop,pop
bcfXyBVTHa8cK1Gi	grunge,alternative rock,rock
bcfmgB53YEYuYVyY	chaotic hardcore,mathcore,hardcore,metalcore,experimental,chaotic hardcore,hardcore,mathcore
bdw1UJJiVDwzWxTA	post-punk,new wave,rock
be5ULvKwfaKpUOA3	mpb,folk
beG9rSyZQEchmGPZ	pop,country
beYu2TN89KrdfD2x	symphonic metal,gothic metal
beufDWK6CE4eDuD0	easy listening
bfAJnlVNbnSeVHK7	pop,alternative pop
bfIPnBrrD16nvc0h	post-hardcore,screamo,rock,alternative rock
bfZ29kKH6bnC6TaU	folk,pop,singer-songwriter
bffvNF2nWIRx5BWs	nu jazz,lounge
bfrMWPVsRglKR83D	indie rock
bh015Iz4RVf1KBWQ	rap,experimental
bh2cTu0WT4xkT7Bf	power metal,metal
bhC2irBn6eOqLnqY	k-pop,k-pop
bhTLRMfKnCUFzExH	rock,classic rock,glam rock
bhUzZjcw4Ja2yPfU	rock,alternative rock
bi878sdqYHuvH8kB	soul,jazz,blues,rhythm and blues
biFqaKzSGxmYyfgX	electropop,electroclash,synthpop
bjOD9cPE8aINcfxK	freakbeat,rock
bkDQIyAFj2CIiL8r	pop,mpb
bkWIzj3kIoGXyBZz	rock,classic rock,singer-songwriter,classic rock,rock
blZ9zSQBqOMxcPhN	pop
bmGCAfAjJGc5HG0r	post-hardcore,pop punk,hardcore
bmUo44WgvLNmEOoG	latin pop,mexican pop
bnOxKlH33gGRva6m	rock,punk
bnnkS6qAnxJlz8VJ	gothic rock,new wave
bnomEQbVPsiOUMbs	soundtrack,soundtrack
bo5vKAMfEMFmj4IF	pop
boEUnEUEkZ9N0Bcu	disco
boLtFF3Jejg1Pm5q	hard rock,metal,classic rock
boQoVaKvCyKOjpbk	pop,electronic
botiD7zE4uDh9IwJ	alternative rock,mpb
bozS7S1Bd397C0iE	soul,jazz
bq3DFXzQdCgL5Yx1	beats,hip hop,beats,hip hop
bqZzl4bUlrvoBWhv	soundtrack
bqdc8C3NQUOudxWK	pop
bqhTTyfHjZm37yCv	latin,pop,latin pop
bqjM8SupQNqUaPBE	post-hardcore,punk
bqk4aDgA8YXkshM1	punk,post-punk
br8LGoIoLZ7AXJNR	shoegaze,emo,post-hardcore,shoegaze,emo,post-hardcore
brBpKsxXpkxKWOIM	rock,classic rock,hard rock
brLdKgZoZL3MFDxD	mpb,bossa nova,samba
bsizTBFio63TNrJO	progressive rock,classic rock,rock
bt05OEJoJtVqMAlZ	punk,riot grrrl
btvTYZbEkPT017Tm	post-rock
bu12l8MrV8lV8LNK	garage rock,post-punk,garage punk,riot grrrl
bu1VAGtGFvEdQ4xC	swing,jazz
buHeO5K8Osr4o2xQ	k-pop,girl group
buL8XwkXo77c2rgc	pop
buj0BUAyzLrx5hGN	pop,latin pop,latin
bvLm90ppTqGEo6e9	soul,quiet storm
bvQOW9z5bt67w4i7	pop,soul
bw5Mrk31wgy8PikG	singer-songwriter
bwcGtV1nV8WPfuEO	lo-fi
bwrsbEP5ebgcQTO7	hard rock,classic rock
bwscgLmAUxV6fjer	country
bwzZkvE0ihEkS0UE	electronic,synthpop,electro,indietronica
bxDwTve1BPQ32mGN	rock,alternative rock,brazilian rock
bxV5qfy1L4hXsKxT	death metal,metal
bxdnwFPMNVQYHPWo	garage rock,rock,alternative rock,garage rock,indie rock
bxk6WOp7BpL0wppg	indie pop
byXORiSPZADaSCxL	soundtrack
byZ4FrDQ0vQ82QBX	girl group,k-pop
bypsB2K6ADXUTBfl	gothic rock,singer-songwriter,experimental
bz6QqJ0JTB1oHkOV	pop
bzHwDeJj9UjIcofm	post-punk,punk,spoken word
bzKC3quTf7xliRmN	folk,pop
bzqg8Cq18O1nJIiQ	electro,electronic,electronica,electroclash
bzyMAj2zih80Su8W	hard rock,post-grunge
c0DOx4e1YPc1Gdhn	rap,underground rap
c0QsAKW6CrKULjVQ	rap,rap
c0VQUnEe2miJhKSn	rap,hip hop
c0oTPqvKZKkIyvkx	electronic,electroclash,electropop,synthpop,electronica
c1NfTE4ELlK56buS	ambient,contemporary classical,soundtrack,electronic
c1RfCbcaU8UjIl5C	electronic,synthpop,new wave,post-punk
c1U1QpDeVb5657Jb	experimental,electronic,singer-songwriter
c1VjMYXO17ZsIoPx	pop
c2TVWgfugYp9lHcR	nu metal,nu metal,metal,rock
c2fPDlCAAF6AK7sq	latin
c2ver6lYpL1yWUI9	post-hardcore,alternative rock,rock
c31h1TkpfspcVM0N	punk,oi
c3pVu5Vh7lXpomUr	folk,pop
c3rvoc9eNmJ8bNCj	pop,thai pop
c44tYj67oU0cFHe4	mpb,pop
c4NvI7LVw2G9lIV8	pop,pop
c4oeRmbmqozrYQ0M	post-hardcore,post-hardcore,emo,screamo
c5NmembXHyw9yNxs	rock,garage rock,lo-fi
c5qNyFeeXepXU6Mx	pop,rock,pop
c6xpIU8h8Tqt020P	rock,alternative rock,indie rock
c7w6n6KAUo9Psh4U	rock,rock
c88PmdhhS7mXgRZQ	folk
c8CxxTCEAD99pd7w	rap,hip hop
c8J37j3zl9dxOzP9	pop
c8PgsLUYYNVTQEtI	electronic,electronica,techno,big beat
c9MIKOu6DMVQmW73	singer-songwriter,folk,anti-folk
c9W6h4NmedTuTQgP	alternative rock,new wave,rock
c9azALt30ol36Sfr	metal,nwobhm
cAxcW63QKdgQEr6l	progressive metal,metal,progressive rock
cB0Q4iGuS9IQ5Ido	pop
cB6Xtcs569wQnxxl	gothic rock,gothic metal,gothic rock,gothic metal
cBHUZNr249XTmxwL	soul,electronic
cBLLRWdFVuEX3FeJ	j-rock,visual kei,rock,hard rock
cBbuwK42P6TivY32	pop
cBrElDA4dxCJ3C6l	mpb,bossa nova
cBxt9mrvcgPWB7Ph	gothic metal,doom metal,metal
cCTOkAC3enFtOUMh	power metal,symphonic metal,metal
cD7UWcobaN8mLqyb	rock,classic rock
cDBVsXA8aI7P5QiL	britpop
cDUDWICCP4YvwXYU	soul,pop
cDgtmqxPaNaZQeV4	alternative rock,rock
cEAm0nZDHEs4tiXo	indie rock,experimental
cEJHrKsbqXW3uLkT	ambient
cEbpmBXZQ16JLcYn	melodic hardcore,punk,rock
cEkzeQ2Yqmmi1NuR	pagode,samba
cEnxd5Ltx3EgedgS	indie pop,experimental,dream pop,pop,synthpop
cEvDgA1voE4yaxb1	electronic,ambient,electronica,downtempo
cGLi5tm4WpRJwL8g	punk,hardcore punk
cH0LL6St3qiZRfaO	pop,electropop
cH1YE9vFx7jk1rfv	progressive metal,progressive rock,metalcore
cHN1hiQQJOz93Msc	post-rock,experimental,electronic
cHitdXIBiJZdPJEW	folk,indie pop
cHl5TI3jKBcNuuIA	rap
cHskexca51Qry0Tw	country,country rock
cHtHcdeinkUAOF8L	shoegaze,experimental,industrial
cIR5GlaQRMsrcCMK	pop,electronic
cIskT8L3XmYmrBmS	funk,acid jazz
cItkoIyGIr9LrIJS	folk,indie folk
cJaHOM5cdGW2klUa	folk
cJuKNBNeeYlQ7Vds	rap
cKFTcdU3JUGDWb2B	indie rock,rock
cKIYRmQBNTGxx8er	pop,rock
cKSvVxApROAbGJRx	pop
cLg3AIgxxlI1U0sy	downtempo,lounge,electronic
cLkKPegusNN2b7T2	funk,soul
cMHzioKLJ3XhWhrc	indie rock
cMXaDXpguB78WKz4	indie rock,punk,pop punk
cNQFW3pirJTrHbQY	rock
cNTb3CpXBs0mvUC3	rock nacional,pop rock
cNylkOoSfpQ0Nnax	folk,singer-songwriter,country
cOTFYq3WJs2aamwL	shoegaze,alternative rock,indie rock,experimental,experimental rock
cOWHM7Mdr9hqTYp8	experimental,folk,experimental,folk
cPa09lVKwJ1DNaA7	pop,rock,pop rock
cPkE9eyJLx6GBoL2	doom metal,progressive metal,gothic metal
cQ0zoRvoRgcnzEjR	post-hardcore,hardcore,hardcore punk,rock
cQ290rikR8d5JKMs	brega,jovem guarda
cQ2962d0RaXKUsCN	pop
cQQ53HScKnKwPW2k	pop
cQsZfwVrJQcFDRbT	k-pop
cQshYcYPsUiNA7Tp	pop,soul,soul,pop
cQu2iSKTkfzWu3qe	nu metal,alternative rock
cRFIidG8QXsT3ZuD	indie rock,rock,alternative rock
cRZcFdDKBzLxQwtG	technical death metal
cRbAoi8NLm9rrnlZ	post-hardcore
cRdN7qxblxmiwGba	rock,punk,pop rock,pop punk
cS31IowR78ysCs7E	emo
cSJ3rv6DiHqyBJot	rock,indie rock
cT5V6t1fbrGBBVLa	folk metal,classical,doom metal,neofolk,folk metal
cTKycnG91soC0EQP	rock,classic rock,pop,singer-songwriter
cTR9zROwHv8WuPDb	lounge,rock,rock en espanol
cTvlGd7IXjcUxW09	alternative rock,rock
cUNaYKXkpKqYKVf7	electronic
cUT2zCZ1hBxr9H0z	electronic,dubstep,experimental,dubstep,ambient,electronic
cUaqk07LqH7mddcu	pop
cV2axTtnrRZsQKSw	industrial,ebm,aggrotech
cVMgVJIpEkhFiQlR	hip house,electronic,uk funky,rap,electronic
cVYwfz0gxp4WGbz4	post-hardcore
cXObHyfRP9zXpzul	j-pop
cXTVGLCOksWefM7q	pop
cXimRhwBB8HEPiE4	mpb
cXxuXZwzAetR1tDQ	metal,progressive metal,metalcore
cYboSOMMLKKWXrn0	funk
cZ8e4ORu3ST8sM0I	rock
cZXcA0XJNGeXkzgu	classic rock,rock,singer-songwriter,pop
cZxw2bGGvryL8kB8	rap,hip hop
caWnywsQKdyH9BmU	singer-songwriter
cavk0sXOTxs3FLJk	punk
cciNyHBq9rkjKLyy	experimental,mpb,rock,experimental,mpb
cd2mZcSgcOnNNMpB	j-rock
cd6olQ8uvmtJq3C4	downtempo
cdlDm0Ljwooja2H9	lo-fi,experimental,shoegaze,ambient
cdp2w9xlOKFj02pH	ambient,electronic,electronic,ambient
cdrlQKi8EptnYz7f	sertanejo
cdtYnXLkjKctKcZz	pop
ceHoFk2UITZ172aw	electro,electro house,drum and bass,neurofunk
ceMurvtSAArJ0yAA	industrial,gothic rock
ceXwFzD28XT3KHwP	pop
cecbkoxOOnVb2ZJ9	rap,electronic,k-pop
cf6sJ8Tl2Co4BtzM	rock
cfX4i7whBCN74mup	pop,pop
cfa1O9W6VdSgQyhw	rap
cfiDkgCBCwzQWOYt	glam rock
cfnCDKI8VbHs2jd9	punk,punk,post-punk
cgKjyAYHpM5QoXSd	pop
ciiX4dklkSIbwmqg	neofolk
cj0qWQxGkV9zaMRi	folk,singer-songwriter
cjNWhVdO6mb2H3dX	alternative rock,rock
cjYyE8UAC9o9oPfm	forro
ckBvgQf8v5qLUuYo	ambient
ckVFnF7AkRKT9Iip	new wave,pop
ckaKt1njaJekt91k	disney,soundtrack,soundtrack
ckwv1SbW0SEktBLn	contemporary classical
cl1d5Fr8rliarHpy	rock,pop
cldjlH1SMgV9I10R	soundtrack,classical
cmZEB268vbVbUhGy	indie rock,alternative rock,rock
cmwsqSdRME6aLNYH	synthpop
cn5TczLB4jQm39AL	alternative rock,rock
cn5cIXow0ir00qNa	shoegaze,dream pop,post-rock,noise pop
cnFslNvlfALL7ZJC	soundtrack
cnIfyMxPhA53V89i	pop,pop rock
cnP4lKPZu8jfUWHP	jazz,swing,easy listening
cnZGAtU1SnrKddra	country
cnyZUM6yigWZ8lcW	shoegaze,dream pop,indie rock,shoegaze,dream pop
coP1B7rV2E1ZgSqt	hip hop,rap
cobqPU5dWFN2g6ky	rock,alternative rock,hard rock
cop99EBSranLGdjs	alternative rock,rock
cqO02dSdiVvPKzx8	noise,electro,noise pop,electronic,noise pop,lo-fi
crCZy21TXQWbFkGy	worship,hip hop
crFzyeqFkSb4K0TO	classical,opera
crrB8KOjPTgtV2ad	metalcore,post-hardcore,screamo,hardcore
crs60EtFSRAxDkzH	post-punk,rock,singer-songwriter,alternative rock
ct7bVVlVkBhAFLYM	pop,electropop,electronic
ctZd9CAMpqy9XjVf	electropop,electronic,house
ctlsoJYATG0HAqko	soundtrack
cudXzRRb1vbS8Kdx	psychedelic rock
cut5UFvCdLIYnXEr	post-hardcore,screamo,emocore,hardcore,post-hardcore,screamo,emocore
cvc9vgjLRH1He6KJ	stoner rock,sludge metal,metal
cvxuj49cKp4aRh4r	pop rock,pop
cwhv5CpgKslLAmUr	latin
cwiZYNfqsd4SyuTA	funk,pop
cwtOkntn5tcz5MYO	indie rock
cwx9veaKUEzw6evL	funk,acid jazz
cx7Nqp8UVV51mYMC	electronic,synthpop,electronica
cyRMqYRBDcRleNsa	post-punk,new wave,dream pop
cyT9Tv23GrgnAcpw	singer-songwriter
cyVqOKOMyHHkrR27	downtempo,lounge,electronic
cyqzXkXOOKIB9zdc	pop
czGR7pTsV6UyfZyc	atmospheric black metal,black metal,dark ambient
czggisdgwcizxCV9	folk
czvd0Ao7P0KV1uMB	salsa
d0MOmuVVM9KBQiiC	gothic metal,symphonic metal
d0aswhzYC2ZqMzud	thrash metal,metal,hard rock
d0cUXIetpuWjoETL	pop,electronic,dubstep
d1Wqi6ncXRfhEpOn	pop,pop
d1fYUEnvKW7E7jVc	emo,post-hardcore
d2mh4hWjfW0rmHvz	rock
d35iXg7GmGpOTuuT	indie rock,rock
d3XJODyFgcy3ZPiY	trance,electronic
d3XsHNV1UNoNx5gc	dream pop
d3Z8kIYMeLbiZWYR	dub,reggae,reggae,dub
d3aQlD9eyXSIDM3p	rap
d3rnBgVE8tAWRUgC	indie rock
d41q23C3RzLCuhyi	singer-songwriter,rock,pop rock
d41rVa4fkK2uBVTh	underground hip hop,hip hop
d4RdoOUWkxPBJtkB	indie pop
d4toJom4WfS3zx8h	pop,pop rock,teen pop
d4v7MgW4JZhlsrE8	neofolk,folk
d4v8YU6YvDVqCZkc	viking metal,folk metal
d5B55Bk3l9LxTKZo	soul
d6UsE8dg3m9NgAOk	punk
d6zTS27fzoySRhTd	alternative rock,rock
d7LUnjrh9V7ORJSu	lo-fi,noise pop,indie rock
d7NgZeGLMUMtG8kK	folk metal,folk rock
d7QHDkDK4cXrIuLu	country
d7Y8U8RXZSdKGYk0	britpop
d7ivSqjtaFDGHu2p	contemporary classical
d83HsVAIrEFaAJ5D	pop,disco,pop
d8GT82qTPHbJFsqN	electronic
d8riXUibMsxBq7eA	lo-fi,ambient,indie folk
d8syBjdNDWoy87As	britpop
d9gqQrTy6u3fml8j	shoegaze,space rock
dAVSHlWNfvQTLyU7	punk,rock,violin,punk,rock
dAZsHUJ3OPr4Wwz4	glam rock,classic rock,rock
dBGg6kM6ZrBfA5ZH	pop
dBKSiW5Jh7FqUqTS	hard rock
dBN1jkuchsGU5X5r	electronic,techno
dBSALjcI00vCQNYT	rock,rock
dBmY626rpQspSGuB	lo-fi,post-punk,experimental,lo-fi
dCARCidUqQ5k2Bm8	alternative metal,groove metal,djent,thrash metal,metalcore,metal
dDGHGXWwkKHGnLau	synthpop,pop
dDHKN9U5bWG7dqmb	soul
dDiwF9ctvCCELTE4	rap,hip hop
dDyJBl7FGVK0IaSE	rock,alternative rock,emo
dE5BHELZHqUhNa79	indie rock,rock
dFJF4Ip54UdVAAQl	hard rock,classic rock,metal
dFJdDlSyWECT25PV	funk,soul,rhythm and blues
dFSAqmJvCkZAMEHH	rap,hip hop
dFTPlYByIaC04qVY	southern rock,classic rock,rock
dFaoGkAXWhAzWF0V	mpb,bossa nova
dFw4uIKeFCx32If9	grunge,riot grrrl,alternative metal
dGRO6FY1BRlU9az4	indie rock
dH1yAwifW0fSu1p1	pop
dH77BneQXfLdLRHP	classic rock,rock
dIME7mg1G2WHUAcE	electronic
dJ7NGiyfZ0jsw48q	black metal,melodic black metal
dJI2bNwz6Ei3mtko	disco
dJxMJaQj015mf6dN	indie pop
dK4L2hw63zomOqRL	folk,singer-songwriter
dKZS5hhjbx9OA0gI	rock,pop,alternative rock
dKlkQ3xm3H2SSX3T	indie pop,indie rock
dKs6Vloq5HG3ezq7	dream pop,shoegaze
dLDFtW8U2pTHfXHJ	britpop,britpop
dLE3N9WRWNP4VHNY	rap
dLlehvbOL1agzTXY	pop,classic rock,rock
dMNhmXKjExE2uAAZ	folk rock,punk,folk punk,indie folk
dMyLFaAgwgkbDgiT	pop
dNAiNjvdqjA56Ufi	soul,quiet storm,motown,soul,motown
dNNLQ7dklc6Kyf0a	grunge,alternative rock,soundtrack
dNSoebAJGqJyMF3v	pop rock,world,pop
dNz8emMxgHK6j9Aw	pop,remix
dOZLy4CMYHUeZbGT	pop
dOf1myAN4Zyashbu	pop,latin
dOq6K4nqJhdHl8Gk	electronic,synthpop,disco,electro,synthpop,electronic,disco
dP8f73PZPrKWgoZA	indie rock,rock
dPa2ZmGsMqympPA0	indie rock,rock
dPePGjewuupFHrpG	pop
dPmrxbN2pr8pOhlk	symphonic metal
dPrbQWyErvxpbuIw	psychedelic rock
dR5hiDFUu6S57TbA	indie rock,synthpop
dRAADFtskK7RKp9N	medieval,electronic
dRcbqPR2dCz1EWw7	electropop,synthpop,electronica,electronic,electro
dSKY3nYW6KpsdsAD	electronic,ambient
dSYM3UaIQUnP1mMp	rock,latin
dTAdQFSFKnrrgpxD	psychedelic rock
dTGcbDK0JoYGWrBr	progressive metal,gothic metal
dTHD4GbtN7FekfSD	singer-songwriter
dTiuvSmZgLD5d9Q7	industrial,experimental,noise,avant-garde
dU1VXsiyUrucXuRj	indie rock
dUC5YiCc94PvRn6p	classic rock,rock
dUqPap0gTdTYmVGG	emo,pop,rock,indie rock,indie pop
dUv1pNGCxdgjiADT	pop,electropop,electronic,synthpop
dV2YtC4fFKvlhUc4	metal,hard rock,thrash metal
dWKGYuzneNFSaBVt	pop,soul
dWVCy0Oic16LcymK	rock,rock en espanol
dWX8hGdDWhMdpwKY	eurodance
dWoAt8vpq9BABlIH	soul,jazz
dXK1MBFB8xrq9EQf	power metal,metal,power metal,progressive metal
dXK297H4Frcx689S	indie rock,post-punk,indie rock,post-punk
dXL57RDsxQpelf1N	mpb
dXhWKWGLtImCpBuZ	ambient,experimental
dXx9T9mSffPjbvNU	salsa,latin
dYQnx33lmLPebLWl	k-pop,pop,dream pop,girl group
dYqf5QnXZlG6z4LK	rock,alternative rock
dYrxagyHkRPKGXW3	rock
dZ3f6u3YVSi6nHez	trance
dZ78PEKlaMMKloOy	rock
dZkwm3mNKgcnwEM2	indie pop
dZvLP1oOKVbj8iHm	electronic,rock
daYUAS48wMELACAL	pop rock
dbBe5QIybmgQqaIi	k-pop
dbBeaHqh4nvqhjlU	pop,new wave
dceR6NFMjNf3ppZg	punk
dddRSAzGZZfhrXeO	rap,hip hop
deBXMEPJpKzvqPo8	rap,hip hop
deZ1GXaWJR0MBxFZ	rap,hip hop
dep4VtnWjkTwbDna	rock,synthpop,gothic metal,gothic metal,doom metal,metal
df1K1mbXTgX9fXGl	pop,eurodance
dfHiLJCoCPdURReM	soul
dfiGMYi6lD7BeBW3	pop,pop,new wave
dgAYJMlpDgfFYJdX	bolero
dgRHo2PdKc1PJcwk	vaporwave,electronic,chillwave
dgbJdoKcROoCwgWy	soul
dgp8eb2ACOrV3li2	rock,classic rock,blues
dgsMDwMphLDW5h3N	electronic
dgy1pto0JzRwSgEK	latin,world
dhxGnut2Tv3H7eK8	melodic death metal,death metal
di9bJvJ3S6ts9wyE	alternative rock,rock
diMTvkLN0lKzdQFH	soul
djBAikmNLW3qu0M3	country,folk
djHn5riOawShC3Co	electronic
djW5pI4XOcVN2ydD	pop
djteuweFLXIYsYvt	rock,pop
dkmG8Yw9m5mtbrI5	country
dlP7acilJOdgUUBV	synthpop,electropop
dlhQEIwWmkqYsXFB	folk,indie folk
dmEk2RcKRvLs8Tvc	alternative rock,indie rock
dmMqCuv4GVxK8LYg	rap
dmTpBfGDATt7k7Xx	emo,punk,indie rock
dmo4pqOdOl1zShtt	death metal,black metal
dnWE5NcEL9P6lh67	alternative rock,stoner rock,rock,hard rock
doTZ8XgWGQL3JaI3	pop
doUiLcUAhLqrvC2Q	pop,art pop
dp8biSIE7MNvvsGL	lo-fi,electronic
dq0nGjPSyRebrKQm	progressive rock,rock,experimental
dqJamOgts6cLmoPD	blues,rock
drA9gwq7wLwRSHWS	indie rock,rock
drubvR3FjEs8AUZF	electronic,ambient
ds0eRDSA55dHlJ9H	classic rock,southern rock,rock
dsRt34fCsLOMMKMB	electronic,experimental,abstract
dsZ9d0zfgo1U8buA	pop
dslUp8QjcNUA0Ioz	indie pop
dtLctsWLfkSHFwDt	progressive metal,progressive metal,djent
dtWO8AcxSGGO4ymE	rock,classic rock
du8ExHdf8y53qfeS	electronica,minimal techno
dunNc9mzHAIYTJoh	cabaret,dark cabaret
duoLAyjVpRFhPjHM	stoner rock,rock,garage rock
dupNCoeOKtVcU9ZR	grunge,alternative rock,rock
dvBUzrJdSoOE7n5b	pop,austropop
dvhol9hwaEiZKucA	melodic death metal,viking metal,death metal,metal,melodic death metal,viking metal,death metal
dvp503Pcem3TEqzR	funk
dw61WvGU01aJ3X5m	pop
dw8IkK4rPlDamYsd	pop,electronic
dwo9CZ4cYlYrsiZH	progressive rock
dwpODe8SVpfU7u1W	chamber pop
dx9zci4xuPgDSDuk	reggae,alternative rock,rock,ska,funk metal
dxsmPnBfNLPdQYc3	post-hardcore,metalcore
dy1qrpXlqJrdl5im	art pop
dyvSQUjJVyLwWihf	pop,synthpop,electronic
dz8iyRAzhhEDJRJR	pop,rock
dzHqHSexhR2NFKVR	folk
dzI6Y66aZ8U62zH5	rock,folk
dzSxjboeKbp4FpSG	jazz
dzxepb8xJQb2nwkQ	singer-songwriter,folk,indie rock
e0B5VfnoESm695pb	southern rock,classic rock,blues,rock
e1TNM1HzChHMJ2MB	pop
e2GO6tUUAQZmIbgd	electronic,pop rock,drum and bass,breakbeat
e2TUfiK9wKHaylb5	rock,pop,singer-songwriter
e2aHTq8MGDbVHgO0	rock,nu metal
e2hrbpU3TMmRYAOv	alternative rock,rock
e2zoorChCJMhQFQZ	folk metal,power metal,metal
e3PT8Gi89KAobs8D	pop punk,pop rock,pop,rock
e3VS5Gyg4TxlER2V	technical death metal,death metal
e42BDZS0sZlTx5mu	soul
e44FxXQgIlJmtoPx	j-rock,rock,indie rock
e4U2Hmwm9h0NvXik	country
e4gdrmCa9mPyReKD	progressive rock,progressive metal,progressive metal,progressive rock
e55oRU788XzFHbQN	mpb,folk
e580FNBIp1iKiCE2	emo,punk,indie rock,pop rock
e59PGVX4HKOyequs	electronic,acid house,house
e5Kt45S1JTk53ir5	drum and bass,liquid funk
e65qHaAwMmtxdldI	pop
e6Ec6fthABkE2N8F	metal
e6WKXXMuC8atO6ZM	lo-fi,bedroom pop,lo-fi,bedroom pop
e70dbP4owsoEaPDG	nu metal,rock
e7Zrt4JuoMfM1EZl	grunge,rock,alternative rock
e7zYmicD4RTy1fMj	emo,emocore
e8DmUUguFOszBWWp	soul,motown
e8UAUMqcUea8w94M	rock
e8lwRwb4BJW30zhl	dream pop
e9Ap0DvsoklMMkN2	mpb
e9WnQvGcAFs2FDyC	melodic death metal,viking metal,death metal,metal
e9hFdGfKFyxPuQvq	pop
e9v6XWPgG8iUE78k	rap
eABMD16TVN5rb4KT	pop,rock
eCYQUO51t9TVMBQK	folk,pop
eD0LakhcKp3W8zFl	pop
eD9xjvDGjyxZ2PEc	pagode,samba
eDvb89jn5GhhpAm0	pop
eEG83AadWO9Fbqom	power metal,metal
eEUQBXm8oqYyRO9h	electronic,synthpop
eEvpCRTIM0ch3r2Z	bossa nova,mpb
eEweWjVgVuhJTMps	folk,singer-songwriter,lo-fi,rock
eFEY5JiDF3ZLpXBZ	industrial,electronic,industrial rock,synthpop
eFufCMPCSjzIAdk0	grunge,alternative rock,rock
eGKQsMMDiZJEGmBY	death metal,technical death metal,metal
eGRPey7sjdh0awxB	indie rock,pop,rock,indie rock
eGdSduVcqH0jldUr	progressive rock,classic rock,rock
eH1juQdTcnCzxcEX	new wave,funk
eHMkOyZCcsFVtyzB	rock
eIrMCPlKoV8cKiQY	hardcore,melodic hardcore
eIw06KYUHqdDOf5P	rock,pop,soul
eJQOgKLgS60fQRse	industrial,electronic,industrial,industrial rock,electronic
eJer89NHNtFOyJ07	post-hardcore,hardcore
eK1Ovvm4LiTZRmEv	power metal,metal,power metal,metal
eLEfh6yeuQd0KIJg	indie pop,pop
eLSm1SD8kJq2jq6j	shoegaze,experimental
eM4oZDIgh73UgazN	electropop,electronic,pop,new wave
eM4zVjzJGzzQHqhb	pop,spoken word
eMEDvHi2Ld847jEB	industrial
eMVTHC67JjlQXHFU	indie rock,rock
eMY7Q96FiKPZJOUk	hard rock,rock,classic rock
eNf9oepTdvnskrFR	riot grrrl
eOojErxvVmAq2pGb	emo,indie rock,pop punk
ePrUn8VGQsK1u5cs	pop,rock
ePyJTAgehh3zHvD1	singer-songwriter,poetry
eQ5dRWXYy8e2pKeV	chillwave,electronic,experimental
eQlvolLO1ZGfK39G	pop
eRjUjFJqA4fW1qji	black metal,death metal
eRmoTvyBe3H4hfnF	pop punk,punk
eRusfEpLB2iPbMJj	rap,hardcore,screamo
eRvFibBaTQ5OlkPz	folk,singer-songwriter
eRzxCfYiuSb4nMaY	pop
eTArPT9xEh7dgm2j	soul,pop
eTJ5dZRD9hQ9cS7F	pop,world
eTTmWAi6wdU98EZl	house,electronic
eU30OjpKt9zzV6R6	rap
eU78Be3V2ZLc6rWg	soundtrack,violin,classical
eUMBOqY1UX7I3qYN	singer-songwriter,folk,rock
eUl1TqatACm1jecD	alternative metal,metal,industrial metal
eUlhn79wHyJlbiyQ	freakbeat,rock
eUy9o6l6WAzA0mL7	psychedelic rock,rock
eV4l4AtG8S2B01x3	pop,soul
eV8PSJ5kxg39h4tV	metal,hard rock,metal,nwobhm
eVUv9DOM0WpREOlI	dream pop
eVitSt9LTOmeDCe1	hip hop,electronic
eW2fJtSB5huU5PoW	hip hop,rap
eW9pPDn8unCH2wkh	pop
eXcxpB6wWsvYpP4S	rock,emo
eXhFtuk6SuV9mllS	symphonic metal
eY4WBa0s0gvNNhNL	power metal,metal
eZ2QKVsVCY5fyZqF	electronic,experimental,indietronica
eZCpRHu3aS2liPVu	electronic
eZMsXaWDGQ33sndK	folk,indie folk
eZNhgoDWuI1TJK6g	pop,electronic,electropop
eawvJhfISkbW9xCJ	indie rock
ebsr6NShYvKqDsgl	pop,rock
ebxey19CqlX1AJzM	rock
ec6JoJjf20KvmU34	k-pop,j-pop,pop
ec7LiGY9ESGY0Jor	rap
ecAahfaVW2Ma47DI	rock,brazilian rock
ectPdOvyeE2AGOd0	indie pop,lo-fi,indie pop,lo-fi
ecu1uPiN39lE6cZR	post-punk,alternative rock,punk,hardcore
edioHpaAIzCdwvO6	hard rock,classic rock,rock
edlSXuGQagrwQYef	classical,soundtrack
ee6JXRVCPjiKrepN	rock
eeEcN8NwihuVwbYb	lo-fi,indie rock
eeTTLpbLVk7jxrms	folk,folk rock
eedafZNzG5YlrYjV	electronic,big beat,techno
efeP6vhgGuhCRV0T	soul,funk,jazz
eg81Yjs1SEAhV8ln	hard rock
egGT8x3SdNoW45A3	k-pop,korean pop
egQZuFN4P7l95iEU	pop,rock
eh6M16G9mXtASoEY	pop
ei1Li9X9N8Mu1sah	experimental,avant-garde,electronic,experimental,avant-garde,electronic
eiWW0dbgirD2VdbF	alternative rock,lo-fi,noise rock
ejSk2vYK6mo05cng	rock,singer-songwriter
ejYZs3VCMP2WEw6Q	dub,reggae,ghettotech
ejuYpVOnAT6pdvOV	pop punk
el7xxtaxRWLsRCN0	garage rock,lo-fi,rock,garage punk
emD2fMHWUOKjqJyU	mpb
emJNaBns0WKvqCRe	electronic,experimental
emOTaSmHGoza1bJF	post-punk
enm2nmqHe8NyEeuF	indie rock
eodVeUIBYM886o8W	post-punk,indie rock,rock,alternative rock
eojI9Oxpa7xJwa1h	synthpop
eon7lwdaC4UU5WF3	rap,hip hop
eotWvNVVxCzQyGs8	pop,calypso,tecnobrega
ep31bbKcqsUDR1Cm	pop,soul
epJnfU47uQhM8Dtl	k-pop,pop,k-pop
epU5woIvtxh7x14t	pop
epUPV6Hmt7p96Z3U	thrash metal
eqINJGVWxSgQvGOd	hard rock,classic rock,progressive rock,rock,hard rock,classic rock,progressive rock
esCrzkhcUgU1TIn9	gothic metal,halloween,doom metal,metal
esKsaW5wbDeeX8j3	alternative rock,rock,grunge
esemxDGswO2PsXYh	k-pop
esezBQxT4oZwZVUU	reggae
etNEBz8F62yig7ZJ	ska,alternative rock,reggae,alternative rock
ettmP9hcOWIUIOnA	synthpop,electronic,art pop
ev5h0gSqTzuhThJP	melodic death metal,folk metal,viking metal,metal
ev6NpEP35NWJApAQ	pop
ev8BH8kJZ6doXyLb	rock,blues,soft rock
evKTOc5UnhNZ5Com	shoegaze,drone
evmDTkpGVZ8fli3s	rock,metal,hardcore,grunge
ewC5c1y2YlwR8FuT	ambient,electronic
ewsl6tqteOOzXo3q	folk,folk
ex0MYXa9HZU0Kys1	metalcore,metal,thrash metal,groove metal,death metal
ex4I92BINn9f9RKb	pop punk,rock
ex4OLWDIUFGVAiiy	pop
exGaEji2EjGU5lXB	funk
exwZtPyPm587VBKG	pop
eyIMobLbzhExde7I	electronic
eyJANYgffN1L2zlu	contemporary gospel,gospel,gospel,contemporary gospel
eycCpxDG3s2h8uqL	jazz,funk,soul
eyiL8jXhtdKzeD6R	shoegaze,dream pop
eyoaxysQrEl4vWRK	remix,indie pop
eyqylWttUwtTnwBx	synthpop,synthpop
ez6C2gbivMpcHf2z	pop,electronic
ezIt1OXJP7hkGedv	pop,latin
ezd9XLexeLakyr2H	singer-songwriter,alternative rock
f0KiTNtBSITC9Otf	progressive rock,rock,classic rock
f0otT22Ib5qW7Vml	rock,alternative rock,bossa nova
f0pxNsW75CUZHqsG	pop
f16In5RT65kumIKM	rock,indie rock,garage rock
f17S9vnTmqnjbdjs	hard rock,rock
f1El6qG5Cjqrkslf	k-pop
f1lBONsKdeRks8LL	rock,singer-songwriter,pop
f1sSsuxCJsfO3iJf	ambient
f2J0JMZakb7Xbxyk	k-pop,pop
f2dBYUEkBuKyMkdF	industrial metal,nu metal,metal,rock
f2qd0T5pkcKiecJe	doom metal,progressive rock,progressive metal,metal
f2zhK4MufPeuSC4G	pop punk,rock
f3MV82NDZaUDvAqB	soundtrack,pop
f3c3crmpT7QCu2x1	indie rock
f3xdR9oEkBKQNayf	black metal
f6D8Q1UOj9CiNrRq	dream pop,shoegaze,indie rock
f6XLiMNcIfzycZph	post-hardcore,metalcore,nu metal,screamo,electronic,alternative metal
f6Za9kvFnzwyCFKd	new wave
f6uZlyP5QUrdfLHl	death metal,death metal,metal
f7cEpbJqKUyjAk8j	rock,christian hard rock,hard rock
f7dYeIecQg2vPr34	dream pop,electronic,indie pop
f7wq42rSWgolvi4w	electronic,dubstep
f7yurSJM1RkgvnFy	folk,classic rock
f82kCGrrzP5Yh6Qs	electropop,electropop
f87VuyyZBMlzKCEu	new wave,pop,rock
f8ShIOVdUVpQ0eit	soundtrack,pop
f8XDIT7gNWle2TpN	experimental,electronic,dubstep,soul
f8sI74oHn08VWP79	soft rock,easy listening,pop,yacht rock
f9Afw6PjBpor8gtX	folk,new weird america,indie folk
f9bUDlf2WNVHMFwG	progressive rock,rock
f9z9YysUS94SD0D9	rock,j-rock,indie rock
fA4TLE2x9rFoamM1	funk,pop,rock
fA7B2cQ2YCI6ZT7L	pop,indie pop,electronic
fA9xe9jJclzBQ2on	rock,classic rock
fAAwfXul3Cp16HwS	electronic
fAdGfsWVOJigYhLC	alternative rock,rock
fBjUOOTgz9NBQdBe	soul,pop
fBttX61Ro7rl3Wkg	soundtrack
fBuQZ19jGbfpODLp	indie pop,pop,electronic
fC5oMlzXE7Bju7Zh	death metal,metal,brutal death metal
fCSun4QsfO089sJZ	latin,pop,electronic
fCsMBhAKIR23er8r	thrash metal,speed metal,metal
fDTVWQwYdXlKF27m	pop
fEDy5mhoLB8Qzd2I	punk,rockabilly
fG6oWoUK0LxuyyuE	blues,soul,blues,soul
fGTZ7Nl7a8mDEwSO	hard rock,doom metal
fGh0Usll1AkEPWe4	melodic death metal,death metal
fGniCmwF4drUgP8p	rock,hard rock,stoner rock,alternative rock
fGzmpsiijB9s2dGF	pop
fHETcGYPFPkWl5yh	lo-fi,indie pop,alternative rock
fI7MER1FdMhlah83	rock,alternative rock
fIBllAKPOXbsQtjA	rock
fIovfPJPOL6WcL8v	rap,hip hop,experimental hip hop
fIs82n32GIzRGfrQ	power metal,metal
fJG2ESj0iqkBCiwQ	ambient,electronic,ambient,electronic
fJGuElEABUmYxkHI	pop
fJKgUsdA35rhHcqJ	pop
fJaVbYxGfjyWW1VV	screamo
fJhOrZcuFoca6CIr	pop,britpop,rock
fJrIkNnlOcg71yDN	soul,blues,funk
fJtISy8oWgXi3wwh	baroque,mpb
fK6wijJubggXpBfc	punk,industrial,punk
fKMyHXI9jMOpY658	indie rock,rock,indie rock
fKRV7FJF5POPasKH	post-hardcore,rock,emo,hardcore
fKhzVeUSWITbWSox	rock,britpop,rock,britpop
fL2riNLB25EQon2X	pop
fLyvtRcRozsxjog7	blues,rock
fM9gzs5hnQR0yAiG	electronic,electronica
fMPtLsUMc27KWuWc	pop,house,electronic
fMQbg39kJSgjvxAQ	folk,indie rock,emo
fNWCfCGe5qQohlpN	gothic metal,symphonic metal
fNZCVqWmauROhrmP	indie pop,electronic
fNk8Y6uKy3uYeTv1	country
fO1MUH1nbfaq7y5Q	rock,pop punk,emo,alternative rock
fOfSlSZzwKfbnh6n	alternative rock,rock,alternative rock,rock
fOrDQrXRkF9wG0JQ	progressive metal
fPYzK8yEYuy3thcS	post-punk,new wave
fPsHJeHxjZPsALmb	rock,classic rock
fQTZ7nOrICndZiMu	pop punk,rock,punk
fQh0Z8DF0QU0mgZ4	rock,mpb,pop
fQrmEm90xsPF283O	electropop,pop rock,rock
fR6DLkaWfAT6YWil	melodic death metal,death metal
fRMJgtiXyl81FQGA	metalcore,deathcore,post-hardcore,screamo
fRNDGc3ymRc9lMff	disco,funk
fRXMwIeShq5FQapM	hardcore,melodic hardcore,hardcore,melodic hardcore
fRZaWVTM1NaubR5P	electronic
fRacbojVDroL3usO	pop,latin pop
fTGAzmE6KEQRbn1K	singer-songwriter,indie pop,pop
fTju4hW2AsGoDVPD	alternative rock,pop punk
fTlDp8RwS0Y2vbQa	pop
fULu6xDMJOyIxeLf	bossa nova,mpb
fV343QyhCaKUzCeQ	pop punk,alternative rock
fVw6y0rR7FfpM0xG	black metal,death metal,finnish black metal
fW8bqgXvbQVpp8rh	alternative rock,rock,electronic rock
fWfMlU7lpVsJniy4	pop,rock
fZ60ddjJfE9upHNN	garage rock
fZQXpY6Fvpilc900	mpb
fZR3uMEppQfeEDia	pop
fZf3eawZAk4ZZjv7	synthpop,industrial,synthpop,industrial
faqWt9mHug3pmNue	indie rock,emo,indie rock
fb0ZLl3dxiqbpGT2	electronic,experimental,breakcore,vaporwave,witch house
fbOVlfMz0Ca7Gnqz	britpop,rock
fbxMw3cx2KIS0KWa	pop,electronic,electro,dubstep
fbzUFYcYQsKsarGO	gothic metal
fcaLatWhqrbZlBpa	metalcore,hardcore,melodic hardcore,melodic metalcore,metalcore,hardcore,melodic hardcore
fcddp3UQLkuH9rZR	soul,rhythm and blues,funk
fcoAkVf09mBCWBGE	rock,post-hardcore,alternative rock,hardcore,pop,pop rock
fdGkrI01Ldm92y7t	rap,pop
fdIrMjSrVL2JlSzO	dream pop,shoegaze
fdttOPdm1wxYngin	pop,pop rock,singer-songwriter
fe7ecXDIulghG1JD	rap
feB4VWckEeFAYROf	singer-songwriter,folk
felPRvsplGz0NdMs	pop,singer-songwriter
ffTYmL9TnRTBmw0j	symphonic metal,gothic metal,gothic rock
ffrr19LJScn4TwaI	space rock,shoegaze
ffuRWwoVSsQrNnRj	pop punk,rock
fgZNtaMxRETh50Wb	electronic,pop,experimental
fh1ToBftPVjt51H1	pop,electronic
fh1qNjGsjXIPDYtL	singer-songwriter,pop
fh6RxKu0lPrw5RhK	pop
fhRWfc0ThRYFT0hQ	mpb,samba,bossa nova
fi5YrspvvYd5E0ub	ambient,pop,electronic,techno
fi5n8ebWgobH5tkJ	industrial,gothic rock,electronic
fiSW39IPNV9xZRgb	pop,deep house,house
fiSZ2ynZsymu3JFm	rock,classic rock,album rock
fidWfmxpObBgikpc	horror punk,punk,hardcore punk
fjqoS7lqsRrROtSd	nu metal,rock
fjsQ3dViuKbmTRrd	progressive rock,classic rock,rock
fk65oTcgif8mWbwn	synthpop,synthpop
fklHHZdMiLHSckMS	alternative rock
fldONFJGGYFZdCSO	singer-songwriter,rock
fllWmN283qDZ5n64	soundtrack,classical
fm7yhW8ylsNHEiBN	singer-songwriter,folk,world
fmBK2iToAcxCKVDA	celtic,folk,new age,medieval
fmQnpuZusMyYyW0C	pop,spanish pop
fmx4vckmH0azZ8tQ	rock,classic rock
fn7Bh0jSaaZLvYc9	classical,classical
fnKWlxwLsOmN9hrg	britpop,rock
fo1H40LvsK9gx0L8	pop
fo8G4CGz5Nrg2UTl	rock,comedy,rock,alternative rock
foXboRhnMqlwJDvq	post-rock,experimental,electronic
fpwmYBhILrgf4bGA	electronic,experimental,ambient,breakcore
fpzFex5EAvl92CFt	pagode,samba
fqSiJ2TfAyuIxjc0	disco,pop
fqdqn65iYblvQBxC	singer-songwriter
fr2Aug40bR9rwvme	mathcore
frEqbF4JlWgs0dqv	soul,pop,rock
frMavdeEyegQ8Tuq	rock,pop
frSRkpYb2enWFSIh	synthpop,pop,electronic
frWrCV62OGeNpmFR	progressive rock,classic rock,rock
fs27Tx6FDldpCqqO	electronic,hip hop
fsgfz7JRDT75EXgM	pop rock
ftpGCWKIsTJtkuzc	hardcore,hardcore punk,punk,straight edge
fu9rBg3xD7V15jsj	progressive rock
fugcFMzFtrzhbiaE	post-hardcore
fumXsmK1ZhOxGXVJ	rock
fuuNKKCChI2nDNvx	death metal,brutal death metal
fvtswfmWfAJ2yqZx	pop,latin
fw00XPJzsur0Otkb	indie rock,alternative rock
fwAhLluNd4RL27KZ	indie pop,indie rock
fxSZeVtb8QXMbBgt	synthpop,new wave,electronic,synthpop,new wave
fyOU6i1g9rKhX9lb	drone,dark ambient,doom metal,drone,doom metal,dark ambient
fyQyjwU2vsgFEl1r	k-pop
fysP9BMzTho3Nnng	singer-songwriter,rock
fz1aCgn15jwOkkrR	emo,alternative rock
fz9If9FRc5gJXnjv	post-hardcore,metalcore,electronic,post-hardcore,electronic,metalcore
fzQ2WvY4NJLZgQq7	baroque pop
fzWADyPMAdW1T6yw	pop
fzne11iMG84oP2Lz	singer-songwriter,rock,alternative rock
fzxhZEs5bRMj3sUr	rock
g05yezyL0g2YpJYl	pop punk,melodic hardcore
g0OKQtCU4YrT468h	melodic death metal,death metal,swedish death metal
g3IWRs8B76hME4fm	singer-songwriter,folk
g3QurFGQ6IFgsiRI	mpb,mpb
g3VbDUQbStZbE07o	rock,alternative rock,electronic
g3n7qsKcS74DZhc7	folk
g3rwjEp7I7omCNNE	indie pop,indie rock
g4L8HFH5c5h21fIG	folk rock,classic rock,rock
g4gxKdTrEpEDucKM	eurovision
g4mKXVUXhDZ7kk29	electronic
g5Y3fz7C9EnMXdMA	remix,pop,electronic,electro,pop
g7J6nIVSNDxmA4aW	minimal,minimal techno,techno,electronic
g7dgCIjAnL8JU8iV	modern hard rock,hard rock,alternative rock,alternative metal,modern rock
g9ZLqrtFklLIwpAW	electropop
gA6G8oX37ssKmIL9	pop punk,emo,electronic,electronica
gADr3cegyMGVlTsY	folk,soul,singer-songwriter
gAVXFGakgQwhUwee	electronic,hip hop,electronic,hip hop
gB4s1l5AhO7gJKQu	alternative rock,rock,christian rock,hard rock
gB5tVNVEMKQLsTYC	synthpop,soundtrack
gBFmuIxwoFxOnL0L	electronic
gBvZCvMpSSKuimfi	new wave,rock
gCQIfw3VYakZjELZ	pop,electropop
gD8uvsWwDz1jDyMI	rock
gFg3ezCO8HGRN69w	indie rock
gFhvYxsB8FnUp4Lp	black metal,hardcore,black metal,hardcore
gFuFumXX8wzZ6rPP	pop
gG8SHsGc7uKrMH0c	math rock,noise rock,rock,samba
gGEsFK8GywTMmGYS	rap
gGvTHJ3CyAa082Dk	pop
gHBhsdU5oXE7xwJc	pagode,samba
gI45zhQX6skjy3xj	country,country
gIEVlZSsLqTBe2ku	pop,rock,spanish rock
gISCNNxJAXEBd159	progressive rock,rock,hard rock
gIbQVJSWeIIIRKVX	k-pop
gInWJxe0SIMlNYYg	classical,black metal
gJ4fzQ7YL9nUeDRe	progressive metal,melodic death metal,death metal,metal,progressive metal,melodic death metal,death metal
gJBEh44JWAlYZgaM	indie rock,rock
gJNbEHcdlLkxG5IY	metal,power metal,power metal,metal
gKMvqO3btqFJ7L2Y	pop
gKSgjtnh6rbIfqSq	melodic death metal,metal
gL9VkGgGyUv3bmL7	singer-songwriter,folk
gLCpeB5a3uumARLF	indie rock,rock en espanol
gLewFtUTBHWxC7qS	indie rock,rock
gMEPV6kFdHfiA1jK	lo-fi,indie rock
gMLePF6hs6Jkv6Rm	pop,soul
gMVOnFnTZJXXQgtN	shoegaze,drone
gMbzEdSzWCzwuNH8	indie pop,indie rock
gMdQONPf9JdWb6MS	hard rock,rock,metal
gMqwmr34unR4CqRV	post-punk,experimental
gN3HJyEplNIpIQ22	pop
gNOQLfmb3QbIuXDY	indie pop
gOfiqPMAdU9kS703	horror punk,punk
gPvB7NzUMFOWdB7f	soul,funk,soul,gospel,funk
gQ9ce0TOzXtxfAhh	pop
gQwglXv6knKfQQgn	ambient
gRFKOLZKWuiOodgT	pop
gS1vEYz8UgKRCsfS	rock,folk
gSDEde5fekD0MWlk	pop,pop,synthpop
gTsNkCDS3o4XGtUM	alternative rock,ska,rock
gTzDqR6qb88s7Fkl	future funk,vaporwave,electronic,nu disco,future funk,vaporwave,nu disco
gUEzP7371oFCauFw	post-punk,new wave,gothic rock,rock
gUHRIdKS7624cY2P	folk
gUbkWthGY0ub4mGA	post-punk,indie rock
gV3OjndzQAEtIxRo	post-punk,new wave,indie pop
gV5IddD5QYMygm11	shoegaze,dream pop
gVqLKphzBjL5F7JY	industrial,metal,industrial metal
gVqbLjeGFEI7o4yl	soul,jazz
gWJf35SZd7IROlmd	krautrock,progressive rock,psychedelic rock,experimental
gWSt6UGfKat5L6pY	pop
gWofl1aute0K51Ud	alternative rock,experimental,rock
gX0rgtPnKPOD9qhT	pop
gX5SsJssDtTrNyyd	synthpop,k-pop,pop rock
gXFQFfCS2YjzlP4N	sertanejo
gXJE1QpcIkscz0Ma	pop,pop rock
gXNjgcQrLSxe4tQF	funk,soul
gYIV9MmKc976LKsX	progressive rock,rock
gZ8BePdLaZWY9QvO	rock,singer-songwriter,experimental,alternative rock
gZdDX4tF8kHTRn65	soundtrack,electronic
gadbmFD3ed72REmk	soft rock,classic rock,pop,rock
gbKOtlNFe2jrXGL8	rock,rock
gcFfKAX8vSRWOtqk	psychedelic rock
gdHmkEd0uy5HzhlM	metal,death metal
geEuUG41A8bqT5N6	synthpop
geGgEPDfZD2FuxXP	classic rock,hard rock,rock
geQkpn7w6zJMWdJ6	new wave,rock
gfB4JEoAJ33BvjF4	latin,pop
gfEKM1V8FIZoTWFL	electronic,electronic,electropop
gfZ44wiAt0Xnkt1c	synthpop,lo-fi,electronic,synthpop,lo-fi,electronic
gfuSUYpsLqpiGSqp	hardcore,metalcore,metal
ggOUNtVmUIah47Pt	rap
ggqXwlrKr9xZL0fW	progressive metal,metal,progressive rock
gh75Z0LfzWSjhaZi	metal,nwobhm
ghxNiRSoZNQNtSup	black metal,symphonic black metal
gi3cLeN4YmYmYD7r	pop,eurodance
gjRZoJZDL4hriKYJ	shoegaze,indie rock
gkbdyrUW75YF5iWF	rock,britpop
gkiGC27Div9Gy9gG	math rock,emo,indie rock
gkkIBMfgjiHDsO9f	post-punk,new wave,gothic rock
gl3cJltvbLjeFxFk	synthpop,electronic,electropop
glA5bmVvtrApuc4q	pop
glgqke0nogUZSew1	indie pop,soul,funk
gljnpe8gsuV3aDeV	rock,soundtrack,pop,pop rock
gn3nIryi8ZIv7bIL	rock,soundtrack,dance rock,progressive rock
gn756NRDuHsxjbxy	electronic,ambient
gnOx9AoROvJp16cK	opm,rock
gnojycdXU2agRIHc	pop punk,punk,emo
goM5NQMp5PKbqJ7x	country
goidmgsPXFgc7B5R	electronic,synthpop,electronic,disco
gpBbrlL5zHQqXlzf	pop,soul
gpIN5l2aCYFISRh3	electronic
gq7X9o3uJG3wxXdi	disco
gqH8vk608iBD1P1C	post-hardcore,metalcore,hardcore,emo,post-hardcore,experimental,screamo
gqI0nkItVlQKVp5O	jazz,jazz,free jazz
gqVkVxcKKKG26UeO	soul
gqlD12cEuaj1dgyu	indietronica,electropop,synthpop
grcS1wbNsPEBGL8t	electronic,synthpop,electronica
grjWXvZiLQEHMKp3	post-rock,experimental
gsLgKCKPvyxdq7uK	new age,celtic,ambient,new age,celtic,ambient
gsreA31ea6Prv9yT	latin
gsutEDk1S7I7IwgP	folk,pop,singer-songwriter,pop,folk
gt3mYJNA5LSce4ci	rock,alternative rock
gtER2AzI2ryJT5bz	pop,greek pop
gtF9QHVWOp6RKsYg	pop punk,rock,emo
gtKG576bqLR4uA7m	punk,horror punk
gtqbaqjcwGxJ0Ddz	power metal,metal
guGliIEGHFZ9TnFA	alternative rock,rock
guJkxm02xMtCEavI	experimental,world,chanson
guPi24zR8PJkRFGH	hip hop,soul,experimental
guZt5KggjFtPgSr2	experimental,electronic
gulMT0CvnMtXNiqh	post-rock,ambient,ambient,post-rock
guybcrNDTkTwUdMb	progressive rock,rock
gvCrByDB90ESZdBg	soundtrack
gvGhFo6yA2faaqhT	rap
gvSYClIBV3zWxFOf	classic rock,folk rock,rock,folk
gvdQQmKOy7BMoFwE	rock,alternative rock,grunge,hard rock
gvrb8Iqzd77Ur6k3	folk metal,viking metal,metal
gvyzKcTPtTBFN8HP	ranchera,latin,mariachi
gwA1T2AdIcltCeUF	indie rock
gwKMRFe39PPpYCk2	art pop
gwQesBfalyqw1Wdn	drama
gwqVyuUyVo6b8rlw	ambient,drone,experimental,noise
gxQO19RYsBXtamwN	metal,black metal,thrash metal
gyXgfQKk3xIuMn6n	pop
gyzHsPTCnaH4Vx8J	folk,singer-songwriter,folk,singer-songwriter,lo-fi
gzBilUKgHBLjK0Hi	hardcore,mathcore,metalcore,metal,hardcore punk,post-hardcore
gzLpz2H0AmLPMV0T	rock
gzsNK8DSccCn9mzK	symphonic metal
gzyMTcgZy5KwbSGQ	reggaeton,latin,pop
h01wejjkd9PjMJmD	shoegaze,noise rock,post-rock
h1UAGyt5SIIZISad	punk,rock,pop punk,punk
h1q4YxtYWzPtoxJV	country
h22S1JLaI5GwRXV6	pop,electronic,electronica
h33uCNxGy7kzXvYD	samba,mpb
h3JkS4lufiqfx4H2	dark ambient,experimental,electronic,experimental,ambient
h3hN1VXfBIn211Pd	reggae,reggae,dub,roots reggae
h3lUvTgJdtxvHe5k	indie pop
h4BowZF6cccx9YlU	pop,pop rock
h5gpvQjTqmGo3wem	bossa nova,lounge
h6Bkk9kvY7NzBvfQ	pop punk,rock
h6TdqYYRKpfrTwsn	punk,ska punk,ska
h6eeOKF9hvuF6me9	hardcore,metal
h6o0wscN3MNvHWsE	doom metal,metal
h7M8JDhAzmwA75ro	singer-songwriter,indie rock
h7TXwZR8TRp2aTfy	rock,alternative rock,indie rock,post-punk
h8RCkWOfYJQNTHEt	folk,singer-songwriter
h8TZh7cCfYSiCYbV	britpop
h8ZTDJKHAyYgMSHx	alternative rock,rock,indie rock
h8aLIvzoAJ3ybaqH	j-pop,j-rock
h8kFtfHIVjE0N5Zu	power pop,pop
h91CVT6hpy8BHkZI	rap
hAJame0Q8Im4e6RG	rock,alternative rock,pop rock
hAjVyAJjJeXj6zUU	stoner rock,metal
hB82dCGIpGp0mhfy	pop
hBLhDvIZ6S4VU3Ya	thrash metal,metal,hard rock,thrash metal,metal
hBd8MLEhDcKof1RF	mpb,mpb,bossa nova
hBkKFMiqWNVS8szS	indie rock
hBqDds6gdVRmA5HA	experimental,freak folk,folk,indie rock
hC5U5tMqzu8UtQge	folk,indie folk
hDn8NQfZsLjyCQTm	electronic,rap
hEpcXjNhOJnGViRf	k-pop,k-pop,soul
hEtFLkqquz5sVeuT	dream pop,ambient
hEy120usewJykO5K	folk,blues
hF3bV1ws7s5ds49Z	pop,pop
hFsDiPlpRuY6M6Oa	melodic death metal,death metal,metal
hFyZ5XhMYVw65GN9	folk
hGMz3PBRD9IJU7x0	funk,soul
hGboq1hyagj5eirz	celtic,folk,new age
hGw83TJlxx4Qzz8E	post-hardcore
hHXNwJIIqYMLMrF9	soul
hIEzZ8NCNNFdoCZ4	jazz,easy listening,swing
hIdD6H9PRYjq83ln	indie folk,folk
hIobrPQIFUreQibd	pop,rock
hJ8v9focfSnyWUkb	mpb,bossa nova
hJmmkGEbJ5dx8gzv	folk,dream pop,rock
hK7lSBsIu9Trjsiy	power metal
hK8eHfDMLBfjtBIR	jazz,bossa nova
hK90MIlTIUxASdrV	soundtrack,soundtrack
hKElxMyzEVpytG4E	rock,alternative rock,funk rock
hKiRdLfYNzuzG95Q	shoegaze
hL3m3I4DvO86zjYs	post-black metal,atmospheric black metal,blackgaze,black metal,post-black metal,atmospheric black metal
hLXLP5F4xBeq7Alz	blues,rhythm and blues,jazz
hMBQp8FCNoNFiA6l	electronic,synthpop,experimental
hN8Hrpaw5ObtGDoE	mpb
hNBmplVvAwsGkeCN	indie rock,rock,indie rock
hNHnwSPwxp8Z7IY3	electronic,experimental
hNPII41mRaGZumVx	uk funky,future garage,electronic,house
hNPvamPY2RDL4XwX	classic rock,rock,pop,art rock
hOmxnIoRnTcCaRAc	reggaeton,latin pop
hOpYbvaHCX788otq	rock,alternative rock
hP05XX7VvrgQwET1	electronic
hPLslLmO660okcc4	soul,jazz,funk
hPrdxI3FfPFBElN2	mpb
hQm6r2BukHiTFYFP	hard rock,rock,speed metal
hQn985sHASnX5CUY	rap,hip hop
hRMeYCFIbdsOST2m	shoegaze,dream pop,rock
hROLmpegC9KSvwbY	soundtrack
hRny0RAgvxB0Q8Sw	indie pop
hRvjE32LocA4VxGM	alternative rock,indie rock,rock
hS2znJTUra2WC4sv	pop,electropop,electronic
hSRu836hzGXHDalh	rap
hShQ860obiR7jXCp	rock nacional,rock
hU5auxUq1oIhjWin	metal
hU7yckCKoiTkHjwi	pop,rock,latin
hUAManEWdt48ZT1o	samba,mpb,samba,mpb
hULqjj5XbRVgdr84	folk,experimental
hUX2rxUzweCf1Q6s	indie rock,electronic
hUfq3w0cRzw5cmOg	folk,electronic,indie pop
hWUFXhbgf1jKAcOW	metal
hWwLyENI8gJUq7uz	rock,alternative rock,rock,alternative rock
hWy8KQvExPZuvk3s	rock,garage rock,alternative rock,blues
hX06Kd6PrrAxDBnB	progressive metal,progressive rock,progressive metal,progressive rock,metal
hX5kpRioXesaHjqr	grunge,rock,space rock,alternative rock
hXBGOXUayEPVvA9c	country,pop,country
hY1VDwQkNQyJzWTm	downtempo,future garage,uk funky
hYYG21vNgRwf6F1d	folk,singer-songwriter,folk
hYippqM5UfSyk2jv	funk,pop
hYyk7Inc18yvUfWV	hard rock,alternative metal
hZ3h3IN7A4hUbeWT	pop,singer-songwriter,singer-songwriter,pop
hZ56Ror6mfRSOR5T	rock,rock en espanol
hZAqXn3HJQYg7kDs	black metal
haLdI9oIx6c6GEDt	pop
haTjdUlLYh5TRL5A	rock
haobVgss6klmt7SQ	pop punk
hb3xTU3DA893ihQk	black metal,atmospheric black metal
hbmP7Bs3h1s8U9g9	west coast rap,rap,rap
hbvMu60fzTn54U7k	pop
hce5DKqD7T6UOcIv	pop,latin pop
hdD66ZknDbV446VT	reggae,roots reggae
hdOS2ZcJXyqLtdkm	pop,pop rock,pop,pop rock
hdvYzCba1UBlQ4d8	garage rock,rock,punk,garage rock,rock
heG2pOBbOfC0G1KZ	thrash metal
heOHJENCKXXCKM0e	mpb,mpb
heW1ZGGNCmr4ztzU	pop,soundtrack
hecj00yfnGVxT8GB	rock,new wave,punk,new wave,rock
hecj0XKqhuEsOUFE	mpb,bossa nova
heoiH2KVtICYJWOp	soul
hfVXoVKHX7sxlvwl	black metal,dark ambient,ambient,atmospheric black metal,norwegian black metal
hg6FOXvrISEpwQnh	electronic,electronic
hgIJdGJSHcxaD6rd	mpb,samba,bossa nova
hgY9F8IWzvvZV9xO	rock,pop
hgmA13e78Emn4c9d	mpb,bossa nova,mpb,bossa nova
hhSQ7drD1SqFcL1T	nwobhm,metal
hhpFVe329vIvG0lw	math rock,emo
hi7uuNrlNhOwKPpV	anime,j-rock,post-hardcore
hiSuC1GSQl9oscb2	grunge,rock,alternative rock
hiTENBGkx9RdohaO	soundtrack,ambient,soundtrack,ambient
hinWqnleXFK29w7W	singer-songwriter
hj3tRa0glz6hf6Wz	ebm,aggrotech,industrial
hjPxjiwpwiontaDk	indie pop
hk0FIs65TEKZDRaK	electronica,electronic,electroclash,electropop
hkECjY8PfY1VYY8S	synthpop,punk,electronic
hlQx7ci7BvCDdc86	chiptune,soundtrack,video game music
hlXjzMEKTvozulON	minimal,techno,minimal techno,electronic
hmAeB9VAUaJTmqRc	rock,punk
hmW92Y9XjK7o63XW	country
hmn0W8bgOtqFai6U	acid jazz,bossa nova,jazz
hnG8IBGI5bH6kOsF	new wave,synthpop,new wave,synthpop
hnRD5wPoIeTJs0Cz	electronic
hoF2Tj3zVworjhDY	pop
hoHjUAkEvtJusUlW	pop
hpcJb9EAHymfJtkl	alternative rock,rock
hq6ofGKCsWAX4XUp	alternative rock,rock,experimental
hqG3ZE10gZugYbkf	singer-songwriter
hqNYqK8WPzqxi3ZZ	flamenco,latin
hqgKVxnBHf8t686i	death metal,death metal,brutal death metal,metal
hqxxeEcHAZvtSpEW	folk rock,psychedelic folk
hr8vahjE7uMAop2h	post-hardcore,screamo,experimental,hardcore
hrIe6eUsbZFS1A7F	rock,indie rock,alternative rock
hrT8tMLHCq5ocGHy	electronic
hrek0SJ8DcHEzo0d	black metal
hsAJm29MZq9KfiuV	neoclassical
hsOwP26rl4jFlhsS	pop,indie pop,singer-songwriter,ukulele
hsSep8DAcfWb2YY6	melodic death metal
hsfBxVKJjDRMDPmX	punk,rock
htTyJzo0hQT3OBTh	folk
htZdj59ynRkq2M1J	lo-fi
htn2TgYwJeeeimHn	rock,brazilian rock,rock gaucho
htn9V7zLY5FJNyer	electronic,didgeridoo
htqwrYELLQpry8hQ	electroclash,electronic,synthpop
hu4lEsb46ldjAIPv	house,electronic
hujmlhwtNNEisQgj	lo-fi,indie pop,indie rock
hveBajmwORL0GXfh	singer-songwriter,soft rock,soul,pop,rock
hvgMFXaQg6571jcH	indie rock
hwWvK8qMWZiz193s	ambient,lounge,trip hop
hwoZuSZOQA48sIso	ambient,electronic,pop,downtempo,easy listening
hxEnf6riU328VDp7	funk metal,alternative rock,alternative metal
hxGBTxhSf7o6b1fz	pop
hxKAY2pAtxaioSWj	dream pop,indie rock
hyAOwBgnAOL7f66Q	latin pop
hyuPDrMEiPJSDreA	rap
hzB6Jnll0o1qR2tq	pop punk
hzaGn3jqxOiVvsME	rock,pop,pop rock,rock
hzeKGdEgTUl6tR8Y	folk,singer-songwriter
hzs6vWsOEZXtFhhe	shoegaze,electronic,dream pop
i0HBECAxXAP1Lsbd	punk
i19hxqFBrvPDNqqF	bluegrass,folk
i1SIVTXAFnv0ouOz	alternative rock,rock
i2TKUAC4U1cFtSUa	rock
i2h3nplLnvefTsxW	metalcore,hardcore,mathcore,noise rock,chaotic hardcore
i3XyxzUqUKTKnYAG	pop rock
i3gUK5ghOZoNfsjO	classic rock
i3rmnzm3aWNCu1wP	synthpop,pop rock
i47dGeEN2xBpvQ70	cello
i4OHqjO07NNG5BZy	indie pop,electronic
i4RqIicZcx9FNadZ	experimental,dub
i4SJJjolN8YH7FGT	punk
i4pLKarsOTcPR9rb	pop rock,pop,country,pop rock,pop
i5eyyg51Bqn5Emjh	rock,pop punk,punk
i5pSYtOHdfQlF07t	emo,punk
i5wUuL5G3rtfunSY	soundtrack,classical
i6GDfQmdAYYAqMvx	country
i6nt8FnwDC964QtH	post-rock,ambient
i6o9MqibS28LLSeN	soul
i7kfmiAR8MfCvd8m	post-hardcore
i87WnfmeIHgDwlMR	deathcore,electronic,metalcore,experimental
i8Mj4u2PEZm0So05	indie rock
i8lIyiFzhb5iKBT5	shoegaze,dream pop,indie pop
i8smFKIIpeOfPoJ4	soundtrack
iB3U5eO2LIxm7cj1	rock,latin rock
iBKEh3FGdpwe56s3	folk,singer-songwriter,folk,indie rock
iC2hjAVlHa4bjiY1	new wave
iCJ48pYSeCRohDrJ	pop
iChfD2M03EUdi0xE	post-hardcore,post-hardcore,screamo,metalcore
iD8rTiUcP8HIjfnU	grunge,rock,alternative rock
iDYEP4YOYdBf5o0c	dream pop,dream pop,shoegaze
iDZwo3Y4UTjBuFJP	classic rock,pop,classic rock
iDvDkJR7sjYhZROu	black metal,avant-garde black metal
iEOc5UkEhb9n73Lm	jazz
iEOu66qARkRNQIh9	psychedelic rock,classic rock,rock
iEbpQ84KI5zwjbTY	metalcore,melodic metalcore,hardcore
iEtYMUDeOTIhkJL3	pop
iG2ef3gvUPRnU1HD	electronic,big beat,techno,electronica
iGBEpL6uXBm9encc	grunge,rock,soundtrack,singer-songwriter
iGDJUIpqJ2lQr2Lm	soul
iGVQ9qSpp8tvj2bf	rap,lo-fi,rap
iGbjPObKOlxD8o7s	pop,pop rock
iGdvzetEaNrITd15	indie pop,indie rock
iHRt8u88DH1Dq7SP	pop,hip hop
iHcGCqLwMcQ676gy	electronic,indie pop
iI5bYXYOPkG23iFO	melodic hardcore,hardcore
iIAPvAXz3sN4Fscf	reggae
iIFClkedrRRMlPzL	thrash metal
iIMjsIc6UoKiXbUw	rock,singer-songwriter,pop,classic rock
iIP5VH4NSykV9T8x	blues,chicago blues
iIjSqT8C6ZxYDuN0	rock,singer-songwriter
iIqrXA6PydukFi8e	mpb,experimental
iJECx2PKzm9YuKdd	pop
iJshEhVT9RkdI1tn	breakbeat
iJxIlJwzo8ojOvMh	k-pop
iJyeRvosG2zzZVuS	rock,classic rock
iK2528ShQVATZD7f	jazz,cabaret,soundtrack
iKyAR0QERFip8FDH	synthpop,electronic
iL41JdAqCd3JmcMo	mpb,bossa nova
iL86Cz3UJwRFWRVD	post-punk,industrial rock,industrial metal,industrial
iLEntlMBGZfqIWIi	folk,singer-songwriter
iMLAVA8LZTpDhqk9	doom metal,metal
iNmzxJl00Ynckskz	mpb,soul
iPZca7FLXozJtOWa	progressive rock,rock,classic rock
iPj5BJZukA47syaQ	folk rock,indie folk,folk,post-punk,folk rock,indie folk,folk
iQ4AtWkAvHFHjBct	psychedelic rock,garage rock,rock
iQQ1UXP7LVjIj7i5	pop,soundtrack
iQTrMhGnQQzSIhgw	new wave,post-punk,rock
iQXH6jMveMeVgxwM	disney,soundtrack
iQXfEHS4vBzOvOXK	emo,rock,screamo,alternative rock
iQyZijLhpKEiD7EE	mpb,alternative rock,rock
iRDpgulsikdHNmL6	rap
iSKsGnSLJ8Cr5apj	soul
iSXyuQGOP2l7Kmly	new wave
iSad3oV9tVAOQvnF	country,rock,country,singer-songwriter
iSt3QuDWi3qtqxpf	pop,bolero
iT2g9xeIHCSXJlvg	rap,hip hop,rap
iT4I07OUBhTcApOd	rap
iT5Vg9GxAowfS1j5	alternative rock,rock,christian rock
iT9iz69XiOI3zRiI	pop,idol
iUBCw0tQPww4pBx5	pop,rock,new wave
iUjrDDWbmkGP2Nhv	pop punk
iVpQ5ySaQfWR6wqP	rock,classic rock,hard rock
iVsHZZhadwP3QM8B	indie pop,synthpop
iW2R02mdhKgCkekH	indie rock
iWFj17LZwynfIeQf	jazz,cool jazz
iWYyJqFE5EvHrL3M	easy listening
iWdhKlRqvMUNJOmQ	indie rock,indie pop
iWupbDWLUss59IAo	new wave
iX47tAtqpRt2nFEO	ambient
iYQ4nSFoAVzRzVhe	pop
iYrDEjFIZ5cCtb5n	electronic,progressive house
iYwMg0rLRuUNt3Ew	power metal
iZ47o3mKwAebUSnh	soul
iZ7GYfPvhPQeyAwY	downtempo,rock
ia6MOjJdZLBlbxmP	rock,pop rock
ibMP0aG2gSZUVPdO	indie pop
ibpcxyHvTMnfx5M6	experimental hip hop,hip hop,hardcore hip hop,rap
ibwH6xR1egmMImbs	jazz,blues,rock
ic7PCgSKN9hYUSyB	rock
idPLWgYIkcigRqOa	pop,singer-songwriter,pop rock,pop,singer-songwriter
iepW1QpfWz0ZwTAV	soul,funk,motown,pop
ifRPWxZtPZ6P2rPL	folk
igSa9pgHwNn8dzK2	progressive rock
igUZKMdundk65wXH	shoegaze
ignNbBJsIlIeQNje	post-punk
ihIPmfWNPZjO5lEq	pop
ihh3K888bIKfq4vg	indie rock,alternative rock,pop rock
ii3iDONilcXXUode	metal,nu metal,metalcore,alternative metal
iinhvTlCvkymxrn2	pop,new wave,soft rock
iisCbnEEPUGug9wL	electronic
ijD2zJ2yzdEYSkhF	indie rock
ijL8jOJcRDAPzznn	folk,singer-songwriter,freak folk
ijXwL9OLY0165I7z	soul,electronic
ijlvKADNT1S4ZF2O	indie rock,rock,alternative rock
ijrqGUk1HzidUTxw	chillwave,electronic,ambient,electronica
ikRredZN07sr19bU	pop punk,rock,pop,pop rock
ilgxxjD4vmViKS0W	post-hardcore,screamo,ambient
imCSIpfMpFfM68qZ	mathcore,death metal,metalcore,djent
imZW8jm3RT6VEBAZ	rock,indie rock,indie rock
imoBSsvNg3JUkQnd	singer-songwriter
imwzoNsMpAbZ7pmH	hard rock,glam rock
imyMbYferHzCkeM8	mpb,samba,bossa nova
inBJRVhVI115ouCf	country
io5SpEq5ZWLFVyOG	experimental,ambient,experimental,freak folk
ioIcVtTIT7M5w1Wr	pop,pop rock
ioWQsK6JZW0idikA	downtempo,electronic,lounge
iovM1BawBG5xqSDD	rap
ipDOM62QzRsNxUOH	rap,hip hop
ipfD6n5mwFEZzAeM	pop,indie pop
irDYZ9JSM0hINNxH	indie pop
irY9SySCtNykwlJa	noise rock,experimental,alternative rock
irnXFBQtGe5XzQqQ	electronic
isXod6lpzpvfBkGd	mpb,bossa nova
isdzGMd0B1e3TxOU	sertanejo
isgB2lA8MuLtgHMY	electronic,pop,synthpop
ishK1BTkLBkQomBj	pop rock,alternative rock
islu6cWIWc9zIWW1	death metal
itSY2C7KhPGc5mrS	synthpop,electronic
itbhMrrvPvMpAUMn	post-rock,rock
iuFRkbpj2KxFPwId	soundtrack,jazz,disney
iuHbnYvYNECSlmEa	industrial metal,gothic metal,industrial
iuLn5ZVWf4KBJYiu	folktronica
iuW0Tt4HiZVR3lJ3	post-punk,new wave,rock,alternative rock,new wave,post-punk
iugC8h9e4JyJ24ie	dream pop
iujX5K5bdx92kePp	rock
iv4YaA13iyQ6a2cA	minimal,minimal techno,electronic,techno
ivAz0nLd0ACToP2V	folk,indie folk
ivKpW6LvDCpztiVc	pop
ivbHSoLWJ3QBKql5	hardcore
iwXfZMnpBhPtgKwj	pop,latin pop
iwjIGftuqv0eUGNw	funk rock,rock,funk
ixBoLyz9KXQ8M9Dq	dream pop,lo-fi
ixEqAeb2x98C0mOF	pop
ixYvysvpxiy6Ke72	pop,new wave
iy7e6b5n23MfllKs	classic rock,rock,hard rock,glam rock
iyNWilhAG0a3k0R1	rap
iySVyADdWDEsM60S	pop
iyoidfDE4jIht7Rq	folk
iyxKHmSwk4upK59f	rock,classic rock,hard rock
iyypWzisJ4TkGF7Q	indie rock
iz3YHY6tODI03xhi	reggae,dancehall
izDMR5h9pAl44gKH	industrial,post-punk,post-punk
j04wbsnfPDdLG1yM	progressive rock,progressive metal,jazz fusion
j09HIxv0r1Wu3DTK	progressive rock,rock,classic rock
j2XiWOY3CUtCZ4m9	rock,punk
j2gJrWAahHvwzXV4	emo,alternative rock
j3DatktUwIzbWSDy	carnaval,latin,samba
j4gEb0Kv7ezCxOCK	electronic,synthpop,electronic,uk garage
j52C7IWtCjHQmYOD	emo,emo rap,rap
j5QrFmGMsNnktS9P	new wave,synthpop
j5TF5AOiAxBadwMX	pop,latin pop,reggaeton
j6g7V0va8XKqcIjP	pop
j6sPrMF6OtFSu1rL	classic rock,hard rock
j72tS2mSBr5edkxQ	indonesian indie
j8nFJWJFOneBMnn6	industrial,industrial metal,metal,rock,alternative rock
j9tXsE4ZEJKYQSFL	folk rock
jA5WvgKmF8EynYqR	wonky
jAAzK2WwKAzlk1Uz	rap
jATIvJWDjD3J2RCM	rap,hip hop
jAUYtsKlKjD8ZCJz	britpop
jAj4iC3Z9CAn93eZ	electronic
jB0eid5pRWbNTgyB	rock nacional,rock
jBWO08HDiKs3bGzu	britpop,rock,indie rock
jBjCWiIWOW0jIfBk	classic rock,folk rock,rock
jBplpJQcwYiyhKqn	spoken word
jBrToWq5vPMW9tAt	pop,k-pop,k-pop
jCV9RNKVFqXk8twj	indie pop,indie rock,dream pop
jCYEHfZDZ6qGK5aE	pop
jCsFmNpyC60TPOJ8	pop,pop
jCvNnsqnBO4k2TdK	symphonic metal
jDSfFjMoT383SaA3	art pop,baroque pop,free folk
jEWIj8C5fOBjmU0Z	rap
jEmItt68LJ6FpVrI	symphonic black metal,black metal,melodic black metal
jF4Czp9NiGNsToi2	indie rock
jFMxU0fzllSDYgeL	indie pop,synthpop,dream pop,pop
jFko8CM2jEtdb8qn	folk,singer-songwriter
jG1CB11ylso0AdZ7	country,folk
jGY3bg0d0iW3GBtT	hard bop,jazz
jGjGSX5T8iArwZPj	black metal,hardcore,black metal,hardcore
jGwvkEBpgHkzK4FM	indie rock,rock
jHCVQg1KPWp9jEgD	alternative rock
jHTZwi0UUuf2C2Zx	classic rock
jHcM9lXJqxrzwKhC	indie rock,rock
jIUWmcXQ80Xn31CI	pop
jJ6eMUPmEXsOwtOS	rock,britpop,alternative rock
jJFSoKCVKxgM1wqu	disney,teen pop
jJTyOckRu1WYNk1W	rock,pop rock
jJUHwWiUC6nLzn4p	progressive metal,progressive rock
jJecc84eUKPiBO3e	witch house,synthpop,electronic,8-bit,new rave
jJprKWgJSErIWw3E	rock,shoegaze,alternative rock,new wave
jKW9kcLuohKhHPLO	deep house
jL1PGaDU5zvpZIZk	country
jLEl86eajnOjnrwh	metalcore,melodic death metal,metal,melodic metalcore
jLt1zKcx5y5YM6R5	indie rock,emo
jN0Udh0JRsRjcolX	classic rock,rock,classic rock,rock
jN3tIjHpB4t9ilqc	singer-songwriter,folk,folk,singer-songwriter
jNQVI254qWEotBEw	rock
jO4KlsmqrANpSyOv	alternative rock,brazilian rock
jPAUILIclYTv7TcG	hard rock,metal,classic rock,rock
jPkHPF8ciw1nLCPX	rock,funk rock,funk,alternative rock
jPnGekiV1IADNima	psychedelic rock
jQFT10trz26JdtwD	hip hop,glitch hop,experimental,avant-garde
jQYLaYeOnQt0E839	punk,post-punk,noise rock,post-hardcore
jQYwMX9zSuZxe3tJ	rock,indie rock
jQyCF2yrqDI878UU	metal
jReZjxRp2qpEMyhf	melodic death metal,death metal,metal,swedish metal
jTu1oCtfsLEsvI4a	rock,glam rock
jUGjh936OAuxkPs1	new wave,synthpop,pop,new wave,synthpop
jUh2m3eBJHO6JWCa	classic rock,rock,hard rock,glam rock
jVE4jDGpWd0EezOo	pop
jVKxtaprPBQH2y4Z	pop,teen pop,dance pop,pop
jVMI6YkQ9YHnPXMB	post-rock,post-metal,progressive metal
jVoqwIjGN4Su2HLW	rock,folk rock
jWQODe7jJ7CElZA0	hardcore,melodic hardcore,punk
jWqafp5BLZ2Hn1IR	rock,indie rock
jXGJbQFcfWsHLsSk	art pop,synthpop,downtempo
jXY89PK5tf2HXMyp	pop,alternative pop,electro,pop,alternative pop
jXsHuFPMDpUJiHcd	melodic death metal,metal,death metal
jXwopYooh38JdGsL	rock,indie rock,dream pop
jXyOhAsVqcNSpMHf	k-pop,pop,girl group
jYPNwmsb4xDAfRKb	rock,pop punk,emo,alternative rock
jYaDlk288Yxe3kMX	new wave,disco
jZYlPJAVhYGf6PTd	soul,pop
jZfcQW4j46BN4TBr	world,chanson
jZhqaXgAiPMNkuMC	soul,pop,soul
ja8uOz3HUUIoDbKr	rock,punk
jaJzmmNr1sWLN3nx	psychedelic rock
jaxgJipkU6fItTSi	gothic rock
jbPhzvhwQYEYiy6F	indie rock,k-rock,k-indie
jbS1nCb7FIZJjdqT	progressive metal,progressive rock,progressive rock,progressive metal
jbzGbgLgSFAs9ocN	rock,alternative rock
jc13KzuUPRSNrx15	thrash metal,thrash metal,metal
jc7UO1VvduMbWWmu	progressive rock,progressive metal
jcnc03s1vhtVxagb	j-pop,pop,singer-songwriter,j-pop,pop
jd7Q4dRKSCcKriAn	electropop
jdEiUtnpuu23cMdI	electronic,experimental
jdSKj4AkgLZUYpKe	singer-songwriter,indie folk
jdaSJssrvjSUyaYl	indie rock,alternative rock
jdhsFTWkAgAa8AW2	indie rock,rock
jdotQSuPL3oyn3IF	disney,pop,rock,pop rock
jedSAFuflOCD6G1u	progressive metal,death metal,metal
jg6DDDHAzmCRkmLx	shoegaze
jgZQDCMnMcAa296l	electronic,synthpop,post-punk,experimental,electronic,synthpop,post-punk
jhT8aWvbNi3x0rGp	spanish indie pop,spanish pop rock
jhYbWxh4cTHT9DNA	jazz
jhtLKjkXXUMQi6LG	rock nacional,rock
ji0fO07X4be5g3r9	pop
jiDUuP4ZFZzZ7FsA	pop,singer-songwriter
jiGhGgc9N0S7wkn0	electronic
jj54uH9K3Fzvqtma	pop
jkAejP0afvWmr7FF	folk,blues
jkMWRK1XOS1dLQJn	rap
jkpkc18FAXsP3CBQ	country
jlEBaB64Yrr1nbMI	pop,flamenco,folk,eurovision
jlhgaiS3FgGIuOo8	jazz,swing
jlpWL2EFvIMLVPYn	rock,emo,emocore,hardcore
jmeQncDfJyTx3MqJ	soul,quiet storm
jmfgWY1PwgfnT4h0	pop
jmqBf2Ypj2zoMVLU	pop,edm,indie pop
jnYpdVCd2xL3UxXB	alternative metal
jnhkLKdeL9RyjxTS	pop
joKTVker1m2rei1C	country,pop,country
jpOpFL7WM44XP0ya	indie rock,rock
js74S8K3XJwDPadb	k-pop
ju5ICGSDCpBZ5FrE	mpb,samba
jugq0634ActnnD1x	classic rock,soft rock,pop,rock
juoLoztvRPrfYmjH	electronic
juuVazcnlBwv3c8b	post-rock
juxL6GajrMsX6GhI	reggae,dub
jv8XkyHDEZ9MHesB	speed metal
jvJk7pqom2xBkwyq	folk,singer-songwriter,folk rock,folk,bluegrass
jveaGFCF5DLLzUGj	pop,britpop
jvxHeGqmE2iltyUq	indie pop,shoegaze,rock
jvy9KWvYW5DmkEkD	nu metal
jwDDYgvz3OSD79wf	pop,k-pop
jwEuB9n3WFOAFEJ5	metalcore
jwHNT97GGxCV4ZPC	emo
jwoeW9hH4aUb6Aeq	synthpop
jxcIvzsI3kfwq7nc	noise,electronic,experimental
jxf3CpmhCJR6KdW3	rap,hip hop
jxkqDWpwcLm6yBH4	grunge,rock,alternative rock
jzDBJsGThhoF19rQ	progressive rock,classic rock,rock
jznaBggs140GlHGH	pop
jzq1MjCEw9xBVvIo	indie rock,emo,experimental
jzwK8ASEiHPamXBm	synthpop,new wave
k08gQq3xxjtgN8t1	minimal,minimal techno,electronic,techno,minimal,minimal techno,electronic
k0X0JerQZgivQeCN	folk
k0aIqi3nSGHYDDbF	rap
k1QUIXIOykIDcsG2	rock,alternative rock,pop
k1WYdPP3kNSqvCSu	synthpop,electropop
k1lbvRNvoZoMvRKx	ambient,post-rock,experimental,ambient,post-rock,experimental
k2DddATWJWf3z6Ih	sertanejo
k2kGxVAFnVBywxwj	soul
k31RUdREKdKFS747	emo,pop punk,indie rock
k3FPwF5E4hLTlXRr	drum and bass
k41wndTFswPlBiG9	funk
k4ejQkimaU7REQYT	hardcore hip hop
k4zHM5e4EmOV2TNi	pop,electropop,electronic
k54A8KHcznXLy22A	indie rock,alternative rock
k54gTyUJ6zmbmtZc	melodic death metal,death metal
k5IP53hCRO1JFjR0	dream pop,indie pop,art pop,alternative dance
k5O4fLTsul5NNzpz	pop
k5S6lNIEQNErXRAw	electropop,indie pop
k5gaHDivros6gF9X	rock,emo,alternative rock
k5utxZAsb5b5hRcU	rock,gothic rock
k68WuDMJJvrWeeXX	pop,rock
k6FDKDlKluvBgKZb	classic rock,rock,hard rock,glam rock
k6vicslMKbDQOjIh	electronic
k6vpOoh2CeE5m4GG	hard rock,glam metal
k7Nh93qJae1HAoRo	rock,christian rock,alternative rock
k8VKJGoODL2CjrA7	rock,singer-songwriter
k8ZN7PZk7Aym3voY	mpb
k8jF8vmCF7S0MDQx	emo,electronic,emo rap,electronic,emo rap
k8omNdZLaeCfZ3FS	pop
k9EmVfPi8IvSeQCd	bossa nova
k9ol4zweC9fIE8fK	futurepop,ebm,electronic
kAMGFuW84UdVWePm	jazz,bossa nova
kAvvkZTDd5xpmxyT	pop,soul
kBRce6XeE9zEPzbX	new age
kBpAO75NCHn8s5jL	rock,mpb,rock nacional,rock,brazilian rock
kBwRVb68o1yRCtxG	singer-songwriter,folk
kC2I0Bq5XV7AQRkM	rock,blues
kCD5rbZ8QPWodvlI	pop
kCYzwg9x3Gufrfh5	k-pop
kCjoZhap3XdiCWsC	pop rock,alternative rock
kDc3qplXRZClxisC	samba,bossa nova,latin
kEF6uTgXzyAEuWCT	breakbeat,electronic,breaks,soundtrack
kFA0hCUEWER9tgZF	pop,rock
kFOZox4AAlGfbqrl	funk,disco,disco,funk,soul
kFRmXstvdQB0RooN	hard rock
kGlATk0zOkic5LNn	ambient,contemporary classical,electronic,experimental
kHfP0hOte6XuMZfd	shoegaze
kI17P9xI7vwoCKoM	punk,emo,pop punk
kII5vIXskpk7zeIq	post-rock,ambient
kIuHn9e3K0yqKmUo	ambient
kJ1oyIEM2if8hWZG	rock,britpop,alternative rock
kJ8NGe33c8Jldned	pop,pop
kJi48WgEphq8EU3L	metal,nu metal,hard rock
kKezaUNKA6buoF07	electronic,electropop,synthpop
kKg3iaSKjyAkNM42	hip hop,grime
kLWiPkoBWys5Hw8g	electronic,soundtrack
kLhE1m7zDJWehqwK	mpb,bossa nova
kNYOW0Df5fZzJok4	trip hop,electronic,chillwave,synthpop
kNdrcfWT6KzJZjIF	synthpop
kNmffv0WNcty1KRc	emo,midwest emo
kNr3kfrT3rc78X5l	black metal,norwegian black metal
kNvcNfhpp0e9KDQe	singer-songwriter
kODK41pxGfEtrrGO	experimental,freak folk
kOvv2IRcUdCKsWX5	soul,pop
kOz5ey3aMxy7boyX	neofolk,industrial,experimental
kPRuHJPp4SUEEWTm	rap,hip hop
kPRy8BqnCfS2oxwF	pop punk,emo punk,pop punk,emo punk,emo
kQSTu8Qt47sS6Hsy	progressive rock
kR3goARYKL6Yadin	soul
kR9McLnQBm73xzGg	experimental,jazz,mpb,rock,metal
kRGfQ0X5BQQkKoPr	folk
kRchjKgKuHX86vOv	pop punk,punk
kRpM4sDe296nGdQX	southern rock,classic rock,rock
kRvLtVHHwfnJ7vxn	alternative rock,modern rock,rock,hard rock
kSXJOChkzkEpN9H7	electronic,progressive psytrance
kSbWbtucGj8mNRzK	metal,hardcore,metalcore,emo,post-hardcore
kSrEcV4JCpZwDR1T	new wave
kTi1WF4m26YVNsVu	post-punk,rock
kU8zk2nribAcsKo4	soul
kURnZLQoMwAiYjrO	pop,electronic,soul
kUkkODkkxLsJpnKg	pop,indie pop,pop,indie pop
kUpKZvqw7TMafVOq	hip hop
kVAqNushjm7xPaZz	pop,pop rock
kVJrgk5VyxX9Nprz	progressive rock,classic rock,rock,progressive rock,classic rock,rock
kVMJmuozaAY9qUZa	rap
kVdFXGdey3S6xJqL	post-rock
kVsT1dMKiqecVBuY	country,pop
kWChxi2arkGmOwSB	new wave,post-punk,rock,electronic
kWJr1xnTogSnfUjw	post-hardcore,emo,rock
kWrR2AarJP1iXQyV	pop
kXDZPyj1HsCLUYeQ	power pop
kXSocZt6URw19O4m	rock,avant-garde,alternative rock,progressive rock
kXgSpOX4yeTohHtS	pop
kXvJMrHKByHGRJOW	reggae,roots reggae
kYQFmjSBdqxS0pHf	electronic,experimental
kYWRnW9YUQqGdhIr	disco
kYfCb26Tr5KHGNMa	emo,math rock,midwest emo
kYhneXgc9yWuCykx	soul
kYkF4YYPiyKeEp1C	jazz,swing
kZXTmnVP8x2hXi1g	singer-songwriter,indie pop,folk
kZqix9HNuP0fgwZF	soundtrack
ka22IxAAHD2NOEMJ	rock,hard rock,rock,hard rock,classic rock
kai5nqDde3oSoKoJ	post-rock,experimental
kb1drEW9Bmb4X2Ds	post-punk
kb7H6FbRLXnCra6z	electronic,ambient,electronica
kc935wucfFk69M3h	electronic,shoegaze
kcTWhD6uAo52JrV0	pop
kcpClnJJUUy4tJUB	indie rock,lo-fi,rock,indie rock,lo-fi
kdEOHRDp47fXjlr2	new wave,electronic,synthpop
kdKxhkBtHVavNfiU	punk,hardcore,melodic hardcore,rock
kdUbSwoKGapZ95eu	black metal,technical black metal,progressive black metal,avant-garde black metal
kddQjiYkXzZbVrGN	post-hardcore,hardcore,pop punk,metalcore
kdp8XvaqEYgwDfYU	pop,pop
kdwkjRMmRlvRRUZx	pop punk,punk,emo,indie rock
keFgdEki3kOHJCpk	rock
keI4135yoBWBdkKS	post-hardcore
kenT6uby8feJsEJU	jazz,nu jazz
kfPkWkX08izMZFi8	eurovision
kfZxBoyOwuapCBNd	rap,hip hop
kfa8gLijGSx507Vp	symphonic death metal,death metal,melodic death metal
kg8fP9etq3U3fFjx	singer-songwriter,indie rock
kgJpzAll4gUiem8r	rock,alternative rock,pop rock
kgQDYWvh50tgBPZa	garage rock,alternative rock
kgT09p8VkYSVAXa4	dubstep
khHTeeI6eGbaD3Ph	death metal,metal
khsvA860kSBZiyjt	rock,hard rock,classic rock
kht831Et4Dbp6TIz	rock,grunge,hard rock
khymRW0B0p6aUuSm	punk,hardcore punk,hardcore,anthem
ki6QDi6UjuC4FoLN	pop,latin
kikH93xwI4lQRlRS	pop,pop rock
kisc1hml7Lb0pkPd	electronic,edm,electronic,edm
kjLVZo2gmkj2CUMJ	post-hardcore,hardcore,pop punk
kkFKnqYD8BwoHz5D	shoegaze,dream pop
kkc39SmO3aNGbtx3	electronic,indietronica
klt3UvIIfQmaj0Bd	gothic metal,metal,doom metal,gothic rock
klvnvCQeSesb2sKa	post-rock
kmYheGIWdIJk8idW	pop,alternative rock
kmfEYMjEwILu1uWM	post-hardcore
kn3eQbZUHj9jDvWz	downtempo,art pop
kofCEetOZo7Lb9Sg	rock
kofPoBh8Aw42LFGE	electronic,electroclash,electropop,electro
kpQ76lrMBdTXlBnW	pop
kpo4xkFEvbx9ho9X	indie rock
kqFP2Ke09xbMlqJs	pop,electronic
kr14nUpQZ1GR6YwV	new wave,new wave,ska
ks4DR3VD6XAcC6aI	contemporary classical,neoclassical,neo-classical
ksOL6QlyOpTHsM6S	electronic,progressive rock,indie pop,ambient
ksf8RYBjhfQGcEUt	chiptune,soundtrack,video game music
ktUYE4DXz1AXckgs	blues,funk
ktvDsuP6w4sJH2JG	funk
kvK6TNtc2dGwp7o2	death metal,technical death metal,metal
kvVt020zvdZAJ7Dt	gothic metal
kvZYXknSk2G2pbMf	britpop,synthpop,alternative rock
kvcLq2kow8lysxDs	alternative rock,rock,indie rock,garage rock
kvpJnRX6kwlaAm0p	hip hop,experimental,glitch hop
kw9CuTAqnMdoBLvJ	rock
kwSmPYUxr6JVJF84	soundtrack
kwSqKLtWXIw7dExE	indie rock,rock
kwfAHZAtvKS78X17	thrash metal,hardcore
kwhjTQTm33lNLxgH	pop
kxICAqZXmKFepJUF	new wave,pop,new wave
kyf3DVxqEukIKxr9	experimental,downtempo
kyi0drTSTxao6tNe	mpb,afropop
kzURsyjBMGPfXwqx	jazz,chanson
kzcUWQF9Hi1VkD23	soul
l0jg4smRKLjvqbVA	pop
l0w4xTzjY3h1tbi0	idol
l12Aa5zz1bulSu23	pop punk
l1LBGSY2s620v1uk	indie rock,synthpop
l1mUyBwlNMAcPxd0	indie rock,rock
l2FLoiTRKXdyH3jm	experimental,electronic
l37cVEDES82eQsD9	pop
l3Q3mL1u1SdjvME9	rock,reggae,pop
l3ZaYBL5pHoIn3u8	experimental rock
l3hSiU6bzp8CG4Wp	synthpop,electronic
l3nRNCf13nhrJQCC	new wave,post-punk,punk
l3xmztZLKLeJkLgt	ska punk,ska,punk
l4sXFIWhDOrdjv84	rock,pop
l4xmXeBkN0CUuIQv	shoegaze
l5Gq2tAbpBcjpHjT	pop,pop
l5W3IeiDmDlXrt25	progressive rock,rock,classic rock,progressive rock,experimental,rock
l5lTIHCodNPwK8XK	alternative rock
l6ND3l6MnAea5OfZ	electronic,techno
l6dR8Bnl6wELFM91	pagode
l6n7s6HeDbBuaTIf	pop,latin
l77gvMb3jTXBm2YC	singer-songwriter,pop
l7qkdaD1i3DURG32	soundtrack
l8A90cHfbXmMuyRt	electronic,synthpop,pop,electronic
l8LkTQkojqBR1aiW	ska,punk,pop,new wave
l8jkCwzynd8cFW06	pop
l90eoHoZ3sI8dDZv	hard rock,rock
l949D1UQAvijQiUZ	indie pop,dream pop,pop
l9Tib6V6S4Dffe0m	death metal,brutal death metal,metal
lA6zw3vdfDVODQSs	disney,soundtrack
lA7x9OQQPbk5dYGj	progressive metal,metal
lAX41Yy1M3L22dtZ	rap
lAqJT67LHqQS6UiL	pop
lArcpnObfVmc1OAd	pinoy rock,opm
lBBXT8sSMcKEBpfI	pop rock,pop,disco
lBMuBeWhPZh9Nkpt	rock,rockabilly
lBi4UCZrZhOYdVvB	garage rock,lo-fi
lBjdeEN0SjC0gxhg	turkish pop
lCakQALXWZSghMkq	alternative rock,piano rock,rock
lClfBSIUdEXQgLZv	shoegaze,rock
lDAnfyDH4CvnG5Zf	britpop,rock
lEFOKqNbs8sUtOT9	jazz,pop
lEXSux1ZUEjPFeW9	southern rock,classic rock,rock
lFt5kQ64gDRKDwq7	post-punk,pop
lFwoNPComBWXKoy1	synthpop,new wave
lGY9g9IQzhyBpLYL	pop,disney
lH1ocbPMv0HSUi1c	thrash metal,metal
lH33YM3Sy4kK3j6M	ranchera,latin
lH6MmvwEGAhkD4ED	electronic,ambient,electronica,pop
lHJY1X3qDrYWVSBZ	pop,disney
lHK8CogJRBjuEK1m	new wave,synthpop,pop
lHqjf2DMFroMTf3Q	ambient,electronic,dark ambient
lHtCKaNzZMT7Bauz	new wave,post-punk,rock,post-punk,new wave
lI4WSeabbrlK4BFh	indie rock,rock
lIt2ccDfWQK0iI0t	soul,pop
lJ0P6hsqJ3spnLMH	indie pop
lJLU6s4DMwegBIuj	ambient,downtempo,lounge
lJNFRMtEweJcdgDh	alternative metal,nu metal,metal,hard rock,rock
lK0ylUKuiVm0We4E	rock,alternative rock
lKJc2DDZnJvdIGcQ	pop,electronic
lKJnqf0X8U7vJFGT	rock,emo,alternative rock,punk
lKV1ejXR2L7GqF4f	indie folk,folk,pop
lLLaMUOFl7atjXzt	singer-songwriter,pop,rock
lLN6g4FDpvzDXJl0	glam rock,classic rock,rock
lLdUeA8iY3WciodG	metal
lLeji3uYRILLHfUe	mpb,rock
lLfKM4dOcwvjBz9C	power pop,rock,classic rock
lLoGpllpP6pr445E	pop,turkish pop
lMBFCNXTRpilOCwa	mpb,baroque
lMeEMcn3RbJebB7C	indie pop,pop,indie rock,electronic
lNLAvnGSYGlAGSJV	underground hip hop,rap,hip hop,rap
lOA7Jr4jBwgqM5c3	indie pop,indie rock,piano rock
lOFgSHkzsp0Xhuwz	emo,post-hardcore
lOFidX8Jxs0ViNRG	pop,rock,classic rock
lOJwrPgzFr21cxjK	jazz,rap
lOlc5YLc3ateiAmN	hip hop
lP765nl3Ds3RsvRo	bachata,latin
lPiG8gbPafVh0SOD	rock,folk,rock,brazilian rock
lPuRn0W8QGV3waIC	hard rock
lQ5Ao6DK3PYAzzoq	synthpop
lQAYJSIRqX2DBNtg	folk
lQUJvukizipWC574	electronic
lQWEHNbWiknD8yYs	folk,indie rock,baroque pop
lRh6XFFfD7VmAhFU	alternative rock,rock,hard rock
lS5Z7Yf23WvPxJkI	indie rock
lSTqO4bmcyTwF2kK	pop
lT1mNgqhOlIxt5lv	melodic death metal,metalcore,metal
lTF94dslpvnGIa2T	electronic,electroclash,synthpop,electropop
lTfwEl35vUc3Hw1h	pop
lTnSI4DXSRIrKijS	dub,reggae,ghettotech
lU0m0JOKlp4UgwF9	rock,latin
lUEe1bAmzyswYRKq	britpop,rock
lUbDazuReTSu6TyX	futurepop,industrial,ebm,electronic
lUkLcw49tAyXQ3sN	post-hardcore,ambient,screamo,progressive metal
lV5FirW7hGo2RBPa	rock,indie rock
lVlN2OTey5gKDv5U	ebm,industrial,electronic
lW8tADQazCyj0XeG	pop,teen pop,blues,pop
lWN0txucZNvYP5td	rap,rap,hip hop
lWf389lVtajfPXfE	chillhop
lXoQnPc4WjMDg9tU	punk,rock
lY4qGppTFjktynIW	pop,electronic
lYQ0AemEMRkbt8li	soul
lYRbqYLm1IcfI2tH	rock,britpop,rock,britpop,alternative rock
lYYaBzvALQ0ZNcsR	metal,nu metal
lYpNXS17S3BVo2lV	singer-songwriter
lZSQvnrUSxVIYNn2	electronic,electronica,electropop,electronic,electropop
lZWv197Exi4my8uq	pop,electronic,dubstep
lZbFqSTJpFpXvofN	rock,pop
lZuTBRyWraGdP8QS	indie pop,lo-fi,bedroom pop
laguswJtrqr5eaVC	folk
latkO2enZdR2t7LL	blues,rock
lcn4wPRuozpNitzx	metalcore,deathcore,metalcore,reggae
ld0r2fGTPU8pUzpX	funk,pop,soul,rock
ldue2k1eVOVofdlO	electronic,electroclash
le0a61Jf7TXjE0in	chamber pop,chamber pop
leYFuBX5356RVcJQ	reggaeton,latin
lerzvWRlm5eIo63q	uk garage
lfDSzOSkpulrDN5d	folk,singer-songwriter
lgN9SuiAOAsnsbgr	hard rock
lgYNNvIGLVNgS7GI	progressive rock,rock,hard rock
lgj96upYCkkM7xk4	soul,soul
lgyUUbP9SkoZla1t	pop,alternative pop
lh8R2dOH0RTEKG7e	soundtrack,singer-songwriter
lhAAsKqPo9CBpCfo	indie rock,indie pop
liHbVR1A9GKOyDX0	rap,electronic
liV3IcPslu8LJYFk	rap,hip hop,southern hip hop
liugCPDXGe12SMjq	pop,pop
ljB2sgtAyNFLBsvN	emo rap
ljOkn3HLORs3Hcgj	metalcore,metal,metalcore,melodic metalcore,hardcore
ljj26QYEJcJX4m0Z	symphonic metal,symphonic metal,gothic metal
ljwHKPtFjOQlgcSn	death metal
ljxbPRmRkMdVhaH1	indie rock,piano rock
lk7oRMPWR10H5iOB	rock,rock,pop
lkSYBptyqNdXbOBK	black metal,melodic black metal,metal
llbxlng6c0iAn9ik	hard rock
llmdBr61L7LfpmgR	latin,pop
lmh4GcqNZWiM61qu	future garage
lmx8hofKGbp7YhXp	pop
lmxV7UbqW09Nc2wb	pop,rap,electropop
ln7XH844MFewx54f	indie rock,dream pop
lnFKLY40a8wDRvog	ambient,drone,electronic,experimental,glitch
lnSMbyE5IE67Iq42	soul
lnZKR1oTOCESG5zU	metalcore,deathcore
lnlERmLHi1f1J2dV	k-pop
lnoIDTOBIMIILzX9	gospel,adoracao
loHZtfAmjOHPfm27	medieval,neoclassical,neofolk
lobkBaqaP03LpX5H	indie rock,indie folk
lot6gLYA59Mn53bz	indie rock
lpFtqZBO36bJvAa9	classic rock,hard rock
lpT51J2X5PB7vVaE	rock,singer-songwriter,indie rock
lpbuq0yOzNKwVGJi	electropop,indie pop
lq2q0kjjJ36crq24	soundtrack,rock
lqGmEh8rzGXM4Z60	folk
lqhNT0flYsfRt40T	pop
lqvAkWoz0xl6sdZW	rock,new wave
lr4NVmH6OD6FlR2C	rock,pop,alternative rock
lrEymwv2MmVUgJTO	pop,pop
lrLUUC8FrKCARfCg	alternative rock,rock,grunge,alternative rock,rock,grunge
lrZxL0bnPBJohrJi	baroque pop,classic rock,pop
lrf3h2SZgmuSflgm	grunge,alternative rock,rock
lsudfeEGosAqzZI0	black metal,norwegian black metal,metal
ltZ7TJG6yGDNXzd4	post-punk,indie rock
ltiNQlpq74ozeUfx	rock,alternative rock,funk,funk rock
ltuqdl7RA2AnWOCR	rap,hip hop
lu49ZGXrDxDznfm6	post-rock,emo,indie rock,midwest emo
luKiswcWXx4yRQ0R	rock,britpop,britpop,rock
lucRuYES8hIpEqN5	shoegaze,indie rock,dream pop,lo-fi
lv9qo6razyeNcMvG	alternative rock,new wave
lwRWyW7W8kgTUtwq	country,pop
lwjCqRX8vexafTOd	singer-songwriter,rock,pop
lx5TLpzdQGsheGnh	country pop
lxBjUaQk69np1sOj	j-pop,electronic
lxCACkLHofS7imn9	electronic
lxIk6SqJ6HQVNgbr	indie pop,indie rock,pop,alternative rock
lxMVvMEW8La21pWQ	classic rock,rock,symphonic rock,pop
lzF03M4H0QnKBXZn	pop
lzgQLpXrGUArelxV	indie pop,pop rock
lzlyaLL4NZTvth9S	alternative rock,rock
lzmqvOHMGPiirgGS	glam rock,rock,classic rock,rock,glam rock,classic rock
lzv3p4nMYfuhjEza	rock,singer-songwriter,indie rock
m03JSJArgnUvRkjV	axe,carnaval
m0dEoCeugkhJNEoe	folk
m0dN1gfQpORBXC6R	pop
m0jJb93u5Q0BxXOc	hip hop,rap,hip hop,rap
m0z9Ta1oY0tcMuOw	psychedelic rock,rock,psychedelic rock
m1yHJx08PIwviZwm	pop
m26rC3RtYEtOpJ0u	k-pop,k-pop
m2h2BBXGBwq6iykm	soul
m3BDp0WO1IA8gapw	j-rock,visual kei
m3gopfX6etVD3fmw	pop,pop,disney
m53MAiqMF9Sp7jPf	indie rock,indie pop
m55suftS64OqGs5B	post-punk,punk,electronic
m5VnZKdJGPhzq2MM	britpop,rock
m5frr7I41gKgIsgp	chillwave,electronic
m6RhrAaZd67WuSOi	electronic,electronic,experimental
m6wDD2TJe6r4Y6gP	pop
m7BeikdE73aJDNm5	pop,pop rock
m7gADmFpdvANqa6k	shoegaze,alternative rock,shoegaze,dream pop
m7wg6EHAqjK6AP5p	progressive rock,progressive metal,rock
m8kgaB6kDdrkXThs	folk,singer-songwriter,folk,singer-songwriter
m8oqnIEeRk8v9eL9	alternative rock,rock,grunge
m9ZCSq3BhsrYje87	thrash metal,progressive metal,metal
m9w7OcJ2dqRSoosM	soul
mAb9hLbSHoj33VQ8	folk,lo-fi,experimental
mB0a1FsImdPG2NCh	pop,indietronica,indie pop,pop
mBWF5tEgoTIH7wTK	soul,funk,rhythm and blues,soul,funk
mCHoVnVlkRQzlSC8	afrobeat,funk,afrobeat,funk
mD2GtGWpt7tm5tWV	indie pop,pop,new wave
mDGMGTcpm3ujiTzZ	metalcore,metal
mDUPLPyuMCbspZI2	singer-songwriter,folk
mDZ54xwbRmbQiKOK	singer-songwriter
mDbAUfW15RTdmOTX	pop
mDxQC8jH10alFtZT	rock,pop,pop rock
mE9QjziJAflanWbh	rock,hard rock,classic rock
mEBVYMOzVEZcws0D	rock,indie rock,alternative rock
mEU5Tub6cekNIUVc	new wave,pop
mFH9EuL7pjB9tmxZ	post-hardcore,screamo,emocore,emo,hardcore
mFVnWasYyY6jolgH	electronic,ambient
mFrBhZ1Qlf8REPxP	pop,new wave
mG0mL0C1sq0y9wHE	rap
mGLRdmS40lxuTIBt	progressive rock,experimental,jazz,rock,classic rock
mHU9ULMCZOXn0vdm	folk,pop
mHZxu8lThvzmatkp	progressive rock,rock
mHiIhYAiXxNFdpSV	soul
mHtW3xpHpijTAJ6a	blues
mINOuy0ubZuxiz1r	electronic
mJ0guutXfHp8C62b	alternative metal,metal,rock,nu metal
mJ5EBXzR6Qor6iAg	stoner rock,rock,alternative rock
mJEYm5FN4l1eJxQb	soul
mJJ2NzoZMDEmx9xi	k-pop,k-pop
mK7vPTu71ytAChLp	electronic
mKd9jP6q6gEezlQu	dream pop
mLOYQMMMpyUVTCYt	mpb
mLZSZ3rgUowMErLn	psychedelic rock,rock
mLZr4Ms9tkh0XCK6	pop,pop
mLlZNVAQ9R2CnqNy	electronic,electronica,downtempo
mLnuSDmDv9xpCbDd	rock,pop,latin rock,latin
mLvpbHOHaEwIv967	pop,soul,pop,soul
mMfdAAzLQl2EmnS4	nu metal,rock,alternative rock,rock,nu metal,alternative rock
mN5wv2NEPKC6P8od	metalcore,metal,hardcore,emocore,metalcore,metal,hardcore
mNP02lm9TrvMjgSI	black metal
mNY7qscv5JHM2pTl	rock,rock
mNt1L5N3AKO0QlhK	midwest emo
mO4eAVdWoYXELw2H	indie rock,rock
mOE0FELwQ7CBHKI9	post-hardcore,progressive metal,progressive rock,alternative rock
mOHb9wV1eIQarLHe	mpb,bossa nova
mOJxv3jrKsalfHZ0	hardcore,rock,emo,post-hardcore
mPrTOa9e5ZllvH8O	ambient,pop,emo
mQQexN2jZzGa3WCD	pop
mQiXBoBK6Bq1p46O	punk
mQmxqfpDo9SPBO6L	shoegaze,ambient,dream pop
mQwhIpOa3maW1MVg	lounge,deep house,downtempo
mQwiiryXir6fsErT	alternative rock,rock,funk,funk rock
mR0HHeNgtIvxHygv	mpb
mS2DJ1a3dByaclIi	britpop
mS77mmYTILW93w4I	k-pop,girl group
mSLLmz7iFCtTPYlQ	alternative rock,rock
mSQ3XEiwlnAzPCN7	experimental,folk,electronic
mTO7HdtUqVycC47Q	easy listening
mTrUxHgS9FfJ8qGr	deep house,electronic
mU1KfJEX8Ly8YAWO	blues,soul,jazz
mUnXZmIBXB6tBEsz	math rock,noise rock
mUoG7JeJG8HlRiNc	electronic,house,electro,electronica
mUwYWuajZhy3MTmM	funk metal,funk,funk metal,alternative rock
mVcD43BU6dWJlB4i	mpb
mW3QTRFGMRpk78RP	rap
mXB6NigvPB9jYwIZ	post-rock
mXfj5KtF8brL0ktD	shoegaze,britpop,shoegaze,dream pop,britpop
mXmKrNtnsFLtRLHa	classic rock,rock,reggae,hard rock
mYYCMpw7MVJxR2Wt	alternative rock,rock
mYbxCy9uBs0lRWyq	doom metal,progressive metal,gothic metal
mZRgvScBgX3wtwCM	trance,pop,electropop
ma0gFRJc2lN2HcGH	singer-songwriter,folk,soul
maPmvYldS97runEi	rock,britpop,alternative rock
mas1tN4UHGAvc3JC	black metal
mbA7Jz2HsW3WzPQg	folk,ambient
mbQaXTestBJcVt6c	post-hardcore
mc0Ig612SdSCNYRY	reggae
mcNbkeQaDjo6CYuz	disney,rock,soundtrack,pop,disney
mcQM5G3GMffWXzOu	alternative metal,metal,rock
mcoFK4Q4wyaJQ5iW	indie rock,alternative rock,rock
mcsBMuPgB2GmS9XU	hip pop
mdCsm7CFipESXIv1	pop,house
mdgYYER2bPK0gMOg	ebm,industrial,electronic
meWpkqLU1DR82m94	pop,electropop
mecwZwZuoSBF7zYs	metalcore,metal,hardcore,melodic metalcore
mewHMFxN7cB2on6B	electronic,abstract,electronic,experimental
meyRuHSugFCQytN3	folk,j-pop,pop,experimental
mfNc2QhbGuu9FDGS	electropop,pop,electronic,synthpop
mgfs7A2PgnzcxK1v	hard rock
mgjqZmWcBEdrt3eP	latin,reggaeton,pop
mgpqUBhB0r3sKs3Q	pop
mhhlipNkUzjN5WV9	dream pop,indie pop
mhs0vZrFAuq0WkXR	rap,west coast rap,hip hop
mhul34hlsA4XGYiH	post-rock
miGoravjm57LPxYg	blues
mjRbLS3t7yeWpqUN	electronic,electronic
mjmulGjYy1ogo7PP	britpop,alternative rock
mkZMjWVvydJtj0Nw	soul
mku4H6zuJ8yxxACr	soundtrack
mlHenRzB3gMOjCLj	wave
mlJ6PgeUP9C9dJ4K	melodic hardcore,metalcore,hardcore,hardcore punk,melodic metalcore,melodic hardcore,metalcore,hardcore
mo6LF6YNB4ySSZj5	hip hop
mo9bFoNGXVok32K5	soul
mog1os72QLHlgW36	acid jazz,jazz,electronic
mokkHmNUUHUlx9Bi	k-pop,pop
moyPkcbe09viAuV0	djent,progressive metal
mpRnXB9IPlU7qkAT	art pop,downtempo
mpX16vGfsts7yzHP	ska,latin,rock en espanol
mpd8nWUscKpDz9Yt	pop
mpg2q3J0wVb1GeJ2	pop,eurodance
mqEG5rNU4mgIHxqq	ska,rock,ska punk
mqidFs9AjDQ8coD5	pop,latin pop,latin,pop,latin
mrCWd4wEqSDtZpWG	pop,pop rock
mrHLgE4mZFfQ8K3Y	indie rock,rock,indie rock,rock
mrL476gnmst6Gjfg	rock,alternative rock,hard rock,alternative rock,rock
msU39doBcQ7sSTqH	folk metal,viking metal,progressive metal,power metal
msmaXj6ztPcW5q0N	new wave,synthpop
mssxr6bHcLrXov7a	pop
mtWOmBYkCcG4BRQV	rock,classic rock
mu3SWuD9vWkLwlX7	electronic,ambient,house,indie pop
muNKL9lLnw7adwcH	pop
muOGkG0bSl7qaS1Z	rap,phonk
mumfFTrnPMaTm4u0	country
mvuQ6mRf2Nv3g3aR	psychedelic rock,rock
mw6a1mcqf3nGLD9i	psychedelic rock,garage rock,progressive rock
mwLjpMXA8cVhCtTz	ambient,dream pop
mwYQMc8FgUTV5Bmo	black metal,metal,death metal,thrash metal,death metal,black metal
mx5od0xKI15BvzIi	power metal,metal
mxTapJ9Mu83ASNiQ	screamo
myRhzdJFW6KUWj5V	singer-songwriter
myY0UlrN8xZmnuoz	pop,pop
mz7vVCHrbCJXqmj4	post-hardcore,trancecore
mzQScWWlAbKHI7Rb	power metal,metal
mzbUtcwlqLbaxePQ	minimal,minimal techno,techno,electronic
n0T1qwXEnVt2coEX	punk
n0VEZINbgUOEp1jq	pop
n0XeTUFDqvKwq9ov	jazz,jazz guitar,bebop
n1Wy5Iz2eNm3XPsn	pop,pop,eurovision
n1fapLzHMsuetH6h	latin pop,latin,pop
n1tnSfg3WWlTtzXH	house,electronic
n2gcjzcamAGcX2zc	rock,post-grunge
n32K8BxcNKOSGlUG	pop,soul
n337VTB5d04w7q0n	alternative rock,modern rock,post-grunge,rock
n36aAWNnnYpe8l1e	alternative rock,rock
n3HgGAIBadbP8ceN	industrial,metal
n3sVdHCovwsURq2P	pop,lo-fi
n42hIzaDq0YCyf6U	alternative rock
n4JrOkRysTahDyyM	post-hardcore,hardcore,screamo
n4P9GzU5ga60N5oP	singer-songwriter,rock
n4rABMASJ1zROt5b	blues
n53YzeCcWxYUy6zW	remix,electronic,pop
n5Wbk2xaanaZicuz	folk,singer-songwriter,world,indie rock
n6BkmeSZsH22vnPm	rock,singer-songwriter
n74xddJ3ud7ROzLR	singer-songwriter,folk
n7Tg0UZ5TgnZ1LTV	pop
n7fW0gsuVnl729dS	pop punk
n7ztaEdEONz8579H	electronica,electronic
n8G1zHht9dBL2X5Z	k-pop
n8brmwq3EOUPf0DY	soul,pop
n8f3Ggus0FD7DTuo	rock,indie rock
n8xvKt17lWgyprS9	noise rock
n91w39l4hF6FcYdG	folk,indie rock
n9a6Q6iaPIsz1kqf	bossa nova
n9oe1nmpKvkV3E6M	glitch,minimal
nADwkyZDkKizRlqO	pop
nAS0qD3vZ7ekGIfI	lo-fi,experimental,synthpop,avant-garde,pop
nATEWfU09W7gFBMX	indie rock,rock,rock,britpop
nBdPVhqwb0wwqZo7	screamo
nCRwxIVfPkkOuRtw	pop,electronic
nDIqoLn0PsylIbpk	folk
nDarbiVtsaHmiI75	soundtrack
nDxZJo6HwY0Op0GW	reggae,ska
nEDQ9xA29qLPLOKM	electronic
nETVg0jyX7d0az9M	punk,rock
nEchofwGXxIZzv4p	rock,indie rock,indie rock
nEe3B0Zk4TRcjsJt	dream pop,lo-fi
nF8R01cxMxtWmLgn	indie pop
nG0YNdNS2zrJN4Rg	thrash metal,metal,speed metal
nGDODC1ni8KSFs3S	country,country pop
nGZhprdUvUM3JaUL	death metal,brutal death metal
nGvcA2E17oa2vdNS	indie rock
nH2S1ksqiG9WoYnf	britpop,rock
nHCDyywOBly6TijJ	synthpop,indietronica,trip hop,dream pop,twee pop
nHKP2Hrs77h9JyBb	rock,indie rock
nHQtMLCCqk6O0Rvz	post-rock,ambient
nHmx9OEQu7ydkzYQ	power pop,post-punk
nIGre1Noh6z9ASqL	post-rock,math rock
nILB8rWJQjmbZySI	dream pop
nILbsQmMPLjDAINz	folk,singer-songwriter
nIMUCm9agWr9oLwv	rock,alternative rock
nIcPv3NKMN22CiWF	pop
nIn0PfPxmGfarnyu	lo-fi,folk
nJ1d2gM99jxik8cG	metalcore,progressive metalcore
nJJxhLt1q0Eyd2XC	power metal,metal
nL5OISo1ClBQrJ2y	indie folk
nLWa3GoWCE5lAJSb	soundtrack
nMUaWFvnUnuI9Ac1	post-hardcore,pop rock,screamo
nMdBpusgXsxGcfdZ	experimental,lo-fi,avant-garde,dub
nN3O8VNYQCYjMekm	pop
nN7xNQVoHjcoSpC2	post-hardcore
nOH4zvXsKu4BspFh	soul,pop
nPDuwlTGLMy2pVIc	latin,pop
nPUnaSw2di6dN2RB	classical,classical
nPxMaxP8fMxl6qmK	indie pop,rock,indie rock
nR8ZAw5ZsGriuFGK	house,electronic,trance,folk,latin
nRKxeMZ7lPmyhLRC	ambient,contemporary classical,neoclassical
nRMEuBumDTScsiGv	pop,j-pop,electronic
nRNVhcp9YtVXYq5h	post-punk
nROgbxPk7lgXPE0X	bossa nova,mpb
nRPftBFrdAiW8Lj6	rock,alternative rock,rock,alternative rock
nRocxGEqZFYlfgNV	pop,soundtrack,disney,pop,soul
nSEJQ4sZ3ypfoluJ	rock,rock,glam rock,classic rock
nSMAjBGtbR6MVJwx	rap,emo
nSfM5WsmOPzwpMnC	pop
nUeujbG1fzIjEeRm	bossa nova,mpb
nVJ46U5XJp6vVBAT	pop
nVUZNjJPFDVOyVVK	indie pop,singer-songwriter
nWLYOvar0i992XYK	reggae,latin,world,ska
nWamstGAwBbfV6Zn	classic rock,rock,southern rock
nXnslafha5exl2wG	folk,singer-songwriter
nXvv4prUv9neoDTH	pop
nXzCXxOF61QR74iW	new wave,rock
nY793S0Nmnw3WVah	singer-songwriter
nYIltGMJloIMEpka	nwobhm,metal
nZBEv5uKLVIkwFYZ	k-pop,k-pop
naYyqlV896qcW9Ib	grunge,rock,alternative rock,grunge,rock,alternative rock
nb6LuREzlRpr5aLi	rap,rap
nbRSgR24dEWGfdhh	soul
nbWQ6SOuRoBpS9Cw	jazz,bebop
nbkyUSWlmSZ7BJlR	rock nacional,brazilian rock
nc4SARK6P3qrsRSj	electronic,electropop,synthpop
ncSSmL3hiZR8Km1L	rock,rock gaucho,classic rock
ncVC39967S2luyxl	progressive rock,classic rock,symphonic rock
ndXBIsqaPi7IiFQY	singer-songwriter,pop,soul
neJbL20BpMe1HT7l	ska,ska punk
nfBTxeGY09zLP6Eh	pop,new wave
nfHK3hrKteXZB6oF	electronic,ambient
nglKi37XDOu1v7tn	rock,pop punk
ngzBocDgeJXBDlyI	pop
ni6EeaNJ4FeZnn1Z	pop
niEffBEGRADgYdQN	soul
niNxIWxw3NO1yW1s	pop punk,punk,rock
niRBN14d2jkTn4Tj	folk,singer-songwriter,freak folk
niSzJNsME53hGC3M	jazz
niUYgqkjIOwLEtPb	k-pop,pop
njJJOYIrieErTAZH	rap
njSr67xjadTZAbsu	post-hardcore,rock,ambient,alternative rock
njmVfMWpaLUTSPJi	pop,easy listening
nkcT8p5p79e83Nh2	electronic
nlQpZZBdaUdtPurM	pop
nlnBghrlZaWjKhUt	pop
nlqjkYH8fIDud7YW	post-hardcore,screamo
nlwdfGw4ITli4enw	rap,hip hop
nmETyL3HfxFtdKXX	rock,pop punk
nn187jg75UFzwJrv	indie pop,electronic
nn1wiCesSEnTrI7a	pop,latin pop,latin
nn8OOySF7hezKY6Q	hard rock,classic rock,metal
nn8ksVCArK3kzXW0	rap
nnGqwGWCOSmceOGQ	pop
nnf9XEqKR3MxaLxQ	shoegaze,post-rock,dream pop
nnmUHACiZjVUt2sp	rock,indie rock
nntfTdvyRfW9RbK0	electronic,experimental,funk,electronic
nnxad8rXiojcpFCy	soul
noDaZ3mJhuaqVa9j	pop,pop rock
noJGfdyDVoktAqrc	ambient,drone
nopK3mCFEFr4vLlq	thrash metal,progressive metal,metal
npF8z2i4UDkPpF1i	rock,alternative rock
nphtg4s2OkmhCeq5	indie rock,post-punk,rock
nqUNuogbzQWmIFbF	mpb,psychedelic rock,rock
nqUT7zCu1dispxw8	post-hardcore,screamo,hardcore,emocore,post-hardcore,screamo,hardcore
nqyxZqm7A9fptn5V	post-rock,dream pop,chamber pop,art pop
nrokoexlqVdshFlJ	j-rock
nsCQHt8EBDUBsQq8	hardcore,jazz,mathcore,jazz fusion,progressive metalcore
nsErWH3ZbbTjwt9A	pop,electronic,teen pop
nsFwXCnPaODZwSSp	experimental,rock,psychedelic rock,electronic
nsoojDZXee47OxRm	metalcore,deathcore,hardcore,metal
ntAf241hE7f1GBNV	trance,electronic,ambient
ntEBAcYFLk2JFP7Y	funk
ntsZ7NCxS8L9VoYH	post-rock,shoegaze,post-punk,dream pop
ntukK8rr6sX6s9P7	classic rock,rock,power pop
nusYUEXufftC8Qr9	country
nv00pislrfOkUfpE	soul
nv3xSg0A9aHJgQi4	pagode,romantico
nvPEiHnxPLNMmdny	ukulele
nw3VdcFQcpnl6iw2	electronic,pop,electropop
nwF0dGv2LsDNQTwS	metalcore,progressive metal,mathcore
nwzkts3Vdc3Q2zK7	pop
nxPWzSZBZ4j2fjNI	hard rock,rock,alternative metal,metal,alternative rock
nxac5MTo9k79IR6p	indie rock,indie pop,rock
ny5WWW4UDPYKaum7	folk,singer-songwriter,folk,singer-songwriter
nyiadiR65NY3v4Jk	soul
nzjzCo2D9ddKggJb	emo,indie rock,punk,emo,indie rock
nzxEOuTlFv5uSZ0o	indie pop,dream pop
o09RlJoTLezEnLZo	experimental
o0AsplF6PujqsR4H	rock
o0TmAD9tlB3NDNYS	electronic,trance,electronica
o0bb0ugouucbor8h	folk,indie folk,folk
o0slFl1grEy2mkit	electronic,pop
o1ezFNExL7OlOaGp	rap,hip hop
o1ht8481qc8Bv1NC	hard rock,psychedelic rock,progressive rock
o1l4EgRv1OOF3aVs	folk,singer-songwriter
o2MLqKbKs5NUGtDO	synthpop,pop,electronic
o2QcjsZQqAw0bA1Y	k-pop
o3IbPJ1pP7MUZowG	electronic,jazz,nu jazz
o3YYgcW9uo3KmFbr	samba,mpb
o3zSZmG7kyacdFYX	metal
o4lOApQQ2dKRVzUe	dream pop,electronic,alternative rock,shoegaze
o5A50wpxwBcZkkex	rock,hard rock,classic rock
o5C3Zi8GpvxtFxaG	soul,soundtrack,soul
o64J3SARDQwwk8yP	pop
o6NF2i5lZvp79KWq	trancecore
o6f1vBg76XF1vxJR	symphonic metal,power metal
o71YQ00mYNAS6tnb	pop punk,punk,rock,pop punk,punk
o74lzgfgplhdBxzK	shoegaze,banjo
o7r5c2Ct4et5Qnnt	folk,singer-songwriter
o83Oide1YU4nvUeh	classic rock
o8XJnygJx27rWNeB	indie rock,rock
o8eKq8Y5IwHjNvC3	thrash metal,metal
o8fa8lVeEAD4N6xz	electronic,tropical house,house
o9DjEkfL0XFltWjF	electronic,pop,turkish pop
o9OocaPGmJHLoAcW	hard rock,rock,alternative metal
o9Ri93h9CgQdsYb6	black metal,progressive metal,folk metal,doom metal,progressive black metal,doom metal,folk metal,black metal
o9TOqBk57OKneCJi	soul
oA7uzNqqVEIYY2RN	shoegaze,ambient,post-rock
oAeWeUD8gzs7QYYH	lo-fi,soul
oAjbcmZrYSGUnVrK	pop,pop rock
oAvJ5hCBXGC2dpjJ	jazz,jazz,swing
oAvTgJtnLVBjdEcj	lo-fi,downtempo,folk
oB3vaE9GJgvV42av	hard rock,rock
oBeZT3y9P9Pa7J7E	post-punk,new wave,indie rock
oBjXMZHnfXwxl2NQ	rock,ska,latin
oCL7oLwZ2J4sgK2d	indie pop,pop
oCnkH9LKVJJuWOh5	jazz,jazz
oD1CELlwEoxJHukk	pop
oDAsL8lw4IRwDzA2	britpop
oDF4ZW8PChJO0DNx	singer-songwriter
oDFSdbjkyVqWow5b	mathcore,progressive metal,metal,experimental,mathcore,experimental,hardcore
oDbr0TKBk1jt4kc1	mpb,folk,reggae,brazilian reggae
oDnuXDaCIkscsA9v	dream pop
oDt0Uex3Y2PzhwYI	funk,soul
oEAJQ7KVHew2tjFF	rock,pop
oEjZGKTBZ0ja9Ypp	k-pop
oFVs2lt9wbHdWiO5	electronic,pop
oGDJhvkjk7dMBTcg	post-rock
oHBSl7aP4WuNuq2M	psychedelic rock
oJTDc0Cw5ZQpDNch	indie rock,rock
oJbLFzfGodSA74Pp	new wave,synthpop,new romantic
oJvYrCSTGL2y97Aq	pop punk,post-hardcore,easycore
oJz5caTKAhOJPur6	rock,rock
oK0M8BwORMOWOGUF	pop
oKNu3wmU88In3Mm3	indie rock,folk,indie folk
oKlRejCdgxIgaauC	pop,singer-songwriter
oKoE0HXvBO21OMxS	soul,blues,rhythm and blues,motown
oL7R00aRmL9z1e5B	punk
oLr7VqRsMkOtr3Pm	house,electronic,deep house
oM82hSsW3aA2MkRd	soul
oMg1M0qNOPVDdAyZ	pop
oMwMItMFB0OthJg6	pop punk,pop punk,rock
oMz4FQmPRzdk3rLU	folk
oNf01m7GAPp3SoxE	classic rock,rock
oNkx5Atzov6s9g62	pop
oOTeyYPGHa0ZhN3r	alternative rock,rock
oOy3JOWtSQRAVtWk	world,rai,world
oPigzupOOncRLEvu	folk,singer-songwriter,freak folk
oPyfsuPz96kvFsDT	jazz,swing,easy listening
oQE5m5QsWCCe6tCn	country
oRnIcnOyIvxVyEbr	indie rock,rock,math rock
oRzfUTqrfDrnGGO3	industrial,noise,experimental,dark ambient
oS1OjybSuOhRCZ6p	beats
oS4QxHFeXJCFcJDZ	indie rock
oSHJ4yVgCtggk7u4	pop
oSIpDC4MEUnXgRsP	groove metal,metalcore,metal,thrash metal,nu metal
oSesjsfIGdjcswFY	pop,rock,pop,pop rock
oTNcKAMxTruEdq0Y	house,progressive house
oTiz5jIDgsoHTv4J	pop,deep house
oTnxVesx9z3FyTH4	death metal
oTqTECRqXDxu9j86	post-rock,pop
oU2ZHvbupLJCrzs3	symphonic metal,gothic metal,metal
oUBOESKk4oq3p5Cy	k-pop,korean pop
oUHRF179nQPFwhH3	electronic
oUVIn0gE1qqM6uEq	pop,soul,pop,soul
oUfP5dhymZi6qoKb	singer-songwriter,pop
oUjAwd88ee1FQEXb	indie pop
oUrBRzt0Sfu4lyLV	rock,alternative rock,post-grunge
oVEcBGcAomW7cuAj	pop,j-pop,pop
oVNzQtf3mUZrmeq3	bossa nova,latin,bossa nova
oVxmlOPr6W8miu6z	rap,emo
oW65OvZX3DGNsZiN	grindcore,metal
oW9eWP4LLgKOOp53	soul
oWIKXcggbJ59FBK1	punk,oi
oWIW532xFTFoVRV7	mpb,bossa nova
oXaJjb8rjpUCB7pj	psychedelic rock,classic rock
oXgfTuNOvCktA5bu	folk,lo-fi,indie folk
oXhMIv7tCI3mZ6PN	classic rock
oYLbfNIHbOCAZiAT	synthpop,post-punk,new wave
oYP5X3LtlKBBYHvY	post-punk,post-punk
oYY3ViVyL5RmjBJl	electronic,shoegaze
oYbTjQsSrDhXzpK5	electronic
oYmCwkD62fD98sNB	post-punk,noise rock
oYyQUlk847e4fWXI	indie pop,pop,indie pop,pop
oYySnUK9gYzXXDVu	axe
oZfT9xe6xR8u8P1Q	thrash metal,metal
oZgwgxzO2w5MOnpk	lo-fi
oZjJrTShSQMSllPp	rap,hip hop
oaKhdqbEH5y967s7	pop,new wave
ob0hB3kb2TjrlY63	symphonic metal
obh0GDKmGL3NAviC	jazz,jazz,lounge,bossa nova
obqWNcyT7ggZDLr4	classic rock,rock,classic rock,rock
obuEIRqng4XXMUxN	beats
obxWltockucb9rGD	rap,hip hop
oc49Thxw6F4ef4dS	indie pop,indie rock
oc5KIeLjELQhcUuj	indie rock
ocoDwp4ged1raXpV	pop,pop rock
odYQLgcOBMfXZ2Gr	experimental
odaiCyEKerGZY3Uo	rock,indie rock,alternative rock
odbsrmRnJnr9s13g	new wave,post-punk
oeLHJHBGVbkNSouT	soul
oeNipz2YMkm6SLy5	eurodance,techno
oeQwDGf7Q6X5pY6o	latin,pop
oej2fCZ2DGvXjf3O	indie rock
ofDWYDgdmwQRaZ6e	technical death metal,death metal,brutal death metal,technical brutal death metal
ofposGxlMvW2l448	electronic,house,progressive house,electro house,electronic,house,electro house
ofqFeUvSIwIQwbuM	funk,soul,disco
og4lAykOilUzUe3h	singer-songwriter,indie pop,dream pop
ogH6ZnPePE3s4osq	experimental
ogIP2pDuibwECNXH	rock,southern rock
ohuzYjb0fxrNG3Yz	pop
oixBJUdsyUzA1mOi	alternative metal,alternative rock,hard rock,rock
oj6Hc8tTigYOOs7A	metalcore,progressive metalcore
ojbwCMSHgIDT6Qq6	metalcore,mathcore,hardcore,metal
ojeQdo6NxUx6HLLy	death metal
ok6kJpc40tWTKiSf	pop,rock
okK6zKu96oeZwdlc	black metal
okaLYKOYloMp1EaD	new wave,post-punk,rock,funk
okwJZLoxvcidsWgf	j-pop,anime,j-pop,anime
olUmqXBuI2HIcfxO	post-hardcore,screamo,hardcore,melodic hardcore,emocore
oll8ho3mdBIi0MFK	eurodance,trance,pop,eurodance,electronic
olyQncVzwINjsi8m	pop
omWIhzCNj4V1tcxx	electronic,dream pop
omaiCdhkZC7PDMlJ	eurodance
omcTNhhFvdgvIm7B	jazz,free jazz
on5YoGIxbWJJisFY	soul
onVx0LUE6COU6KoK	experimental
onfl6TnAN8An3kMr	rock,brazilian rock
onj0loLwe8zTqNeq	country
onu1ncT91AWXXJiF	experimental,electronic,avant-garde
ooNdKYBUi1FK026F	classic rock,hard rock,rock
ooVEG7hjAf7hY24F	house,electronic,deep house,trance
oomObFXsfiEwptAu	gothic rock
opAMW1rxZig70rhM	alternative rock
opXnBz1qtWojh4W6	stoner rock,hard rock,rock
opxNfsWLpwSQNZnN	soul
oqF5JBtX3gMldUM8	nwobhm,metal
oqLVWJQ5bISwcFRb	rock,pop,soundtrack,alternative rock
oqlLoXwoqhtUgv5n	electronic,experimental,ambient
orVANz3iqnM4O6iQ	pop,synthpop
orX0jGEmPHTm4Att	hardcore,hardcore punk
orzwFrro1PgsBysQ	hip hop,electronic,hip hop,electronic
os8RKOPjc4pr472P	drone,ambient
osE8EKs0vKtc2GIg	power metal,metal
oslD4dIvYIi7aIlo	pop punk,punk
osrkngau0oa9mmAi	shoegaze,dream pop
osuxt5oiNbMjgCqA	singer-songwriter,soft rock
otpmKPki6xLvPaG7	alternative rock,hard rock,rock,metal
ouCz0m4ZJ6stmqGq	eurovision,pop
ouJPk73YZ3K9zOm5	deathcore,death metal,brutal death metal,melodic death metal,deathcore,death metal,metalcore
oupLLUNjWtksavOA	rock,hard rock,indie rock
outq88QO9BkWwynl	electronic
ov3moLva9pg5CfPw	progressive metal
ow4fVugICjxz8trr	pop
owPjxatK3F2kLYTx	rock,punk,pop punk
owUT8r69ReOqhRAB	electronic
ox1BMIIV9kMUXO6z	metalcore
oxPxFXgsrkcXsuto	rock,classic rock,hard rock
oxQoQT3053utzkXv	britpop,rock
oxah61n20HF6EzTH	britpop,rock
oyrTPe6dOmUVQXjF	deathcore,hardcore,downtempo,metalcore
ozQABjVAvEUZbC6l	melodic hardcore
ozorILeSOu3Xqb3D	power metal,melodic death metal
p09sVaz3sDmZBz2W	britpop
p0hFc9Y2eWzYVEzN	electronic,electro
p1VP0vVJmgPUIrqH	indietronica,electronic
p2C11NvlN0hm4tjX	indie rock,indie pop,electronic,new wave
p2Fx7VmT8OVTkxUx	punk,hardcore
p2JhBbYaPZzyadAW	chiptune,electronica,electro house,synthpop
p30aZD9IEuTFXfqQ	pop,hip hop
p3RhCgawpmIu87Jg	contemporary classical,contemporary classical,classical
p3qDTJAGVCKtoqz4	pop,electronica
p4XjV5ejfRmZMj8S	soul,pop
p56FKImzwjSbmWim	singer-songwriter
p5HtO2R3uTnstIKJ	synthpop,minimal wave,ebm,synthpop
p5MSuwwvXMktLevN	singer-songwriter
p5NrlwC4GVSjFhFh	electronic,singer-songwriter
p5dgjKlXcmMugTwh	pop
p5ywwKVV4r0Nz1WA	rock,pop,pop rock
p6MTx41uFtPJcimZ	funk,electronica,funk,electronica
p6XNfHfVfQ8IijdJ	indie rock,rock,piano rock
p6ywZ67s8CskiOkB	k-pop
p7FDCInYIE2kTwu8	singer-songwriter,rock,pop
p8TpMdwHUylAMmIb	folk,singer-songwriter,mpb,singer-songwriter,mpb
p8ZtFvOfKvzgWlRh	pop,rock
p94OXn3JfaPBLLub	indie rock,jangle pop
p96ecYYwux3sfnuI	post-black metal
p9EaYpek5p0O3ZOM	indie pop
p9FqZK3en62G5hQZ	ambient,contemporary classical,experimental,avant-garde,neoclassical
p9hEB1F0n4sk0TU2	electronica
p9l4iJpMptX8KjC7	electro-industrial,industrial
pA4GYy7eeRo60I7s	electroclash,electronic,electro
pA9XkzxAthZUcxhr	new wave,rock,pop,new wave,pop
pAzgyML8giA3E70J	rock
pDIukwJ1WHb5SWRL	folk,pop
pDgv9RYO0CIaKHsL	jungle
pE41p7CevT2YMMuk	pop,singer-songwriter
pERsfsISTXg8ZNfa	eurovision,pop,eurovision
pFiSDWOmVCxWU1jP	rap
pFsHbz4NiRIPdWTU	indie rock,folk,chamber pop
pFxs9ExGmEVjIvL1	rock,alternative rock
pGMcCP4Tw1EWJCxj	progressive rock,progressive metal,doom metal
pGMhzNzWZPbzPEWZ	pop
pGmccNX6NInwgRut	post-punk,new wave
pH97idDxXVlnq3xH	country
pI3oFDhVorJRRpwH	eurovision,eurovision,pop
pI8pEepzPFOJ7fa3	progressive rock
pIEVzi5STKUj99hL	punk
pIgaxnuoMqgU93LG	classic rock,rock
pInAet83BcRrOJ1Q	symphonic metal,gothic metal,metal
pJvIwrMWOZ7SqezB	industrial rock,electronic rock
pKG73LcLu9IOwQIe	poetry
pKKWSRBGCXy9RWw2	electronic,experimental
pKhTiiQuWXebPJgV	pop,black metal,pop
pL1Qnfj8IPjKrzXu	country
pLHicvkgqFLpvj1E	thrash metal
pLrBgzYu0wXsq1SQ	rap,hip hop
pLzVfVM0ulScobjS	classic rock,hard rock,rock
pM3HbhKQYzERrfDp	metalcore,progressive metalcore
pMBZbu8Q8hasOEiv	pop
pMdgYE9VTAnYeiWz	indie rock,rock
pNUcTH7vMfVZ7yYs	pop,pop
pOdtRWD0re8PHjnb	folk,pop
pOeblkNJkVqaYsB8	alternative metal,metal,metalcore,hard rock
pPC261uFVJDGKODR	progressive metal,metal,progressive metal,metal
pPO6D7zh9D3q9BL1	rap
pPXS3vdr7zN5c9WW	funk,rock
pPhgSadZphSZkwam	classic rock,pop
pQP7ON6hChmjx3kz	pop
pQTg5VHeTv4pMo6o	jazz,swing
pQVtEGdK8bfK9LHB	pop punk,punk
pQfTIHmVYxPDrMx3	electronic,chillwave
pRXJu8ro7xUxj77b	tango,lounge,electronic
pRbxDKaY9uKqWCVL	rap,hip hop,rap
pSD8rcEcgqnjU5BA	synthpop
pSMEiJYsZi6HDWBI	grindcore
pSTHHXQ9LWLDcapN	electronic,lo-fi,ambient
pSlZY2HIj1tinSv8	deathcore,metalcore,hardcore,screamo,death metal
pSornxzq4Lgmtry6	pop,mpb
pTGkzCiBsxblfb0B	metal,hard rock
pU2GWGf2qj21Skhk	downtempo,lounge,electronic
pU898rd99dwJXmFP	pop,pop rock
pUAd3C0mmlR4gY3S	disco,latin,funk,disco
pUNz82CMydiJPzeW	progressive rock,rock
pUheVknkO9TFMTg2	art rock
pUvl2VhaCiqo48kN	classic rock,hard rock,rock
pUx00vPWGXyDHTUV	singer-songwriter
pVU418KZuM6FPqLf	experimental
pVidfQyCntTCkBph	folk,electronic
pVpLCYoT0XLVq2cx	soul,pop
pW6Bb9hoKK45z1ZM	drone,noise,shoegaze,drone,shoegaze,ambient
pWxzZ2jkbbZV0SZJ	alternative rock,rock
pX6PUgrvbUL7K939	post-hardcore,alternative rock
pX877XjZZoXvyhP4	folk rock
pX8IEBAy4f9ndQko	post-hardcore,hard rock
pXG1Nh1mTqrPSPqF	grunge,rock
pXxSlviEbBElxSEQ	rock,alternative rock,grunge,alternative rock,rock,grunge
pYF9u07i4V1mXdie	alternative rock
pYMmaH1WELKGBrHE	electronic,downtempo
pYbjrIDObV1ZLgxt	classic rock,rock,country rock,soft rock
pYhUOR925maoe3Cy	new wave
pa5bxtAsLOShYZKQ	sertanejo,sertanejo
paL4zqtJ7glD9oj8	rock,britpop,alternative rock
pabvO5rWXuYL7obJ	ska,ska punk,punk,ska,ska punk
paj0BiIzHaqZJB76	pop
pbKuPAGh0AraqrEZ	rock,singer-songwriter
pbNoCvI6x4lUXbHm	melodic death metal,death metal
pcSi1Kyvbmt7gi3Z	punk,post-hardcore
pcW3EZP8xEnsA9B6	progressive metal,djent
pce3mqXGPEijdmf1	downtempo,ambient,electronic,jazz,electronic
pdBTkpGulQJPnPMX	shoegaze,dream pop
pdQgz2jbIlOXEhgb	indie rock,noise rock,lo-fi
pdVTRk30QFf9MJ3j	death metal,technical death metal,brutal death metal,grindcore
pdZM8albTFnV8wPO	pop,indie pop,singer-songwriter,pop,singer-songwriter,indie pop
pdk1ca0vrPCG1yBC	progressive metal,electronic
peBJkWdR1cED9iWz	pop,electronic
peoPhubxKzFogZ8y	ambient,folk
pfBuIuauWYR1YJjY	folk,country,indie folk
pfMkGlRlGjI9fcIG	electronic,ambient,techno
pgAQbyhPZk9GIklA	alternative rock,rock,progressive rock
pgqB9dDvFjGJIdah	ambient
ph0D69acp8AgdDyt	indie rock,rock,garage rock
ph8tpucS8v8qYK8G	metalcore,deathcore,post-hardcore
phF9Nm9Gcx7JUw6N	trance,progressive trance,trance,progressive trance,vocal trance
phRJSvlCiJchnDsh	britpop,rock
pi2nAGGVWpUeiW7Q	singer-songwriter,folk
pijTe6WJCY0lLzZ5	indie rock
pjhNdLYq7pWFoAGQ	post-punk,gothic rock,new wave
pkHMaA7BPeYE5r9J	singer-songwriter,folk,soul
pkJ0tYkGWNaLd6VV	indie pop,indie pop
pkVGkmrHXlWJKoxk	pop rock
plSA4Ajbgfc1xYei	punk,alternative rock
plzfKjieZQ8RY9AR	emo,rock,punk
pmOoPwYksH6GKItr	soul
pn2NcV7I0HWsqvEV	rock,brazilian rock,pop rock,alternative rock
pnGRzwb0YikKvRGM	soundtrack,folk,celtic
pndcDA5JhrAf26eR	swing,soundtrack
poEYxRBIG1trLoVe	dream pop
poOGjXPsPTkUwSQE	power metal,progressive metal,metal
poVe8ib6urD93rvA	alternative rock
popiDW57nh9KgAYz	pop,folk,singer-songwriter
pptm8fcfXcc6eVCW	lo-fi,indie rock,rock
pqe99ZoVQ63MTmSR	pop,hip hop
pqePomA8V9ybapXi	rock,singer-songwriter
pr3oqUwWEUvdVFyj	rap
pr9ilCBzuVs96cOS	pop,pop rock,singer-songwriter
prG0EigAs20J50ZZ	pop
prHUDFDdJouLOznv	pop,rock,singer-songwriter
prVky8MabZY60zIG	downtempo,trip hop,nu jazz
prXZZzLFersawUtw	shoegaze
prvyhKtPfDyRKWAL	synthpop
psK37QFvjBvJhDHI	rock,polish rock
psrJpeRAs0pdQYTa	grunge,rock,stoner rock,grunge,stoner rock
ptSQMoK9d8CydnHP	indie pop
ptheZcpbpXzilkW2	shoegaze,shoegaze,dream pop
ptrGzxnR6AeKn1Vr	alternative rock,rock
puJ7J7HuNnCSmDjR	post-rock,ambient
puJFIu3Of2SFgsiu	electronic,indietronica,dubstep,electro house,dubstep,electronic,electro
puWkQ7NDdLOVsWJ0	indie rock,rock,alternative rock
pvBheIjnH1jAKU5V	electronic
pvHr2mkUMl4yr2zs	folk,indie pop
pvahQL85Q34av3Uu	house,progressive house,electronic,electro
pvfXocTXGUk0y0JZ	indie rock,alternative rock
pvrWMNDCQanhGHD4	post-punk,alternative rock
pwaVQ9TyW8E96TWX	rap,emo
pwrAUsQMtqKwjyet	pop,indie pop
pwyGfWCz3mnybeTQ	post-hardcore,indie rock
px4T9cVQ8uZ5GA22	folk,pop,singer-songwriter
pyARG2xVqADaAUQw	grunge,rock,alternative rock
pyQzJOAlMO139lsi	rap,rap
pz4u6conqqR7dCfW	blues,hard rock,blues
q08KAXL5sHjFfoDl	symphonic metal,gothic metal,metal
q0H90swl2jbhmN33	rock
q0ZXx6myjx8zUfsf	post-hardcore,metalcore,post-hardcore,metalcore,hardcore
q1Yxa9vyc63EUnF0	rock,indie rock
q1rofslYFkR5QS9u	mpb
q2DknXyQJ90OrqnD	folk
q2OqtxUIUXXLl65i	hard rock,metal,alternative metal,rock
q2P1i7EPOFeocEB8	rock,hard rock,blues
q2jULMn1w6TWIMm1	rock,soul
q4JarpfrzvLxdqeu	folk,indie rock
q4fa77hmmx90rkzT	thrash metal,black metal
q4z34lVe27hdx7OU	spanish indie pop,indie pop,indie rock
q5Xsvmnbpv7wo2St	mpb,pop,mpb
q6hD12Kn19uKyEtq	pop,indie pop
q7dqinoNJxPIsLQs	j-pop
q8gOiAxsMelsfMW7	indie pop,twee pop,indie pop,twee pop
q8kAwmd1WTYbIfZG	house,electronic
q9AgjJ93qezrV4IJ	folk,singer-songwriter
q9TZUhafAgCJ4uZz	indie pop,soundtrack
q9qy4x1DrcC2beZb	soul
qANJcVnJI0zJ9dsX	indie pop,soul,alternative pop
qAfVzCEQmVkjsdi2	post-rock,experimental,rock
qB5PKmSCDlmu57kT	indie rock
qB5WK1ZPGZ6qEH0O	christian rock,rock
qBHAEmcYwTX5tZQ6	post-hardcore,techno,experimental,electronic
qBuiEboqw2hhi43r	post-rock,shoegaze,post-metal,black metal,black metal,post-black metal,atmospheric black metal
qCuhdtCsi34aP4EO	k-pop
qDIwghrmNyb7kf2N	eurodance,eurodance
qDh4xLO206lKIV5c	electronic,ambient
qDum1AgTRAoqu6Uf	shoegaze,dream pop
qDwNRnqnXHEwN0W8	post-rock,ambient
qE41Uu1uUjFvywwA	pop,new wave
qEkNMoMAoaD1iIPH	eurovision
qFFUr7JDLoagf5Hs	rock,pop punk,punk,pop punk,rock
qFjyQwbMgoa2Oq0b	punk,ska punk,ska
qFtFy6lKMxtazxdJ	christian rock
qGJF6pwPUjAyyTJE	post-hardcore,screamo
qGe4jNj9nqi3X27t	easycore,pop punk,pop punk,post-hardcore,easycore
qHloQhlO5s8l5uGq	post-grunge,hard rock,alternative rock,rock,grunge
qHtUrX8dz6u43xJ6	progressive rock,classic rock,psychedelic rock,rock
qII3SownfkoyWh2F	rock,indie rock,punk,alternative rock
qJo1eZIXWg3mqKne	jazz,soundtrack,easy listening,lounge
qK0KtbRjIJ3YOPgu	rock,alternative rock,emo,pop punk,rock,pop punk
qKuZv2redUkM0CKy	black metal,metal,death metal,metalcore,deathcore
qLJ1SjefOj7dg4Zk	melodic death metal,death metal,metal
qLVWsrjkSN42GdHj	alternative rock,rock
qLo5AmMqFpKLCeSN	power metal,rap
qMoPzWVE3leJ4We0	eurodance,electronica,techno
qNE3HH6fAAO3yyJD	experimental,folk
qOHjOBm8rTWghidr	alternative rock,pop,britpop,rock
qOSbF506IiybDyoL	alternative rock,grunge,indie rock
qOeLMWiAzeo7clko	indie pop,electronic,pop
qOgHh3SDqV3FEQkc	soul
qP3KCiiU5xgrTQo1	post-hardcore,pop rock,screamo
qPSZ5pDnUGONx2XI	country
qPdrSLJZJ3ben7b2	power metal,symphonic metal,symphonic power metal,metal
qPyC1HRmel6uTaqv	britpop,rock
qQ3Qa11BuHCilpRB	pop,pop,disney
qQBq74HukaC6W1wI	folk,singer-songwriter,pop,folk,singer-songwriter,pop
qQd2jbaW9zXYB3Kb	samba,pagode,mpb
qRUVHPoXPqstdnYL	melodic death metal,death metal,metal,power metal
qRqKR6j7DYnCV0F5	rock,polish rock,rock
qRvKZ6PY51VDOZmP	progressive rock,psychedelic rock,experimental,rock
qSEy5OiW84jPqQb5	classic rock,rock
qSGr5A8aI1NOBdA7	pop
qT0YDHRT1YLfb3zW	rap,pop rap
qTVkhXDu40SJC4l7	soundtrack,classical
qTnKN7r0c5brSb3u	pop,country,soundtrack
qTysXBk9PbqJORu2	ambient,electronic,soundtrack
qUCvPaMMkfRxLaDI	power pop,rock
qUEQ6tR4wNAo0uBh	electronic,indietronica
qUF7sYaYLdD5BIco	electro
qUK8yXZWDAthLLfB	house,electronic,deep house,trance
qURBfv9DPpAro1YN	gothic metal
qUXiWt6W7DedIiWA	classic rock,rock
qUkFjTESBWgMVveZ	hip hop,rap
qVROa7IwZ45taDqT	progressive rock,alternative rock,progressive rock,alternative rock
qW3nXxa5dWhiDPcP	electronic,soundtrack,electronica
qWaJj0IItdHXVAHU	emo
qWt55YWuCLtAxkFY	electronic,synthpop
qX8vjEll8cSIU5kN	country
qX9Xz4Q8EaoJSY9m	electronic,indie pop
qXBg4WhOxnsHw53a	pop,soul
qYG74yLsgmZawsh3	soul,funk,rhythm and blues,soul,funk
qYPSz5jllRN3VuLz	ambient,electronic,electronica
qYfr0fJlPwCF0Y5o	shoegaze,drone,post-metal,post-rock,ambient,shoegaze,drone,post-rock
qZ3ihnR1ZJqCogCL	country,country,contemporary country
qZHOs7YtczxoLSC0	indie rock,ambient
qZNHIIvHB280TcJE	hip hop
qZn1cbGLoPzjYkFj	bossa nova,mpb
qa36z4mD1XVECGGO	rock,brazilian rock,pop rock,alternative rock
qaipJ5trI1hT4zfS	progressive rock,rock
qc0fkQ16bS7C0E8v	rock,classic rock
qcFYSTB4Ale4lgjj	mpb,folk
qcUvs7BssXOWyJET	melodic death metal
qcYUcxSZmBN1igkD	pop
qcaseQkEoJWnVWG7	experimental,dark ambient
qceFFzffOdbBJiQS	hard rock,metal
qd1VZ38Fec46Geak	noise rock,noise rock,experimental,indie rock
qd3fCVKuF2d4blpu	funk
qdBz1KDXebHxqNZ7	futurepop,electronic,ebm,industrial
qddQMVRFz6Tbs9uK	post-hardcore,experimental,hardcore,post-hardcore,experimental
qdlSVIQHo7DIVTe5	black metal,metal,atmospheric black metal,melodic black metal,depressive black metal
qe2Td51PT3qwOw0W	synthpop,electronic,post-punk
qe9FUufAqvqEGY6Q	pop
qfHy1biJIcfWE0vs	death metal,hardcore
qflaka4F2aSheiQ0	funk,soul
qgFtWDQXrw1EzKmv	electronic,trance,pop
qgGxLkOpuQ6uTD9V	indie rock
qgKIuhcSo5Q9ia8Z	death metal,metal,melodic death metal
qgMhKXN6y7KpZzQj	electropop,indie pop
qgs8Rj4SAAGcFDlN	folk
qgvpPNPLmGcFkbUG	electronic,indie rock
qh7TlX17yipUk4ES	glitch,experimental,minimal,noise
qhGKQN4Ci1pkqMxc	indie rock,rock,indie rock
qhPN8WpUOTCVMAvQ	classical,electronica,violin
qiY1zJBuyz9wd4nx	electronic,pop
qiffpVrSMfQpGcfS	electronic,chillstep
qj5RmIVdGRPouvAv	singer-songwriter
qjK0yBof7qv94UyT	pop,synthpop
qjPjQdBaBZpdfuy2	death metal,melodic death metal
qkA3xSueBkHaQSga	depressive black metal,metal,black metal
qlS98M73HNBS073z	emo,math rock
qm02WH4CryQ28UNH	electronic
qn72a2F9NBw7xVeX	jangle pop,indie rock,lo-fi,jangle pop,indie rock
qnKrJZsb6OwtBicC	indie pop,indie pop
qno1HSH6OPaOJZxF	soul
qo3CdcWFYmmtjvAh	experimental,glam rock
qopqwJNFk59JIfAz	electronic,downtempo
qpQIkvSvspJU0ppo	trance,vocal trance
qph4SU1yeG7zuU9Q	pop
qpjhQbNDSNAQHK6T	pop
qq4jOzmQZrFKbimy	djent
qqK5YSxDteNXrJJI	pop
qrlDRF9cwEnGW1hu	pop
qsLNY4ACKEWh6wzD	folk rock
qstnjWWGIig2iRdl	pop rock,latin,rock,pop
qsu2PDpTpPpzmvIz	alternative rock,rock
qtmVgCEMawYrJadS	experimental,folk,lo-fi,freak folk
quCnblfqv4EL5Ajl	country
quGCY8GXevYbY7CI	rap
quS3lq1cqp96LuRn	pop,pop
quWL7o8LgpGH6wW4	rock,rock
qv0QBR9djc9UhRaI	pop,electronic
qv7VZTS0eXutF2I6	post-punk,new wave,post-punk,new wave
qv8cEZ7N46tQYZRI	indie pop,pop,spanish indie pop
qvJAfdsDTWN4INEl	indietronica
qvmK7CcflfnPiGFP	soul,pop,singer-songwriter,rock
qwafa4tUoJslv2X5	celtic,folk,new age
qx6nFY8jowL7inuS	chillwave,electronic,ambient,electronica
qx8gSNvqI49QyJpE	post-rock,ambient,shoegaze
qxIB3r6d6Y5MSb4B	jazz,blues
qyqwB2kTDpZUEZ5U	trova
qzNrTkjQB8STKA2l	pop,latin
qzjawOWnmLku8BO0	symphonic metal,pop,symphonic metal,gothic metal
r0jy6FHNNzuLN4f0	country
r0wt0bxwIfdklXDq	soul
r12YaC766KCjZTB1	soul
r16hfSMj0oANh5fo	electronic,ambient
r1Op3qmZmwEi5Zg8	pop,house,pop,house
r1awBqP49slKIhVb	singer-songwriter,singer-songwriter
r1iqfUUbBv8j2kS7	post-punk,post-punk,new wave
r1u30icbyUZ2dKzB	rap,rap
r2HCPMCP75f3yLuB	rock,j-pop,pop
r2RGegcvs7MeJpy7	pop,classic rock,singer-songwriter,rock
r2lYSwHWFEjzMg81	rock,classic rock
r34bG75rk9BLtEcY	k-pop
r3UVKUUUfM5MqosA	rap,soul
r3cyr8GMa6OMPB4m	edm
r3iYh0h7ytuodyMo	sertanejo
r4kZgxj9Gt4S0200	broadway,broadway
r5kGB7E8H1eFUQQ9	pop
r6kKHyzeIRwPbbRx	singer-songwriter
r6s6ScMmqDmHh2J6	soundtrack
r7CQf2Vn83wY9aRE	soul,jazz
r7FNSUJoMzSouwjd	hip hop,cumbia
r7gueNRxXw9er8rw	mpb,pop
r9dn8MAzIMIkCAy8	alternative rock
rBHzkubA5fwEHCAs	mpb,folk
rBJX3LZ1Ve0bAMYg	rock,pop
rBL21jDfPKoEqrX6	progressive rock,psychedelic rock,classic rock,rock
rBQUyheFeCrSMt4k	folk,folk,singer-songwriter
rD4GCW87Qaoc3ytr	rock
rDGwk4sPntHOWox9	synthpop,electropop
rDVHSu2H8COqnvVc	pop,pop
rFIYQEoLzsHkyURM	pop,latin pop
rFkTQfZprstvhfuj	folk,drone,ambient,folk,drone,ambient
rFl4HEdeGjhImyL1	rap,hip hop
rGQS2G358WHHGdpK	pop rock,rock
rGqXZ2YR23CgmsGx	rock,punk,soundtrack
rGvgB9oxhcWD3bPl	folk rock,folk,singer-songwriter
rHaNjMdUQ38WNx1P	power pop,rock
rI7IdBtmAsUHpZjK	synthpop,art pop
rIIqZKHa3Y3fMCoA	gothic rock
rJJlmbVNsXAEH5hE	rock,classic rock,pop,classic rock,rock,singer-songwriter
rJeSmcm921mHKBog	electro,electroclash,electronic,electronica,electroclash,electronic,synthpop
rK4DAgNAHJaV9HtE	psychedelic rock
rKLskgBTOIJSONf6	electro
rL9PXUANvpS77plH	soul,pop,indie pop,soul,pop,indie pop
rLCKyRKpuFuAqM0V	rap
rMM8Ycllcz8V0ClE	gothic metal,symphonic metal,metal
rMZKnLbNskAMSXC7	drum and bass,liquid funk
rO2i6lA7dwilLXOL	emo
rOZO8z81Zg2VLwBl	gothic metal,doom metal
rP6172n5QoKCppwm	house
rPZxa6r5Ru4e2nW8	folk,worship
rQ21587PTUuvDmcz	indie rock,indie pop,indie rock
rQHDa6jrvXjlFNes	folk
rQPv5R7kDFc5DpLM	pop
rR83rdLJpRmDASOo	freakbeat,rock
rRthx9ZublOlFcAp	post-metal,progressive metal,doom metal
rS5ZdyxwbuP98bbB	folk,classic rock,rock,singer-songwriter,folk rock
rSCPCpcuI2bbtgGp	post-punk,gothic rock
rSIFIAlSRGmjz31R	experimental,art rock,glam rock,experimental rock
rSZ71tsqQD5GsgSN	pop
rSlUzLIuDbULrlnj	nu metal,metal,alternative metal
rTECSL1aRhKsJue3	pop,electro house,edm
rTGTnxKIuNwhaRfb	drone,doom metal
rTYiFwE0anu5vEGG	electronic,remix,pop
rV4K5ayVEI68Iwl0	pop punk,rock,pop punk,rock
rVLVRbYhaXLZkuuX	classical,new age
rVjt8aEl9iRUMZtj	rock
rVrU7XxN2QnkxYJk	electro house,progressive house,electronica,tech house
rVurM2psHjqLTaut	rock,pop
rW8DfBLvGYZEAOFU	reggae,pop rock
rWMjLxocE5sXKxgO	rock
rWZuGUkoemVKpWLq	funk ostentacao
rWbJuRlD3h6d9sAH	pop,indie pop
rWwkUe6opmHQj0SA	post-hardcore,punk
rX7FF8oUhzmqbVVN	motown
rXI4SWTiudXCQLFq	indie pop,electronic
rYOevH2eTOvU9F30	pop,latin
rZALhLot1YLX6UaN	funk
rapNBbseIXjAdI7O	soul,funk,soundtrack
rbBqIyreFBO1u9kE	metalcore,metal,hardcore,hard rock
rbOFPKrN2yMhIoQq	pop,electronic
rbVSL7S5QU05Wsby	grunge,rock
rbplwluf1y8JQluI	electronic,pop,house,electro house
rbvkUU9aKO7HNKt1	ambient,electronic
rc1kub0pghETZRS1	soundtrack,funk
rcFTmD6EIBuG5mWF	rock,metal
rdGXULaRMgXeW8Wo	pop punk,rock,brazilian rock
rdLP9SJTbmBHKLsR	screamo,rock,post-hardcore,alternative rock
reNEwPcQXwWA2g6F	country,singer-songwriter
rf13bNJM7uGVMrmb	synthpop,pop
rfBUNcqIQm28znC6	progressive rock,post-rock,art rock,progressive rock,post-rock
rfG74wOs9shDpEXQ	alternative rock,grunge,rock
rgHL3MgnSeCy84ef	rock,folk,pop,singer-songwriter
rgVUDPpGjFJwjVDp	hard rock,classic rock,rock
rh1AwUVdiCpHKkdY	deathcore,technical deathcore,death metal,brutal deathcore
riNZMvvwIjBhFNiL	rock,pop punk,punk
rioA8CFgYPRy0rJC	power metal,power metal,metal
rj1EnhXauSr5vg3A	indie pop,art pop,electronic
rj5SVtcu3YCSnOSI	neofolk
rjDNyrjtNWtT0K16	rap,rap
rjDTAI5uF5vXRV1L	psychedelic rock,stoner rock
rjKSFYzJl9yy5ISe	electronic,avant-garde,experimental
rjVnl6e9lDhKzMwl	soul,jazz,swing
rjYP2Z32gyhCiiMP	samba,pagode
rk3PaehbIQfU4AI8	industrial,industrial rock
rlUP4wS4mCbFDtAd	stoner rock,psychedelic rock
rnCZMhp4VD5oPM2I	hip hop,rap
rnCvJGyOrxGADMXB	lo-fi,experimental,avant-garde
rnMuTirR0xz1fFYx	hardcore,melodic hardcore
rnPFHBjH130GHppv	post-hardcore,screamo
rnhoeloouUaUEKki	shoegaze,noise
robRRkWWSe2Od9pi	pop,rock,electronic
rp3vxnov0AHXIvMv	pop,electropop
rpX3tXqABSEU2PnT	thrash metal,speed metal
rpaeywBCR8CPnUrR	electronic,progressive house,electro house,trance
rpcqZyt8lQMAWHH8	rock,glam rock,classic rock,art rock
rq7cicYQoSfTclYy	soft rock,pop
rqp4klTiECS3oiQa	k-pop,boy band
rqrBzG8eZWHMSaTU	soundtrack
rrkwuU1iI9mUi4Nq	electronic
rsFqPZRV47wB8kBD	thrash metal,metal,thrash metal,metal
rslRkzwn9Uc97ZDH	melodic death metal,death metal,metal,gothenburg metal
rtYdEHNWHFA0LLR8	soul,jazz
ru7tTgHQ3Pn5sFku	classic rock,rock,blues,pop
ruJlP0qkxGg7WI3j	pop,soul
ruMKSS6C00pr83GN	k-pop,dance pop
rui9lL0iIqhP7jsA	post-black metal
ruoCmRUeqpBRAjLT	classic rock,rock
rvWuO4LrweERtqwh	indie rock,indie pop
rwFetNv4CFEarpwX	electronic,techno,electro
rxFJIgchEXajpO9G	rock
ry6NLrGidCaUVRGL	electronic,electropop
ry7KVHYQ10CXYDmE	classic rock,glam rock,rock,singer-songwriter
ryIHhmWVKFYle2H9	alternative rock,rock,pop
ryY3kGHHvSVirFna	soundtrack,soundtrack,classical
rz6DTMrynUcnIjZP	pop
rzuWysllfv6MNSAo	synthpop,futurepop,electronic
s0a7aVWzr5x8DFVK	emo,hardcore,screamo,emocore,post-hardcore
s0h7WVclF8EgXnYM	symphonic metal,power metal,power metal,symphonic metal,symphonic power metal
s1EqdNLL9dsDrt8K	pop
s1Lnqu2iDAFyR6sf	k-pop
s1tnUjc25kOwhXae	k-pop,hip hop
s2TcnKDy6d4Zk0KQ	post-punk,gothic rock,new wave,post-punk,new wave
s3czXM1hA3uKP62i	post-punk,new wave,synthpop,shoegaze
s3eFX6HDysVCWfCp	new wave
s4M1sRvtfEG9GjAS	soundtrack,pop
s4c16QNqbHuHSLk7	nu metal,rock,alternative rock,metal
s4fTGSvu1BceBdFF	synthpop,electropop,pop
s4vP996HH5nNblET	folk metal,melodic death metal,celtic metal
s5L53PO0qPFSy4pa	indie pop
s5VkZVhFxqFZrlDj	singer-songwriter
s6Q31sMccogT1zI0	alternative metal,metalcore,alternative rock,post-hardcore,metal,rock
s6QgWMAiY5hHzjTx	grunge,rock,alternative rock,hard rock
s6QmGhY8ECr3Smy7	alternative rock,rock,indie rock
s6rX0gGMolUAfVyE	electronic,experimental,dubstep
s7J2pJg5MnQoiEcj	rock,emo
s7f6VKariF11TTjK	alternative rock,pop punk
s7gKhgi7DZKAX2Yw	soul,jazz,soul,jazz
s81oaunXHo1Vb8FE	pop
s8FAviSsj7QSy2i4	country,soul,easy listening
s8Q01ICTOQETXIeJ	pop,pop
s8U5asylf8Qv1Y3V	indie pop,indie rock
s8jJJEeNKB5WAn7H	electronic,electronic
s9vQiHDbSCWDJCmw	pop,electronic
sAFIU0hW4Eo7FgZ0	rock
sBAkrBwkTZB8YvxB	doom metal
sBNOWx8PVNHWj9uP	alternative metal,rock,funk metal
sBbZnyHMReT79Uj4	mpb
sBg97ZwMVeSHxsjx	indie pop,pop
sBvEOPjpkhPK4lb8	classic rock
sC5mgbIXj7Jj7I7Q	hard rock,classic rock,rock,hard rock,classic rock,rock
sCOMeyGSSJ4QYDUc	rock
sCROycIv2MiczTUf	soundtrack,classical
sCWHWUf9oySysEPE	rock,polish rock
sCkzLtpTeNEEoenn	neue deutsche welle,electronic
sCtNuIItgPigQety	hardcore,crossover thrash
sD2A6gy1Vz4xzswu	bluegrass,folk,country
sDEyz2VMAGP5FoHY	thrash metal,groove metal,metal
sDGzyX6TiPSjGgiu	pop punk,punk
sDSnjyax8ttPZvHr	mpb,pop nacional
sDdlGjDbAaZSOHbo	post-punk
sEGBgaw9QdOHu2ht	pop
sFIPvqpY2T7U6YOr	art pop,trip hop,electronic
sFfq2LzvamBQOGQc	ambient
sFzsdXwpX4hIxFgZ	post-hardcore,screamo,emocore
sG0klFe8tIgJoYRv	jazz,soul,swing
sGbvMAN70wHRivlt	soundtrack
sGiQOQUB3NgUj4dk	punk,electronic,indie rock
sHgF31xz7dBH0deX	k-pop
sHjRLbqjyK5du0VJ	pop,disco
sHqmoUfCp8jOxAnJ	soul,funk
sICipS4pEqMHj44a	house,electro house
sJEyxvJLWZ6z3rRt	garage rock
sJSE7QmZK3eRYaZO	experimental,electronic
sJiUq12OsTNT5bjh	pop,edm
sKBdCFoua5XXhlpm	rap,hip hop
sKSHER7MRXchLdmv	symphonic metal,symphonic metal,gothic metal
sKpfApYzyc2nYUK3	gothic metal,doom metal,symphonic metal
sLGNMN1alVtJxofH	soul,synthpop
sLh4EUeP6NL02A0V	electronic,swing
sMhnUAi0EutrIzVh	pop
sN66qoRGSuLY7zAj	electronic,electronica,disco,electronic,disco
sNNKDpvSgIBQL73v	soul,pop
sNPbN3kHMz0H08S7	hip hop,rap
sNRn9fdDYcva49rQ	alternative metal,metal,gothic metal
sNvHU6Jajohc2iSI	glitch,ambient,experimental,electronic
sOUu0IoRYWPdztLy	new wave
sPOztHy9EMH5clRz	lo-fi,ambient,noise
sPcwnkFOJqWeu29v	pop
sPwl8miyElAS9O8c	progressive rock,progressive rock,alternative rock
sQ3063RXlYbZNcJS	mathcore
sQ3eJwrkj2ByRh3p	ambient,folk,pop
sQHDV0JDpsf765Kb	punk,pop punk,post-hardcore
sQOajjnbVG4O9TiR	indie rock,rock,alternative rock
sQdvQ2mfJN0zJp4w	singer-songwriter
sRXgbffsZqNJa7yL	country,singer-songwriter,country,singer-songwriter
sRb2HfwQooRc6MAJ	mpb
sSxKIggGrBWRWzCJ	electronic,ambient
sT7pfT6vDvhpMFHz	comedy,folk
sTuwjUWEeLCdM2TC	progressive metal,progressive rock
sTyzVWdhze0FMqon	hard rock,rock
sU7ka1kL1XyjHIug	metal,alternative metal
sUD72xaDwKmbjW9W	gothic rock,gothic metal,glam rock,rock,metal
sUYRy6BewmmvHms5	pop,rock,electronic
sVGP4NammcN84Jcs	new wave,electronic,rock
sVIGaYE78OxO4Zi7	sertanejo,sertanejo universitario
sVWZ7mofFRtjpLks	pop,pop
sVY73YpNZe5uoA4w	soul
sW3m7h8Z5CwG0912	experimental,noise,noise rock
sWFe7KI2xb3sRd4t	pop
sWOcri3CDSQGmCX2	indie rock,emo
sWmNFRNMpNbFB1kV	indie pop
sXEgIxC7LI0vI7rh	death metal,brutal death metal,technical death metal,grindcore
sXHrVwfb7GP5gE1l	folk
sXoE0nCNjuWbtUX2	rap,drill
sY3HjRjt9lJNwdwx	dream pop
sY8txJvexPSRaMmW	latin,latin pop
sYHMW3u2BykXiurD	rock,brazilian rock,new wave,rock gaucho,post-punk
sYrNQb5jAfFD8tMa	pop,electronic
sYwvPempK1tPQtjp	post-punk,experimental,industrial
sZc4soLUCBYUE88x	deathcore
sZeQQoQWzH6aJ3bu	progressive rock,classic rock,progressive rock
sam8LDtnhI1PNbAk	rock,brazilian rock,pop rock,alternative rock
sbVVSka6WIwpmIIA	hardcore,rock,rap,screamo,emo
sc4GyuaMba36y54e	doom metal,gothic metal
sc82dMNdjp8IbiB4	rock,indie rock,psychedelic rock
scPQ3PeiON06BTcR	folk,singer-songwriter
sczqTaEODMhawDEj	sertanejo,pop,sertanejo universitario,sertanejo,pop
sdFkhRQdC3Xg9j6R	emo rap,rap
sdfNWSOcXsJuaI2K	k-pop
sdpGUS9p5A8ZyF3v	indie rock,alternative rock
seSSjEgjdUV0CbWO	rock,britpop
setJZvLZdXx3CTnh	death metal,technical death metal,technical brutal death metal
sfRfTaHY9kcBR32O	shoegaze,dream pop,post-rock
sfnhqwt54lCeAx4h	electronic,synthpop,electroclash,electropop
sfsv9BbfxBr0G3Qo	experimental,neoclassical
sgXMOEOOWiDkhrPm	latin,spanish pop
sgXj32xoEToOHNhp	pop
sgZmqxE12jqHAwPc	soul
shYMZ5kTmmZz48gF	electronic,remix
shjm5lpCb2kYN9Kt	mathcore
siHK1g75ahuQCV2X	synthpop,electronic,new wave
siMWuEul22mfvZ2I	psychedelic rock,progressive rock,alternative rock
siYjgGKtDI5TeBdb	pop,comic
sj4fWwdY93r0MB5c	country,folk,singer-songwriter
sjODWa3JxVATzwhh	downtempo
sjsa30Kl7uqmEJhX	jazz,soul,vocal jazz,jazz,soul,blues
skaU451rezXKpLMR	deathcore,brutal deathcore,hardcore,metalcore
skomum7Fh96hJFi9	pop,blues
sl2BArDa9Fd7f2CF	electronic,electro,house
slLBbJNnSA0KFpaD	post-punk,new wave
slcZ4N7xFmdS4u8k	rap
slczSQDRADhDg1B3	rock,pop,pop rock
slphrYnGLGsERzIM	pop
sn3ntbUzXR3J7UXk	alternative rock,rock
snCdynHRO3QgxPIO	turkish pop
snGOpaJb0JH7nJx3	depressive black metal,black metal,doom metal
snx0o7umbFB4leXa	rock,experimental,psychedelic rock
soVqpILJ998m6JOA	rock,classic rock,classic rock,rock,hard rock
soypfAcrVZlmkT6B	rap
sp2WvWeGtr7fYy1S	brazilian indie
sp4qJkcvzE80xNFN	melodic hardcore,emo,post-rock
sp7bCKfR7gsV2a0i	pop,soft rock
spacU2skHfWmbU28	ambient,electronic,downtempo
spoJKX9PcJJMWSqs	post-hardcore,electronic,electronic rock
sqJtRMqKAexDFLwl	black metal,melodic black metal,death metal
sqagTxqynJCqYqgR	post-metal,post-hardcore,hardcore
sr84jBIuqyZ0Pu9g	new wave,pop,new wave,pop
srKItrVn5rxsExlQ	progressive metal,progressive rock
srMekzwdWGZWrFhC	progressive rock,classic rock,psychedelic rock,rock,progressive rock,psychedelic rock,classic rock
srQn2P5TxvMyNdn1	power metal,metal
srjYkYyODYIjZzYQ	death metal,metal
srsTKU5MRK6KqdzE	emo,indie rock
ssHTnUgXnCbX2ZvY	country,singer-songwriter,folk
ssWA89zlHgm2QWx0	eurovision
ssevHdRZEOKyq13T	death metal,brutal death metal,metal
stTnYvyHjaiSxiDE	electropop,electronic,synthpop,pop
stqCmOJYrKoDsT2X	thrash metal
strKo2dsP7uWutYt	rock,pop
stvYUQr68IiRl0gX	soul,pop,dub reggae,soul,pop,electronic
suiiXr4zDIoKH0ng	mpb,rock
svrdwOhXFApldNhZ	rock nacional
swez9rXTErll6F4X	pop,electronic
swqKbDqKrQB2BlGK	post-rock,electronic
sxBnePHulJs8w719	house,electronic,indie rock,deep house
sxQsqRH7Zg3UidYA	pop,latin,reggaeton
sxr07tm57RAVvWhy	rock,britpop
sykmsjMfzJc1xszV	alternative rock,rock
t0i9NJhpr11lc0a7	alternative rock,nu metal,rock,alternative metal
t1HxJ2ylFVtJhGiV	new wave,classic rock,rock,pop
t1TxZ8K68499dWM0	comedy,synthpop
t23WM0FcfSRKIx0I	j-pop,pop
t2KDvXKBDgaVZHMk	ambient,electronic
t2tRv2tcnDyoGeSb	rap
t2xVoQNu4oa8bDB9	emo,emo rap,rap
t4nm8bv9kPL3toRC	hard rock,rock,alternative metal,alternative rock,gothic rock,industrial rock
t51JFl01t8hst84J	electronic,synthpop,electronica
t53u2cUt6wZaRiaC	pop rock
t5NHA3VKvjlBxk8Y	post-punk,new wave
t73JfBxsfC59ShG5	country,country,country rock
t7Ch0LB57ue4OE93	mpb
t7QKZaqDoJIo92Xz	folk
t7difalObtUZyW7D	dubstep,electronic,brostep,moombahton
t7hRiovP7uBvgn5l	electro,electronic,electropop
t80J8XleZXl2FnCv	rap
t8LrHt429DwQvqkq	dream pop
t8nojYGwxBJA5LTa	country,pop,pop,country
t8ofFzvVq8GGzayy	classic rock,hard rock,blues,rock
t8rYT41Nq2bJM7Mz	folk
t937GXuuWjo09f9p	alternative rock,indie rock,rock
t95GSCUQwk40GFhX	ambient,drone,shoegaze,experimental
t9PCn3YkQhJOG8AF	rock,britpop
tAHXrXoZTC8qkroj	folk,singer-songwriter
tAnqhaQWVK34xoBp	rock
tBHDSbEaXldpxB5a	metal,thrash metal
tBNFO4ukPjsZkmPh	singer-songwriter
tC7tLxMMWymHkCMd	alternative rock
tCHNxYf37vOWukVo	rap
tCf1sArJVWh6qAH6	rap
tDZLjngxmr58WOcQ	gothic rock
tDitVjsJ1VGtXjr2	bachata,latin,pop
tE6wSpOB7MgEOVLU	pop
tEFKP9kXy6ldVEFS	rock
tELVpq8Fxr0UOypX	art rock,art pop
tEWD63YHlequGcBr	rap,emo
tEcPenwVB4zUCzor	metal
tFVJO1E7nFFp7HuQ	rap,hip hop
tFqGFJasajdSDGF9	rock
tGUyxdeF8gIsHRop	new wave,pop
tGXQuc9unX3o9RAb	rock
tGXfbAumxXrJ8Chq	shoegaze
tGXke5GZ9PtVfucq	rap
tGcjF201wHfwV1wL	deep house,electronic,house,pop
tH4aCaPkG5zCnRbw	rock,alternative rock
tHSNf3iqKVOu9jUh	alternative rock,rock
tHTvPJKt8CCIlYFH	ambient,electronic,electronica
tHuCJF1NxmshRru2	alternative rock,pop punk
tIIyhC6oTuAH6WCZ	j-pop,electronic
tIXn19JLZ1jyG57x	hard rock,classic rock,glam metal
tIYulcOwPCYm8Ueu	emo,rap
tIm1i6PHng1nfeLT	metal,death metal,j-metal
tJ4sQJO9GdKXBxPr	experimental
tJCqaZcGgiaEMVLA	alternative rock,post-hardcore,rock
tJJt3rIpHpsN2QQ0	rap,hip hop
tJrr2k2yPWZQyrRr	folk
tJuyi7aMXHD57aF8	electronic,downtempo
tLG3NIT1e5dZ5HgP	folk,rock
tLaSn42pmyy0Ruxa	mpb,pop,latin pop
tM38Z7p7RxgRbx65	folk metal,viking metal,metal
tM4kXFhQxFFVq6ZA	punk,pop punk
tMKgBIWbRZ6P3aRf	symphonic death metal,death metal
tMTAFV1bwys4S3wf	progressive rock,classic rock
tMplnju2gtHtlzO0	easy listening,jazz
tMw1ofvzuXlSPFJU	house,electronic
tNBKrC9h2nddLJPK	post-punk,gothic rock
tOE7VDHS88yt58HB	rock
tORxFdihYPFveodf	melodic death metal,death metal
tOXl2UWcBMxLbMsJ	axe,mpb
tOmFliTRX3O4hJvj	power metal,symphonic metal,metal
tOpxvxFf1w7Pv8ey	nu metal,metal
tP9GWTDSQyLlRAYo	new wave,pop
tPjVq6VW5S3Unjn0	doom metal
tPpxseryP3SZudOS	indie rock
tQQYM6INc2PJtivC	beats,hip hop
tQuGOrA0JpXHI7fu	alternative metal,rock,metal
tQvqQumxc4vKlbI2	electronic,techno
tRlhKg4CRSOLqjOa	shoegaze
tRtyUkRMFtLWc6KH	folk metal,metal,folk rock
tRul2jiNr2e6Pr82	latin,mpb
tS9WCz1b7F9H4WCb	pop,rock,grunge
tSxdiMgrJehvxSLY	thrash metal,metal,hard rock,thrash metal,metal
tT7NxnxfroA5EPxb	new wave,punk,rock
tTnfpshF42UAus3h	hardcore,punk,post-hardcore,hardcore punk
tU2p84k3NydGdlKA	funk,alternative metal,alternative rock,nu metal,funk rock
tU9XOOtlAuaW1Obk	industrial rock,industrial
tUekCvScbAokOhhH	post-hardcore,metalcore,alternative rock
tVheiIXk5PzOHfOW	trova
tVqAyM99J3UcJtg8	dream pop,shoegaze,lo-fi
tWK7jFI4jqr53DoT	classic rock,folk,pop
tWMQ9ywEIXkol8Ug	indie rock,rock
tWX1RIqjDMFtqIVC	electronic,trance,synthpop,electro
tWlTMRqV77a6CSSC	worship,christian rock,praise
tXLUO1K8xnIIkegr	pop
tXVxrWyWfIf15Zbu	indie rock
tXhoFYt3gUf38kHN	soul
tXpnqhnmStLATIO3	soul,downtempo
tXuH8Wi0KzMpRVVy	pop,indie pop
tY5BeSsJAb6iHxyF	folk,pop
tYjQBeO5W4Ur8VAr	emo,pop punk,soundtrack
tYkbSavgNDdlO98A	dubstep
tZHqooX3Auw1qBuw	grunge,rock,hard rock
tZvJ3KtJLCFfgdwq	pop
ta5eFyiIdxJPOiwL	soul,soul
tadqOEqjPNeRqoBG	symphonic metal,metal
taiJBp1aRNBx2kHm	pop,soul
tc69ksoDdaIGdGq2	pop
tcUP4ymT4z2CmDMX	pop
tcXsuGp99V3ciRGZ	beats,downtempo
tdPYlqPOYfvQ78Ok	pop,new jack swing,pop
tdurlXOJoeDaOpVu	pop
teBiVGPgJfjYJ9KP	experimental,electronic,folktronica,ambient,electronic,experimental,folktronica
teC3vI0nLVHLpJnu	electronic,pop,electropop
tefj3RENqkNCg9tQ	punk,rock,post-punk,hardcore punk,post-punk,punk,post-hardcore
tek796CDoc53xdab	samba
tf0lIl1Yk45HMU2d	rap,emo,hip hop
tfbp3eXzuYlzDVxk	electronic,indietronica
tgyyCWGbivZ7rjpA	soul,soul
thsqsDM2viYcBXrY	pop punk,punk,indie rock
tj3fXH29AD0d0anS	pop,latin
tjZ4pqMTUkLlT7VL	folk
tkE9QS8vWjii3IgJ	hard rock,classic rock,rock
tkHQJO99x8iR9nvT	pop,soul
tkyyuomS4ND9ptAD	hardcore,punk,post-punk,post-hardcore,dc hardcore,emo punk
tlGFj7h4KXsH8Mop	indie pop
tlGHvtRBqfyqvl86	pop,rock,pop rock,pop,pop rock
tlNHOEBEfJ6kv8cd	pop
tmGWD6trbjg6l12G	indie rock
tmOzGAoGeoLuqCAO	britpop,rock
tnahSBaeNkMhGB84	progressive metal,djent
tp1RRH7ah9MiQwyo	pop,hi-nrg
tp7juaZiHKQWWgrm	power metal
tqMo9ZCf4KMNQpRf	soft rock
tqc0WIiaCUyFpbU0	punk
tr5XdAWlcI0JX4cg	pop,pop
trEXP0ay0IDQClxu	sleep
trsCRBHUWJyc4ofd	pop
trzx0QMPUjGJbRtz	talent show
tsMu0q95n5nrRGRd	disco,funk,funk,soul,disco
tt7OCNcJaQ3z6zSK	indie rock
ttB8NjIbbhfFThmx	rap
tuKHPQDBzQH0JYlo	rap
tuwkV7E2laNRUlWy	folk,indie rock
tv4aRfJqv5Tb4TQ2	shoegaze
tvFBLCPAdwmhA4MO	symphonic metal,gothic metal,metal
tw4rsExi3ve9pfIw	drum and bass,neurofunk
twTZiJnIkFnPHEF7	baroque pop
twllU4KgUBA2NA6f	vaporwave,ambient,electronic
txDVSopgsyB0acTt	electronic
txaMMgnUiky0cJfd	post-hardcore,metalcore,screamo,emo
tzHKAFNgyd0pekkg	experimental,noise,ambient,experimental,freak folk
tzgGpQrOrdyACAvN	rock,pop,classic rock
tzjl2VUCR64XhxKY	pop
u0uUQAA9Mt5fuhK7	soundtrack
u1VHh1FVzFS8z29w	house,electronic,techno
u1hyvEKa02PlI9V8	pop punk,emo
u2qSLH6hQnHDdhtT	teen pop,pop,soundtrack
u2wuDqBqj3BhCTAi	pop
u33XCd6fUedJbxgA	jazz,swing
u3D2sSD4ze8tFEPC	reggae,dancehall
u3ayS0FGagljyTXg	pop,synthpop,indie pop
u4pQs5AsS8DmYXmc	reggae,reggae,indie pop
u5km9TXiYVFdm1Uj	pop punk,rock,christian rock,alternative rock,indie pop
u5x8wp6W5fWFOcDn	trance
u6c56rNoK8f3MPEJ	reggaeton
u6uFIiuFqiWIA1ak	post-rock,ambient
u7TrdPrwhvdVKMXK	pop
u7g0ba9lLs3ykgBi	symphonic metal,gothic metal,power metal,metal
u8UF1lQ7AkSM4dws	new weird america,indie rock
u8yIiM7FDH5dmGZv	pop,folk
u99ZlGLSwdpqXVle	ambient techno,experimental,electronic
u9IahL1RS94o8JiV	post-punk,psychobilly,alternative rock
u9aAw54WxPCV2rll	new wave,electronic
u9dSJvjwX5xSZwIQ	indie rock
u9jATy9IoOGe7Dgf	electronic
uAjJpzOhvbUO2pNB	alternative rock
uB7HFc6baYEYwMwj	hard rock,classic rock,rock,hard rock,classic rock,rock
uBpbDSEP6Q3gb5lq	psychedelic rock,progressive rock,classic rock
uBuaAWQvI4K4TD4K	britpop,rock
uD05xxHlDVrn7Pqt	indie pop,indie rock,psychedelic rock
uD8ofaCfxM74nFrw	metalcore,metal,hardcore,emo
uDIUKIltGrDKs0XQ	electronic,house,electro
uEKdxPzIcjNX2VKb	folk
uEQVh8s1jHftfo52	industrial,industrial metal,metal,rock,alternative rock,glam rock
uEqN4JEvB1dmX8Vd	screamo,rock,soul,post-hardcore
uF9NTRD4vG3Jp8s7	pop,synthpop
uFFvWNQHSMQp5oKg	post-rock,alternative rock,post-rock
uFeVGgXI7CGH4d0X	doom metal,funeral doom
uG6aYedGfSjxy41C	pop,alternative pop,dream pop
uGEEcv4eecY7Si80	experimental,noise rock,noise,post-punk,electropop
uGiglSqRPlSu2s5p	blues,rock
uGrfAtG0DX1D8aGE	indie rock
uH2ulTXx8jwafcGH	latin pop
uHfSwlImku0C6fcg	pop punk,indie rock,midwest emo
uHmAteBXA0HyakDu	pop,britpop
uIM9Lur4MKSiigce	electronic,synthpop,electronic
uIP1a6v8uYeubaBQ	indie rock
uIi8OwFL9JkBnwMT	folk
uIjkz7WNjgMeEzxi	classic rock,blues,rock
uIpTqMyOXdJT2oOk	new wave,pop
uJRNTdNmYkjMURCG	ambient,atmosphere,progressive rock,doom metal,progressive metal
uJgXKPWpkWITtR5C	samba,mpb
uJj6454c9jGeqqp3	post-rock
uK5I4lPXkYCldPp5	indie rock,post-hardcore,indie rock
uKfZlWlGEZFOpGHl	k-pop,k-pop
uKoYQVitYHUBBKW0	symphonic metal
uKuzgpt2LGlCZb0Q	electronic,alternative rock,rock,experimental
uLUAVP3aDthuqvSv	hip hop
uN5YSlPz9FNDrgzv	rockabilly,classic rock,rock
uNAFCwq1ZonWPCsD	pop
uNCNJSbnzHFuK2Kq	singer-songwriter
uNGhPKmReeSwFipM	post-hardcore,screamo,emocore,emo
uNZIQpseivgj7PFc	pop
uNxjn8PuFzpjeHPH	pop,electropop
uOJIAZmhvg5gOlU2	rap,rap,hip hop
uOOX0PPG7VJsjQIE	noise,lo-fi
uP2Lypf6N8jiFOaG	rock,pop,classic rock
uP6m5sXpEihBTUP6	ambient,dark ambient
uPI7HUjRKP086kqU	electronic,techno
uPd07lESPDy0kb5v	singer-songwriter
uPhQso06v7jdsamB	indie pop,lo-fi
uQA7sNQujoHiuMAH	pop,soul
uQUCBofXJAQuX3pV	electronic,rock
uQrQlOrpJDKXo7Lb	pop
uR69sGDSUluAMEfR	pop rock,latin
uS39KjsinG8hyOSD	pop,synthpop,new wave,pop,new wave
uSiBVXEIyY9vkkba	folk,banjo
uTKhN6egfQJOej6u	rock
uTWuH5qt7HvzslCq	alternative rock,progressive metal
uU35tOTnmANnJEhR	rap,phonk
uU39iaUYl0XLnihA	soul,motown,soul,motown,funk
uUWr7owWdCUz3Cfe	indie pop,experimental,dream pop,pop,synthpop
uUjE6lPAHRZgsAKN	post-hardcore,noise rock
uVGMh0MNP4in3A3x	indie rock
uVHJnZC4VqO4cJIv	indie pop,grunge pop
uVbNO4Qt3zSaho37	pop,pop
uVe6fjRMfFYe0G9e	folk,blues
uVpAghoOixzocv0X	pop,rap
uWEnfg6Z4jsOJwou	post-rock,math rock
uWPdIFCvvRmRfHyz	experimental,indie rock,experimental,indie rock
uWpDH2EhFH0DPjLh	alternative rock
uWzYrniam2UzBMdc	classic rock,glam rock
uXGQCQQjLSQpdKoD	pop,electropop
uXOfGRdRjjRAVq0C	pop rock,rock nacional
uXoV7P3klCYVN8HY	pop,pop,easy listening
uYXH99JD1IYCLMsb	indie rock,dream pop
uYvMaDdzf3bZQf1W	country,country rock,classic rock
uYz80NfSutf949JD	thrash metal,thrash metal,metal
uZ95ZuwsQ5lKVoPk	soul
uZdl4o1nRfvSWxgN	nu metal,metal,hard rock
uZgPRqz3G8YQAEA4	pagode
uZllLV4KAFP9ptXI	k-pop,pop
uZooh1FibqxFgSix	pop
uaS1eZQ6PzFi5GdR	experimental,indie rock,rock
uadv6WcW4zjxqPXQ	rock,punk,pop,rock,punk
ubKyATY66NtVKTOJ	pop
ubcUueo6GReAKv4Z	pop
ubhTP8eoPbIesdN2	melodic death metal
udAhlMPPwMvs4rtn	symphonic metal,gothic metal,metal,power metal
udGwdjIF5Iq0USkf	jazz
udScHNRDGNMObe7p	pop
udyFlFSTTER45BQL	experimental,art pop
ueBbSbMdSy6W6adj	grunge,rock
ueDImnNQldux1wCj	reggae,lovers rock
ueFzPee9VIZWLolc	mpb
ueavcCtl9jMXUFWH	synthpop
uetiECgkEH83d7UV	power metal,symphonic metal,symphonic power metal
uf5QOv5q96pBXhjU	pop,soul,pop
ufXP4em3UFWfnLVB	mpb,rock
ugMDGvCfHtFVxNJy	punk
ugYaNZmoIMw2IscA	rock nacional,new wave,mpb,pop
uhM5CwYNbIRZEsyH	rap,emo
uhOuLXmCFOml8QPy	punk
uhahcG4Hd7d0ksS4	liquid funk,drum and bass
ui4bfNFpReoGeIQa	progressive metal,doom metal,folk metal,progressive metal,melodic death metal,death metal
uiWP8bBty9on9rKS	indie pop
uieP5mmg5snmku1T	metal
uikqsynNXnWrkzeo	pop
ujmin4EcRsLwIJj7	country
ujqumv5R1BmN73ah	calypso,brega,forro,zouk,merengue
uk88L5gLKvOfjmIA	rock,pop punk
uk9AqHt6AK73Re6N	pop,singer-songwriter
ulOslCx5r0Iqdwoc	pop
ulUWdhWR3EQzG6xG	soul
ulcmjapnliBYYJos	alternative rock,rock
umPyLNAXbQHjKr3g	hip hop
umQcYqsFicENqXio	ambient,soundtrack,electronic
umRXcx28GCSyICPk	pop rock,latin,rock,pop
un3sk343RJ0sOg81	new wave,post-rock
un4kzdmkZdWJ7KzZ	pop punk,emo,punk,pop punk,melodic hardcore
unxOT4Q0O4qHx3Un	indie rock
uo361EMFekJxqjcc	pop
uo7Wx2zjikt8e38y	singer-songwriter,folk,singer-songwriter
uoJWoi0fHz5WDbTv	pop
upC5mQJQgNH8NKDE	post-hardcore,screamo,emo
upCfmqkAPJda1wH8	pop,pop
upGV2DyNjyKJ1WXh	rock
upMpN1ww8tOWnbhS	rock
upQiuwtfoQdbwdsE	pop,hip hop,rap
uplGsugWDuC1aacg	mpb
upwmJCh4ysaMIrC4	post-rock,experimental
uq5ETEbfFgKLqjnz	classic rock,rock
uqLWNT68XFaRJHHm	punk
uqQkMXpx5YiMYoQ0	indie rock
uqm5FeCfXStgSUXg	indie pop
ur9b9N7fA5Nwvdug	progressive rock,rock,experimental,indie rock
uryZ8JC3AubSeg9T	electronic,experimental
usk2V937PzPVaOAo	post-hardcore,alternative rock,alternative metal,rock
uswqdwqKwqNpA0ea	electronic,trance,psychedelic trance
uu46WcTiPDUH2AL1	death metal,drum and bass
uuGynMhwZtOZNWNP	classic rock,folk rock,folk,rock
uublr4HSDBrSqY7w	singer-songwriter,rock
uuz4x9CaCTuL0SZx	indie pop,indie pop
uv8dTxntpSN0P9NQ	pop
ux9iQDQkkEnTt4kz	ambient,depressive black metal,experimental
uxAt5B5y30zR8gwO	pop,synthpop,new wave
uxFe375xX9J0tyVk	melodic death metal,metal,death metal,swedish metal
uxGfuUirDjQiTufM	pop,mpb
uxjmTmUtxdczW2GN	funk
uysYyvHjNhg4J03M	emo
uzRuPwzfzLcloH3Z	deep house,nu disco
uzuh5XLA6f3ZTB8g	black metal,psychedelic rock,metal,black metal,experimental
v032ByDnk0vPSe9J	post-hardcore
v0BagbLQ68vsgBTZ	downtempo,electronic,lounge,downtempo,electronic
v0NEiFzGC1qP3VRf	rock
v0U3c4xwkDNNTxAY	hard house,hip house
v0ZKSpu5PDb3T1jV	electronica,ambient,electronic,pop
v0fZb10dqfULp891	progressive metal,progressive rock
v1XepZBlHHPy1me2	pop,pop
v1YuwZ5wS27LIETA	moombahton
v27mu6sTZCtEM0wx	pop
v2FhqfBlkM6Q3f2l	melodic death metal,death metal,lithuanian metal
v2P8wIymAEhQVomx	hardcore,grindcore,noise,hardcore punk
v2sMZwDD8aEoqjco	electronic,ambient
v371b4CXKioSIYn4	pop,k-pop
v3EjFAo41UKRfHUf	post-hardcore
v3P1kFTQ5aThsHA2	alternative rock,hardcore
v3mLjFAkkk61ttul	classic rock,hard rock,rock,glam rock
v4bP5fdJjY34e1aV	soundtrack,chiptune
v4ivyF5CbPaeWvHb	pop punk
v52yHgLYmYyyYVBO	noise rock,psychedelic rock,punk blues
v5A6m4nJh7hl8XHj	emo,pop punk,indie rock,punk
v5IjFEaZsbzyDOmZ	pop
v5ljKfVq6oWerL0R	indie rock,rock,alternative rock,garage rock
v5xe058HcPorm48q	jazz,blues,vocal jazz
v6XumM5GAD8eLHsn	rock,grunge,alternative rock
v6iwIpi4K2UJiRng	symphonic metal,metal,cello
v6ltZbuUiklgQTea	indie pop,lo-fi,experimental,noise
v7xYgojW95YbD28m	progressive metal
v8JcyhKOnJ9q2BRl	black metal
v8Nv4QDbzb52rETB	comedy,soundtrack,comedy
v8XFtqHshPVmWuvl	post-rock
v8mcUAUvY2Pk1gDJ	rock,alternative rock
v9XI7XCCe4yKgJSj	alternative rock,rock,alternative rock,rock
v9bRHVBbmmh8TgKl	remix
vA40YEOjc5FTGWcW	electronic,edm
vAt6Z5tqxuh2DyLn	gypsy punk,punk
vBBGaSjosEYNIu5K	gothic rock
vBDenWcRnxzkIrvO	country
vBOyknxdz4A7dO4B	pop,soul
vCCMvgSJnzirTprt	indie rock
vCMtou9JWlsx5c6B	rock,classic rock,pop
vCV4Ewc3Zm9uZZME	metal
vD4jmiC66VkozutN	electronic,downtempo,electronica
vDWdxYxqEqmUXiVB	rock,french rock
vDuyTP8mFItgngXp	industrial metal,metal,industrial,industrial metal,metal,death metal
vDxRdszZDlsD3ErR	electronic,ambient,experimental,trip hop,electronic,ambient
vFEFpIZ0iySS6LWK	downtempo,electronic
vFy8xJMMVFgWFZnq	dubstep,electronic,breakbeat,glitch
vG1k3aZWMD4dgyQs	rap
vGFGywexxqy7ugN5	black metal,metal,doom metal,post-rock,post-metal,post-hardcore
vHBQRNsc9eNx9gFd	rap
vHKtwYIHtGcMMJZa	soul,philly soul
vHcPtqGffZtwisWC	indie rock,rock
vHsoHHpfuEaNU0qa	indie rock,rock
vHxytZsuzapuCN0F	nu metal,djent,hardcore,metal,metalcore,deathcore,hardcore
vICz6SCzrWUSk9Jy	funk,soul
vIsCex9NOhqQSoUL	indie pop,electronic
vItpyeJfNViYnIb7	indie pop,jangle pop
vJxpiRcgDkE7WsoT	rock
vK2utyU9DKRSR01O	classic rock,hard rock,rock
vLC3T6Tg1Me6QUNC	electro house,dubstep,edm
vLSekbQg2vKlWXwe	country
vLcLw2wIsr1F3esl	electronic
vLpHJgcJtDoRFEz3	melodic metalcore,metal
vM19ZgX2PKiP6P4w	country,country
vM7BIA1ARPskl31j	jazz,jazz trio
vMTvfpTWWeX6z8cl	indie rock
vN0sgIXsl7dd3OBH	pop,electronic
vN5Q2VvaGjH5LbfF	metal,thrash metal
vOXIPpF0R5V9FrVm	alternative rock,rock
vPKtzbQVTqD7eHMq	ambient,contemporary classical
vPNIItkt1ru5ivn2	drone,drone metal,dark ambient,doom metal
vPg5yTHwfbOywbGR	hard rock,classic rock,progressive rock,rock
vPlsUTMVJruEnRXn	soul,funk,soundtrack
vQDkDntGlQffD9u0	power metal
vQd9ehKDqQIQmN2R	rock,classic rock,hard rock
vR2rtFIpSxVQSkmS	pop,electronic,pop,electronic
vR7Doj4E4USk004d	folk,singer-songwriter,folk rock
vRRzQvXPXHKNmrPT	pop
vRvTUoDSgOFkgUHu	alternative rock
vSbDiQWwWjo6GuXC	rock
vSltIKOgEiJRMp0k	stoner rock
vTA5vNreHTyEg7Lc	rock,psychedelic rock,reggae,psychedelic rock,rock
vUDkrjs38zpJ2o3e	mpb,bossa nova,mpb,bossa nova,samba
vVIJ4IBciUdZjesr	alternative rock,rock
vW4e1g4fMtk4qexd	electronic,rap
vWE3wM9n7MBDda5I	soundtrack
vXokTeyBuhKOFFpp	eurovision
vY1s7MhFx7xiMkKo	electronic
vY6IqLlQvtYRRgdz	thrash metal,speed metal,metal
vYOXzyEbFjTOt3mg	electronic,electronica
vYmsZNBaWGqN3bwR	mpb,folk
vYzU39qoa0f1n4KU	industrial metal,industrial,metal
vZ9PmA3CpzYuDQKE	chillwave
va5sT146CNyq3rkK	rock,madchester,britpop,britpop,madchester
vaXmbWYhtvZq3mB4	pop
varVxonyosDEugeX	pop,folk,singer-songwriter,indie pop
vaw43bvFmszYaCW1	soul
vb2cwkWdMabrucgH	pop,soul
vbjGig6FhPB4eW5w	hip hop,electronic
vbkCA5hZHvL8ju4T	punk,rock
vbpOrHHOsbeLtaiV	pop
vc9QtUyodXEsURBR	post-punk,industrial,experimental
vdF2PDIFXryUdtva	synthpop,electronic
vdWJ9O2VQDNgWEHj	rock,progressive rock,classic rock,pop
vdefE5B0EAYfRgTq	rock
veYoMnZZQMlWJJ4N	metalcore,metal,christian metal
veoBRutKwJd2Kbgu	lo-fi
vfHukmRNazesVu1y	pop,teen pop
vfefjOjdzqYmj37l	rock,alternative rock,grunge
vfv4Q5ATIIpkJnvg	indie rock,rock
vgDBHF62RTnFdWk0	post-punk,punk
vh7WUQto7bOyXKq1	rap
vhGPUwsBPIZn78SJ	rock,alternative rock,emo
vhKH6tVDzgQeCYlS	indie rock,dream pop
vhpPbg8szZirrrlJ	indie rock,art pop
vi1iCRMPE30DbNjX	soul,funk
viCGiiYs23uqlyKy	death metal
viGnpPG8WQb8KjhC	electronic,ambient,electronica
viHwG0gUX2qhNeTM	soundtrack
viYzTd7fl5tPeYi7	folk,singer-songwriter
virdwakuQdcOplI5	synthpop,ebm,spoken word,industrial techno
vj08Cdr6XjyU45JY	nu metal,rock,alternative rock,rock,nu metal,alternative rock
vjGO8LlywjP6JpS9	brazilian punk
vjwHhLg2PrafejVK	new wave,pop,rock
vkNqygQY7nIoe7yH	metal,rock
vl97j88dTLilICmG	punk,rock
vmdQYIHZwHA1CQ2b	electronic,turntablism,electronica
vmem2WsZ135YcGi2	new wave,post-punk,rock
vn7cGiP5eCRjnmVv	rock,rock
vnISQaKTGhRUKi9i	melodic death metal,metal,death metal
vnQzBX4FAi2KDXwp	pop,disney
vndPNsCR3RMALXwr	shoegaze,psychedelic rock,dream pop
vo1F2xTdGIRIVBaD	alternative rock,hard rock,rock,alternative metal
voBerAguDc202MkW	ambient,contemporary classical
voJXKrTBsNhSIyBE	black metal,metal,doom metal,melodic death metal
voQb07Q1hEqpHt4A	rock,brazilian rock
voRTCNmgz4K0zsaI	experimental,folk,electronic
voxsjUvGZDArRiPh	pop
vpg7Rq2qcDiHjank	gothic metal
vpgcTDXEzxBEPDf4	folk,indie rock
vpkdcpRUdPdzxWXf	funk,soul,rhythm and blues,rock
vptqUoc2OQDmrxMK	pop,metalcore,post-hardcore
vqOqbwGfIEzo95qS	folk,classical,new age
vqS2lVz4ivWIuUcM	singer-songwriter,dream pop,indie folk
vqUmgaX0UQIh5NOI	soft rock,pop,rock
vr1Dcyklb0QHZ5U5	gothic metal,doom metal,metal
vsBwnsneCoroMWjj	garage rock,rock,garage punk
vsNX4UWXXb0pvocu	pop
vsRH6eg4F2KWfvZH	punk,punk,ska punk
vsaVxn876THyVr4n	pop,electronic
vtHFnHOAnlATNpa3	rock
vu4hTMjm8Pq8GNYm	metalcore,rock,progressive metalcore
vuIlaZKfCTlPgjmd	ambient
vuUAkMxeAYQNlMRe	rock,rock
vv02qtmw2OuuSw0D	shoegaze,krautrock,shoegaze,dream pop,lo-fi
vvST5h16hjYjkzRC	post-punk
vvbnCuS9j2e3BerS	death metal,doom metal,metal
vvtB6ZMSTs8zsSPD	singer-songwriter
vw6RuiYPEE0xuIIN	alternative metal,symphonic rock
vwTyUlwGqjKHROYx	post-punk,new wave
vx4dnKo29PovqAyR	k-pop
vxKOyHTWfK6nkAmc	stoner rock
vxq0Aqhz9p7E2Cwx	electroclash,electronic,electro
vz9ILVlgXye9qwTy	electronic,soul,acid jazz,downtempo,lo-fi
vzd9nzmcJvLPgyzm	doom metal,sludge metal,stoner metal,metal
w0I31v8OS6A1isKJ	doom metal,metal
w0wj5z5hGuuOckdn	rock,pop,singer-songwriter
w14CKJ66WU0ftOVl	folk,singer-songwriter,folk,alternative metal,melodic death metal
w15HLSKYETzcY2wV	industrial,industrial rock
w1DNGoZLFFnLQO7L	hip hop
w1JYcBKW3bMxocsu	glam rock,pop
w1p4w3mLHpOhi693	rap,hip hop
w1xcqQXVS7mESMev	rockabilly,rock,rockabilly
w2LIk3QmsyXktDHO	progressive metal,progressive rock,metal
w2S8c3Fwtmc9yk26	gothic rock
w3C6EfJAHVosmE6T	pop,folk
w3En2DnrWIDrnUCN	samba
w3QMjFsSgaGUJFtb	soundtrack,soundtrack
w3qfhvEqEaKoMHe2	post-punk,christian rock,new wave
w4siJUAPpGNOSH6g	rock,hard rock,alternative rock
w50Lfb8pr9mE7OX5	soundtrack
w57cL6rjiP0GjIJu	electronic,breakcore,experimental,ambient
w5Be9vpOuLlRmW15	pop
w5kjU9lJDWLQwnfV	indie pop,indie pop
w63puXmP8eWJJeQi	indie rock,indie rock
w64KwSB7npnE8hb2	pop
w6BTU0doOLIYijKS	indie rock,lo-fi,rock
w6LDwyb09Z7aPMhr	rock,new wave,classic rock,pop
w6dZZPH1JrOswNIN	metalcore,metal,nu metal,hardcore,post-hardcore,metalcore,screamo
w73mftnJLoLAYIGn	electronic,minimal,electro,electronic,minimal
w7MKZ4jo3ssNGW4v	outsider house
w7PZckOy6rsQs91D	indie pop,experimental,dream pop,pop,synthpop
w7rJBwhlfdhJeL92	indie rock,alternative rock,shoegaze,rock
w80IVwuH4w37IWXb	pop
w881MZNITa8HJcvL	madchester
w8Q1ZIZPI0WKGm9z	chillwave,electronic,ambient,electronica
w8rtuFztCfL1KzpR	blues,blues,singer-songwriter,rock
w940ogjCNGrpxvir	post-punk,shoegaze,rock,noise,noise pop
w96VZTnNTEyXNXh8	indie rock
w9CyhUrD7tv5zOvP	classic rock,rock,hard rock
wAOvOAR5h3FhUagv	country,country rock
wAXij5XaK9tQ4DCD	electronic,techno,breakbeat,electronic,techno,industrial
wBZQZHbQveKaJRFq	hard rock,classic rock,rock
wBk79bOuOBT7J2AQ	post-hardcore,melodic hardcore
wBrToSbldsUN7RYD	indie rock,rock
wC2eSHnbt1guRuav	rock,electronic
wCM2UFSJxS0ryGpf	progressive rock,rock
wCPMStSN1z5GNvac	experimental
wCehTe01kHHUxVnJ	electropop
wCglEvCdtoWo5kK1	garage rock,punk
wCxWPMq7SU6BvLFb	pop
wDua3A962HzJmt5u	progressive rock,jazz
wEVAql3aTyt8NIr9	pop
wEmCUwF6ql0uJ1Bm	k-pop
wFsz88iaKxMyv1qa	punk,alternative rock,rock
wGWFf8T8ejPirEko	indie rock,rock
wH0pxqoDezzlrTVI	melodic death metal,power metal,progressive metal
wIF9WTqGbt94IIuB	hard rock
wJ9MrBCuGjYqSGHl	gothic metal,metal,doom metal
wJJvXL0jnk956f4r	post-grunge,alternative rock,alternative metal
wJjXJYEMp8OMqjS7	soul,soundtrack
wKQ4FOkLlisuo8l7	bossa nova,lounge
wKoB144EmzBEkIK9	metalcore,thrash metal
wL0BJJPmZuVENRkn	shoegaze,dream pop,noise pop,shoegaze,dream pop,noise pop
wM02amI73QETEPcS	rap
wMFkUWUakN9rh6Do	rock,rap,hip hop
wMd3vqD6cznSAMFB	singer-songwriter,electronic
wNaDf2Z83rVzWWF1	rock,classic rock
wNhnLZokO2pN5ABy	pop,indie pop,alternative rock,pop rock
wNlQrRbKZZTQhpYg	post-hardcore,emocore
wNvJ2zJw8QEUU7fw	electronic
wOJreXO78AWATI0f	electronic,indie pop
wOK0fNCTmn7eLrOM	alternative rock,rock,alternative rock,christian rock,rock
wOgJ2cYEAkbIFoiu	folk,lo-fi
wPsp5Pw2o1GHtTUd	alternative rock
wQLIfkQd9Cf02IB3	funk,pop
wRest78Oh8CSxmD2	post-hardcore,pop rock,hardcore,emo
wS8YiGqCpYr2Y3jA	classic rock,psychedelic rock
wSp2O9X2bOHL0qC4	electronic,indie pop,indietronica
wSrGfmxnMXnmh19t	pop,electronic
wSwO5GhBq8y1jn5g	pop,alternative rock,pop rock
wTbScpMChUoYAvdl	rock,pub rock,classic rock
wUIoXhk32WRlXztX	freak folk,art pop
wUueD4TogHbWwZpp	pop,pop
wVJPGE6NpdM2lcuh	post-rock,alternative rock,progressive rock
wVs34YoLfvIUxR3H	house,electronic,progressive house,electro,minimal
wVsyXdKUXXqpdP26	rock,ska,reggae
wWCS7VGzsMcEiQpS	folk,psychedelic folk
wWY9eB18ccgtcQEn	rock
wXVEUzSovffeBgfc	synthpop,new wave,indie rock,spanish indie pop,indie pop
wXXqqJl8zPifGXWp	rock,singer-songwriter,blues
wXciZSkM8hdWtcn6	alternative rock,progressive rock,rock
wYViIvODJJW7NrK4	pop,indie pop,soft rock
wYmHOsdV71S4SBte	reggae,spanish reggae
wZWxThEcPCOUnikc	pop,pop rock
wa3NcWiWGkXca2lW	classic rock,rock,power pop
waWhCTq4MbwTuqoF	folk metal,celtic,melodic death metal,folk
waexM2D7S6PDhd9E	electroclash,electronic,synthpop
walxWViAIiOd5e4s	singer-songwriter,folk
wayc1GRjC10XWJVR	alternative rock,alternative rock,rock,hard rock
wbJWFlmrHkax5pzp	soul
wbVvno8PaLyGicEv	grunge,rock,alternative rock
wbWZgxkkhL45NAuw	rock,punk
wbgQmVbFZzCvh969	rock,pop
wbmMChuG3ps66EmR	new wave,electronic,rock
wcKdTGmOzZMzG8ZU	progressive metal
wczOkPL07tKUUGoy	groove metal
wd7vX2b80Yi1ksBx	electronic,disco,synthpop
wdGlALS3Rh51ZLVJ	stoner metal,progressive rock
wdQztxX81nLEruCo	dream pop,singer-songwriter
wdRX3yzc9iMOqpim	soft rock
wdg9CPs88fDGfibe	k-pop
wdkx1FcUhmVcTpgy	rock
weYoemShgpPENroN	singer-songwriter,rock,experimental
wfCPwxdNBulqJsyj	soundtrack,video game music
wfGkEiHku71EU7t2	rock,classic rock,hard rock
wfm2TCP3XLeLG0rX	pop
wgdhxtKgPCvd6tPl	halloween
wgwZwSe3P7b97eUF	ambient,folk,black metal,black metal,dark ambient
whM9P0qmqNjH6XNI	post-rock,blackgaze,black metal,shoegaze,black metal,post-black metal,atmospheric black metal
wj9eefDZQFtnPnVH	deep house,electronic
wjUvJ8dvWsgwucHs	reggae
wjhPyeqAPGCx2Q8h	rock,punk,post-punk
wjuOa1MO1mAhMtZx	pop
wkJhWnGfPtpCerQr	dream pop,indie pop,jangle pop,dream pop,indie pop,lo-fi
wkpKyXuXJyUgllgK	electronica
wlcsUn0tA0ByAxyE	hardcore,rock
wlzCYtmV2GDLI1ne	soul
wm1T6O36izEGTkzI	punk
wmCKbX2aWx2tTFj4	black metal,avant-garde black metal,progressive black metal
wmDfLKyUAttJEbnr	progressive rock,rock,art rock
wmQAeNc7epXlaAzB	lo-fi,electronic
wmebf4IeIAWpH23w	indie rock,punk
wnreB4as3kSRwQW3	hardcore,melodic hardcore,hardcore punk,punk
wnskbhun8T32DcEG	britpop,britpop
woKaOuePP4JqsoRp	indie rock,dream pop
woYcA7PVgvKszzzB	electronic,wonky,glitch hop
wpTJNmGEAmX4boiO	emo,lo-fi
wqPSFpwPTqnUpNxn	k-pop,pop
wqYeNqrUxqVPw4u4	indie rock
wqc0zThdHbZHeFbn	power metal,speed metal,metal
wqnd5YgE2Fh3WhNU	progressive metal,doom metal,gothic metal
wqwqPHarohW4paEH	country
wr93zy6wrksrq4we	rap,hip hop,experimental hip hop
wrAXGVsmyBlbBjjH	electronic
wrKyd2R0bzQBpszJ	electronic,synthpop,pop,electronic
wsDvE2DE6iHLoUXp	fado,folk,fado,folk
wsGGjUbB90MtkF5k	garage rock,alternative rock,rock,rock,alternative rock
wt3xdJYIOQXa9qUw	rock,alternative rock,classic rock
wtmB3ocrORsGv7sp	downtempo
wu1LSZk1VMK51cZF	pop
wuLiGQ8yMaFkatsZ	pop
wukA1wBHsZM5R64U	pop,electronic
wv3MqZSYaVcaeGIN	rock,christian rock
wvN9VdPwBXeXXTVp	rock,alternative rock
wvxJ3diYAjfDEYx6	metalcore,metal,hardcore
wwXm7ircqopveami	classic rock,rock,pop
wwaLeliGzWKCf95d	funk,samba
wxMihf7Rgk54AwBU	folk,singer-songwriter
wxetZOv6BCSZchC8	soundtrack
wyk2grypIheZI2EZ	rock gaucho,rock gaucho
wz3eC4c38Tyfmlkg	indie pop,indie rock
wz7Hpf9vQwZAVNIc	post-punk,punk,new wave,post-punk,punk
wz9Lk90thBx1TcaC	jazz,vocal jazz,blues
wzDtKIqttUpPvlJY	folk
wza2SDaK2shlhrSR	soundtrack
wzyVgYHzy4X6tbGD	grunge,rock,alternative rock
x0BoMpplnzwWFbIv	synthpop,new wave,electronic
x0X0yrqDMrGTZepg	lo-fi
x0wIM6uEuhNcolM3	pop rock
x0wx9Gifk9BMIQNp	folk
x1IgSXHKjiYHGVFl	pop punk
x1aaWnOgm8dMLh0M	indie pop
x1arf00pQjsqO0Qy	rock
x2NCGmW1sXnvedMa	indie pop,indietronica,pop rock,alternative pop
x2S0EQQmXQRwDT89	forro
x2gfQxbRKtiVfzGs	punk,rock
x2iaRQqtICNElPhT	mpb,folk
x2udXvrt0a982gcR	math rock
x34GAHtPhxEn0cxU	house,electronic,jungle
x3mou4Z2TgG5ycWk	house
x4hv0ALTsGICpzry	new age,ambient,new age,ambient
x5FxsH6wQoczp3JL	k-pop
x5fxh1zbSbWboqKG	mpb,experimental
x68RTwGiegBXHliz	rock,indie rock
x6MINMVc0jxdQQ4x	electronica,electropop,electroclash,electronic
x6P4j4AQfqygjhgc	pop
x6Wm94GM8ZzsX1fH	disco,pop,disco,pop
x7LGjnccOuSSgL9R	pop punk,hardcore punk
x7ZYklh1kDyNkXIh	drum and bass,neurofunk
x8Mf7T74rSDxcwGk	black metal,crust punk
x929NZxIzCJ8GEOf	southern rock,rock
x9L1rxEmeFyZvWSB	rock,alternative rock,pop punk
xBCiFccD8enX69JT	pop
xBI4ltwyJRfkSZ68	rock en espanol
xBSWF5nNmhEWWfXj	indie pop,dream pop
xC3kry1ZA7RS61Q2	hip hop,hip hop tuga
xCb8VMfP5yVKapGD	shoegaze,dream pop,lo-fi,shoegaze,dream pop,lo-fi
xCkRr4Ok7FcBdm8p	hip hop
xE4OkepHJvOZ30Fj	drum and bass,electronic
xEYVbgBjgPGr2HQT	indie rock
xF228OT96m5dtF7J	pop
xFD9fB0rITLpBiDc	k-pop
xFSHL14m21IBChEy	jazz,jazz fusion
xGCzmNE6Iq6F8wZb	punk,ska punk,punk ska,ska punk,ska,punk
xK0vtRfUu015RqMZ	alternative rock,rock
xK3sgea5DZ6aMmCc	electronic
xK6PtPPUuAoAltQD	house,electronic
xKETq4PMnXTZBVHw	ambient
xMDsZJiAT213RMLl	pop,glam rock,electronic
xMMSTfglDq0nfMMO	gothic metal
xMsgghyQ7dNxQwG3	hardcore,melodic hardcore,hardcore punk
xN9RzxHRD81yP8Kz	indie rock,rock
xNJNJyNl1u4RH4Dp	rock,alternative rock,pop
xNsYlVMULB81N9ZZ	post-hardcore,metal,electronic,experimental
xNwzRpcHO0FQmcUg	electronic,lo-fi
xPVPHDWUjZR1HDqP	symphonic metal,power metal,metal
xPkarNdxtmOXFG47	rock
xPsn0NwTemozO2AS	rock,post-grunge,alternative rock
xPzyL03GdSZiGHOy	progressive metal,metalcore,post-hardcore,progressive metalcore,metalcore,progressive metalcore
xQ8nao2SZIRVDkaO	post-hardcore,electronic
xQI2kiTL1GJy5YPZ	pop
xRG6VQB0WkxK5fWl	electronic,experimental,electronic,experimental
xRYnCIOrfrnLAdXt	indie rock,rock
xRn1ylhm5labUQsQ	electronic,pop
xRp3I9ZpnY1qv1io	rock,classic rock
xSmgqRs2ltIwu46N	folk,singer-songwriter
xT4XCWKEZd7HdxEj	ambient,electronic,downtempo,electronica
xTV31DrfW6tyr7KI	rock,alternative rock
xTfBVjiktBFKRtxM	folk,singer-songwriter
xUejPutgMvdRzpsX	indie pop,alternative rock,indie rock
xUrcqRSoPknsGKU7	rock,indie rock,indie rock
xUsBqk4JFsJw7BzQ	electronic,progressive rock
xVGXaD8CA8ttZ2Ch	electronic,pop,deep house
xVeQ8q5TCklNk5HQ	pop
xWK6qt89GkD3ZsAH	dream pop,shoegaze
xWYCYPIrpiAoXrl0	rock,alternative rock,indie rock,post-punk
xWdUGTImVgov8oP5	alternative rock,rock,progressive rock
xWeEfQxl3ouAbD6o	rap,experimental,lo-fi
xX5Xf4c4w6xhNPqC	experimental
xXPmQYlBPrFZU6h7	chillwave,electronic
xXfZeuu3ndCPTPaF	hard rock
xXpUScFyWnlDkWPZ	post-hardcore,rock,hardcore,emo
xXyAWYtBwmJrLYcy	punk,rock
xYuAGBwjGUqEjk8y	thrash metal,metal,groove metal
xZSDuxli2aoVtmLh	alternative rock,rock,grunge
xZkuIVHbrzA416qB	shoegaze,dream pop
xZtjzpMS7tKfnkNI	rap,pop,electronic,hip hop
xa6Mf3BLv5bNwXyg	soundtrack,pop
xaSUCFsJmEF8HqYl	electronic,electropop
xbPROldsip73RSkA	black metal,metal
xbbfluEgQZJLfWTT	progressive rock,classic rock,symphonic rock,progressive rock,classic rock,rock
xcJPMrFB2kCGMcmm	dancehall,reggae,dancehall,reggae
xcosr9naMm8VL0Tv	rock,alternative rock
xcwiPHyK1m50lxuf	indie pop,indie rock
xd7zDOlAGrmIUNMo	metal,hardcore,metalcore,thrash metal,groove metal
xdJFbrUN8e2J0bWa	soul,soul,pop
xdQbIcbWPWeYxE3p	pop
xeO7McHJvdlEW6Ed	black metal
xeVXUzb3BoyCMHXG	pop
xfHk98eJr61cvIs3	singer-songwriter
xfowo70kQkyYMdv4	soundtrack,jazz
xgDt5mpxICEcfh5l	pop
xgXwLD1zVrA2r8w8	emo,punk,midwest emo,pop punk
xgaNiLxAqzknO3pn	singer-songwriter
xh6pZEaRtqMIYjIw	experimental,noise rock,noise,post-punk,electropop
xhJ2y1SYoa1NZQ2P	alternative rock,rock
xhQWWzKY5TAwaliZ	rap,hip hop
xhugtZRumLUU0Nf6	rockabilly
xiHJKpeT0urb5Ehv	electronic,electropop,pop,synthpop
xiLUSOJOsgBIiy1N	classic rock,rock,classic rock
xj06nPLeBFenctWQ	neofolk,dark ambient
xkNfs3O6LhPdCMbA	pop
xkWhqvmzlY2tyIMB	breakbeat,electronica
xkjcuYdbAc1oFVeO	soul
xkk6h7NEVzRbBxJU	classic rock,southern rock,rock
xl7WL3MrUxVCYDu4	pop
xlCSNzdogggKu2da	indie pop
xlVLEFnI2HlA4Vrq	lo-fi,indie pop,lo-fi
xldzorOc1sbvfNur	classic rock,rock,halloween
xlqawVEjwLtLNAAO	rock,indie rock
xmkQ8FHhspUlNPsS	house
xmo98Ez8Nwejh8WP	funk
xnnnRjxsjTsMqqFy	black metal,progressive black metal
xo0xZiNQRp1VcJR4	experimental,glitch hop,rap,hip hop
xoDWi8UhtqT0zdcJ	soul,quiet storm
xpByvoxbs4ZJxfmQ	blues,experimental,singer-songwriter,blues,singer-songwriter,rock
xpMScb569sTjbGHx	melodic death metal,metal,symphonic metal
xphzfTIlojeuNgbP	rock,alternative rock
xpm71RlMLB0YTop9	shoegaze
xqKat61zfR6sfxtZ	rock,folk,singer-songwriter
xqYPfFTr1Xzad5bk	reggae
xqxOhVeeqpEJIiUf	rock,jazz,blues,jazz,rock
xr3ediQZ30ObOSbS	pop
xrBOdkBYFpSvtrqT	indie pop
xraFEi39V5V8ElEw	ambient,shoegaze,folk,ambient,drone,experimental
xs755Xv7WwZFoTNQ	hardcore,melodic hardcore,hardcore punk
xsAC7LEsEv3vlz4p	electronic,ambient,electronica
xsRMt9WbAqsRpq6u	emo,punk,post-hardcore,indie rock,pop punk
xsjNdgbV6isQbVF9	ambient,electronic,dark ambient
xssAKrIfWv7wLWJj	soul,hip hop,pop
xt4RKKv19C7GElyb	bossa nova
xtJqhMS7UyFV3vIh	pop,pop rock
xtR3Ctv9AhFLaJ9D	hard rock
xtqwVkrJWBjHXM2y	k-pop,girl group
xttpTFOEM44f27xR	eurobeat
xtw7RpP8uGuVrcFL	experimental,alternative rock,experimental,post-punk
xu2LzYhkeyHSvSlu	emo,post-hardcore,melodic hardcore
xuaL5Z7IWQ53nut4	alternative rock,rock
xudA6GSSJTas5vJn	chiptune,nintendocore
xvLw3kWHXk9cVdcy	indie rock
xvv74n6x1kz49rst	pop,latin,pop,latin
xwHe5ybP1MWC5IJh	symphonic metal,metal
xwJc7oM2dkbh17Sy	pop,new wave,rock
xwNRl6QA79WxwybH	alternative metal,hard rock,christian rock
xx7AjP300BpGG3CX	classic rock,rock,pop,classic rock,rock
xxKIWSUPqTRkDK8v	alternative rock,rock
xxMZNcsdctFhnqC1	hip hop,rap
xxl7VOv9iFrnHEb2	mpb,folk
xxtIlt8rG3zAlFtX	punk
xyoGJ588x09H0h8F	hardcore
xzA8mP8yexsrTs7p	punk,hardcore,funk,post-hardcore,punk,hardcore
xzR3bZYMXC4pngrP	rock,emo,post-hardcore,screamo
xzWY2xKwFj1eaU2E	alternative rock,post-hardcore
xzZddKwR3B3ViQpb	jazz,blues
y05dHD9K6O3sCk2F	rock,indie rock
y0ZafC3G45Dp0OTh	metal,hardcore,metalcore,emo
y0iRX8LrYqnrotNu	rock,rock,brazilian rock
y0vmwpSdsrkROj9m	rock,alternative rock,garage rock
y0wiYl4BA6Wf1GPx	electronic
y1UiMjmab4c52Slg	rock,industrial,industrial rock
y23ZDGllD0RMC3Gf	indie pop
y2TvubC3xyf9t50k	deep house,tech house,house,electronic,deep house,tech house,electronic
y33F3gjubszoaFRF	soundtrack,soundtrack
y3MqKDTATQF14Cd6	indie rock,rock,alternative rock
y3YtSQhfBUwm3apT	rap
y3sQM0MYAvXL4rnx	post-hardcore,punk,post-punk,punk,post-punk,hardcore punk
y4p5mYUoXNVgLzKS	pop,classic rock
y5iI2R8d4Zv1VCPs	dream pop,indie rock,chamber pop
y5nlpGu4jMLE0Wqd	pop,singer-songwriter
y6Xqwosk4wPVWE0v	alternative rock,alternative rock,rock
y6giaDRWgY7RVDfa	folk
y6wZT7dq7isrj1Zt	pop,indie pop,rock
y7bBlKR3yn3DpoEJ	classic rock,pop,rock
y7fQzcjsqFU1iG8n	singer-songwriter
y7q0hreUMWLclmnV	avant-garde,experimental,contemporary classical,ambient
y7xePVuQkALxLtuH	rap,hip hop
y86rxJbIieI0nVAf	indie pop,synthpop,dream pop,pop
y940RQ5C1RVrMQET	progressive metal,sludge metal,metal
y9PNNtuUNJWIGxIn	death metal,technical death metal,progressive metal
yA0YFr2whAxMUMMV	soul,jazz,soul jazz
yAXHDPi6EV5Bxg6Z	soundtrack,soundtrack,classical
yBPAagx0EjyUpV7D	dancehall,reggae
yBQp1MprCMOGDd26	finnish black metal
yC6Q0ZOEQBAQQF3A	noise,lo-fi
yC6qh3tC9uA3kubs	indie rock
yCQKiq2jfwBohgAM	classic rock,soft rock,pop,rock
yDLQAgv5UVDW0cAA	pop punk,rock,emo,power pop
yDUxI7tjCkSXdSvc	folk,singer-songwriter,rock
yDcnXFuvdQw9B4vm	classic rock,rock,hard rock
yE0lKZn21huIzyJk	indie pop,pop
yE7RkAcQCztbn0ld	blues,chicago blues,harmonica blues
yEV6FN4Cf4uWYie0	soul
yEbjUv5FN9kHGC7e	rock,alternative rock,grunge,post-grunge
yFKxs7BRlg1XVYSK	soundtrack,classical
yFW0KNy8lvqf3rK7	rock
yFvj4fU7uaabYOZH	dream pop,shoegaze,dream pop,shoegaze
yG0WFZMNLx8CV9Um	rap,phonk
yGa8a8r9MohiymNg	samba,bossa nova,rock
yGgt6Io9bL81a7xj	pop,rock
yHS1YLpQx36jVDEd	singer-songwriter
yHWLQKeVzuMV7ory	singer-songwriter
yHxPa7otg8ZoXa1h	industrial metal,metal,industrial
yIJxc6jGVUoMoASv	new wave,rock
yIul7Xf9NqZByUX7	rock,alternative rock,alternative rock,rock
yIzgEe9OfObO5SkX	rock,classic rock
yJvAqijfTDEuA2Fd	indie pop,indie rock,indie pop
yJylm8Cu0r30VZny	jangle pop,indie rock,lo-fi,jangle pop,indie rock
yK4T0V5Ud558KTrC	grime,grime,rap
yKkuAhG4i3MC1DgA	post-hardcore,alternative rock
yL9miFgTwQojjwco	soundtrack,jazz,pop,rock,classic rock
yLBPBTi5ICbOVvKS	rock
yLDYDyhZ3FFmc2Ys	pop
yMdnm3GvX9vwbnfu	electronic,ambient,electronica
yMwSYtKRuCg0kfZf	post-hardcore,metalcore,screamo,hardcore
yNiFgRwcUc6y42rP	shoegaze,dream pop,post-punk,shoegaze,dream pop,post-punk
yO1ZLmykwCstpIIM	indie pop,indie rock,indie pop
yOZm3x8GQDckGdgI	house,electronic,progressive house,electro,soundtrack,minimal
yPV2pr1BBs96Wkbi	sertanejo,latin,pop
yPe2IZAYdKod1dGk	pop,rock
yPhiaJTRbpFcsEqG	rap,hip hop
yQTE1GqOGR8ApyMz	folk,singer-songwriter
yRR8jQNkueUHpM4X	folk,psychedelic folk
yRX83sdbxIuoa0u1	post-hardcore,screamo,hardcore,emocore,metalcore,emo
ySGPx7O3jnVERPfa	post-hardcore,hard rock
ySYPmw8uMr5ExleN	post-hardcore
yTRQJWVYSlOdV8pZ	rock
yTVRzZQWbNKw9sPf	latin
yTvCIAPBJv18RpHJ	post-hardcore
yVVC4N4eVWREzzqN	alternative rock,rock,hard rock,metal
yVVtbIaWHhTzsIFp	electronic,alternative dance
yW2lNyzOkgMU0Ugh	pop punk,alternative rock
yW9oy32QEoLLyCyR	gothic rock,new wave
yWakUvEvJA3cWUFC	electronic,electropop,synthpop
yWpasLZxMkCbp8b8	folk,irish folk,celtic
yYjUBRUpj1KaQFKD	jazz,progressive rock,math rock
yZJlrvsCaSddEA1G	grunge,rock
yacosNcLzkstziPh	samba,mpb
yatM9kO3cGLVDbKP	indie pop
ybjSWXeF9hV43rV6	singer-songwriter,pop
ybxom0QE4MOEZIYk	mpb
yd3PgPFcEBvKMAet	folk,medieval
ydhuZXDFESKe0Smb	pop
ydk0QQx8Y0gBTGuy	jazz,electronic
ydpb57R61JNUBZhb	smooth soul,art pop
ye5zgXGTnaAkhA35	violin,classical
yeJexiTtRWAIMdRN	classical
yeOF1YcfriokSbCW	folk,garage rock,pop,indie folk
yeTAY1wfeosSJh8D	rock,alternative rock,britpop
yeUFxN4SUgAo9xuz	power pop,singer-songwriter,pop rock,singer-songwriter,folk,baroque pop
yeeM7N9Rpmfh6paZ	lo-fi
yetMyibYY6m5VrhI	axe,pop,latin
yfPeTPVemZtImxWE	singer-songwriter,pop
yfbBZIYYrhXGTn6z	j-pop
ygTpNo5JjJRXuPtI	folk
ygkUhqslGxDreZW7	pop,electropop
ygtaOzLcvVDHLjc0	rap
ygu36Bh6uAgZOjFP	k-pop,pop
yhLXi6vwaBfmPA6g	pop rock
yhgo9cJpYTC0aBh9	reggae,rock
yhpTlaoFlj6GAKdN	electronic,dubstep,experimental,soul
yhtOymRYtmp3PGgF	soundtrack,broadway
yhwO5ofA8zane4fc	electronic,downtempo
yi3wP9RKVR7ZkMXO	k-pop
yiEUUwicz0Mg2HJd	new wave,new wave,post-punk
yiXxPFTtVIzPHdZh	britpop,madchester,rock
yjF0SxzctSeTzIjf	samba
yje5no46vnBpMZH1	grunge,psychedelic rock
yjo9RiyzrQBIlvuo	soul
ykMScmUCEg7Wy39s	metalcore,progressive metalcore
ylZSHdQr0JTJdfjh	indie rock,rock
ymyN8yjI3JV5SgTj	rap,hip hop
yn2nAjhEDOp1a235	nu metal,metal
yn6XtN9fP3Td3ujy	death metal,melodic death metal,swedish death metal
ynHSMgW1llRp5TEi	ska,pop,alternative rock
ynX0O5X36vy95QQf	death metal,grindcore,death metal,grindcore,melodic death metal
yoRBMGHPWdt9tsnq	pop
yp8wyuOrANXCqTdH	pop,french pop
ypwVUkXs71HkdG2W	progressive rock,classic rock,rock
yq2DR4wx4U5yZQ8v	rap,emo
yqgwR3LLm5QYaVSs	rock
yrHNb205DJFwDQW2	latin,brazilian rock
yrnQ3qo6XXb0MX7I	metalcore,metal,melodic death metal
ysNgcbfVtfwsQt1m	ambient
ysNlf3yzt7F5dHVi	pop,latin,latin pop
ysZuzMcrnchgrahT	rock
ytb0u6mskqqGBMXL	rock,classic rock
yu3gQAnaulYqGPCM	pop
yuR1sQODQtlmsMGH	indie rock,emo,rock,noise,lo-fi
yuafclhKHugR0S1p	chillwave,electronic
yucrm0I1usi3BSiK	death metal,progressive metal,technical death metal
yvDDldJvBh7PcXmv	indie rock,lo-fi,indie pop
yvGcahiTrus5DY9c	rap
yvvPBDj31OkF97mZ	black metal
ywF8kHDg69ULnWyi	deep house,trance,house
ywYbfgwNiuubnBYU	classic rock,rock
ywaHq6ZVSsj8ZApt	power metal,melodic death metal,symphonic metal
yxEK01gqoCQr5cjQ	rap,emo,emo rap
yyeaM2iGL4jKKoyk	symphonic metal,gothic metal
yymMz6dVlY8OXptl	rap
yynrSStFikjKeeXd	hardcore punk,punk,hardcore,rock
yzmM1ybnCqBpzSAi	pop
z08OKzclUcvRpKud	electronic,indie pop
z0UqEOsRBaWGWnqi	post-hardcore,screamo
z0lPbT9hvcx0iCAI	punk,ska punk,ska
z1aYlEoRiaIM4vqe	tropical house,pop,electronic,edm
z1pMKelVu4QeapCT	skate punk,punk,rock
z1rsF4XRFgxIAHg6	death metal,technical death metal,brutal death metal
z1yQsZtnoyBC9ir1	funk,pop
z200qxsbGPVjSvxp	punk
z2aIQjy3Zmq2KGfq	grime,math rock
z36AAia1yzQDFyYV	rap,hip hop
z3EiE0NmcDImyh3B	country,pop,country pop
z3IFy7q4DtGEo0fi	pop
z3Kg1d9D80GWYNdW	electronic,electronica
z3vinu5XcRGmMpio	rock,alternative metal,emo,post-hardcore,screamo
z4SSjtBPZBzkAU3q	liquid funk
z4hmyHAwDJaqha1y	hip hop
z5W5PWEMUlRV40Vn	post-hardcore,alternative rock
z5qGwH461rz6ndPE	mpb,rock,classic rock,pop
z5tt2Gark6npnJIv	blues,rock
z5vgpDwUBYmapghf	electronic
z62CwaIu0ZJJfozc	soundtrack
z6KJIN5ZlQQlTtF7	reggae,dancehall,dub,roots reggae
z6ZIJqHljr5Ny3w4	doom metal
z6cWTXD9qNglPS4w	classic rock,rock
z7G6IoGTf7hF0ch6	electronic,downtempo
z835yQHpe1OlV9ci	death metal,metal
z8penAFrWxd30PR6	indie pop,indie pop,lo-fi
z94HxWZ70fGGM9W1	indie rock,rock
z95zVT1Q9BC1P1vO	downtempo
z97XUbNDvBph7K7M	punk,hardcore punk,punk,hardcore punk
zAnMKI6EafaFBSxH	pop
zAnXfcCKd3xe8mHu	death metal
zB5kq14x6feJ9MKn	downtempo
zBJkBQY4v3xTSf7U	pagode
zBN2a6nChH4qhdhl	britpop,rock
zBQH6UAUoeCkStKu	pop
zC1WYCdCZYoR8Cg3	pop
zC3H3chcRSRJuJxG	soundtrack
zC6zvEPBFU3BJMIg	rap
zC8HgAnuvfxIGkt5	indie rock,rock
zCydZZTqPTrQJdvA	symphonic death metal
zDA7RkgQXOvVUVSO	post-hardcore,electronic,metalcore,metal,trancecore
zDFUPr7aBgl31TKt	dark ambient,black metal
zDzWt1gC7z3tw5O5	progressive metal,progressive rock
zEVSfCqlWzvajG3Q	power metal,symphonic metal,symphonic power metal,power metal,symphonic metal,progressive metal
zEgPm8CigZw6227y	reggae
zF8JFbczaMB2Ku0F	soul,pop
zFVoqWkooRZlpVpL	lo-fi,black metal,experimental,indie rock
zFfIPlITN5ZVkrqB	pop,electropop
zFgg3KsP21sEvbKu	indie rock,emo,country
zFsEl8BRZm0cUjQE	post-punk,punk,post-hardcore
zHXoVI1g06jKhakU	rock
zHud9fouGEihnRpP	rock,hard rock,alternative rock,post-grunge
zIg53cR61PSvxGTT	alternative metal,metal,nu metal,rock
zIkoSJ8BNQc1fp1C	latin,pop
zJX4qyXB3RWTUSZJ	rap
zJsORlxj29wLc6fD	pop,electronic
zKBHAHBff5zCQltk	groove metal,metalcore,thrash metal,metal
zKU3RjwcBLVo46P1	death metal,sludge metal,black metal
zL6izFur5llz4xz7	rock,emo,alternative rock,pop rock
zL8i7EGgiZKNeGTN	viking metal,black metal
zL9bilYev1zOZOwg	indie rock,indie rock
zLIDa3TRL0O7icbu	pop,gospel
zM0wxKxPRy0TMnO0	black metal,death metal,finnish black metal
zM1OVHzcrJgD0Uf6	pop rock,pop,soundtrack
zM8tFluXZTMaAyWq	folk,dream pop,singer-songwriter
zMwzssJgodAWCx1o	electropop,electronic
zNCJjgNDpUtPFTgD	electronic,pop
zO8gwg73TYVDoxWp	nu jazz
zOfWi2wkIljHLslZ	singer-songwriter
zP89PQHZW1sFGQk6	noise rock,alternative rock,rock
zPDU64Z27sSJDJn4	progressive metal,progressive rock
zPHj7qSJ8zA6R6Vq	indie rock
zQL1UFD5aEI8CAWz	indie pop,folk
zQiOqPMhtnpPfzOf	visual kei
zQv5x8sdB4YvIpdr	indie rock,rock
zRIahlQb0s0Yf1DO	electronic,electro,electroclash,electropop
zRgtCrB8UL5KrvTn	post-hardcore
zSWd2N01NOafU8vU	electronic
zSz5BjCZVvrfIq8Z	soul,jazz,reggae,pop
zTNfBxkviGiTVUSn	psychedelic rock,space rock
zTsCGOXf1D2ykgfs	electronic
zU4hcQjWwh36CCBe	electronic
zUfmYHjvNvWUG4yo	dream pop,ambient
zVBVi5hr9JqO5QYg	electronic,electronica
zVeuUbpTLZewvW8l	pop
zVpiGbltsR44SHr0	ebm,synthpop,electronic,industrial
zVqdjhk52Hl3KDcB	soundtrack
zWMVx0ujMroBpdll	pop
zWNhZRUxCHV4q7SZ	garage rock
zWyZuY0rvOawZA1I	mpb
zXN9nUA3jsHprGdO	soul,britpop,pop
zXUQlp1dYws7CRjN	pop rock
zXcaCZoKnWbu9HQF	pop,rock
zXouTXUyNaY4r1gM	jazz
zXtqUQRMArU7B83p	electronic
zYNdUqSUyejbUIUZ	melodic death metal,death metal,metal,melodic death metal,death metal
zYVnErhV19roMuSz	synthpop,electronic,new wave
zYtxKkGpEUYEWXj4	pop rock,rock
zYvmBjUAKTkVxm59	gothic rock,post-punk
zZIiDgQNwPs971CB	classic rock,rock,latin
zaXwH40UOkGhjFOz	rock,classic rock,classic rock,progressive rock,rock
zalUDmlapjxrhdvp	gospel,louvor
zb4gbsrV76zBIeJq	folk,singer-songwriter
zblVzT8K7WdgHPea	pop
zcdxcURqCDc2BeV3	post-punk,punk,new wave
zd5HtSMxhfFuuY7b	samba,bossa nova,rock
zdQknlERaq0G4LHM	mpb,blues
zdQqa7YFU9p29XBc	soundtrack
zdW1qZotRChnwkf8	pop
zdzy2ihJo3NuBDje	electronic,indietronica,shoegaze,alternative dance,dream pop
ze9k1eU3VVoWXlvL	rock,britpop,britpop,rock
zeXTuFN8reKZAfZd	nu metal,metal,alternative metal,nu metal,metal
zejElP7KisEPRXuh	rock,classic rock,hard rock
zeoIIrQqqA7dMJ7s	pop,pop
zf6I9Rp77pkBkbZE	pop
zf6fPUIHLrUd8EOt	pop
zf8DcHXo4mMdYZpo	synthpop,indie rock
zfVNX9IiwSpdeVGK	pop
zfran3DqiPMOj666	rock,indie rock
zgmqAnT4lnfMdc8a	post-punk,punk,spoken word
zgwBDwtLcUdiYI6J	quiet storm
zgwKVITJHp0CT8JP	hip hop,electronic
zhZ3QAXFn6Z0OKLs	alternative rock,punk,rock
zizyOYAW0BusOy2J	pop
zkCYEZhGzySvOIGA	post-punk,shoegaze,rock
zkDB2ohM6VUne7jd	shoegaze
zkK35ToERTSNm9vq	hard rock,rock,classic rock
zkWyhnwzSyAjYp1i	rock,country,country rock,soul,blues
zlLOaEiYl7E3Mq2R	rock,classic rock,glam rock
zlbTPHMwzJVlR2Kn	soul
zm2yRXhoimeoSGFq	pop
zmEHGnxaIDFotsMX	new rave,indie rock,electronic
zmxRWu5CdV5b2Tt9	folk,dream pop
znOS4HqtU8Ri142i	psychedelic rock,experimental
znT9DPY6v0LPi697	punk,rock
zncu7vTsLK0kLGL7	minimal,techno,electronic
zoBOwNiWGn7SKzIq	hard rock
zq4iGQ6XY9e62zxw	symphonic metal,progressive metal,gothic metal,metal,progressive metal,symphonic metal,gothic metal
zqLwQm4PTYEwZti4	indie rock,rock
zqh9ga5VixyOV7cG	death metal
zquW2XlukhmOitM9	soundtrack
zqwFGOudk3lzb5RZ	post-punk,new wave,rock
zrm0b7LoobfOXuYb	black metal,symphonic black metal
zsBSl3gUPiEZzfvu	post-rock,shoegaze,drone,noise
zsCzLWXLeXjQdNfM	electropop,electronic,pop
zsKeT13NfJt0OvUI	pop
ztSdsAe8DknzAusg	grunge,alternative rock,rock
ztlk6bOjKXRtemXp	stoner metal,doom metal,stoner metal,doom metal
zu4WhsxsG1N2TUph	bossa nova,jazz,latin,cool jazz
zuQuGr1ObYEQdmVu	mpb
zuoO1Uw4sHUDE1Vl	banda
zw4ClxiGtEpWByWc	classic rock,rock,pop
zxUXIAfktNPCE0SK	rock,new wave
zyYHaBC64mtbXruH	shoegaze,dream pop,noise pop,lo-fi
zyk8W12HxO0JFH78	country
zz3P8EJJljpWjF1Z	southern rock,country,rock
zzm0WMJ14dzbttpm	alternative rock,rock
