00KSCJkYb8JKa4Y3	Annisokay	Coma Blue	Arms
00i0OB17z3m3yamO	Three Days Grace	Sign of the Times	Transit Of Venus
019Q5nZ079pL34qa	ionnalee	JOY	EVERYONE AFRAID TO BE FORGOTTEN
01I5p010ajulr0O5	Alesso	If It Wasn't For You	Forever
01rMxQv6vhyE1oQX	Against the Current	Chasing Ghosts	In Our Bones
02Oy8Rwe5K5TIhjk	will.i.am	Heartbreaker	Songs About Girls
02RGE9FNH65RtMS7	Barthezz	Infected	Trance - The Early Years (1997-2002)
02hzaGar7vnWY4fJ	Future Islands	In Evening Air	In Evening Air
02vi0nu34pnQBFi6	Britney Spears	Intimidated	The Singles Collection
04KHUHlgU8Pg1MAu	McFly	Smile	radio:ACTIVE
04Q618WBtwDztix8	Mapei	Don't Wait - Acoustic	Don't Wait
04elyRT3sHC2gYJK	Empathy Test	Kirrilee	Losing Touch
04q3VppIQEET5rzy	The Thrillseekers	Synaesthesia (Fly Away) - Radio Edit	Synaesthesia (Fly Away)
0632Mc6uw64xV8nF	Simple Plan	Generation	Simple Plan
06HvNTU9M9lnH71I	Michael Bublé	That's All	Michael Bublé (US Version)
06v3fePSdhXxX3NI	Movement	Control You	MOVEMENT
07AjGMk31TkPW3O9	The Sugarhill Gang	Rapper's Delight	Rhino Hi-Five: The Sugarhill Gang
07CXv8n4sD9Fy96e	Gilberto Gil	Tradição	The Best of Caetano Veloso
07DgzvdwswlSllK2	O Teatro Mágico	Realejo	Entrada para Raros (10th Anniversary Edition)
07qxWvKCXR9hamHv	Kelela	Cherry Coffee (Prod. Jam City)	CUT 4 ME
07xF9Q0K1t3ist7K	Jorge Ben	Ponta de lança africano (Umbabarauma)	Brazil Classics 1: Beleza Tropical
08v0FvF1HMmprM3l	As I Lay Dying	Comfort Betrays	An Ocean Between Us
09OveAcM2Xu5xSzN	Radiohead	You and Whose Army?	Amnesiac
09sQQ4Vuv3Yo0im2	You Me at Six	This Is the First Thing	Sinners Never Sleep
09x1tVvfWezpMRdM	Fear Before The March Of Flames	The Waiting Makes Me Curious	The Always Open Mouth
0Ac9BENyp3oekNpb	Eyehategod	Methamphetamine	"Preaching the ""End-Time"" Message"
0AlGixL2NbCGPjzq	The Stone Roses	She Bangs the Drums	The Stone Roses
0BHQpSlNFgsZHaZE	Rob Zombie	American Witch	Educated Horses
0BOXhdc7gj5c6FO0	Billie Holiday	God Bless The Child	The Lady Sings
0Cat84jO1v3bXluU	Lester Young	These Foolish Things (Remind Me of You)	In Washington D.C. 1956, Vol. 2
0CkkjxzAsaEnCq6E	Lady Gaga	Joanne	Joanne (Deluxe)
0CqZ4DcPLbgOlxOk	Marina Peralta	Quase Nada	Agradece
0Cweeu5lrQVwRuAk	Anathema	Harmonium	A Natural Disaster (Remastered)
0DANaW6XgBRYfiET	Prince	Call My Name	Musicology
0DgZlQ8A5OuusSC0	Little Dragon	Ritual Union	Ritual Union
0DjU7vZx56D9cK3K	Indochine	Tes Yeux Noirs	Le Birthday album
0EH41J9Yur5x0FNv	Kasabian	L.S.F. (Lost Souls Forever)	Kasabian - Live At Brixton Academy
0EkeANTAetzZFrjm	Reuben	Moving to Blackwater	Moving to Blackwater
0GnTDgYjq26RBVmW	BANKS	Warm Water - Snakehips Remix	Warm Water (Snakehips Remix)
0H7nBnNHtv1Ycxbn	Cliff Richard	The Young Ones	The Young Ones
0HNfZ7NMpnEWYRjW	Sam Smith	Too Good at Goodbyes	The Thrill Of It All (Special Edition)
0HaCOXEdLTASrU4P	Funeral for a Friend	Roses for the Dead	Hours
0Hxgv7xgxVyFcHIb	Electric Light Orchestra	Here Is the News	Time
0Hy6OyiGTK9VRort	Frank Carter & The Rattlesnakes	God Is My Friend	Modern Ruin
0IGMFBtZCxXxnJGm	Violent Femmes	Kiss Off	Violent Femmes
0IOVWAhbdf1CsekA	Pink Floyd	Nobody Home	The Wall
0J0w2zXsrbRWzPrL	Vendredi sur Mer	Mon chagrin	Premiers émois
0J9UQ9GC3VO4l3oU	Derek and the Dominos	It's Too Late	Layla And Other Assorted Love Songs (40th Anniversary / 2010 Remastered)
0JD8zXCdku6KeBIk	Late Night Alumni	Empty Streets	Empty Streets (Remixes)
0K2vsBA9smDZxKno	Bad Religion	Markovian Process	Stranger Than Fiction
0KJ3RQhIgxlRNbyU	System of a Down	Forest	Toxicity
0KrfpITRYCMTHZno	Rob Thomas	One Less Day (Dying Young)	Chip Tooth Smile
0KtUZOqkXcs5Q4Cn	Little Dragon	Underbart	Nabuma Rubberband
0KtVngQ3MYfJDlFc	MNEK	Phone	Language
0LFQMQ0Zx2oKHVJO	Cambriana	You, the Living	Manaus Vidaloka
0LSUejQYM3CNyFvB	Katalepsy	Cold Flesh Citadel	Autopsychosis
0LwSoPupgcdqr4Iz	Jade Baraldo	I Adore U	I Adore U
0M6rQONIPVKkRx8u	The Black Queen	Impossible Condition	Infinite Games
0MHinT7xVyogompy	DJONGA	Entre o Código da Espada e o Perfume da Rosa	Heresia
0MWOdRTVAx0staZz	Avril Lavigne	My World	Let Go
0MhSVMMC2sqqHQIa	Peter Doherty	Last of the English Roses	Grace/Wastelands
0Ms5TgXO81hi7Jzd	Sleigh Bells	Tiger Kit	Bitter Rivals
0MsogDqbmJNTohet	Green Day	Welcome to Paradise	Dookie
0NYOybOH3K7w2I38	Nomy	You Better Die Young	Song or suicide
0P7FMi0IH8YC29jA	IAMX	Missile	Kiss + Swallow
0QFRc22ra1SdrQsy	Neurosis	Flood	Sovereign (Remastered)
0QSuci5nyuRojGbo	Horna	Kuoleva Lupaus	Envaatnags Eflos Solf Esgantaavne
0Qeai2jYu5cjc3vE	Patrick Stump	Love, Selfish Love	Truant Wave EP
0SeDKeYWE9enzz8Q	Madonna	Candy Shop Medley (Live)	Sticky & Sweet Tour
0TZKbee0wUzeBhmP	Pavement	The Hexx	Terror Twilight
0UhNk0cWCHoH6xDw	Solar Fields	Our blue stones	Altered - Second Movements
0ViWaphaNb4lXxJL	The Cinematic Orchestra	Man With the Movie Camera	Man With A Movie Camera
0WFZwWXu92pi1twc	Autechre	Caliper Remote	LP5
0WOk5FhwZDiWMplz	Yung Hurn	Nein	In Memory of Yung Hurn - Classic Compilation
0We9TRA5zyjS7ush	The Pretty Reckless	Factory Girl	Light Me Up
0WeIKLZh9Nzcd2Ew	Com Truise	Air Cal	Galactic Melt
0WgRx89fMmuDHuHS	The Vamps	Be With You	Wake Up (Deluxe)
0Wtc7y7OYuJ3y9jO	Olodum	Vem Meu Amor	A Música do Olodum
0XEkr1yWNujXRI6W	Gossip	Coal To Diamonds	Standing in the Way of Control
0XqU6v83ZMOeh4wc	Cherry Bullet	Q&A	Cherry Bullet 1st Single Album Let's Play Cherry Bullet
0Xqhhociv7ySUC27	Sandy & Junior	Replay (Slip Away)	Sandy & Junior 2006
0YG71J60HAJ5Glxd	UFO	Doctor Doctor	Phenomenon (2007 Remaster)
0YPssy4JykwvVcCR	Phoebe Bridgers	Chelsea	Stranger in the Alps
0ZWpQKODgG3lj4h7	Vetusta Morla	Golpe Maestro	La Deriva
0ZeUa6hsJJrS2bI4	Amesoeurs	Recueillement	Amesoeurs
0Zi1bAxCIYryXmG8	New Order	Ceremony	Singles (Remastered)
0aFIFfBrPqFVAofA	Declan McKenna	Mind	What Do You Think About the Car?
0aK8gzuVHgZDf7lR	La Oreja de Van Gogh	Muñeca de trapo	Guapa
0acxku2l9vauMUwS	Britney Spears	Trouble for Me	Femme Fatale (Deluxe Version)
0af8zLRGs4G32GCl	XXXTentacion	YuNg BrAtZ	Revenge
0b55VXwGLfCLa4aN	Bruna Karla	Em Momentos Assim	Advogado Fiel
0bUiHslp8DhRf5rP	The Gathering	Liberty Bell	How to Measure a Planet? (Deluxe Edition)
0bdspL9LsnBaXFjS	Paloma Faith	Older	The Architect (Zeitgeist Edition)
0cGbpUlhorS5ZvL7	Nelly Furtado	Childhood Dreams	Folklore
0cWzZFhnGkmgefNn	Psychedelic Porn Crumpets	Buzz	High Visceral, Pt. 2
0cYTIIElIl2tFyoW	Avenged Sevenfold	Trashed and Scattered	City Of Evil (PA Version)
0dU75Rzwm99uedjr	The Vaccines	English Graffiti	English Graffiti (Deluxe)
0dXI6c6CorcfmgB2	Flotsam and Jetsam	Unwelcome Surprise	The End of Chaos
0dn6u1qHmbl3T2DB	Bill Charlap	The Nearness Of You	Stardust: The Music Of Hoagy Carmichael
0dvDjji9Y2ZDvsmU	Forever the Sickest Kids	We Found Love	Punk Goes Pop, Vol. 5
0eevOaGbxIFyawks	Godspeed You! Black Emperor	We Drift Like Worried Fire	Allelujah! Don't Bend! Ascend!
0esYQXzcKfzGRHFQ	Touché Amoré	Palm Dreams	Stage Four (Deluxe Edition)
0fceDYFPDO4huXRR	Chuck Berry	Brown Eyed Handsome Man	The Great Twenty-Eight
0fsqAbzSxobL06Q9	Wire	Pink Flag	Pink Flag
0g473y5n6Abn9EKK	Hop Along	No Good Al Joad	Get Disowned
0gLBuy5wKXD3WIF6	Belvedere	Three's a Crowd	Fast Forward Eats the Tape
0gUXBLKIvNFF46dT	DJ Shadow	Six Days	The Fast And The Furious: Tokyo Drift (Original Motion Picture Soundtrack)
0gs86tF7CLIV73wE	Girls' Generation	PARTY	Lion Heart - The 5th Album
0h2qKn4QYied7Wc6	Patrick Watson	Places You Will Go	Love Songs For Robots
0h8G1bhVFVP6G9Km	Crystal Castles	Suffocation	(II)
0hEIp7b43rLAiZVR	Lucinda Williams	Still I Long For Your Kiss	Car Wheels On A Gravel Road
0hcO6fu02UtR1iSd	Wintersun	The Forest That Weeps (Summer)	The Forest Seasons
0hfTaonRSy4Ji6Fx	Palaye Royale	Sick Boy Soldier	Boom Boom Room (Side A)
0hi5FGoizAXxin1K	Ashanti	Focus	Concrete Rose
0hp1VIc2JIzmdou4	True Widow	Theurgist	AVVOLGERE
0j5i3WjphnPrK1sI	Starsailor	Faith Hope Love	On The Outside
0jGfv3KjonxRVg0Z	Slowdive	Ballad Of Sister Sue	Just For A Day
0jywvXAj5ah8ffnh	Sia	The Fight	We Are Born
0k7FuwOfSWu1FW0b	PUTOCHINOMARICÓN	Gente De Mierda	Corazón De Cerdo Con Ginseng Al Vapor
0kFhN9KUu2eVeiqw	Oceans Ate Alaska	Over the Edge	Lost Isles
0l74rMivq4JRIW5W	One Direction	Drag Me Down	Made In The A.M. (Deluxe Edition)
0le9gmaGSt11gMzl	JoJo	Baby It's You	JoJo (2018)
0ltYJZpJLaxEdGd7	Vampire Weekend	Big Blue	Father of the Bride
0m5Q7XPXgBKh69Oo	BTS	N.O	O!RUL8,2?
0mpDFb1MSL6M6QDw	Death	A Moment of Clarity	The Sound of Perseverance - Reissue
0nWfiiw6TgdCNuYe	ABBA	Dancing Queen	Arrival
0nYiKD0xkvwn3Y2K	MisterWives	Our Own House	Our Own House
0nj7ecyJqaZsDW4D	Glee Cast	Cry	Cry (Glee Cast Version)
0o5jvQWVuFrPhA4K	Hot Chip	Hold On	Made In The Dark
0oe2d23jio9Uyg49	Christina Aguilera	The Right Man	Back To Basics
0opwZtw5F24W5nGI	St. Vincent	Pieta	St. Vincent (Deluxe Edition)
0pKdVXwboxWtasKV	Laura Pausini	Bellissimo così	Primavera in anticipo
0pn3KPrmlT65N0TZ	Dark Stares	Pedal Pusher	Darker Days Are Here to Stay
0qJbxD3hsFTAtT2H	Diamond Rio	Beautiful Mess	Greatest Hits II
0qJxPb3F5iBwemou	Clint Mansell	Summer Overture	Requiem for a Dream / OST
0qgdmHEKVUOkICJq	Rome	Les Déracinés	Nos Chants Perdus
0qksG0v30j5B3d5m	The Four Tops	Loco in Acapulco	Drew's Famous # 1 Karaoke Hits: Sing like The Four Tops
0qqf89vequY2e2uT	Wild Nothing	Our Composition Book	Gemini
0r15MBZkjvHovNPk	Village People	Y.M.C.A.	Cruisin'
0r4GXVQMxdHlqWVw	Death in June	Omen-Filled Season	Black Angel - Live!
0r9CaVEt23gk1OLL	Unknown Mortal Orchestra	Extreme Wealth and Casual Cruelty	Multi-Love
0rEoPxgyzHki2RWu	Mr. Fingers	Can You Feel It	Washing Machine
0rjE4lunyG8Lrgjq	Discharge	Drunk With Power	Hear Nothing See Nothing Say Nothing
0slI8BiyGTfFWUGu	Sunanda Sharma	Jaani Tera Naa	Jaani Tera Naa
0szuK0G7dl2oeACy	Queen	Back Chat	Hot Space
0t6nCxnmb4fmDhnQ	M83	Highway of Endless Dreams	Saturdays = Youth
0tKSRIcj9gn6IJ5X	Crown the Empire	Machines	The Resistance: Rise Of The Runaways
0thBNWXI4Gzb2ZLV	Sirenia	Queen of Lies	Arcane Astral Aeons
0tzYEg8KodbJHl8p	Pink Floyd	Fat Old Sun	Atom Heart Mother
0u3Kcm8q8vnWPMHc	Hockey Dad	Sweet Release	Blend Inn
0uEtFSfUUzI9HMLn	MC Koringa	Pra me provocar	A Caminhada
0uMHZRtfqLwZmzPv	Pearl Jam	Evacuation	Binaural
0uV7xclfhZI1ABpT	England Dan & John Ford Coley	I'd Really Love To See You Tonight	Rhino Hi-Five: England Dan & John Ford Coley
0uyVX6LPixsFh00P	Robert Plant	29 Palms	Fate Of Nations
0vXeC5LIEh3rf9Mx	$uicideboy$	Scrape	Scrape
0vd7SREH018NTDta	Joni Mitchell	River	Blue
0vrezKgvdaVdP55M	Monarchy	Living Without You	Ultra Deep House
0w5hHsx3iy7K3Hvw	Medulla	Perigo	Medulla
0w7vt6PTaKx8ogMT	Antônio Carlos Jobim	Corcovado	"The Composer Of "" Desafinado"", Plays"
0wuIKJAXhSBJ23h0	Lovelyz	Good-bye Chapter 1	Girls’ Invasion (1)
0wuaeUCdj0eoIpRH	Twin Shadow	At My Heels	Forget
0xVqeng8rSk1vkzQ	Fleet Foxes	Icicle Tusk	First Collection 2006-2009
0xXiMHpY7KUmXlAv	S Club 7	I Really Miss You	S Club
0yL5HM8MXEfkmgcE	Blindside	Sleepwalking	Silence
0ySwHBFBFjqs3ZwH	Charlie Brown JR.	A Mais Linda do Bar	La Familia 013
0yT3jx96TnZ8ZMDj	Minseo	Is Who	Is Who
0ylNFDWBjq7HoaRR	Chet Baker	Let's Get Lost	Let's Get Lost: The Best Of Chet Baker Sings
0yvedEdqrVJZJ8FB	Queens of the Stone Age	Hanging Tree	Songs For The Deaf
0z4MvkgcEZIuUhaC	Charles Mingus	Pussy Cat Dues	Ah Um
0zHYWyUgwiCVEXty	My Chemical Romance	Blood - Hidden Track	The Black Parade
0zLKtENKWykjX3uw	Qual	RIP DOTH THY SCARLET CLAWS	Sable
109IXnS5xSfF7I3I	Fleetwood Mac	Never Going Back Again	Rumours (Super Deluxe)
10w2wTXsYADqkdF1	Hüsker Dü	Makes No Sense at All	Eight Miles High / Makes No Sense at All (Single)
11AWkdsjnYloW9kn	Lacuna Coil	You Love Me 'Cause I Hate You	Delirium
11SAgRx2QYFJEX8L	Leftfield	Dusted	Rhythm and Stealth
11TbQFLTZ0rWsuT5	Zella Day	Hunnie Pie	Man on the Moon / Hunnie Pie
11vLXtujW5gKibl7	BEXEY	Hell Bound	Spooky Electrick
122YR0dLpuw1XTjl	Hyoyeon	Mystery	Mystery
12J0SifUY3ZcE7dL	Etta James	Stormy Weather	At Last!
12kWO3sheJ5BCttJ	Lea Salonga	Reflection	Disney's Greatest Volume 1
134RxLi6hDKFLixZ	Carpenters	Rainy Days and Mondays	Carpenters
13AYHy6cyhUIcPmC	Curtis Harding	Heaven's On The Other Side	Soul Power
14sFTXZejVMAq33a	Destroyer	English Music	Streethawk: A Seduction
1537AQrURK0xyndn	Galaxie 500	Sorry	This is Our Music
15tLvTjDxU197oBT	Norah Jones	Above Ground	Feels Like Home
166TJqR8YtaoibkS	Nancy Sinatra	Bang Bang	Kill Bill Vol. 1 Original Soundtrack (PA Version)
16D82lKDn3niatEm	Bad Religion	Only Rain	The Dissent Of Man (Bonus Track Version)
16FgAwHUT9uktVqa	Riverside	I Believe	Out of Myself
16Hz1Pdate9ZTzs6	El Canto del Loco	Personas	Personas
16RZKo74hALxISBB	Loma Prieta	Untitled	I.V.
16UnJPwsJaWza1Bt	The 1975	I Always Wanna Die (Sometimes)	A Brief Inquiry Into Online Relationships
16jrwJilnXunxqQi	Waxahatchee	Hollow Bedroom	Cerulean Salt
16pOUJTRbQFVz7pW	The Zombies	A Rose for Emily	Odessey And Oracle
16qLHNiUdmeJs9Qy	Hans Zimmer	Maestro	The Holiday (Original Motion Picture Soundtrack)
16vBZvYvZW9nceau	Mogwai	I Am Not Batman	Ten Rapid
17agWPqEyTQSui3I	Christian Chávez	El Ladrón	El Ladrón
17z4NTAHHVech2oB	Mel Tormé	Comin' Home Baby	Comin' Home Baby
18SiVZcLUJAJgviA	Simon & Garfunkel	He Was My Brother	Wednesday Morning, 3 A.M.
18gL24KTRGwfRYE9	Psychedelic Porn Crumpets	Cubensis Lenses	High Visceral, Pt. 1
18vv9maSyDLb16H9	Gallant	Shotgun	Ology
1921M8biipnVsHIM	Thomas Rhett	Unforgettable	Life Changes
1935k7mIkFNpUnxU	Breaking Benjamin	Skin	Saturate
194kBdMfAYil6whx	Francisco Victoria	Cruza el Puente	Prenda
19AiX0Gb6VNKvjGU	Queen	You're My Best Friend	A Night At The Opera (Deluxe Remastered Version)
19OiVL1Z3bWapeTg	Stevie Wonder	Whereabouts	In Square Circle
1AVBZ1QGoMgGtBZM	Justin Bieber	Be Alright	Believe (Deluxe Edition)
1Ap2Ahuz2AS3D898	Dagoba	Inner Sun	Black Nova
1ApbfAhXieJCmweB	Tom Waits	Fish & Bird	Alice (Remastered)
1B8LAeUAPd3uLW0R	Death	Land of No Return	Scream Bloody Gore (Deluxe Reissue)
1B8re6qbgtUxjW8K	Bush	The Chemicals Between Us	The Science of Things (Remastered)
1BAJNO4P19zJuRCZ	Foo Fighters	My Hero	The Colour And The Shape
1BSTJnqQWGkb0Miw	DJONGA	Mlk 4tr3v1d0	Ladrão
1BxOomemaljnipHN	Aimee Mann	Today's the Day	Lost In Space
1DIRkXtyFT0RzMW4	Bedhead	Golden Brown	1992-1998
1DfWWCw8vFSLPZoC	ONEUS	Valkyrie	LIGHT US
1E0XOnSgrhT29oTj	Decrepit Birth	(A Departure Of The Sun) Ignite The Tesla Coil	Polarity
1Emt5bmCnIj3J3DN	Anavitória	Coração Carnaval	ANAVITÓRIA
1FHsbrJnBPPP0g0k	Oliver Tree	Cheapskate	Cheapskate
1GH1N58NWSZBHu0o	Lisa Lisa & Cult Jam	Head to Toe	Super Hits
1GSla2d1IZgYnLEY	Skillet	Collide	Collide
1GgHBJlpBcyhExSA	El Canto del Loco	La Madre De Jose	Estados de Animo
1GgOhyP7jFJjmMxl	Stand Atlantic	Toothpick	Skinny Dipping
1H4rPODb44vLIJds	Periphery	Ragnarok	Periphery II
1HoTAKe9slCtsTiu	Urban Zakapa	When We Were Two	When we were two
1Ix1W83L21wL90VM	Judas Priest	Blood Red Skies	Ram It Down
1JDhrF80iTL8qZTw	Boyzone	Love Me for a Reason	Said And Done
1JJ4W4CJsmR02HTx	The Smashing Pumpkins	Untitled	(Rotten Apples) The Smashing Pumpkins Greatest Hits
1JUBq8gdBT7jepls	Protest the Hero	Mist	Volition
1Jp0SeFFOQ4i6y3R	Mary J. Blige	Hurt Again	Growing Pains
1K4uqBQSMn1LR5bV	Masked Intruder	Maybe Even	III
1KGKpWkeW70Knm0L	Teyana Taylor	Business	VII (Deluxe)
1KNqgyqVTxDSFbJZ	Fleet Foxes	Ragged Wood	Fleet Foxes
1L5YgJUNjt0kE3rf	Grant Miller	Colder Than Ice	Best Of - The Maxi-Singles Hit Collection
1LMveeyguTX9Vrzz	Vida Reluz	Como És Lindo - Ao Vivo	Banda Vida Reluz ao Vivo
1Mzdkzp94lWU1VP8	Dulce Pontes	O Infante	Momentos
1NO3BwFtJjhQIQkh	Santana	You Just Don't Care	Santana
1NUjQqlkw8rUBLLI	Solomon Burke	Fast Train	...and all the pieces matter, Five Years of Music from The Wire (deluxe version)
1ODKAyZfoiA8c1Hj	rumahsakit	Hilang	Hilang
1OVpEErH60sofbKM	Carmen Consoli	Venere	Confusa E Felice
1PbkQt0nm4wlaQB9	While She Sleeps	Anti-Social	SO WHAT?
1QrsMIpx3nbyX75S	Disclosure	Jaded	Caracal (Deluxe)
1QvrgUV3GN108S9s	Mammal Hands	Shift	Floa
1R5OUBY88yVKWKFU	Hollywood Undead	Nobody's Watching	Five
1Rn5G0gL1K0m4gFQ	Milton Nascimento	Canção Amiga	Clube Da Esquina 2
1Rt6nEc20mcLigSf	Norah Jones	Creepin' In	Feels Like Home
1SLIcf3T7zK09Tv8	Adam Pascal	Your Eyes	RENT (Original Motion Picture Soundtrack)
1SM7ZyVo3MsNBAeS	Vanessa Paradis	Chet Baker	Divinidylle
1SWs1ngkM7XXhWfL	Motorama	Sign	Dialogues
1SbLlmun3Ybu6WDI	Jorge Drexler	Movimiento	Salvavidas de hielo
1Sk8XOujVHQxrDSN	Carpenter Brut	Run, Sally, Run!	TRILOGY
1TOx5IDc83JfKJMY	Type O Negative	I Know You're Fucking Someone Else	The Complete Roadrunner Collection 1991-2003
1TajXcJq5yg9hgid	Laura Marling	Rambling Man	I Speak Because I Can
1UY3Xhpe9woT376Q	David Guetta	The World Is Mine	Louie DeVito pres. Ultra.Mix 02
1VvHG6uaWyLTZZaR	Howlin' Wolf	Back Door Man	Howlin' Wolf
1WJFOzUTGPCTohZA	The Prodigy	Thunder	Invaders Must Die
1WQkoAHloStdthMw	Charles Bernstein	Main Title	Wes Craven's A Nightmare on Elm Street (Original Motion Picture Soundtrack)
1WlRq8rW40gTSwKO	Manic Street Preachers	Send Away The Tigers	Send Away The Tigers
1XYxr3gPDLh1OfLG	Sonata Arctica	Ain't Your Fairytale	Reckoning Night
1XksK0edltBBIgAR	Canto dos Malditos na Terra do Nunca	Fingir	Canto dos Malditos Na Terra do Nunca
1XrZWrECeBx9rqwK	Mercenary	Embrace the Nothing	Architect of Lies
1YJWDNKhtS9WKB8a	Elmore James	Dust My Broom	Shake Your Money Maker: The Best Of The Fire Sessions
1YOagKsFqTS8BDK2	Zara Larsson	I Would Like	So Good
1Yfyk8H2Qu4Cf3Ex	Danity Kane	Tell Me	DK3
1Z17lY5HmJ4MqbvS	Lizzo	Truth Hurts	Cuz I Love You (Deluxe)
1Z7Pb158yANCZ7zN	Billie Holiday	Georgia On My Mind	Lady Day: The Complete Billie Holiday On Columbia (1933-1944)
1ZDeLHmbKM5AZCQR	James Blake	Modern Soul	The Colour In Anything
1aOy9pzOsJ8AjKAb	La Oreja de Van Gogh	El último vals	A las Cinco en el Astoria
1aVjukDrKZfuozsS	Sirenia	The Seventh Summer	The 13th Floor
1ajbRfMC8Z16Td2W	Splashh	Headspins	Comfort
1b7L5n3xhCn2bLWX	Xiu Xiu	Ale	Le Foret
1b8sA4iir0gn8d2g	Queen	Now I'm Here	Sheer Heart Attack (Deluxe Remastered Version)
1bAK1RMIbpo3BhrK	Lacuna Coil	Nothing Stands in Our Way	Broken Crown Halo
1brDIUXXgVDlvv0v	Coldplay	Every Teardrop Is A Waterfall - Live In Buenos Aires	Live in Buenos Aires
1cUUnlwxUH9rXdBd	Dance Gavin Dance	The Rattler	Artificial Selection
1desuKPRoCCWc5xZ	Funkadelic	I'll Stay	Standing On The Verge Of Getting It On
1eApBsTMCYUAWWKW	Selena Gomez & The Scene	Love You Like a Love Song	When The Sun Goes Down
1f1RCJoqJZKJQyEC	Yellow Magic Orchestra	Kai-Koh	Naughty Boys & Instrumental
1f42FxRyQ5L2N9Ic	The Album Leaf	Eastern Glow	In a Safe Place
1fCrL9VWob31hlOf	Tegan and Sara	Where Does the Good Go	So Jealous
1gCejbMa6vBbzeIY	San Cisco	Snow	Gracetown
1gVhiGnE05wha7iE	Alter Bridge	Show Me A Sign	AB III
1gbSfe8iEpBhNuJL	Fréhel	Si tu n'étais pas là	100 Pop Music Workout Music
1h0uWdoZOy1i75ho	deadmau5	Raise Your Weapon	5 Years of mau5
1h5xetjDsOju4lmp	Filipe Catto	Eu Não Quero Mais	CATTO
1hFwLdmoO4fC46hu	Jeremy Enigk	Abegail Anne	Return of the Frog Queen
1iK5Jw9Hf8vBdMdH	The Offspring	Beheaded	The Offspring
1iXpa8TkY14CtUCp	The Dillinger Escape Plan	Dead as History	Ire Works
1ingfo3XFafO5Pto	Dashboard Confessional	Don't Wait	Dusk And Summer
1ipQbTWIdgp6fhIR	Heartless Bastards	Sway	The Mountain
1j8YxO3cGIbhNj34	JoJo	Never Say Goodbye	JoJo (2018)
1jkzzxdtdUcstunm	Cristian Castro	Por Amarte Así	Mi Vida Sin Tu Amor
1jmYi2f4Zx45iUm9	Madonna	Jimmy Jimmy	True Blue (Reissue)
1kJRurE3EzLYOzkQ	The White Stripes	Fell in Love With a Girl	White Blood Cells
1kckAOAQl4AZpnY3	Eric Paslay	Young Forever	Young Forever
1ktzw8MBVxykwaRf	Beyoncé	Baby Boy	Dangerously In Love
1lSVa35bKakCPNcT	The Budos Band	Black Venom	The Budos Band III
1lhDOBoSftrYQJ1Y	Simple Creatures	Drug	Strange Love
1lpFiMZP7EMqX5r0	Gene Pitney	Half Heaven - Half Heartache	18 All-Time Greatest Hits
1m6NizcHQfOVzx9v	Megadeth	Breakpoint	Hidden Treasures
1mxfEuKfXxeG4WAf	Pawni Pandey	Laila Main Laila	Raees
1n3apSaoCwmQ5aEt	The Edwin Hawkins Singers	Oh Happy Day	Oh Happy Day: The Best Of The Edwin Hawkins Singers
1nN1JLKuoWHOXAWm	Paramore	Ain't It Fun - Live at Red Rocks	Paramore: Self-Titled Deluxe
1nUgqM8kKO1fqqc3	Nine Inch Nails	Came Back Haunted	Hesitation Marks (Deluxe Version)
1o8cAudoKRQstyHN	Horse Feathers	Belly of June	Thistled Spring
1oO29RDo0cdUTIdu	Robbie Williams	No Regrets	I've Been Expecting You
1oOfcGLQhe1n5pFb	Pixote	Insegurança	15 Anos Ao Vivo (Live)
1pg8GUj51tDQRlgw	Diana Ross	My Mistake (Was To Love You)	Diana & Marvin
1q4aW350Z3iqaaFy	Britney Spears	I've Just Begun (Having My Fun)	Greatest Hits: My Prerogative
1qFZ0HF62jrYNkRZ	Our Last Night	Diamonds	Younger Dreams
1qIrffQFy4Rq0Fsr	Týr	The Lay of Our Love	Valkyrja
1qLNOH6PFcqhthLj	Joni Mitchell	You've Changed	Both Sides Now
1qQibTZPMcIwThYi	Mariah Carey	Fly Away (Butterfly Reprise)	Butterfly
1qbBE2tq5EfH2fnm	Dirty Three	Deep Waters	Ocean Songs
1rpgPh4SXOonbuWV	Foxes	Youth - Adventure Club Remix	Youth (Adventure Club Remix)
1rtul4j3ViHhsqLM	Sevdaliza	Do You Feel Real	Ison
1snG075AE1jVzzwq	Blur	Country Sad Ballad Man	Blur
1tKEbqmPOJgTaMH6	Chromatics	Girls Just Wanna Have Fun	Girls Just Wanna Have Fun
1tho4AsSUx5CUbvp	Broken Social Scene	Windsurfing Nation	Broken Social Scene
1toZXou7rNITaMLS	Alkaline Trio	I Can't Believe	Is This Thing Cursed?
1tx1pK4HWjonqxzB	V V Brown	Bells	Glitch
1udTmLMZxFbDGzkf	Bruno Mars	Grenade (Passion Pit Remix)	The Grenade Sessions
1up9277uzf0f7Frk	Blue Öyster Cult	Astronomy	Secret Treaties
1uq7hlqorbXklPpq	The Psychedelic Furs	No Tears	Talk Talk Talk
1v0dXYmxG4SJGMUw	O Terno	Medo do Medo	O Terno
1v3FdjGxhYmKkiKM	Preoccupations	Bunker Buster	Viet Cong
1vSKLNlBC7jtFkd6	Sasha Sloan	Here	sad girl
1vXhxyR5IlXSdVM1	Wildstylez	Heartbeat	Heartbeat
1vmSnTZR6E3XWGbZ	Suffocation	Surgery of Impalement	Souls To Deny
1wHqJo47ilRkEgQZ	Kartell	Pantera	Riviera
1wLyyu97sE2qxHdr	The Strokes	Metabolism	Angles
1wnp9dUFAxeg6u8b	SOHN	Fool	Tremors
1wxIq8WMM9EBAuz7	Kero Kero Bonito	The One True Path	TOTEP
1zfl5LM074y6tL2p	Gotye	The Only Way	Like Drawing Blood
1zhQnmapnOYooiqK	M83	Slight Night Shiver	Before The Dawn Heals Us
1zlCj1t0jIudSPvV	Gloria Estefan	Here We Are	Cuts Both Ways
1zoEwsASM4ETpeel	Madrugada	Majesty	Grit
22Zz29oDtQzkfmPr	Three Days Grace	So What	Human
22ueZuGJzNcqpXW7	The Kills	Black Balloon	Midnight Boom
234sc1UPIAam4gNe	Amesoeurs	Video Girl	Amesoeurs
23MjwaVkpokLjFIU	Christina Aguilera	Not Myself Tonight	Bionic (Deluxe Version)
23NOs1w2qaSzSLE4	The Gathering	The May Song	Nighttime Birds
23z7bAcQF1DACqpE	Ornatos Violeta	Punk Moda Funk	Cão
24BUshcEmtzJ1xDI	Dent May	Meet Me In The Garden	The Good Feeling Music of Dent May & His Magnificent Ukulele
24Ft3WS9YTwCJdy1	Lovelyz	Dear You	A New Trilogy
24iJtlgE7EhmIBDv	Cass McCombs	The Great Pixley Train Robbery	Tip of the Sphere
24nlgl4Li25Oozfz	John Coltrane	But Not for Me	My Favorite Things
25CXGpwL9tzbw8pR	Tight Fit	The Lion Sleeps Tonight	80s 100 Hits
25D1h68mMNdSRFQJ	Dillon	2. Kind	Kind
25EtnoL9Tzv6eZIB	Boy & Bear	My Only One	Moonfire
25p7eYt8IGcNvRYQ	D.R.I.	Abduction	Thrash Zone
25tftkfnWAd88uVv	Iceage	Coalition	You're Nothing
262sBFgWVZcuKaB5	The Civil Wars	Between The Bars	Between The Bars (EP)
26lDsWTP7PJYrNiT	Blanco White	Outsider	Colder Heavens EP
270Kv5VeaZu4PRof	The Good, the Bad & the Queen	Behind the Sun	The Good, The Bad and The Queen
27GiJsXCHkUISKiM	Marilyn Manson	The Fight Song	Holy Wood
27IJTxPO1SXXXu14	Rush	Countdown	Signals
29BfQrbglHW023p3	Kylie Minogue	Got to Be Certain	Step Back in Time: The Definitive Collection
29Fl15gJt6a2tLUd	Fobia	El Microbito	Rock Latino
29IkvAUrLTAanLvt	The Veronicas	You Ruin Me	The Veronicas
29piBkMOqAZVL5bp	Squarepusher	I Wish You Could Talk	Go Plastic
2B9IozRcQLjfTUTu	Anathema	Lost Control	Alternative 4
2BgIVvMvNIV6MXSX	August Burns Red	Meridian	Constellations
2BjR4DCmAasATw2w	Jorge Ben	Zé Canjica	Força Bruta (1970)
2CItxqKbfNCVXjMb	Breaking Benjamin	The Dark of You	Ember
2CRVi4QcbgnryXAr	Phantogram	Barking Dog	Three
2CY7AzZfbJ8CJney	The Durutti Column	Requiem Again	Vini Reilly
2CkImSeKolHKPpPE	Alice Coltrane	Galaxy In Turiya	World Galaxy
2Crpq1lNUxXXzCfA	Remo Drive	Yer Killin' Me	Greatest Hits
2DN8Q7MnhBMq1XrL	Sisqó	Incomplete	Unleash The Dragon
2ETjCaVtTN9K30FU	Chuck Berry	Together (We'll Always Be)	After School Session
2EsLO0i2o18zx0ge	Sonata Arctica	White Pearl, Black Oceans...	The Ninth Hour
2FIxCcpy5DptZGhZ	Pet Shop Boys	Minimal	Fundamental: Further Listening 2005 - 2007 (2017 Remastered Version)
2FLDjfHZrUMJDpup	Móveis Coloniais de Acaju	Vejo em Teu Olhar	De Lá Até Aqui
2G1QsfIabbLrPV3p	Payung Teduh	Rahasia	Dunia Batas
2HEDUMxUacma646T	Drowning Pool	Step Up	Desensitized
2HFpbmmMD2wTUE18	Stone Sour	The Travelers - Pt. 1	House of Gold & Bones Part 1
2HZyJYCRlcGDX3aL	John Coltrane	Central Park West	Naima
2He51rvwe19Ies8H	Queen	Let Me Live	Made in Heaven (Deluxe Remastered Version)
2Hg2uAW57l5GJOKF	Simon & Garfunkel	Peggy-O	Wednesday Morning, 3 A.M.
2Hm3MU7OHsBzDKTS	Funeral for a Friend	Drive	Hours
2KM7Y5cp7co9pDMT	Erasure	Chorus	Chorus
2KjrfARNuA9LZL5J	Kabanjak	Revelation Dub	A Decade of Dope Beats (2001 - 2011)
2KoTzrP2cU9dF35p	Deathstars	Chertograd	The Greatest Hits on Earth
2L1vfwlVWd0jYXRb	Ween	Wayne's Pet Youngin'	God Ween Satan: The Oneness [Anniversary Edition]
2MkTJ9OFc0cwfhmg	Les Discrets	Les Amis De Minuit	Prédateurs
2NvDBQlve8KQ6aqS	As Bahias e a Cozinha Mineira	Mãe Menininha do Gantois	As Bahias e a Cozinha Mineira no Estúdio Showlivre (Ao Vivo)
2OWW9O6eEwQn0xpO	Ceremony	Violence	Violence Violence
2OhFd1zj3IqWAXrq	Manowar	Fast Taker	Battle Hymns
2Oqv1dT8RbVDy2Fo	Gorillaz	Fire Coming Out of the Monkey's Head	Demon Days
2OxTpAcoZZjr43Qu	Gregory and the Hawk	Doubtful	Moenie and Kitchi
2Q8zmpogg1fEUVgr	Toby Fox	It's Raining Somewhere Else	UNDERTALE Soundtrack
2QYvwWjZoLSecjdF	Alanis Morissette	Uninvited	The Collection (Standard Edition)
2R0e2QDRVUiUOJYm	Mystery Jets	Telomere	Curve Of The Earth
2S5j1hlh00w0URdC	La Oreja de Van Gogh	Dolce Follia	Guapa
2Sg3ptwe7ZvHsdvT	Avenged Sevenfold	Waking The Fallen	Waking The Fallen
2TAZAsRTomiImG8w	Agalloch	Ghosts of the Midwinter Fires	Marrow of the Spirit
2TD6tSmdzdwUORiH	Biosphere	City Wakes Up	Substrata
2UD3xlgUwbbTpK9U	Solange	Interlude: The Glory is In You	A Seat at the Table
2UQcnK1ws7ZjmD1L	Carlos Vives	Fruta Fresca	El Amor De Mi Tierra
2Uq7X419wfoxXytK	Patrick Wolf	Teignmouth	Sundark and Riverlight
2Uy2gQDqnTzxyDzK	Prince Buster	One Step Beyond	Ska and Rocksteady Collection, Vol. 1
2VM6lSsdBrZVuLk7	Shortparis	Стыд	Стыд
2VMMReREqDvBxz17	Fabrizio De André	La Guerra Di Piero	Volume 3
2VRvcjk2RcnCCTst	Protistas	Ojos Favoritos	Nefertiti
2WRdPOpokdV6lNra	Soen	Lotus	Lotus
2WUbcfexNIpDylIe	Floral	Climbing a Wall	Floral EP
2XQ1HQwq90PeNUzN	Interpol	Untitled	Turn On The Bright Lights: The Tenth Anniversary Edition (Remastered)
2Y6VOZSzZss8nPOF	Taylor Swift	I Wish You Would	1989
2YMhCsXXNlDpuuGU	Twin Atlantic	Crash Land	Free (Deluxe)
2Yth1nYzRbDV8QEh	Molly Burch	Try	Please Be Mine
2Z7yBOTfjtvGwLJD	Gorguts	Bodily Corrupted	Considered Dead
2Z8xej6p395ks5kH	Jeremy Soule	Unbound	The Elder Scrolls V: Skyrim: Original Game Soundtrack
2ZCUDbGSBASlMBSE	The Lemon Twigs	Foolin' Around	Foolin' Around / Tailor Made
2ZL9CKS3yNUfTO8P	Manu Gavassi	Eu Me Proíbo	Clichê Adolescente
2ZMO1kjGFObo1gbq	Criolo	Vasilhame	Ainda Há Tempo
2ZMoriwNhQDKr1fP	Cheap Trick	Don't Be Cruel	Lap Of Luxury
2ZaMOuFdsHGttfxQ	Dave Bixby	Drug Song	Ode To Quetzalcoatl
2Zsmfr39dCABuJV4	Alceu Valença	Quando Eu Olho Para O Mar	De Janeiro a Janeiro
2aiKewjz7zVzeoLK	Lebanon Hanover	The Silent Choir	Let Them Be Alien
2aj8WZ5AOTNMrv6I	Stone Temple Pilots	Sour Girl	No. 4
2ayKTCjtFL067qbr	Radio Birdman	Love Kills	The Essential Radio Birdman
2bIsqk99mDsz4jVX	Justyna Steczkowska	Dziewczyna Szamana	Dziewczyna Szamana
2bKnuDY6yVlPpZqY	Nicolas Jaar	Killing Time	Sirens (deluxe edition)
2bmAUUBVmebA8dnQ	Megadeth	Take No Prisoners	Rust In Peace
2cakaYqDKReBW2Fm	Antimatter	Everything You Know Is Wrong	Lights Out
2ckGrlFZxgwLMlSN	CocoRosie	CandyLand	La Maison de Mon Rêve
2d7CcYxkPoVIRE83	Mýa	Simple Things	T.K.O. (The Knock out)
2dTQ1i3UnFml5FZ4	Alcione	Pior é que eu Gosto	Maxximum - Alcione
2ekVWpFnEgAWatng	Charly Bliss	Heaven	Heaven
2fHPxPOQ8S0wv0Fa	Ariana Grande	7 rings (Remix) [feat. 2 Chainz]	7 rings (Remix)
2hRRD9paDQfzNqRE	Bomba Estéreo	Ayo	Ayo
2ioBvpp1ihymLglY	Beta Radio	Either Way	Seven Sisters
2jfZWc9gcwcDIpI9	Jennifer Lopez	Good Hit	LOVE? (Deluxe Edition)
2kcO02S00F5JrM1N	Rainbow	Ariel	Stranger In Us All
2kdf82NDfNcDJi73	Delicate Steve	Butterfly	Wondervisions
2llpRCbHTknLuyl5	Martin Jensen	16 Steps	16 Steps
2mAp0X2gHi1AIpVY	Einstürzende Neubauten	Sand	Halber Mensch
2mMJV9wlPw7zJjLX	Leaves' Eyes	Solemn Sea	Vinland Saga
2mXuTlLuoHG7Xgrt	Meghan Trainor	Walkashame	Title (Deluxe)
2mr2D2YlNzyTPwKC	Slayer	Evil Has No Boundaries	Show No Mercy
2mzlldXgCYcvYcg7	IU	The red shoes	Modern Times
2nPGFdINjiXPwh5V	Dingo Bells	Olhos Fechados Pro Azar	Maravilhas da Vida Moderna
2nPuDTLNBIa0LmNp	Amaranthe	The Nexus	The Nexus
2ngM5mngYPecRVJR	Five Finger Death Punch	War Is The Answer	War Is the Answer
2pDRMBFgeqXNWBEj	The Doobie Brothers	It Keeps You Runnin'	Takin' It To The Streets
2rBzxeuCzQ7IBlRh	Pantera	Uplift	Reinventing the Steel
2rQUO4jU0myfggFP	Hüsker Dü	If I Told You	New Day Rising
2sF9Hn5tma7n22Ut	You Me at Six	I O U	VI
2sVmKXIvO8cARIF8	Michel Teló	Ai se eu te pego	Na Balada (Ao Vivo)
2sWGfN4rDYbP5DNR	Emily Haines & The Soft Skeleton	Strangle All Romance	Choir of the Mind
2sfFZYdInzDiunzT	ONE OK ROCK	Good Goodbye	35xxxv (Deluxe Edition)
2sk4CIdWNABMzNmU	Disturbed	The Curse	Indestructible
2tMoknK8uzkl4PGQ	Nação Zumbi	A Culpa	Fome de Tudo
2ttZq7Q29PSMra1r	Downfall of Gaia	[Vulnus]	Suffocating in the Swarm of Cranes
2u4wTkhAmCT4sPXr	Motorama	Normandy	Alps
2ua2QeZmz3kBTLdO	Danger Incorporated	Diamonds	Are You Afraid of the Danger Boys?
2uaRixxZbSNdJ6L9	Jessie J	Who's Laughing Now	Who You Are (Platinum Edition)
2ufFgTBTYJF90BmI	Rammstein	Vergiss uns nicht	RARITÄTEN (1994 - 2012)
2uoKQYOZa21Ll3Qc	Prince	Darling Nikki	Purple Rain
2uqDTBk0zVAXddxk	Silverchair	Point of View	Neon Ballroom
2uubq5eYjyU7fCMk	Adele	Make You Feel My Love	19
2v6cyBmLHol9eg95	Bruno Mars	Natalie	Unorthodox Jukebox
2v8KtCCDkJui2I2q	Cullen Omori	Four Years	Four Years
2v9iHGrDVs1FNgGh	Soprano	Victory	Victory
2w0iy95g3YLGdYRF	The Hives	Knock Knock	Veni Vidi Vicious
2w6nDWjxoC1sCSuC	Motionless in White	Synthetic Love	Infamous (Deluxe Edition)
2wZXfIxJQMVAchl7	Marianas Trench	Haven't Had Enough	Ever After
2wo10xcWI6DBbrjp	Chase Atlantic	Devilish	DON'T TRY THIS
2yS8OjfnzareM2il	The Black Queen	Thrown into the Dark	Infinite Games
2yTmONbhBi9yGfEY	Marcos Valle	Viola Enluarada	Viola Enluarada
2yezn8DHcaF6JxSP	The Rolling Stones	I Gotta Go	Blue & Lonesome
2ygjVPlU3cKp7nMG	Godsmack	Good Day to Die	The Oracle (Deluxe Edition)
2ypE2PjWKJLoyHsR	Lauryn Hill	Superstar	The Miseducation of Lauryn Hill
2z4BnuIwyXTBbwAt	Khalid	Cold Blooded	American Teen
2zA9Yuz4zTJmYCOy	Allie X	Little Things (Analog Version)	Super Sunset (Analog)
2zx75CNYSfjK9Kzq	Nasum	Relics	Helvete
30FcvYVfGIUHyN6n	Luísa Maita	Lero-Lero	Lero-Lero
30TX3xUfoExOgxHA	Jamala	The Great Pretender	Крила
30hCe4DN8UZ86OZh	Rosa de Saron	Chance	Acústico
31NZ0ZTbQjpPIRyD	Paulina Rubio	Nada Puede Cambiarme	Ananda
31YIVZHQipXDAQRX	Metallica	Battery (Remastered)	Master of Puppets (Remastered Deluxe Box Set)
31YXnt6RbdqJqtmn	Strung Out	Calling	Blackhawks over Los Angeles
32CqmThzZGVrYwwK	Céu	Chegar Em Mim	Caravana Sereia Bloom
32J3xSss5YHCLY8l	Watain	Teufelsreich	TRIDENT WOLF ECLIPSE
34LGXzU4AMNXJ5QT	NAPKEY	Simone	Simone
34Mht3N1INAOCLgU	Tyler Shaw	Cautious	Cautious
350J7ZEpocP0UT6D	Aretha Franklin	Son of a Preacher Man	This Girl's in Love with You
35iqaAumRwIyaFIv	Luiz Gonzaga	O Fole Roncou	Meus Momentos: Luiz Gonzaga
361QOxGc27oShviO	Noah and the Whale	I Have Nothing	The First Days Of Spring
367Z7zhm2Vnrdatd	Anthrax	Efilnikufesin (N.F.L.)	Among The Living
36DCHgrXQKOV65xL	Los Punsetes	Maricas	Los Punsetes
36R5fITHaR23oOqF	The Rifles	Local Boy	No Love Lost (Re-Mastered)
36mogkQR5VcNWzZP	Leikeli47	Miss Me	Wash & Set
373FTmXmB8JdNHwz	Ellie Goulding	Keep on Dancin'	Delirium (Deluxe)
383oeXIzIxzDY7jC	Capital Inicial	Fátima - Ao Vivo	Rock in Rio 2011 - Capital Inicial
393YyCL4dOzjeDXO	Bobby Darin	Dream Lover	The Ultimate Bobby Darin
39Bj9W5I8YKJ0lkX	City and Colour	Harder Than Stone	The Hurry and the Harm
39L8oA3uDlnhV1Yc	Wye Oak	I Hope You Die	My Neighbor / My Creator
3AiwrUZ3x22JVluu	Dirty Elegance	Wirrok	Goa Chillout Zone Volume 1
3AnM1iGQCDI9Ceab	Camel	Lady Fantasy	Mirage
3BxDIaNzK3knd5Jf	Cachorro Grande	Sinceramente	Pista Livre
3C5fKOvqw2pe6kLP	U.S. Girls	Woman's Work	Half Free
3CP0a854FeGN4eJV	The Lonely Island	Mona Lisa	Popstar: Never Stop Never Stopping
3Cmgta0LRzpvGdGU	Eddy De Pretto	Grave	Culte
3CtzkqoWR1NJRdH0	Miranda Lambert	Heart Like Mine	Revolution
3DLXPUltUaagok0k	Tribalistas	Passe em Casa	Tribalistas
3DokXXWKhKVqgP8A	Nelson Cavaquinho	Eu E As Flores	Nelson Cavaquinho
3E1s6pzcEC0D7k1l	Hinkik	Skystrike	Skystrike
3E6LE4q6HaJh7B3t	Casa das Máquinas	Liberdade espacial	Lar de Maravilhas
3EfsW6jEhV0OvKIY	Becky Hill	Losing	Losing EP
3FKCw0BfL1qGeDWg	Yellow Swans	Opt Out	Going Places
3FThFRyM66r5J3Me	Arctic Monkeys	You're So Dark	One For The Road
3FsnGzrD9FvvUsxm	Joss Stone	Drive All Night	LP1
3FuKyTNdLJwWwIAU	Depeche Mode	Everything Counts (Reprise)	Construction Time Again (2007 Remastered Edition)
3FxEcHPDIKtaby3G	Marisa Monte	Depois	O Que Você Quer Saber de Verdade
3GBENfHz2WFiA9Ek	KARD	RUMOR	"K.A.R.D Project Vol.3 ""RUMOR"""
3GGg4XLPiJgFZdEW	Mos Def	Do It Now	Black On Both Sides
3GHIXJgC7L7oNVGw	Wonder Girls	One Black Night	REBOOT
3GfWKyIRbkUbxnrU	Falkenbach	Vanadis	OK Nefna Tysvar Ty
3Gi81iofhDsZRykw	Our Girl	Being Around	Stranger Today
3Gv4CyGPvChHFF6l	Eisley	Rabbit Hole	I'm Only Dreaming
3HgSt6BCbjGNRC4k	Atreyu	Blind Deaf & Dumb	In Our Wake
3I3IEXhRkSokAauW	Red Hot Chili Peppers	Cabron	By the Way (Deluxe Edition)
3ILnEnond0d83DzU	Mr. Big	Wild World	Bump Ahead [Expanded]
3IsQCwU8FMDhfPED	Thurston Moore	The Best Day	The Best Day
3IyPVVwunPHbrQBk	Rhapsody of Fire	The Frozen Tears of Angels	The Frozen Tears Of Angels
3JMM7GU7136u8s5g	Metallica	For Whom The Bell Tolls - Live	S&M
3JMT9wwhiROQqvg6	After Forever	Intrinsic	Decipher: The Album - The Sessions
3JN6azAYHZDJ9IHg	Relient K	This Is the End	Forget And Not Slow Down
3JOlSxCDJja5SYC9	Vendredi sur Mer	L'amour avec toi	Premiers émois
3JQ0nTBcONvkAVE1	HRVRD	Ghost	The Inevitable and I
3JQg8yPgsDqwSdJN	Pet Shop Boys	Inside a Dream	Electric
3JT6jp2pCjf7BxDX	Daft Punk	Technologic	Human After All
3K3MxF2vecOqIH01	2NE1	사랑은 아야야 Ah-Yah-Yah	To Anyone
3K64x4asNZJfQEU7	Hillsong Worship	O Praise The Name (Anástasis)	OPEN HEAVEN / River Wild (Deluxe/Live)
3L29CebZqYMPZqFu	Stereolab	The Seeming and the Meaning	Peng!
3LIaIcifnY5aenlF	Marteria	Scotty beam mich hoch	Roswell
3M5gz1dan3SX5pS7	Nirvana	Turnaround	Incesticide
3Mc3L9CUAFBVdAof	Miel De Montagne	Permis B bébé	Permis B bébé
3NBgF3XHk7EI01s3	Stars Hollow	Tadpole	Tadpole
3Nb69rQrYso7u9Yg	Hans Zimmer	Iris And Jasper	The Holiday (Original Motion Picture Soundtrack)
3P3uQTWd3JxAexBT	Beulah	Popular Mechanics for Lovers	The O.C. Vol. 2
3PtseulggRtHMoOz	Enslaved	Storm of Memories	RIITIIR
3Q36EsmmokskRC8v	Carl Perkins	Matchbox	The Dance Album
3QAgiowCE58lkfhU	Dead Boys	Down In Flames	Young, Loud And Snotty
3QnpjtdMMAjoMtBF	Sudan Archives	Wake Up	Sudan Archives
3QtvURvlqOYsZEDz	Kaliber 44	Normalnie o tej porze	3.44
3R1U4t8F9OHH8msx	Marduk	Serpent Sermon	Serpent Sermon
3SEJi4JAZeoYCWk3	Erasmo Carlos	sábado morto	Sonhos E Memórias - 1941 / 1972
3SRUD2w7DrZqHE0U	Tina Turner	Tonight	Tina Live In Europe
3SSolszQvCHozHdV	J.J. Cale	Sensitive Kind	5
3T1tYnVtfilZZQB7	Mylène Farmer	Plus Grandir	Plus grandir
3T4bhuhIQTEHhcFg	'Til Tuesday	Winning the War	Voices Carry (Expanded Edition)
3TAjiWcI8u0FODuS	The Four Tops	Baby I Need Your Loving	The Karaoke Channel - Sing Baby I Need Your Loving Like Four Tops
3TIdOAlULKdqaSR0	Nico & Vinz	When the Day Comes	Black Star Elephant
3TJHHVey88djFD94	B.A.P	FIGHT FOR FREEDOM	Power
3Tcwq0kIiSJDk1OB	Bullet for My Valentine	One Good Reason Why	Scream Aim Fire Deluxe Edition
3Tdu9390svWhC45z	5 Seconds of Summer	American Idiot	Amnesia
3UWmNTjmsIQBFhtd	Kalafina	Magia	The Best Blue
3UnYmzcPVNgjNNFv	Autechre	1 1 is	Exai
3UoA4vRm5Kiqdbxg	Far From Alaska	modeHuman pt.1	Modehuman
3VD4IvI3WR2KhZV8	schafter	blow off	hors d'oeuvre
3VDugjDPEErsGZQp	Danheim	Tyrfing	Munarvagr
3VYHPB2fFFO0f4Sb	Fito Paez	11 Y 6	Giros
3WI416EeAZXptYAZ	The Cure	Killing An Arab	100 Tears: A Tribute To The Cure
3WTnP3pKNYFYfvsI	Touché Amoré	I'll Deserve Just That	Searching For A Pulse/The Worth Of The World
3WfncosyPdVtcRvq	John Coltrane	Equinox	Naima
3WlSHd6TxJ2drbA1	Boy Harsher	Come Closer	Careful
3Wyx6bL4fbkgTPO2	Little Mix	Salute	Salute (The Deluxe Edition)
3XI3KppPMcvPClP2	The Clash	Atom Tan	Combat Rock
3YuG0V05zf8YxUY2	Pearl Jam	Low Light	Let's Play Two (Live / Original Motion Picture Soundtrack)
3Z2mxKTNkaayfjGf	Children of Bodom	Silent Night, Bodom Night	Hatebreeder
3ZIbiMoxAEzvxZO9	Moby	The Waste of Suns	Everything Was Beautiful, and Nothing Hurt
3ZW7dFyJ1lRtbo8y	Little Mix	Wings	DNA (Deluxe)
3ZbrrRQHcFkpTHTt	YNW Melly	No Heart	We All Shine
3ZcPj4mx8ChcnQsz	Asia Cruise	Selfish	Selfish (Main Version)
3aLLv89gHveBuosG	Supertramp	Fool's Overture	Even In The Quietest Moments
3acD8cv7zhxlthnv	Dave Brubeck	Take Five - Instrumental	This Is Jazz #3
3ayVeQEo9JAqorKS	Engenheiros Do Hawaii	O Exército De Um Homem Só, II	O Papa É Pop
3b39vKAGHcJLyd3n	Sparklehorse	Comfort Me	It's A Wonderful Life
3bejCrhNQlm97r9A	Morten Harket	Half In Love Half In Hate	Wild Seed
3cJaypWniZHpomfi	High And Mighty Color	XYZ	swamp man
3dEyqCSLzdyPFgk5	Coldplay	Oceans - Live At E-Werk, Cologne	Ghost Stories Live 2014
3dT7OTg9w8jEBjMm	Blind Guardian	I'm Alive	Imaginations from the Other Side (Remastered 2007)
3dwil4nYh1KdOQDq	Broken Social Scene	Finish Your Collapse and Stay for Breakfast	Broken Social Scene
3e0iJgXDtiLWbvAD	Mudhoney	Nerve Attack	Digital Garbage
3e3NRBRj6BxA921Q	The Last Ten Seconds Of Life	Dirt Nap Atrophy	Machina Non Grata
3eRxIV3sVkZsbgKB	The Distillers	Beat Your Heart Out	Coral Fang (Alternate Cover PA Version)
3ek5bpYhdyAlCLlJ	TOPS	2 Shy	Picture You Staring
3f0doFlc7yQ903bJ	Talk Talk	Tomorrow Started	It's My Life
3faYOQ867TjLuWQz	Bob Marley & The Wailers	Redemption Song	Uprising
3fuOrQt9qqGmPNQY	John Frusciante	My Smile Is A Rifle	Niandra LaDes And Usually Just A T-Shirt
3gGUBqtyIV67NLu6	Henrique & Juliano	DE TRÁS PRA FRENTE (Ao Vivo)	O Céu Explica Tudo (Ao Vivo)
3hlyvzY6y1zhe4TX	Mariza	Quem Me Dera	Mariza
3i6RfuPvfB9ZDn9E	Kedr Livanskiy	Razrushitelniy Krug (Destructive Cycle)	January Sun
3j9jevapaVvqDPcp	Mastodon	Aqua Dementia	Leviathan
3kAIoRnx8aJhupuI	Three Days Grace	The Real You	Human
3kqXYNx5eBHRl3XF	Metal Church	Badlands	Blessing In Disguise
3lAIb6v82pmMZS99	The Byrds	The Bells of Rhymney	Mr. Tambourine Man
3mAl0v8h53hrEolv	Simple Plan	Thank You	Still Not Getting Any
3mKxvt2YUxlAtj8U	Stereolab	Monstre Sacre	Emperor Tomato Ketchup
3miAW8whHjT8ke2c	Irene Cara	Flashdance... What a Feeling	Flashdance... What A Feeling
3n11BOrQPpuN0W76	PJ Harvey	Missed	Rid Of Me
3nEJ6WRWjuLq0JV8	Caribou	Sandy	Andorra
3nriJAVYlnMFabza	M83	Gone	Dead Cities, Red Seas & Lost Ghosts
3nrwHAllpcYeO51i	Lacuna Coil	I Burn In You	Broken Crown Halo
3o0tMKDO7qu7mwP8	The Kovenant	Spaceman	Animatronik
3oD1wi4njfRo4y0K	Tim Berg	Seek Bromance - Avicii Vocal Edit	Seek Bromance
3oTQyW9VsRG1vAZU	Operación Triunfo 2018	Buenas Noches - Operación Triunfo 2018	Buenas Noches (Operación Triunfo 2018)
3ozh9LF6vuI7ixvQ	The Killers	Bling (Confession of a King)	Sam's Town
3pKGqHJGqgLr0Uim	Scandroid	The Veil	Monochrome (Deluxe Edition)
3pi5n1NmZfkF09dI	Miles Davis	Miles Runs the Voodoo Down	Bitches Brew (Legacy Edition)
3pwtPBxBWXawmwlQ	Mark Knight	Yebisah	Yebisah
3q2VIzbbLzqCj0NI	Sumo	Crua Chan	After Chabon
3q8pvkFyr6zNgQJb	4minute	What's My Name?	Name is 4minute
3qCb03UxBvbZsWEM	Chiodos	A Letter From Janelle	Bone Palace Ballet: Grand Coda
3qGNZSp8p1NoFoHN	The Rolling Stones	Some Girls	Some Girls
3qyQ24VV9RVxqvSH	Soundgarden	Mind Riot	Badmotorfinger (25th Anniversary Remaster)
3rK4404QHChfRtHQ	Wander Wildner	Bebendo Vinho	Baladas Sangrentas
3roAUOGQtS7f7rmq	Rogério Skylab	Eu Fico Nervoso	Skylab V
3rq08eBFUt4V0ER6	The Appleseed Cast	Mare Mortis	Mare Vitalis
3rwGO4kmdFUJDj6z	Era	Don't Go Away	The Mass
3s6qDbF8qsvcfmeY	Noel Gallagher's High Flying Birds	The Girl With X-Ray Eyes	Chasing Yesterday
3sU9qFGR5sqLO0qy	Ricky Eat Acid	Inside My House; Some Place I Keep Dreaming About	Three Love Songs
3saT0fjF814XQz3y	Laszlo	Gravity	Liftoff
3sbVM40hDB3hFoIh	Eminem	Beautiful Pain	The Marshall Mathers LP2 (Deluxe)
3shrACNQQ5eeQEAO	Ariana Grande	fake smile	thank u, next
3t1u6zgXiu7CYRxc	Omarion	Entourage	21
3tH5Zk46RrrZimoX	Years & Years	Desire - Gryffin Remix	Desire (Gryffin Remix)
3tzEdoqi8YsbSNCz	Swans	Cop	Cop / Young God
3uE2U46E1yEXAhKP	The 1975	The City	The 1975
3uTj1EuKkKna5uPh	Mike Stud	These Days	This Isn't The Album
3uXOXJsblMZfY12A	ASTR	Blue Hawaii	Varsity EP
3ux924VZYedQCq7I	Drug Restaurant	403	403
3vLuOj1c1suvUGZT	Aimer	insane dream	Best Selection Noir
3vpLjr47A2ANetid	Miley Cyrus	Wrecking Ball	Bangerz (Deluxe Version)
3vsIlMsA979ZqMLq	Fidlar	Blackout Stout	FIDLAR
3vy4HNPWkTnMviIw	Paradise Lost	Illumination	Believe In Nothing
3wZ8tUKbB991Y56c	Beach Fossils	Tangerine	Somersault
3wmtEja2v0pUigM5	Beach Fossils	Adversity	What a Pleasure
3xAFBtATL7yEEH5c	Paramore	Brick by Boring Brick	brand new eyes
3xcyDvE6On5xbmCD	Isengard	I kamp med kvitekrist	Høstmørke
3xhpkrkuCNicNAn7	Rank 1	Airwave	Symsonic
3yBuK5zDxlyIqWS0	Amy Winehouse	Valerie	Back To Black: B-Sides
3yOJLIpOiYvqCKAm	This Century	Hopeful Romantic	Sound Of Fire
3ykvh6q6cPyU5A1J	Mariah Carey	One Child	Merry Christmas II You
3ymMofwkRtRhO2ed	Class Actress	Journal of Ardency	Journal of Ardency
3z0wMks7ETAvm1ve	Echo & the Bunnymen	No Dark Things	Heaven Up Here
400mck7o9mxP7gbI	Leaves' Eyes	New Found Land	Vinland Saga
40FzEJFj72Vme3Kn	Led Zeppelin	Bron-Y-Aur Stomp	Led Zeppelin III (Remastered)
40bTSpj4IHp0SALq	The Kooks	Stormy Weather	Konk
40fe2APtsJlezB53	Small Black	Only A Shadow	Limits of Desire
416KOiSVKofwDSOz	Phillip Phillips	Fool for You	Behind The Light (Deluxe)
41Q97CsKUBL75oQP	Underworld	Born Slippy (Nuxx)	1992 - 2012
41VSBVwHnZpYDR9M	Blood Incantation	Starspawn	Starspawn
42CAuUVyrPX7VT8v	Alvin Lee	The Bluest Blues	The Anthology
42RBCzVu3NhQfdTh	Taco Hemingway	Café Belga	Café Belga
43L7L5sa9qedtFb7	Bob Marley & The Wailers	So Jah Seh	Natty Dread
43OzbKKKuC7jFrNA	Chico Buarque	Quando O Carnaval Chegar	Quando O Carnaval Chegar
44KUk7sAa6Yw6MHn	Immortal	The Sun No Longer Rises	Pure Holocaust
44hiQmXVeTGxwl6X	The Rolling Stones	Fool To Cry - Remastered	Black And Blue (Remastered 2009)
454ig2ufBn55PgIv	Leon Bridges	Better Man	Coming Home
45D1oBXnltpWt8eg	Michael Jackson	Come Together	HIStory - PAST, PRESENT AND FUTURE - BOOK I
46LVu3FgTZEzHyIJ	Björk	Dark Matter	Biophilia
46RQFXKoxrsEJ2E1	Mika	All She Wants	No Place In Heaven
46c3wPfHns7jfyOv	Amorphis	Black River	Silent Waters
46eMdbSlKBEaEiWF	Anathema	Presence	We're Here Because We're Here
46pXyusxTp6sKznM	Janet Jackson	BURNITUP!	Unbreakable
4726zaxwER59zhEu	Love of Lesbian	Cuando no me ves	El Poeta Halley
4727DlhzVM7gntaq	The Smiths	Vicar in a Tutu	The Queen Is Dead (Deluxe Edition)
47YByKoXjGdw78fm	Doves	Words	The Places Between : The Best Of Doves
47t776itGX7iSLbs	Paulina Rubio	Algo Tienes	Pau-Latina
47v76UDo9RxPv6Cn	Hannah Montana	One in a Million	Hannah Montana 2 / Meet Miley Cyrus
48VV4hceeVbhX673	Brian McKnight	Crazy Love	I Remember You
48VdPLCPJnZaYlBX	Green Day	Last Night on Earth	21st Century Breakdown
49HcGXMaif20lWip	McFly	Please, Please	Motion In The Ocean
49OodlVPpj6MaSnp	aftertheparty	numb	Numb
49SZz8cAVP3AIR7f	Rodrigo Ogi	Deixe-Me	Pé no Chão
49vPDq1yQB5jFtNH	The Growlers	Black Memories	Chinese Fountain
4AE2erUaaWz1BCDc	Yellow Magic Orchestra	The Madmen	Neue Tanz
4AVfgf2JgL5GQGFv	Too Close To Touch	Modern Love Affair	Haven't Been Myself
4B7btzfTwykxH3pr	Jorge & Mateus	Pra Sempre Com Você - Ao Vivo	Como. Sempre Feito. Nunca (ao Vivo)
4BBUIXPOAuKdqyxG	Bauhaus	Ear Wax	Mask
4BDGU5V8BqrszSLh	Pinegrove	Skylight	Skylight
4BTfYjwpadlNuQCG	Lifelover	Nitlott	Erotik
4CSZ78WaPCV6oqez	Yung Lean	friday the 13th	Poison Ivy
4CZWWnwka0eWQCju	Dixie Chicks	I Can Love You Better	Wide Open Spaces
4CesfcVnG37H8lsC	Les Rita Mitsouko	C'est comme ça	The No Comprendo
4DMiWUvAvtpqIeFT	Frah Quintale	Cratere	Regardez Moi
4DRfQSCfKwBJ5is6	Black Sabbath	God Is Dead?	13
4DsqfjuxRGZ49IWX	Cavetown	Meteor Shower	Cavetown
4EZLHYX3aUVxm9dh	Electric Fields	2000 and Whatever	2000 And Whatever
4EZMwzxk7g8WodzV	Alcione	O Surdo	Pure Brazil II - Samba Social Club (The Ladies Session)
4EjsnIJzfv9nacuW	Haken	Earthrise	Affinity
4Ep5FQO8ux3S6Lu2	BADBADNOTGOOD	Differently, Still	III
4Evo16q3iaOe0DC9	liily	Sold	I Can Fool Anybody in This Town
4FARlQGY79MNZVHz	IZ*ONE	We Together (IZ*ONE Ver.)	COLOR*IZ
4GDRazarJOAv2Hx8	Mystic Braves	Bright Blue Day Haze	Desert Island
4GSrif3dvV3xFXQR	Lil Pump	Drug Addicts	Drug Addicts
4GrxpWblpXQSYwM6	LeBrock	Please Don't Cry	Real Thing (Remastered)
4HnwqasMeaZ1QjeR	Frank Zappa	The Meek Shall Inherit Nothing	You Are What You Is
4I1Cqv2AZRoeCYw9	White Ring	We Rot	Black Earth That Made Me
4IQMrY9DMUrvm0oL	Jane Wiedlin	Rush Hour	The Very Best Of Jane Wiedlin
4Ia5QWeHIGw24bwn	Josman	High Life	000$
4IuSbTUBgzThz8uI	Massive Attack	Protection	Protection
4JEHIYg24AFHVEe4	Christina Aguilera	Birds of Prey	Bionic (Deluxe Version)
4JOpWqMf2c2TGCbg	ConeCrewDiretoria	Chefe de Quadrilha	Bonde da Madrugada, Pt. 1
4KPBIPBcqnzzxeE2	Still Corners	All I Know	Strange Pleasures
4LhB5Mr14jhdTznF	In This Moment	The Blood Legion	Rise of the Blood Legion- The Best of (Chapter 1)
4LqElqsxeXeq5F1Y	Richard Ashcroft	C'mon People	Alone With Everybody
4M1xgvP0XIpKXUbZ	Killing Joke	You'll Never Get to Me	Killing Joke
4M2DXEfaghkv7lok	Kelly Rowland	Comeback	Ms. Kelly
4MT4S2t6xcW4Y5J4	Chelsea Wolfe	Reins	Pain Is Beauty
4MsjH1TyTwZuZuOK	The Beatles	Sgt. Pepper's Lonely Hearts Club Band (Take 9 and Speech)	Sgt. Pepper's Lonely Hearts Club Band (Deluxe Edition)
4NQT2FVZHXg3wrSo	Lord Huron	Ends of the Earth	Lonesome Dreams
4NRmb0GSeBbEoBJW	Wagner Tiso	Armina	Matança Do Porco
4NXFdFjrafHJdLaB	Stornoway	Zorbing	Beachcomber’s Windowsill
4Nk8Vkd2zCgW43oa	Djavan	Esquinas	"Djavan ""Ao Vivo"""
4Nn57OQFgi7wDff7	Chicane	Offshore	Best of Chicane
4OHi08lv0lGZbxC8	The Jets	Crush On You	Back To Back
4OKHYlaWbkwWZP4R	Foals	Milk & Black Spiders	Holy Fire
4ORlPGnimryDVDZp	Cascada	Glorious - Video Edit	Glorious
4OVTpQTTKmEzKQ2t	Milkpunch	Iced Tea	Iced Tea / Dandelion Time
4OlefqFr6Y0QaoIz	Cage the Elephant	Cigarette Daydreams - Unpeeled	Unpeeled
4OpAvah0yUKDwafW	Mombojó	Hortelã	Alexandre
4OuTvlQqmqcvZw6z	Gridlink	Stay Without Me	Longhena
4OxOFWrIMBXB99RA	Black Alien	Real Gold	Real Gold
4OzypfW25LNW38JW	Mayday Parade	A Shot Across the Bow	Mayday Parade (Deluxe Edition)
4PSIRdeKbXt5wM6W	Dethklok	Bloodlines	Dethalbum II
4QCACE6R845kvyl9	Asobi Seksu	Lions and Tigers	Citrus
4QSF7rvh4vjnWv73	Jessica Simpson	B.O.Y.	A Public Affair
4QjkDEFwl0ZdZcp5	Xiu Xiu	Blacks	A Promise
4R2lmr5lP67vnvsE	Volbeat	Our Loved Ones	Outlaw Gentlemen & Shady Ladies
4RH0bstXSpQfieBV	Battle Beast	Let It Roar	Battle Beast
4Rv7Wh1g6cRqMGyM	Beck	Readymade	Odelay
4S5TzGUyoD3frg8B	Pat Benatar	We Belong	Tropico
4SQ03S7tRR1VLFkk	Mala Rodríguez	Quien Manda	Bruja
4ScJnVHTVBKGPyru	Neon Indian	7000 (Reprise)	Psychic Chasms
4Sd1vohiMSsHL7fJ	Angels & Airwaves	Reel 6	Stomping the Phantom Brake Pedal
4Six7mnnPGIdeIEB	Dum Dum Girls	Coming Down	Only in Dreams
4SwEkxKv1EwzTpwr	Gregory Isaacs	Cool Down the Pace	Night Nurse
4T4WS25clgZG0Rwk	Robbie Williams	No F**ks	Under The Radar, Vol. 3
4TBblTC9FdxcLig7	Chris Rea	Windy Town	New Light Through Old Windows
4TDqLnj3Lndn9TCT	Sabaton	Winged Hussars	The Last Stand
4UOvIznnwATQ9fyA	Born Without Bones	Cancelled	Baby
4VlD4hA22osMVJpE	Robert Pollard	Paradise Style	Fiction Man
4Vn9VEIE8GRYVEo0	Stereophonics	Local Boy in the Photograph	Word Gets Around - Deluxe Edition
4Vtn1DI8s3UJ0mKH	MisterWives	Not Your Way	Our Own House
4Vumo5bybkjwPR4V	Enigma	Seven Lives	Seven Lives Many Faces
4Vvx2pI5T9hIF3zs	Niykee Heaton	Starting Over	Starting Over
4WDwkpQSwDo0XvN8	White Lies	The Price of Love	To Lose My Life ...
4WXESNNO5Xks6U7P	Backstreet Boys	Get Another Boyfriend	Black & Blue
4WZ4nxbqfJL6D73I	Jeff Buckley	Everybody Here Wants You	Sketches for My Sweetheart The Drunk
4Wt1w5cT1F5R0xsY	Red Hot Chili Peppers	Savior	Californication (Deluxe Edition)
4XdEozQRnksNkNpf	Sunrise Avenue	Somebody Will Find You	Acoustic Tour 2010
4XsY6mDyVjWZ7309	Lacuna Coil	Fire	Dark Adrenaline
4XwgaDSlvRNEc4O1	Townes Van Zandt	None But the Rain	Townes Van Zandt
4Y3dSYVcYOEvz95G	Julian Cope	Trampolene	Saint Julian
4Y3e3qOS9OVGYhT8	Pelican	Winds With Hands	City Of Echoes
4YXTqCeHYC5L2sCb	Make Them Suffer	Threads	Old Souls & Lord Of Woe
4YofBCNIWq1I3Y8f	Polo & Pan	Coeur d'artichaut	Dorothy
4bJBGkxofSUvAMhM	dredg	Hungover On A Tuesday	Catch Without Arms
4bJX42VvFBT4r51X	Ulver	All the Love	Shadows Of The Sun
4bgNoAhe9d4pBMNs	Maxwell	Reunion	Maxwell's Urban Hang Suite
4cpIRIIrpLMxr4PT	Alceu Valença	O ovo e a Galinha	2 Em 1
4cs3JsHc4XXOOStS	Arctic Monkeys	R U Mine?	AM
4dfYBlscEiIGnJcn	Voivod	The Unknown Knows	Nothing Face
4ea5gdpmXKJTeoDu	Tori Amos	I'm Not in Love	Strange Little Girls
4eyDkxGNMScrPXNF	Between the Buried and Me	Obfuscation	The Great Misdirect
4fCS07fAgw90e92l	This Will Destroy You	The World Is Our ___	Young Mountain
4fJ2oIHIhjWj8yHz	Marina and the Diamonds	Mowgli's Road	The Family Jewels
4fZOPpoVowJb5oSu	Boston	Rock & Roll Band	Boston
4fdHZl51XNuxD1O4	Slow Pulp	Preoccupied	Ep2
4gEFZ0aisEmzyFok	Tana Mongeau	W	W
4gQhKYtztYttE9yP	Gouge Away	Hey Mercy	Burnt Sugar
4ge9lGjwxO3yTDaX	The National	Think You Can Wait	Think You Can Wait (from the Film Win Win) - Single
4glaLmaXFAdOw5b2	Kristen Barry	Ordinary Life	Cruel Intentions
4gvy5upAccWDOxYM	THE NOVEMBERS	Meursault	zeitgeist
4gxcD1IObyDszRr1	Tommy Genesis	100 Bad (Charli XCX Remix)	Tommy Genesis
4hOKiyfIoovYJRcU	Cradle of Filth	Desire In Violent Overture	Cruelty & The Beast
4i7lUtU7nCcAAkhl	The National	Carin at the Liquor Store	Sleep Well Beast
4iCH6ysFj8ZRXVDL	Thousand Foot Krutch	All I Need to Know	The End Is Where We Begin
4iOqqsSeA2Ifvb9C	Bob Dylan & Johnny Cash	Girl from the North Country	Nashville Skyline
4ifZbeWDndwinfQr	Dragonette	Pick Up the Phone	Mixin To Thrill
4kCx7fL5NRkhKZXI	Two Door Cinema Club	Standing on Ghosts	Four Words To Stand On
4kVtzwbBITvH7G4u	The Blue Nile	Headlights on the Parade	Hats
4kZMdi28q9YF1zo0	Kamelot	Abandoned	The Black Halo
4lwWcZc2CSTflpiJ	Woods of Ypres	Adora Vivos	Woods 5: Grey Skies & Electric Light
4lyBFOnjsTd7o4Ug	Dario Marianelli	A Game of Badminton	Jane Eyre - Original Motion Picture Soundtrack
4m1SSWsNBuoyJoDJ	Allan Rayman	Gun	Gun
4mYrfV4RX2OedB9g	Scissor Sisters	Baby Come Home	Magic Hour (Deluxe)
4meLFo1wkmOnGnRp	Terence Trent D'Arby	Wishing Well	Introducing The Hardline According To Terence Trent D'Arby
4mhmSdRmnG0tO3M9	Insomnium	Resonance	Since The Day It All Came Down
4mipDEKIk6WRgq4u	Phoenix	School's Rules	United
4n8KiVAYtoQ1SO5Y	Ratos De Porão	Crise Geral	Cada Dia Mais Sujo e Agressivo
4nl4bD8mUDpjhwq5	Pixies	Brick Is Red	Surfer Rosa (Remastered)
4ntTVg12WMjJxjcs	Backstreet Boys	It's True	Black & Blue
4oTt9joZykP0FjyR	zimbra	Não Sei Lidar	Azul
4oecdz6LhVVjr6PO	Morbid Angel	Praise the Strength	Heretic
4ooTrnupb44EU6UV	Xandria	Sacrificium	Sacrificium
4opNmQ2SqLkJwjzo	Scandroid	Thriller	Monochrome (Deluxe Edition)
4ovoZEaFn6Hg6tmb	MC5	I Want You Right Now	Kick Out The Jams (Live)
4p2yCLhkAA7prvDV	Take That	Flaws	III (2015 Edition)
4phB8U7EUTBLvJcG	As Bahias e a Cozinha Mineira	Comida Forte	As Bahias e a Cozinha Mineira no Estúdio Showlivre (Ao Vivo)
4pyrv3dsC20bV73k	Green Day	My Generation	Kerplunk!
4q6mc4jq1azB0Nvp	shakewell	.38 Special	Big Juice tha Sip
4q7zSqZdOykOZCjE	Flying Lotus	German Haircut	Cosmogramma
4qJVaZM7epp0rvML	Ego Kill Talent	STILL HERE	Ego Kill Talent
4qZ4vZHqCW07laiO	Periphery	Alpha	Juggernaut: Alpha
4qdVV29bV26RhEdD	Cat Stevens	If You Want To Sing Out, Sing Out	The Very Best Of Cat Stevens
4qzSFulNz52Ssmxs	Sarah McLachlan	Possession	Fumbling Towards Ecstasy (Legacy Edition)
4rkPsxchObFakkVJ	Maglore	Hoje Eu Vou Sair	Todas As Bandeiras
4rkUuSgdqbjW4Ccp	Baccara	Sorry, I'm a Lady	Orgullo Gay (Streaming Only)
4s7dQVA55bfSmFXi	Bury Tomorrow	Garden Of Thorns	Runes
4sUNaDw0evcjjBzv	Issues	Someone Who Does	Headspace
4sbsXy3Oe32LS4x8	Mom Jeans.	Jon Bong Jovi	Puppy Love
4sxHQ3I4g2iUHdDw	Nancy Sinatra	Bang Bang (My Baby Shot Me Down)	Kill Bill Vol. 1 Original Soundtrack (PA Version)
4tfGOr2LKS1LK9G1	J Hus	Friendly	Friendly
4tfYQIkt1vEoMQYa	Craft	Undone	White Noise and Black Metal
4ttmhv19NBU2qnLW	Banda Uó	Show da Rita	Turnê Motel - Ao Vivo No Cine Joia
4u9uvF9JAQ2TFLUu	Icon for Hire	Under the Knife	You Can't Kill Us
4uK1NKMrc8skcSes	Bloc Party	The Healing	Four
4uroF36rp4SBbdX6	Charli XCX	Red Balloon	SUCKER
4v1nOpa6nTX5ELBF	Rammstein	Feuer frei	Mutter
4vFLgPG7a9BPT2Gs	Robbie Williams	Supreme	Sing When You're Winning
4vHbsI004ms1IHQr	Violet Cold	No Escape from Dreamland	Anomie
4vYv5iDxBR5lZXP2	Sorority Noise	Car	You're Not as _____ as You Think
4vm9FnGA4vEXUSRE	Triple One	Tarlo	The Naughty Corner
4vvR1uCgFpJKDzg7	The Microphones	Drums	It Was Hot, We Stayed in the Water
4wAPzKWXf9DcCLsA	Rouge	Depois Que Tudo Mudou	Rouge
4wC3XwW7wPDAgNS1	Control Denied	Expect The Unexpected	The Fragile Art Of Existence (Reissue)
4wDS3gK3lboVBRcm	Louis Prima	I Wan'na Be Like You (The Monkey Song)	Songs and Story: The Jungle Book
4wQMsOg3wi5jEoly	Crown the Empire	Breaking Point	The Fallout (Deluxe Reissue)
4wXgUmGonsD5v8w3	Afterimage	Satellite of Love	Strange Confession
4xwkJn8oa6sPqCwm	My Darkest Days	Casual Sex	Sick And Twisted Affair
4xzbXNvYGyCqxEcU	Strapping Young Lad	Goat	Heavy As a Really Heavy Thing (Remastered Re-issue + Bonus Tracks)
4yBc5bF6kK7IN4oZ	Sade	Cherish The Day - Live	Lovers Live
4yGAYt5xDFGsxfzc	First Aid Kit	I've Wanted You	Tender Offerings - EP
4yViX1qb5Ct7pJza	Limp Bizkit	Bring it Back	Gold Cobra (Deluxe)
4ycF1LG0Ych54f0i	The Dream Academy	Life in a Northern Town	The Dream Academy
4yiIyscOiT2TgT2X	Yaeji	Full Of It	yaeji
4zDUnGnZGeRwNQN5	Maria Bethânia	Detalhes	As Canções Que Você Fez Pra Mim
4zIazGBvDRNybblV	Eminem	Superman	The Eminem Show
4zUUUvPDkfMlhcR8	LCD Soundsystem	american dream	american dream
50ZIhsB0tHQGEBRA	Tristania	Deadlocked	World of Glass
50jd1qMRV60M8ETG	Rihanna	Let Me	Music Of The Sun
51DcMVJ8pr33k9sz	Terrorizer	Human Prey	World Downfall
51I0DcoRVfkiRDeR	lil skies	Strictly Business	Life of a Dark Rose
51MUV2XSVHVJWJbI	Francesco Renga	Era una vita che ti stavo aspettando	Tempo Reale Extra
51QCxurjGgdhjvm8	Hammock	Clarity	Everything and Nothing
51znC33E7tKpQmq6	Lana Del Rey	Coachella - Woodstock in My Mind	Lust For Life
523wmyxkx8KztEHy	Blood Red Shoes	Light It Up	Fire Like This
52DcPB2PkQoJDcKl	Thy Slaughter	Bronze	PC Music, Vol. 1
52P68xRayj2a2Fmp	Neutral Milk Hotel	Where You'll Find Me Now	On Avery Island
52busP6JW3B18QgS	Dolly Parton	Two Doors Down	Here You Come Again
53DdxbpYp6kgtmc9	Sonny Boy Williamson II	Cool Disposition	The Essential Sonny Boy Williamson
53ORjAYX6B2E4J9q	Radiohead	Morning Mr Magpie	The King Of Limbs
53skCF7OttxfjUq4	Raul Seixas	How Could I Know	20 Anos Sem Raul
541vmTYiNos9uoyI	Joba	Sad Saturdays	Sad Saturdays
549Cg4K9DayU8scF	Liaisons Dangereuses	Los niños del parque	Liaisons Dangereuses
54VxPcTD0J8jeYxd	Status Quo	In The Army Now	In the Army Now (2010)
556dHb6MJwPcP7eW	Charlie Parker	Out Of Nowhere	Jazz Masters
55DcTLYWMGMgRiWh	LCD Soundsystem	Dance Yrself Clean	This Is Happening
55NQViktvtzMxJwQ	Film School	Crushin'	Crushin'
55Oekm90JRbmjmHu	Pendulum	Tarantula	Hold Your Colour
57ah27JVtQTr65N0	Limp Bizkit	No Sex	Significant Other
57smtw3MnhkzxhvA	Nai Palm	When the Knife	Needle Paw
58QoNwy1ZCYRLGnV	The Troggs	With a Girl Like You	Hit Single Anthology
58hKf3RzL7dpuFLE	The Dresden Dolls	Girl Anachronism	The Dresden Dolls
58v0jqacBYBt2rEn	The Microphones	You'll Be in the Air	The Glow, Pt. 2
59c5YcUgzy3P1Upf	The Veronicas	Line of Fire	The Veronicas
5A5N0dK6KAnOgcvq	The Cars	All Mixed Up	The Cars
5ALZRhOlzc9zwPvh	Flying Lotus	Camel	Los Angeles
5Afg4w047Na8dRZ4	Motörhead	Down on Me	Inferno
5Aktg1p2pt3jxwkx	Anna von Hausswolff	Stranger	The Miraculous
5ArM5G1F2qenTBYR	Banes World	You Say I'm in Love	You Say I'm in Love
5B8MEDFsAUufCkyP	Gram Parsons	$1000 Wedding - Remastered Version	Grievous Angel
5CKAJvinsxsVOy7G	Soft Kill	Within this Mess	An Open Door
5CXvlCjhf8ic2Q7S	Trevor Something	Procreation	Soulless Computer Boy and the Eternal Render
5CzG0nfcO0rdLwYt	Two Door Cinema Club	Pyramid	Beacon
5D53ebE8oKvBgzLw	Santigold	Walking In A Circle	99 Cents
5D8hhOcQ39pRWVeo	Miriam Bryant	Dragon	Dragon - Single
5DKABFoFMB4M4r5h	Babyshambles	Killamangiro	Down In Albion (International Edition)
5E4d9M0mcRzgimRX	Channel Tres	Glide	Glide
5ElsQrERvWhY32iG	Paul Carrack	Eyes of Blue	The Best of Paul Carrack
5ExFKNjiL9UpVf0V	Katy B	Everything	Little Red (Deluxe)
5FGBYu8CM1MlXokl	TesseracT	Smile	Sonder
5FGlCdsB9wJ1Xy8B	Steven Wilson	Don't Hate Me	4 1/2
5FlM24hFUPv7u6yA	Aphex Twin	XMAS_EVET10 (thanaton3 mix)	Syro
5HRq3xRdqs27o9Gq	Porcupine Tree	Stars Die	The Sky Moves Sideways (Remaster)
5HUCbUNoE9k6re9g	Jonas Brothers	Hello Beautiful	Jonas Brothers
5HUdnm6uceG7GqPn	Backtrack	The Worst Of Both Worlds	Darker Half
5IKM3soDe7kBhm4n	Prince & The Revolution	The Beautiful Ones	Purple Rain
5J0NHYvCD8x3Cqkq	Janet Jackson	Discipline	Discipline
5JhLvD6ofhJ0ddXH	Ry Cooder	Davenport Blues	Jazz
5L2UIQBsbq6XupbJ	Caparezza	China Town	Museica
5LQI3zxuXxWX0kAH	Jeff Beck	I Ain't Superstitious	Truth
5LekI9Qss48gknk4	Angel Du$t	Push	Pretty Buff
5Loqfsn68inkPPRC	Lovelyz	Floral	Lovelyz 5th Mini Album [SANCTUARY]
5M2uPxFlMUGhuBFv	Ratos De Porão	Expresso da Escravidão	Homem Inimigo do Homem
5MCFj97qRYl3dFmi	The Arcs	Everything You Do (You Do For You)	Yours, Dreamily,
5MWmsAPuhdOjPuAy	When In Rome	The Promise	When In Rome
5N8w20QwUaJoWMGG	Modern Talking	Do You Wanna	The First & Second Album (30th Anniversary Edition)
5NYcgQav8xg17wXv	Pastora Soler	Ni una más	La calma
5Oa7qTexHvpLUOeS	Megadeth	Forget To Remember	Super Collider
5QmQSFzAHcALmj4i	Pat Metheny	Don't Know Why	One Quiet Night
5RCDjW6KDc1KP1MC	Rooney	I'm Shakin'	Rooney
5RcPBjkfv28O3cCU	Edward Maya	Desert Rain (feat. Vika Jigulina)	Desert Rain (feat. Vika Jigulina)
5ReisPV2qb2iTJWE	Radiohead	Daydreaming	A Moon Shaped Pool
5RjY5YCHnaJ3YPML	Alanis Morissette	You Learn	Jagged Little Pill (Remastered)
5RxA6GiCkXyTybuM	The Saturdays	Notorious	On Your Radar
5SHBToIKSwKCCjgv	Lacuna Coil	Kill the Light	Dark Adrenaline
5ShsQ3dctLMFC3Xl	The Kooks	Believe	Let's Go Sunshine
5TBaeqWFzNbOeKZn	Madison Beer	Dead - Acoustic	Dead (Acoustic)
5UGj15LvE1lyNy3f	Linkin Park	Victimized	LIVING THINGS
5Ub40WNlLB8GP8Vf	Farao	Marry Me	Pure-O
5UtxTyC8We2LekFg	Heart	Dreamboat Annie (Fantasy Child)	Dreamboat Annie
5V9GFbr9xLwmLZAg	Daniel Avery	Drone Logic	Drone Logic
5VFh8F92v79DfE3R	Jorja Smith	Tomorrow	Lost & Found
5VILwhm62Rhf9wvO	Alexisonfire	Familiar Drugs	Familiar Drugs
5Vy0e3R01JpIIT1U	Jorge Ben	Anjo Azul	Sacundin Ben Samba (1964)
5W7RTSzYz8EVHroD	Liam Gallagher	Bold	As You Were (Deluxe Edition)
5WrCcVYqVX1FOrOx	Forever the Sickest Kids	Breakdown	Underdog Alma Mater
5XRiNCJtOEXQlIHk	A Day to Remember	Homesick (acoustic)	Homesick (Special Edition)
5XTdTMvlp7xmmg74	Rita Ora	How We Do (Party)	How We Do (Party)
5YBpOY8L1ig4sjNi	James Blunt	Billy	Back To Bedlam
5YwqI4RIFvHQJRJU	PUTOCHINOMARICÓN	Tu puta vida nos da (un poco) igual	Corazón De Cerdo Con Ginseng Al Vapor
5Z4ZG3QyQ5eKkBAn	Tim Hecker	Live Room Out	Virgins
5Zts56nlXqv2tKNX	Céline Dion	No Living Without Loving You	The Colour Of My Love
5a1fnO1BqGMPqyG5	The Yardbirds	Lost Woman	Roger The Engineer / Over Under Sideways Down
5a3PAVTIghtWirX4	Good Charlotte	Mountain	"The Chronicles of Life and Death (""LIFE"" version)"
5bLqqhu8gjzu5wlA	Pavement	Stop Breathin'	Crooked Rain, Crooked Rain
5bVqP2AsQwwTBO1v	Amy Winehouse	Moody's Mood for Love	Frank
5cxz6LSrTnNm2quh	Future	Group Home	SUPER SLIMEY
5d7dc8xWexDwdwBB	E-girls	Perfect World	Perfect World
5dA2NpxEZ9gFdJAn	Collide	White Rabbit	Chasing The Ghost
5e02R988TJ10sWNz	Flying Lotus	Tea Leaf Dancers	Reset EP
5eC3Jb2yc0hD6ZK0	Dimmu Borgir	The Sacrilegious Scorn	In Sorte Diaboli
5eMXwAQxzKOCZC6t	Rouge	Vem Cair na Zueira	C' Est La Vie
5ezMlUjgWR1qSwIB	Lykke Li	Complaint Department	Youth Novels
5fNEHTk23KOhI8Cp	Bitamina	Ciekawe miejsce	Kawalerka
5fRWN8SWgAjthZyh	Limp Bizkit	A Lesson Learned	Significant Other
5fga8XWcyM6AhD3t	Cream	Dance the Night Away	Disraeli Gears
5fz08CJx42Ia7DrS	Avril Lavigne	Wish You Were Here	Goodbye Lullaby (Expanded Edition)
5g8LHgR1GND7IY18	Summoning	Marching Homewards	Minas Morgul
5gI8ealRrm7YbMzE	Bad Company	Seagull	Swan Song Years 1974-1982 (Remastered)
5gvF447rb1rXG4W5	Grand Funk Railroad	The Loco-Motion	Shinin' On (Remastered)
5hx77DgNcRAntbRa	Bob Dylan	Idiot Wind	Blood On The Tracks
5i6YWGw5v7GAKkVy	Cami	Más De La Mitad	Rosa
5irgmNE7Y4O3G6de	TLC	Case of the Fake People	Crazysexycool
5iwqTicdZjaKDNs1	2 Chainz	Used 2	B.O.A.T.S. II #METIME (Deluxe)
5jMqi9NLmuzz3xER	The Yellow Monkey	I don't know	9999
5jQLDAjgugNZ4S6e	Death from Above 1979	Caught Up	Outrage! Is Now
5k0J8Khb6W0O7vt8	Nickelback	Edge Of A Revolution	No Fixed Address
5kG28CzlVZGIrpOh	Alpine	Villages	A Is For Alpine
5kHDYEyLxG5btrxA	Girls Aloud	Boogie Down Love	The Collection - Studio Albums / B Sides / Live
5kRRzFRjQDMeKZh5	Carrie Underwood	Wheel of the World	Carnival Ride
5l8k6jpPsqGjgmwC	August Burns Red	Carbon Copy	Phantom Anthem
5lYXY2GrZS1Itbnw	Mushroomhead	Sun Doesn't Rise	XIII
5lp6WPQXOXbaG2Kj	Kvelertak	Fossegrim	Kvelertak (Deluxe Edition)
5mEYfsUwcZkCHs1O	Broadcast	Colour Me In	Haha Sound
5mOxIQC1MFQaajCS	Swans	Money Is Flesh	Public Castration Is A Good Idea
5myxZ7PPTBItSNKV	Lamp	最終列車は25時	恋人へ
5nE0LQfRWTrx6luh	Aversions Crown	The Breeding Process	The Breeding Process
5nba7v13hMFxZ6e4	Queensrÿche	Man the Machine	The Verdict
5ncTabMAeNCGZfXp	Marilyn Manson	Sweet Tooth	Portrait Of An American Family
5oA1qAGYLj6W15vO	Adult Jazz	Hum	Gist Is
5of4TBCqyNJxO3Da	Escape the Fate	Broken Heart	I Am Human
5pHcnDimXQuDBXiM	Korn	Punishment Time	The Paradigm Shift
5pMQhlkciPW2dvA2	Jan Blomqvist	Maybe Not	Maybe Not (Rodriguez Jr. Remix)
5pXZYfwp0p9pSam2	Betty Who	Right Here	Take Me When You Go (Deluxe Version)
5pefNeWT0nGcTmWH	Gunship	The Gates of Disorder	Dark All Day
5puEuHuDvFBi7Qj2	Goldfrapp	Anymore	Silver Eye
5qS4jrejDakMgRii	Eyes Set to Kill	Burn Down	Eyes Set To Kill
5rM7oS06IJuh3qFt	JPEGMAFIA	Rainbow Six	Veteran
5rgTx0RWpBrbGKo3	The Kinks	Drivin'	Arthur (Deluxe Edition)
5shD7tJ5iYu8vdMl	NX Zero	Sintonia	Sintonia / Nessa Cidade
5t9ZOKLEOZ446B6T	The Smashing Pumpkins	Window Paine	Gish (Deluxe Edition)
5tRzeSQZg5InYL5Y	Limão Com Mel	Toma Conta De Mim	Um Acustico Diferente
5uHSQQR4vY303egd	The Veronicas	Revolution	The Secret Life Of... (U.S. Version)
5uS8vWF3uTFohZRA	Oh Wonder	Without You	Oh Wonder
5ulXiax8UJuHS5C0	Andrew W.K.	Party Hard	I Get Wet
5uyK4MY9X6YPfm7Y	Jack Johnson	No Good With Faces	To The Sea
5v8P2iE6GTR7ITgp	Zélia Duncan	Alma	Sortimento Vivo
5vRXh3j6q1qhi4ht	The Pillows	Little Busters	FooL on CooL generation
5vY0zdHBkTAs7dFl	Red Hot Chili Peppers	Mommy Where's Daddy - 2002 Digital Remaster	Red Hot Chili Peppers
5vejHNCT3rGBJHC3	Sheryl Crow	Good Is Good	Wildflower (Deluxe Edition)
5vxRYq375jamf6Qj	Nick Mulvey	Moment Of Surrender	Moment Of Surrender
5wCw7eATgUSfplfa	Emigrate	You are so beautiful	A Million Degrees
5wHPXFPehEBD8OrL	Morcheeba	Everybody Loves a Loser	The Antidote
5wlPWDOi8ihQ5sTc	Tina Turner	Be Tender With Me Baby	Love Songs
5wyv1E5hkhJR9Q1V	Nile	Hall of Saurian Entombment	In Their Darkened Shrines
5xGdtXaPJJnv8DQR	Tom Zé	Ui! (Você Inventa)	Warner 30 Anos
5yUssnUlEeZjzg4P	Brandy	Focus	Afrodisiac
5zG2Y9PUi6haLPhk	Sixpence None the Richer	Breathe Your Name	Divine Discontent
608RAorKOvSj4T7t	Lil B	Berkeley	Black Ken
60m3ZKYwzF1AILx4	Hammock	Locating Silence	The Sleepover Series, Vol. 2 (Bonus Track Version)
60ttr6qLtN0B5qrc	As Blood Runs Black	Hester Prynne	Allegiance
61G9ofDcAZxQ0NGm	miwa	chAngE	miwa the Best
63jz2yy0Rll5W1c9	Korn	Rotting In Vain	The Serenity of Suffering
65jhplKd8AOdbx70	Loreen	Jupiter Drive	Ride
65wDEhUoUx0bH3Sd	Tegan and Sara	Freedom	Under Feet Like Ours
66lf6cbPN3kEsihw	Rob Thomas	When The Heartache Ends	Something To Be
67zrYvQSMe5eK96X	MC Theuzyn	Ela tira o pau da tcheca pra botar na boca	Ela Tira o Pau da Tcheca Pra Botar Na Boca
6865jdk5RdA2Q3W2	Culture	Two Sevens Clash	Two Sevens Clash
68AfbH6aUVyu4NSy	Thirty Seconds to Mars	Closer to the Edge	This Is War
69urnaMnMPIECc0d	Sunflower Bean	Oh No, Bye Bye	Twentytwo in Blue
6A2fpJ54WelUYKRf	Sérgio Reis	O Menino Da Porteira	Boiadeiro
6AtYXxHqDCqre4eV	Laura Pausini	One More Time	Lo Mejor De Laura Pausini - Volvere Junto A Ti
6B4PRup0ktmDTnBj	Lexsoul Dancemachine	Beef Grinder	Deus Lex Machina
6BHKRqedHnZNgvwq	Mad Caddies	Backyard	Keep It Going
6CH45wqrOmDtMRh6	Nas	Affirmative Action	It Was Written
6CPchJlOxi8Lm8Fw	Herbie Hancock	Dolphin Dance	Maiden Voyage
6Ckx3D1NVNvX0jio	Harold Melvin & The Blue Notes	If You Don't Know Me By Now	The Best Of Harold Melvin & The Blue Notes: If You Don't Know Me By Now (Featuring Teddy Pendergrass) (feat. Teddy Pendergrass)
6DFvffhtHNM9DlsD	Mon Laferte	Cumbia Para Olvidar	Norma
6DSJD0Oemhb8u8Ao	Limp Bizkit	Behind Blue Eyes	Results May Vary
6E8AE6BDZ9wS09aX	R.E.M.	Monty Got a Raw Deal	Automatic For The People
6E94y926Mwc8UsTc	Cascada	Evacuate the Dancefloor	Evacuate The Dancefloor
6EAsy0eXiXYn6Fxc	Kate Stewart	Distraction	In The Beginning
6Ec6jOnqa0Y1m5Ig	Joost	Demonen In Me Lichaam	Albino
6EmLRW2jlmK35fNu	Blue Öyster Cult	The Red & the Black	Tyranny And Mutation
6FTUoF6l1nzFi4pn	Sleeping With Sirens	November	Madness (Deluxe Edition)
6FlZ0TVkUPf6RNYW	Röyksopp	Only This Moment	The Understanding
6Fyk7xZF1jOYlTEz	Taco Hemingway	Wszystko Na Niby	Café Belga
6G3OlCkqo5aaeQrg	Kim Wilde	Cambodia - Single Version	Select (Deluxe Edition)
6G3q6YqIzBN1JUjc	Sara Evans	Born to Fly	Born To Fly
6GnNvNQi3FpW3PL5	Too Close To Touch	Eiley	Haven't Been Myself
6J5tsCOUoKhBvfL5	Horrendous	Devotion (Blood for Ink)	Idol
6JC8YxWAM6AicoDX	Destry	Leave The Light On	Waiting On An Island
6JVwiDR9zS4dfp8L	Eels	Beginner's Luck	Hombre Lobo
6JmwFGurT4imyE7M	Dashboard Confessional	The Places You Have Come To Fear The Most	The Places You Have Come to Fear the Most
6JoddNb0GqI5dWiC	Tori Amos	She's Your Cocaine	From The Choir Girl Hotel
6JwXfZULVpssuwLn	Paysage d'Hiver	Offenbarung	Das Tor
6KUiIuuloT6mhHpQ	A Place to Bury Strangers	And I'm Up	Worship
6KXtLUgJSVQm3aD1	The Pogues	Love You 'Till the End	Pogue Mahone [Expanded] (US Version)
6KgeXc1k7HonJz9Y	Colette Carr	Believe In Us	Believe In Us
6MJkge2anZHEYvjl	Talk Talk	It's My Life	It's My Life
6Md22aBSNXo62J4f	Shakira	Lo Hecho Está Hecho	She Wolf (Expanded Edition)
6MyInp6HkGRDRQnu	Acoustic Alchemy	The Beautiful Game	The Beautiful Game
6OYZWw103w5FJ84E	The Beautiful South	Song For Whoever - Single Version	Carry On Up The Charts - The Best Of The Beautiful South
6PRalGDOmC27ibWk	City and Colour	O' Sister	Little Hell
6QQBJU3WYI2z5t45	Foxing	The Magdalene	Dealer
6RUPvcfSGOskTiYV	Carcass	Unfit For Human Consumption	Surgical Steel
6RurDTBUq8pibWZi	Lia Clark	É da Pista	É da Pista
6SmtWdmnc7FOhqqE	Las Ligas Menores	En Invierno	Fuego Artificial
6TCjMEUrvVjjOpQu	The Presets	Knuckles	Hi Viz
6TmAihJXY0YhL45r	Nuclear Assault	Funky Noise	Handle With Care
6U0qwqza4o7Q2DNw	Ramin Djawadi	See You for What You Are	Game Of Thrones: Season 7 (Music from the HBO Series)
6U1725ceR4JyKM3c	Brie Larson	Shoebox	Finally Out Of P.E.
6UEKlxGSgkQmqSEr	Arcade Fire	The Woodlands National Anthem	Arcade Fire - EP
6UGaCEYOALmfHjVK	Sondre Lerche	Sentimentalist	Please
6UVi49N41dbX580A	Blackbear	double	digital druglord
6VFPcau6SWAqnbaR	Suicide Silence	You Only Live Once	The Black Crown
6W3d1JAe7zFsO0t7	Pink Floyd	Another Brick in the Wall (Part 2)	Celtic Pink Floyd
6WWn2yFKASscMwKV	Young Igi	Fendi	Konfetti
6WxqKZdv7Dx0aAzH	Banda Ravelly	Meteoro	Envolvendo Você!
6X1A6uyLZZBRbfwf	The Tallest Man on Earth	Bright Lanterns	There's No Leaving Now
6XJw0ZPeLQeM0EWn	We Are the Fallen	Don't Leave Me Behind	Tear The World Down
6YdzDwnoQ34wZoyv	Ariana Grande	ghostin	thank u, next
6YjXW7tLyeGAAGgs	Bastille	The Currents	Wild World (Complete Edition)
6YrVmtBLvuTOTGKo	Taake	I	Doedskvad
6Z1X16IOPXFYfChb	Depeche Mode	Goodbye	Delta Machine
6ZIwFh04fhf3C6Mt	In Fear and Faith	You Had Your Chance	In Fear And Faith
6ZnmrijZUnFFKFkg	Allah-Las	Don't You Forget It	Allah-Las
6aMo7EKAcwQDM0oK	G.R.L.	Kiss Myself	Kiss Myself
6aW7evleI2c1U6fF	Otis Redding	(Sittin' On) The Dock of the Bay	The Dock of the Bay (Mono)
6bLXiodr1OiQV4w4	Langhorne Slim	Changes	The Spirit Moves
6bassbmE9Lf13nli	Sean Paul	I'm Still In Love With You	Dutty Rock
6bdb3Ht58CrzzZI8	Chevelle	Antisaint	Vena Sera
6c5RMNmIY37Qi0M2	Shawn Mendes	Because I Had You	Shawn Mendes
6cOmllDm4mslnyMk	Phillip Phillips	Get Up Get Down	The World From The Side Of The Moon
6d39g3ZQvtrrMd4S	Billy Bragg	There Is Power In A Union	Talking with the Taxman About Poetry
6d4PYlUu4uYMQaXc	Wicca Phase Springs Eternal	What's the Point of Anything	Corinthiax
6e5DpbZf6phQsBhN	YoungBoy Never Broke Again	Left Hand Right Hand	AI YoungBoy
6eFhw04o8Pqpztsy	Miami Horror	I Look to You	Illumination
6eGhfVi5ttEHAE9E	Lostprophets	Goodbye Tonight	Start Something
6eYqPqMTKQab1fIU	a-ha	She's Humming A Tune	Cast In Steel
6eZihFciiAjKVNA3	George Michael	Freedom! '90 - Remastered	Listen Without Prejudice / MTV Unplugged (Deluxe)
6ffiWqlhcrDgUSCo	How to Destroy Angels	How Long?	Welcome oblivion
6fiCT4PoHDOAhlQa	HOLYCHILD	Carmelo	Carmelo
6gDSYbenSXOshLKJ	The Rapture	Roller Coaster	In the Grace of Your Love
6gsfJy7ywp3dMApJ	Bad Religion	Lookin' In	Recipe For Hate
6i8FMF0SDSHGFYD9	Autechre	carefree counter dronal	NTS Session 1
6j8mi57KsIj6lpl7	Enforcer	Midnight Vice	Diamonds
6jPhq4fIrjJm2ZkZ	J Balvin	Lose Control	La Familia B Sides
6jzBMaEOvntdvZ17	The Radio Dept.	Sleeping In	Pet Grief
6kBSY1A0ezfQKKQQ	Glee Cast	You Keep Me Hangin' On	Glee: The Music, Volume 1
6knr17cnXPBrhwaO	Ambleside	Wash Away	Shape Me
6kylraOAy04sKSHV	Saves the Day	Nightingale	Stay What You Are
6l5zZ7HX0gnNzgJx	Kim Wilde	You Came	Close (Expanded Edition)
6muc6NiAeHJeKD9N	Elvis Presley	Good Rockin' Tonight	A Date With Elvis
6oSFqOOHDtQhzW92	The Afters	Lift Me Up	Light Up the Sky
6oTcM2NxAgu43l5q	Magma	Weidorje	Udu wudu
6pL5srXCZjgIw5OF	Descendents	Statue of Liberty	Milo Goes To College
6qkR6e0UWZfC10NK	Madonna	Deeper and Deeper	Erotica (PA Version)
6r5umUmtmDmm0yMF	The Blackbyrds	Walking in Rhythm	The Blackbyrds
6rQ7GUl8g7jd1yJc	*NSYNC	For the Girl Who Has Everything	'N Sync
6roFJcG5ZsLbRyIv	Eldamar	Spirit Of The North	The Force of the Ancient Land
6s7D2kq7AlYmbsnd	Alanis Morissette	Torch	Flavors of Entanglement (Deluxe)
6sOYRi5TXMxLORLW	Brian Wilson	Heroes and Villains	Smile
6sqU3FJ0je01aa16	Metronomy	Miami Logic	Summer 08
6t1mc9MY9rWVwIr9	Raça	Cores de Cabelo	Saboroso
6tENy9fZ6ZsFBUdI	Mary J. Blige	Never Been	No More Drama
6thYyT8kkAjzEdPp	The Cure	Never Enough	Mixed Up
6u1gua4yCZuzguFs	Mogwai	My Father My King	My Father My King
6u8drYIAMrGLElEC	Shane Harper	Anything But Love	Like I Did
6uE8tCfP8lyfp51E	Ween	Gabrielle	Shinola (Vol. 1)
6urmLRq6mfG3tMPk	Goldfrapp	Moon In Your Mouth	Silver Eye
6uujs4kLb5pLCHDH	Mount Kimbie	Meter, Pale, Tone (feat. King Krule)	Cold Spring Fault Less Youth
6v6VhRpKuqstdk9y	Rites of Spring	Theme	Rites of Spring
6vEQEEHpvp9CH77s	Women	Heat Distraction	Public Strain
6wJVHvBwU2TPn3Ul	The White Stripes	Suzy Lee	The White Stripes
6wLnOvDm1wefcE9z	Austin Mahone	Something So Real	This Is Not the Album
6wX1ceeTwxoClh4M	Blue Öyster Cult	Transmaniacon MC	Blue Oyster Cult
6wkqDBUn8coXAZeF	Fern Kinney	Baby Let Me Kiss You	Groove Me
6xIwbgSE75ERwwfM	Kamil Pivot	Mandarynki	Tato Hemingway
6xfH2wHZxGdmV2zl	Lupe Fiasco	Just Might Be OK (feat. Gemini)	Lupe Fiasco's Food & Liquor
6yg3s3PeyUEsG0ac	Lana Del Rey	Ultraviolence	Ultraviolence (Deluxe)
6z8UiWUf8QaBN4Qd	Annalisa	Direzione La Vita	Direzione la vita
6zJzYR7Fm5cxdSlB	Suffocation	Seeds Of The Suffering	Effigy of the Forgotten
6ztpS2NjJkNfCmU4	*NSYNC	Crazy for You	'N Sync
6zvBm3jtkQZuGEOh	Sonic Youth	Starpower	Evol
6zyfsGAICPU4Poy5	Joe Diffie	John Deere Green	Greatest Hits
70a8AW06FWtIRGzl	M.I.A.	Pull Up the People	Arular
70xiHgrgIgK4i7dq	Ratatat	Falcon Jab	LP3
71De9tdYEmNWBHoW	Watsky	Talking to Myself	x Infinity
71wKpR0S53M3CHdG	Gal Costa	Força Estranha	Gal Tropical
72YoIVPLHga23QNS	Sheila	Papa t'es plus dans l'coup	Sheila (Compilation 2006)
72xSZ7FTAVl7H72Y	Collective Soul	Shine	Hints, Allegations & Things Left Unsaid
737bRTRxrSCgRmIW	Current 93	The Inmost Light	All the Pretty Little Horses (The Inmost Light)
73Cv2wgbqARqyBH0	Dua Lipa	IDGAF (Hazers Remix)	IDGAF (Remixes)
73RnXOlgo4ePwUIw	The Dears	22: The Death Of All The Romance	No Cities Left
73lVwNvXiTLqgxR4	Collective Soul	Why, Pt. 2	Blender
73sZRup5iYAU4vGv	Vanguart	Eu Sei Onde Você Está	Muito Mais Que o Amor
74SSuLA9V54qtwMP	RADWIMPS	Date	Your Name.
74iTYfigJ1meiVVU	Powerwolf	Catholic in the Morning... Satanist at Night	Bible of the Beast
74mQUFV49o0bMRBY	Codeine	D	Frigid Stars
74sK5o5bkPjaE5YV	Padi	Mahadewi	Lain Dunia
75ZD3AqeWCum9gGD	Almir Sater	Chalana	Almir Sater
76BxAopLbuTcOJsZ	ZZ Top	It's Only Love	Tejas
76EZTWn742hQV6ph	Dolly Parton	I Really Got the Feeling	Heartbreaker
76Ebv3bYRGZ4gxDa	Alexandre Desplat	A New Beginning	Harry Potter and the Deathly Hallows, Pt. 2 (Original Motion Picture Soundtrack)
76P9ch1ul7aPaqyR	David Archuleta	Numb	Postcards in the Sky
76pmfDm804B5Jktt	Jidenna	A Bull's Tale	The Chief
77Qx6tdWazRDmfi8	Nine Inch Nails	06 Ghosts I	Ghosts I-IV
77lEiDssVCHYbk1U	Destiny Rogers	Tomboy	Tomboy
78WD8M7F5zhxiVNa	mt. marcy	i miss you	i miss you
78XDhPEcFuLGxB4t	Frank Ocean	Pretty Sweet	Blonde
78Y1MYLyoE0y0DBS	Blank Banshee	JUNO	Mega
78m8NMPaPadmTvBL	Psyche	The Saint Became a Lush	Unveiling The Secret
78qHG36f6mTS7oe1	Kell smith	Ai de Mim	Girassol
79GBPM2O9vl0xC7R	Zolita	Truth Tea	Truth Tea
7A0yOWQaeWKXWRiV	Hugh Masekela	Grazing In The Grass	The Promise Of A Future
7A1iIPaMjE1YEStW	Fall Out Boy	City In A Garden	Lake Effect Kid
7AJzgEIZLwTUWsQ0	Sugar Candy Mountain	Crystalline	Crystalline
7AbZpDQ5co4eiTyc	Simon & Garfunkel	A Poem on the Underground Wall	Parsley, Sage, Rosemary And Thyme
7AlwkKLMQSNsKaYc	Metallica	The Call of Ktulu	Ride The Lightning (Deluxe Remaster)
7BAlwhElxz0QwpE0	Fugazi	Kyeo	Steady Diet of Nothing
7BFzklEVJD7s6BFZ	Dahlia Sleeps	Love, Lost	Love, Lost
7BUNrPfM6kxjbrNf	David Bowie	Five Years	The Rise And Fall Of Ziggy Stardust And The Spiders From Mars (2012 Remastered Version)
7CpX9zMMPG5uRYRg	Odisseo	Barry	Sí, Yo Soy
7D47Si8PKntQQx80	Baleia	Tardei - Ao Vivo no Sesc Copacabana	Quase Todas as Versões que Já Tocamos Até Hoje Enfim em um Só Lugar
7DQI6hI5KiggQHkB	Paul McCartney & Wings	Nineteen Hundred And Eighty Five	Band On The Run (Standard)
7E1HAun5nkINOQct	Joey Bada$$	Paper Trail$	B4.Da.$$
7E69Rk5SPoY6hvVd	The National	Fake Empire	Boxer
7EjT1bH7R8ij9j2R	Ariana Grande	Love Me Harder	My Everything (Deluxe)
7F7KQ6YgH6uRr8ex	Cocteau Twins	Bluebeard	Four-Calendar Cafe
7FKeulrlrKIgKeaW	Queens of the Stone Age	Make It Wit Chu	Era Vulgaris
7FZ2R36AlGe6iTw1	Paul McCartney	Fine Line	Chaos And Creation In The Backyard
7FZZx5V98DR2JlMC	Solen	Bär Mig	Solen
7G00YUPjne85CRiM	Therion	Schwarzalbenheim	Secret Of The Runes
7G0bXJSKniE80UNf	GusGus	Obnoxiously Sexual	Mexico
7GSjAtazIoxS3UwX	Deftones	Pittura Infamante	Gore
7HXhLM3J0aSbSSqk	Bas	Live For	Too High To Riot
7I634VNkk48XDttP	Syn Cole	Miami 82 - Lucas Silow Remix	Miami 82 (Remixes)
7IsN0yLlttKNYJmg	The Cribs	Shoot the Poets	Men's Needs, Women's Needs, Whatever (Standard Version)
7IwsL07vNZbD79cP	Prince	Mary Don't You Weep (Piano & a Microphone 1983 Version)	Piano & A Microphone 1983
7JFv9vneBtkloxMi	Nicolas Jaar	Mi Mujer	Time for Us
7JIMHRbZsn73ObY4	Amy Winehouse	He Can Only Hold Her	Back To Black
7JKlKoEKdCA3pGhf	The Raveonettes	Dead Sound	Lust Lust Lust
7JQZ8tDyvumwNsoJ	Him	For You	Greatest Lovesongs Vol. 666
7JTA7Zmty4hUQOMl	Nightwish	Creek Mary's Blood	Once
7K0zBNDLjFEV483r	Dave Barnes	On A Night Like This	Me And You And The World
7KG9VYeMEzp4Z7ej	Noel Gallagher's High Flying Birds	Holy Mountain	Who Built The Moon?
7KV6mVbPdP7AJpsl	The Claypool Lennon Delirium	Cricket And The Genie - Movement I, The Delirium	Monolith of Phobos
7KhE0Am0Dmu0Wnjk	PRO8L3M	Vanitas	Ground Zero Mixtape
7L39QD1Mvuvz1VhT	Françoise Hardy	L'anamour	Comment te dire adieu ?
7LT7loQoyPXTE9UT	Archive	Bright Lights	The False Foundation
7LmUSPvmWLIY9Fub	Tom Waits	Rain Dogs	Rain Dogs
7LnQSdnFNRO3KOxj	Yubin	Game Over	#TUSM
7MEfyEz895pdyjXW	Funkadelic	Standing on the Verge of Getting It On	Standing On The Verge Of Getting It On
7NFtxOsB3SXx7Z02	Alvvays	Lollipop (Ode To Jim)	Antisocialites
7NlPtMoPy4e8Snbs	Ava Max	My Way - Julius Jetson Remix	My Way
7NrE8RtOhEBcQTe2	Fates Warning	Life In Still Water	Parallels
7NxXSo5Xly9ZHgyR	Post Malone	Congratulations	Stoney (Deluxe)
7O6ftsTUQUCD4KUH	Karametade	Decisão	Karametade 1997
7OJutP2b13nSaJLW	Christopher	Told You So	Told You So
7ORRZg3iFOf5fmbl	Thalía	Maria la del Barrio	Greatest Hits
7PAc0qJBlSzW7Jlc	Primus	My Name Is Mud	Pork Soda
7PCg1FtuANIMix85	Kings of Convenience	Riot on an Empty Street	Riot On An Empty Street
7PDjA0rUcCiqbJch	Boa	I Did It For Love	BoA (Deluxe)
7QlDTqDg0By8m55j	Infected Mushroom	I Wish	I Wish (feat. WhyNot Music & Jay Jenner)
7R8wjQDT5ymhHmY4	Jeremy Soule	A Winter's Tale	The Elder Scrolls V: Skyrim: Original Game Soundtrack
7RCK9ScJ0wBPmqnX	Anna Meredith	Nautilus	Black Prince Fury//Jet Black Raider
7RETcXgtJOJJrdHb	Ice Cube	You Can Do It	At Tha Movies
7RZpX1MbSLb8kZAY	Future	Goin Dummi	Future Hndrxx Presents: The WIZRD
7SDLcVvC7NR6oyaW	Polvo	Sure Shot	Today's Active Lifestyles
7SJF7uYFn0an2k93	Scambo	A carne dos deuses	Vermelho
7SWIyUBZAYMDFW6u	Julia Marcell	Matrioszka	June
7SzjtUOGMfK8C3Ir	Melvins	Ramblin' Man	The Crybaby
7U0phnrUThWxV5Sq	BTS	No More Dream	2 Cool 4 Skool
7U2ptxsghPXnYQWu	Steely Dan	Kid Charlemagne	The Royal Scam
7UvrHg5ByZoFM4Sf	Amy Winehouse	Some Unholy War (Down Tempo)	Back To Black: B-Sides
7UyCI7BQxNYSVuQg	Portugal. The Man	Everyone Is Golden	The Satanic Satanist
7V8tkPp8mXCI6P5L	Mereba	Late Bloomer	Late Bloomer
7VBhx1QLglNM6Bc1	Bonnie Tyler	Band Of Gold	Secret Dreams And Forbidden Fire
7VrIzf6siL6P5YAg	tofuku	Digital Girl	Digital Girl
7WIUxU1V70S8bnKQ	Lena	Thank you	thank you
7WJ1lNqyKWkaGYOS	Drexciya	Under Sea Disturbances	Harnessed the Storm
7WYq4LBhcn7Z9arf	Hammock	Oh the Bliss (Reinterpretation)	Far Cry 5 Presents: We Will Rise Again (Original Game Soundtrack)
7WtOYMdhw7N4WQch	Lomepal	Club	FLIP (Deluxe)
7X1JnzLvCWvNFhM3	Gal Costa	Verbos Do Amor	Minha Voz
7X9IbbIGPYzavyld	Megadeth	Prince of Darkness	Risk (Remastered)
7XPNBlkIsGVoF4MN	Elvis Presley	Can't Help Falling in Love	Blue Hawaii
7XuOsvai2Ok4JeGQ	Gojira	Fire Is Everything	Terra Incognita
7Z51azBBTDQbIYSg	Good Morning	Escalator	Escalator
7aEHe0bQRa8OdUEM	Sheila E.	The Glamorous Life	The Glamorous Life
7aQTkNXfuS44Nmwv	Temperance	Broken Promises	Of Jupiter and Moons
7afnYuMcGVbNxlEG	Devin Townsend	Sister	Ocean Machine
7bDdq09ToNnBjdeI	Prince	Gold	The Gold Experience
7bOteKgPqGaAdIIJ	Natiruts	Liberdade Pra Dentro Da Cabeça	Natiruts Acústico no Rio de Janeiro
7bwzxS37GZ78Z0Ba	Wolfgang Amadeus Mozart	Le nozze di Figaro, K. 492: Sinfonia	Mozart: Le nozze di Figaro
7d60YLT0ktxkYem8	Danity Kane	Sucka for Love	Welcome To The Dollhouse
7dDD0zOBtSStQCfO	MS MR	BTSK	Secondhand Rapture
7dYk0TCGZqev3LJD	Paul McCartney	Say Say Say	Pipes Of Peace (Deluxe Edition)
7e6wFbNEVDGcN9Rm	The Gutter Twins	Circle the Fringes	Saturnalia
7f3hTNaHnFuFP3cC	Austin Wintory	The Egg Cracks	The Banner Saga
7fQmb3jm6SUCAsaZ	Evans Blue	Destroy the Obvious	Graveyard of Empires
7ffhj6RdN0kmRSIx	The Verve	Love Is Noise	Forth
7fgTWMtI8GxIrefI	Peter Bjorn and John	Between The Lines	Breakin' Point
7hEOpxN30iOHNMFM	The Dillinger Escape Plan	Setting Fire to Sleeping Giants	Miss Machine
7hQJkknDBCm33LM0	Limes	Jovial	Fresh Squeezed
7hyZakzTE6dcJQHD	Von Grey	Forever Bound	Panophobia
7hzX7HywY9R8hiin	Abandoned By Bears	So Far Gone	So Far Gone
7iDpgervQgIeCfHz	Cold	Back Home	A Different Kind Of Pain (Domestic Version)
7iZ0hvEsAAi8caz2	Zero 7	End Theme	Simple Things
7jDVUkaYQOZ2lVz3	Draconian	Reversio ad Secessum	Where Lovers Mourn
7jFuPGc7etG4W8hM	Alessia Cara	Nintendo Game	The Pains Of Growing
7jMSAEmYnzJW7Mka	Colour	Shamu	Anthology
7kfNgnD9Hk8OMSh5	Stone Temple Pilots	Sex Type Thing	Core (Super Deluxe Edition)
7kk58TckBLcpzge2	Burkini Beach	Bodyguards	Bodyguards
7l6P8FfLjUyxc9kr	AJ Tracey	Double C's	AJ Tracey
7lX0wiRVFx54LBrx	The Cab	Bad	Symphony Soldier
7leAc06luQOelIPg	Avantasia	Ghostlights	Ghostlights (Bonus Version)
7lfWuF3dZT4vNcPp	OutKast	Player's Ball	Southernplayalisticadillacmuzik
7lijBnYihFTByPzZ	Seventh Wonder	Alley Cat	The Great Escape
7lnsypU7Ye97f1HH	BADBADNOTGOOD	Lavender (feat. Kaytranada)	IV
7mjA9pJ32t2pVUgy	The Wombats	Emoticons	Glitterbug (Deluxe Version)
7mzoGNG3o4mtDEzb	Aphex Twin	Windowlicker	Windowlicker
7n9HCSsDNhdMBBdY	Braids	In Kind	Flourish // Perish
7nd2pFgIAJAqbDtn	Red Lorry Yellow Lorry	Hand on Heart	Talk About The Weather
7nlrtet64qvV65FT	Carpathian Forest	A Forest	Black Shining Leather
7nvwgKHgajex6Wgf	Slowdive	Don't Know Why	Slowdive
7oKqvHCkbc4R2NcX	Thalía	Regresa a Mi	Greatest Hits
7oUKgtVJArd6fXrs	Los Punsetes	Tus amigos	LP2
7p9k9wkRkquTvHxO	Mike Posner	Cooler Than Me - Gigamesh Radio Edit	Cooler Than Me EP
7pmlbcQzzSvtBkvN	Capsule	Hero	WAVE RUNNER
7ql5mHOJ2gahgIxZ	Prince	It's Gonna Be Lonely	Prince
7ruMlW0pmKIk88Md	Sade	Immigrant	Lovers Rock
7soHX5boBQp4RBtJ	La Quinta Estación	Me muero	El Mundo Se Equivoca
7sv7z1h2Y84Hl5B0	Kamelot	When the Lights Are Down	The Black Halo
7tXhrFGY03xyI3wr	Paloma Faith	'Til I'm Done	The Architect (Zeitgeist Edition)
7uCosVis839QFC11	Justice	Chorus (WWW)	Woman Worldwide
7uN8nT2TheGLuOGy	Agoraphobic Nosebleed	Torn Apart By Dingos	Honky Reduction
7uf5OM1hRZUayJeJ	The Verve	Catching the Butterfly	Urban Hymns (Deluxe / Remastered 2016)
7uy7FiNKCYzw8QeX	Bread	Everything I Own	Baby I'm-a Want You
7v1JDazhq1RhTjAl	Kylie Minogue	All the Lovers	Aphrodite
7v2CDZQgHq2LZkUJ	Jason Aldean	Rearview Town	Rearview Town
7vGskBKCz6wtYI6H	Pink Floyd	Matilda Mother	The Piper at the Gates of Dawn
7vU4F2PPFKuAncGZ	Damon Albarn	The History of a Cheating Heart	Everyday Robots
7vdzHB0K1f1yQXNc	Elliott Smith	Cupid's Trick	Either/Or
7vkzE1Tc4rhc5iY1	Widowspeak	Wicked Game	Gun Shy
7vyXrRAzdQ8RPDU6	Grrrl Gang	Bathroom	Stop This Madness
7wfj1RYJxB0K5GnC	The Lonely Island	Donkey Roll	Popstar: Never Stop Never Stopping
7wso3k9dghQEm5BC	Jacques Brel	La Chanson De Jacky	15 Ans D'Amour
7xRcNBMeeFDbqMo0	Fidlar	Leave Me Alone	Too
7xUcbwVVP5mOXGj7	Los Hermanos	O Vento	4
7xhbUamx6HrSX05K	Wintersleep	Beneficiary	In the Land Of
7y2yoXwEiX8LaXA5	Nirvana	Swap Meet	Bleach: Deluxe Edition
7yfcZpXGFKkFdpkO	The White Buffalo	The Matador	The White Buffalo EP
7yiF9e8QCKOEfDio	Anaal Nathrakh	Desideratum	Desideratum
7zmgo5kCgsK6z4IM	The Smashing Pumpkins	Landslide	Pisces Iscariot (Deluxe)
801oC6aLYg9RHVFY	Pianos Become the Teeth	895	Keep You (Deluxe Edition)
81U48X3iub3BOn61	Take That	The Garden	The Circus
82tsqv0BWeNJpBRy	The Dickies	Eve Of Destruction	The Incredible Shrinking Dickies (Expanded Version)
83Y5O0JGOSaLxBXq	Kanye West	Power	My Beautiful Dark Twisted Fantasy
84AgJA0hi1d31kRs	The Dandy Warhols	Not If You Were The Last Junkie On Earth	The Dandy Warhols Come Down
84U5AvMNww8S6OFR	Anne Murray	You Needed Me	Let's Keep It That Way
854zV9cb5MWJyHAQ	Carbon Based Lifeforms	Betula Pendula	World Of Sleepers (2015 Remaster)
85G69IxHKiBhTKOx	Buika	No Habra Nadie en el Mundo	Niña de fuego (Standard version)
85SuQhNg7pOF5cRf	Eminem	Ken Kaniff	The Marshall Mathers LP
85neaSgs5WK4EczV	Fates Warning	One	Disconnected
865ykTyAjfPpdCmx	Super Junior	첫눈에 반했습니다 (Love at First Sight)	DEVIL - SUPER JUNIOR SPECIAL ALBUM
86LgMB8I2mjqAObi	Mura Masa	Suicide Blades	Soundtrack To A Death
873PHsocsWzooGbq	Paramore	Tell Me How	After Laughter
87QIuKb0nJaeRsSg	Warpaint	So Good	Heads Up
87abhZFwglpLMIzH	blink-182	Left Alone	California
87ut3i4zv2SfKqIi	Utada	The Workout	Exodus
881vUvn86B5VKQgv	Vic Mensa	Rollin' Like A Stoner	The Manuscript
883kasCisG2mz2iC	Hüsker Dü	Terms of Psychic Warfare	New Day Rising
887oWPcWpcHmffEP	Elbow	Forget Myself	Leaders Of The Free World
88bAyZF0qFZ8ha8L	Relient K	Part of It	Forget And Not Slow Down
88w6JHb5XO4BFBTz	Descendents	I'm the One	Everything Sucks
88wFdenwAydEmiUv	Ne-Yo	Lazy Love	R.E.D. (Deluxe Edition)
893k8e6RMnBbgd8f	Shakira	Waka Waka (This Time for Africa)	Waka Waka (This Time for Africa) [The Official 2010 FIFA World Cup (TM) Song] (feat. Freshlyground)
89E5lBZvWM0rBtNl	Blues Traveler	Run-Around	Travelogue: Blues Traveler Classics
89iKrT92QCtupq8m	The Zombies	Road Runner	Begin Here
89jtSeMyG0IpUj3y	Jeff Buckley	Dream Brother - (Alternate Take)	Grace (Legacy Edition)
89tSDRud9wqA7VEU	Dua Lipa	Garden	Dua Lipa (Deluxe)
8A784GprQY64JCxN	Brian Eno	Lanzarote	The Shutov Assembly
8AVECDHAJecitgwx	Janelle Monáe	Make Me Feel	Dirty Computer
8B6Pi8tuAEsNRHYw	Björk	Hope	Volta
8BHXzRMzmiC9fARu	Alexis Ffrench	A Time of Wonder	The Piano Whisperer
8BoLOpp9Ogc4kESx	CSS	Off the Hook	Cansei De Ser Sexy
8C9RJmUK1RrzO70J	Health	Wrong Bag	VOL. 4 :: SLAVES OF FEAR
8CJ2bNqo79vY0bCP	Seaway	Airhead	Colour Blind
8E0o0q6T8c6GfNLs	Black Sabbath	Age of Reason	13
8E2HYLnDGnh6mZqz	Super Junior-D&E	너는 나만큼 (Growing Pains)	'The Beat Goes On' Special Edition
8F2REGv7DMJ1h4ru	Against the Current	Come Alive	Past Lives
8GPpIdqlFfJkUA6V	Eau Rouge	Golden Nights	Nocturnal Rapture
8HEGKcuRfwpjkCIb	Johnny Cash	It Ain't Me, Babe (with June Carter Cash)	The Essential Johnny Cash
8IgwjD9dXnmJl9DJ	Finger Eleven	Talking To The Walls	Them Vs. You Vs. Me (Deluxe Edition)
8IjcKDIySoYl5Mbg	Jazmine Sullivan	Good Enough	Love Me Back
8J69eZDiCp4L3WYg	Flying Lotus	PieFace	Pattern+Grid World
8JLrmW0p48rfBfE9	Wanessa	Dono da noite	Meu Momento
8JPXcrlhKaC1T8Q6	Cartola	Escurinha	Verde Que Te Quero Rosa
8JhiMTLJv5L3dq55	Housefires	Build My Life	Housefires III
8JzpCIO88C69kfyF	A Tribe Called Quest	Butter	The Low End Theory
8KWnFhg5Z8sNI1V4	Tessa Ia	Circo	Correspondencia
8KcrVQWhoe32tmig	Felix Cartal	Get What You Give	Get What You Give
8Ke3EjTVACp68tdx	Dan Deacon	Feel the Lightning	Gliss Riffer
8L0w9md4bhjEj7ZO	Psychic Ills	I Don't Mind	Inner Journey Out
8L1CFcLzvmcrdbDU	Fozzy	Burn Me Out	Judas
8LMgG7ZLLjFv9KeH	Lower Definition	The Ocean, The Beast!	The Greatest Of All Lost Arts
8LUEOs6h9SoXKpl1	Hanson	I've Got Soul	Anthem
8NZXNNYCcb0MR3hf	Patsy Cline	I Fall To Pieces - Single Version	Showcase
8NwtPyC4PndR5LRN	Pearl Jam	Dissident	Vs.
8P6bPaqv3GlbwhTS	Eevee	early mornings	beat tape 09
8Pd0DMuX2m7DqKjW	The Black Eyed Peas	Shut Up	Elephunk
8PdjlZrqai8xaZYI	Kylie Minogue	Illusion	Aphrodite
8Q2V3jUNSc2CV99V	Wanna One	Hide And Seek	1¹¹=1 (POWER OF DESTINY)
8Q9gJPcdheARcTiw	Oliver Riot	Ivory Black	Hallucinate
8QWrBrAaZ3Ejuluk	Dave Matthews Band	She	Come Tomorrow
8QjULlOeyqMiCPMr	Fleetwood Mac	Family Man	Tango In the Night (Deluxe Edition)
8R1QhQjjG77dXo7j	Slint	Rhoda	Slint
8SF9Q0dydePGXzvd	Caesars	You're My Favourite	Youth Is Wasted on the Young
8SMyHNDXgwAewA8Q	Luna Shadows	Waves	Summertime
8SSwcwPPvwWNmQOd	GBH	Sick Boy	City Baby Attacked by Rats
8SX4uIpOoc04eyuj	Frank Zappa	Willie the Pimp	Hot Rats
8T3p0W5QZUxAPhWw	Kesha	Your Love Is My Drug	Animal (Expanded Edition)
8U3YdO41396cDfAQ	Julia Jacklin	Good Guy	Crushing
8V5ohPyciZYhN8Lu	Phenomena	Did It All for Love	Dream Runner
8VNONiezek4gzvqq	The Birthday Party	Zoo Music Girl	Prayers on Fire
8VTlaVyNM9E3iTsb	Carrie Underwood	See You Again	Blown Away
8VjehPyc0eAlDglf	More Than Life	Sometimes	What's Left of Me
8VxhQw49kRw5KRKC	The Proclaimers	I'm On My Way	Sunshine On Leith
8WO4qfiWy94IpJxi	Tori Kelly	Hallelujah	"Hallelujah (From ""Sing"" Original Motion Picture Soundtrack)"
8WR3LxqMMlWb5NML	Tori Amos	Pandora's Aquarium	From The Choir Girl Hotel
8WrksAjVOedA9OVs	Skindred	Ninja	Kill the Power
8Wu6AHPzgR5fLNwx	Paradise Lost	Two Worlds	Symbol Of Life
8XMTuTP9Rg6xlSYc	Blas Cantó	Drunk And Irresponsible	Drunk and Irresponsible
8XiSKsuzmMke30pO	Vandenberg	Burning Heart	Vandenberg
8XsOlDLfFluyS4YM	Scatolove	Calabouço	Lei de Muffin
8YFizxFVSomnTfKP	Elton John	I Just Can't Wait To Be King	NOW That's What I Call Disney 3
8YOhKjXzRZUsLmlk	elijah who	it's finally raining again	Gentle Boy
8YeSVbJjGmTrb121	Dinosaur Jr.	The Wagon	Green Mind
8ZCF2bLm26PPwpQA	Prefab Sprout	Pearly Gates	Protest Songs
8ZKGiFVAKnmzOsTX	Spice Girls	Mama	Spice
8aNejfxVqSHYFbM1	Ramones	She's the One	Road To Ruin: Expanded and Remastered
8b1O37IgJesasqmR	Autechre	Parhelic Triangle	Confield
8bWn8djvKnalZ8Cj	Vérité	Bout You	Bout You
8beJCGexhOC3xWns	Sébastien Tellier	Kilometer	Sexuality Remix
8btGCPEbeOw9V3d2	Jhené Aiko	Spotless Mind	Souled Out
8ccgJLd28jpTDL68	Beyoncé	Love on Top	4
8drAmmHm6P2gmWB7	FELIX SANDMAN	HANDS ON YOU	EMOTIONS
8drXQl3BK3ilLkST	Simon & Garfunkel	For Emily, Whenever I May Find Her	Live 1969
8dw9bKWeq2ByiFJ5	Bryson Tiller	Don't	T R A P S O U L
8fiXufACSAbLavN5	Metal Church	Gods of Wrath	Metal Church
8gXogPQnx00NLoit	Jon Bon Jovi	Destination Anywhere	Destination Anywhere
8hz6WkGs0X9NgpYC	The Cheetah Girls	So Bring It On	TCG
8iKouBSp0GeDVSML	Uada	Natus Eclipsim	Devoid of Light
8iSvml4UNrc6L2JA	Aretha Franklin	Night Time Is The Right Time	Aretha Now
8iv1NuAzFfW34keF	Dingo Bells	Maria Certeza	Maravilhas da Vida Moderna
8j1dteSkS7STjyfz	Halestorm	Skulls	Vicious
8jAVSnCyRcCXKlMZ	Lighthouse Family	Lifted	Ocean Drive
8jm343ENCwrykYvJ	Anahí	Anclado En Mi Corazón	Anclado en Mi Corazón
8ju06RT3uF5sWYQ3	Aimer	VOICE	Midnight Sun
8juAgVx5L1N4qRAu	Julia Michaels	Heaven	Fifty Shades Freed (Original Motion Picture Soundtrack)
8kVzHcRzhDS7Bxvg	Metallica	Creeping Death	Ride The Lightning (Deluxe Remaster)
8kbJl8BMcmlhk8zC	Eden	Wake Up	End Credits
8mbQ8LclxGzRs8sM	Bobby	Tendae	LOVE AND FALL
8nG0vZiRQXrHbrQK	Linkin Park	Crawling	Hybrid Theory (Bonus Edition)
8nfInLnXFaiJCz14	Iron Maiden	Isle of Avalon	The Final Frontier (2015 - Remaster)
8nn59jT0abA59EF2	Fishbach	Un beau langage	À ta merci
8nx1r98DWNMajGpk	As I Lay Dying	Through Struggle	Shadows Are Security
8oLjdG6ftZe5IAKm	Metallica	Murder One	Hardwired…To Self-Destruct
8ob00fp58J5Q7e2S	XTC	The Mayor Of Simpleton	Fossil Fuel: The XTC Singles Collection 1977 - 1992
8oiF5nv0DGK0LQMQ	Hey Monday	Josey	Hold On Tight
8oxyFL2duwAPYZNe	The Sound	Skeletons	From The Lion's Mouth
8pAdYpeKhpmRZ83D	Fábio de Carvalho	Lobo	Tudo em Vão
8qQGED0CK83gqK2H	Sheryl Crow	Redemption Day	Redemption Day
8ryVJGG5B3J6hbwA	Hot Flash Heat Wave	Sky So Blue	Sky So Blue
8sIe1bMekhXx6FPz	Cat Stevens	Lady D'Arbanville	Mona Bone Jakon
8si89ZZOTePxWUNZ	Sleeping at Last	Dark Horse	Covers, Vol. 2
8sufJfhyteY1VXr7	Natasha Bedingfield	Put Your Arms Around Me	Pocketful Of Sunshine
8tZBMa0MllIv0KVO	Karnivool	Set Fire to the Hive	Sound Awake
8u9fyti3s8o9wYeV	Morcheeba	Who Can You Trust?	Who Can You Trust? (// Beats & B-Sides)
8uWid3g2Wzcye5T4	Lara Fabian	Je ne t'aime plus	Papillon
8v6xGX6Psrtt1cOM	Vince Guaraldi	Linus and Lucy	A Charlie Brown Christmas [2012 Remastered & Expanded Edition]
8vE5Zrpy8oVtWw1K	THE ORAL CIGARETTES	Color Tokyo	Wagamama De Gomakasanaide
8vbeb3p6vATQCnSO	Melvins	Boris	Bullhead
8wk2f2lIkRWtUCqQ	Kaitlyn Aurelia Smith	To Follow & Lead	The Kid
8wweAwTMzrrS7DTv	Red Hot Chili Peppers	Catch My Death	Catch My Death / How It Ends
8x6WfNyBkmi2HemH	Anouk	One Word	Hotel New York
8x7Coj3LBZpSEgdB	Emma Blackery	Villains Pt. 1	Villains
8xH3HayjxABW1Agk	Fynn Kliemann	Zuhause	Nie
8xILhc8i3jf3XOZd	Clinic	Harmony	Walking With Thee
8xcBkkbq51mMWKJG	Epica	Decoded Poetry	The Solace System
8xhiMNFkd8uGyNoN	Estelle	Come Over	Shine
8xpEpsaWQ2Ow6DE5	Dave Mason	We Just Disagree	The Best Of Dave Mason
8xppbLxi0tbzXnZV	Lil Yung Pharaoh	i hate you, but i love you	I Hate You, But I Love You
8xrJB9uhruYJUVAL	Katy Perry	Part of Me	Katy Perry - Teenage Dream: The Complete Confection
8xunDLSxrB1u5agF	Evanescence	Good Enough	The Open Door
8xyMzm7LnuOzQMac	Sublime	We're Only Gonna Die for Our Arrogance	40oz. To Freedom
8xyotpN995FpQ4Ns	Dave Gahan	Saw Something	Hourglass (Deluxe)
8ys0skCYZshSBTTi	Muse	Follow Me	The 2nd Law
8zpRRyAbQ2jizIrc	Prince	Mary Don't You Weep - Piano & A Microphone 1983 Version	Piano & A Microphone 1983
915C0ljH8mOKpP4Q	Napalm Death	Hung	Fear Emptiness Depair
92sYi2jqT81CHTre	Celia Pavey	Shadow	Bodies
92x47mtZZlxsVtL3	Red Hot Chili Peppers	The Adventures of Rain Dance Maggie	I'm with You
94MziIchbbmiBBV4	Blondie	X Offender	Blondie (Remastered)
94vbTStoXRy6EewO	Judas Priest	Before the Dawn	Hell Bent For Leather
95RI5fgCg2VocL0O	Bryan Ferry	Boys and Girls	Boys And Girls (Remastered 1999)
96FXP9g2jcL4ZwRU	The Whispers	And the Beat Goes On	The Whispers: Greatest Hits
97drm5mZVuk1HdEF	BTS	Miss Right	Skool Luv Affair (Special Edition)
97kWzMRO2y7T7QS6	Marilyn Manson	Obsequey (The Death of Art)	The Golden Age Of Grotesque
982OMvCiWs19giny	Finger Eleven	So-So Suicide	Them Vs. You Vs. Me (Deluxe Edition)
98mzlj5KlThDab2f	Mandy Moore	Saturate Me	Mandy Moore
993Sr9xC9zTpG8yA	Empress Of	Everything Is You	Me
996ep5S9Pi8KQPjl	Mary J. Blige	Need Someone	My Life II...The Journey Continues (Act 1) [Deluxe Version]
99IWlWCRlyhRve35	Apocalyptica	Bittersweet	Apocalyptica
99bgeNH9Z2lXsTgi	Skunk Anansie	Weak	Paranoid & Sunburnt
9ALEcwUfkHXd1uem	Theatre of Tragedy	Deadland	Forever Is the World
9ARldTY4s0zwpzSp	Keith Jarrett	Birth	Foundations: The Keith Jarrett Anthology
9BWW2uLto4WhNlDa	B.B. King	Help The Poor	Live At The Regal
9CFIZd07WUyHsUg9	Bad Bunny	Solo de Mi	Solo de Mi
9CNGU8QfcEtqksLA	Tierra Whack	Shit Happens	Shit Happens
9CjXegnVcptrG7Xv	Belinda	Princesa	Belinda
9Cjst12YBccwcJkO	Oneohtrix Point Never	Woe Is the Transgression I	Rifts
9CuEQRYVaaGpgOGn	G-Eazy	Been On	These Things Happen
9D2c2vduKE4z4Sne	Cloves	Better Now	Better Now (Acoustic)
9DLw6lDdZsu6yzOI	Blonde Redhead	Magic Mountain	Misery Is A Butterfly
9E9I0B2ItsjdNei9	Morrissey	Ouija Board, Ouija Board	Bona Drag [Remastered]
9Ek714glrYth36on	Queens of the Stone Age	Into the Hollow	Era Vulgaris
9F1gV68TypCQoHAh	Elis Regina	Dá Sorte	Viva a Brotolândia
9Fl074LqThRQBg8m	In This Moment	Lay Your Gun Down	Ritual
9G2z6hHoL7Wsvmg4	Keane	Somewhere Only We Know	Hopes And Fears
9GTxtZ3KtEPBE7jD	The Offspring	Come Out and Play	Greatest Hits
9Gao5zhHA331z7lg	Enrique Iglesias	Miss You	Insomniac
9HYJdncOd3ditRjf	New Found Glory	Hold My Hand	Coming Home
9IDodVBkVWYciuaB	Whitney Houston	All the Man That I Need - Live from Welcome Home Heroes with Whitney Houston	Whitney Houston Live: Her Greatest Performances
9IPfxzNtq4iBGoEX	Death	Killing Spree	Spiritual Healing (Deluxe Version)
9IjA50THFSLbmvx8	Cults	Gilded Lily	Offering
9Ijiz1Y7VCFNPxr0	John Cale	Macbeth	Paris 1919
9JtafVE9ABFN4c0x	Youth Fountain	Lucid	Letters to Our Former Selves
9K128RRw2Xmmsi5v	PJ Harvey	Snake	To Bring You My Love
9KcosZcPXy5eSIHx	Broods	Evergreen	Evergreen
9KdgyVvEDwifgBje	Kalmah	Blood Ran Cold	Palo
9L3wVAnFmedjj6o9	Tame Impala	Nothing That Has Happened So Far Has Been Anything We Could Control	Lonerism
9LYp044f59ZP5NY0	Heidi Montag	Trash Me	Trash Me
9MCoT161a63Nz7do	Malú	Todos los Secretos	Oxígeno
9MSZYU1bW0MtoLw2	Camera Obscura	Country Mile	Let's Get Out Of This Country
9Ml7MQmMOpQZhPve	Big Star	Blue Moon	Keep An Eye On The Sky
9N0VW71ztNVXkSyL	Cinema Bizarre	Escape To The Stars	Bang!
9NnPbxZdiAwWaul3	David Guetta	Sexy Bitch	One Love (Deluxe Version)
9NxSTjfiCaLJeMSD	Eagles	Witchy Woman	The Very Best Of The Eagles (Remastered)
9O2a4Se8J4roX0RL	Foreign Air	Chakra Daemon	Chakra Daemon
9OB4lHHK9x6QhHwg	Céu	Perfume do Invisível	Tropix
9ORQj1Gjgyuzq79P	Phoenix	Countdown	Wolfgang Amadeus Phoenix
9PPpuEd0cYey65wk	J Balvin	Tranquila	La Familia
9QNIVQoNI7ewcMPX	Tony Bennett	Cheek to Cheek	Cheek To Cheek (Deluxe)
9RVhsrKpkkQkEpkY	De Staat	Input Source Select	I_CON
9SNfrAKOc6FtkLgx	The Offspring	(Can't Get My) Head Around You	Splinter
9TRO6OKYCUBj1JLU	Prince	The Greatest Romance Ever Sold	The Greatest Romance Ever Sold
9UXJY75NJUJBsKPV	Shawn Mendes	Nervous	Shawn Mendes
9UYq3skhDc5103Ha	Robin S	Show Me Love (Stonebridge Club Mix)	Deep House Fever 03 (The Ideal Electronic Playlist)
9UoZ3pzKGpJ7tNY8	Jack Johnson	Angel	Sleep Through The Static
9V7FcL5ONzEn5GrK	Travis	Colder	The Boy With No Name
9VAI4y25Ss2IeGgD	Lil Suzy	Take Me in Your Arms	Lil' Suzy - The Greatest Hits
9VQ9GGVuYePVTUdY	Empyrium	The Ensemble of Silence	Songs of Moors and Misty Fields
9WSalbaSsrNoxjTO	Capital Inicial	Depois da Meia Noite	Das Kapital
9Wox3eF3d9pPFYcZ	Azure Ray	No Signs of Pain	November
9XRPyl7xL5kiHFrz	Arctic Monkeys	I Want It All	AM
9XRv0ffNrXeTqyYd	Big Boi	Shutterbugg	Sir Lucious Left Foot...The Son Of Chico Dusty
9XZnUXAlRjwZfVBW	Matrix & Futurebound	Control - Edit	Control
9XcrWoWGmPTwx10q	Clara Luciani	On Ne Meurt Pas d'Amour	Sainte Victoire
9XjcTcNaVjat5i0X	Kasabian	Neon Noon	Velociraptor!
9Zu9kZHk8AOiiMqf	Phil Collins	Another Day In Paradise - 2016 Remastered	...But Seriously (Remastered)
9ZzhsZM34XuPp3In	Sixpence None the Richer	I've Been Waiting	Divine Discontent
9aIODCK9fUoAxCBZ	Muddy Waters	The Same Thing	The Folk Singer
9bRxin8Ah5TZwYP7	Kissin' Dynamite	Let There Be Night	The Sacrament Of Sin (Deluxe Version)
9e1IknMy0LthsGg0	Taking Back Sunday	The Union	Where You Want To Be
9eWNMjg2IwKmdNpQ	Shakira	Se Quiere, Se Mata	Pies Descalzos
9ewHGB44bT6eFip3	Delta Goodrem	Be Strong	Mistaken Identity
9fPgsgQRQAX0bZaj	GOT7	Paradise	FLIGHT LOG : ARRIVAL
9fb5miQdgj3NV720	Black Label Society	No More Tears	Sonic Brew
9fmDy4qA6zkGwkU1	Oliver Tree	All I Got	Alien Boy EP
9gY0mHPFBXLqmWFR	Black Lips	Dirty Hands	Let It Bloom
9gZTgZpV6mBSXswV	Solange	Junie	A Seat at the Table
9ghOA1okIBq7pZlT	Diana Ross	Friend To Friend	Diana
9heKoKCcU5HHMYsc	Avril Lavigne	Hush Hush	Avril Lavigne (Expanded Edition)
9hm96jMqFvVAkLoJ	Kanye West	All of the Lights (Interlude)	My Beautiful Dark Twisted Fantasy
9hzViMayQUAwfVYZ	Arch Enemy	Web of Lies	Wages of Sin
9iPAjVFDZEKUug9P	King Diamond	To The Morgue	The Spider's Lullabye
9j1kgMcoRwMSJI9d	Jadu Heart	Purity	Purity
9j4UhqzJ3xUWevOV	Beth Hart	There In Your Heart	Bang Bang Boom Boom
9j7IttevWufOyH0Y	Nine Inch Nails	The Frail	The Fragile
9jDGscPdRFL4LbOi	Paulina Rubio	Aunque No Sea Conmigo	Ananda
9jJu031sMMcGJroy	Pink Floyd	Two Suns in the Sunset	The Final Cut
9jhfWbs8Epd0rHnE	Mayhem	De Mysteriis Dom Sathanas	De Mysteriis Dom Sathanas
9kKaFG0McbM278c6	Neurosis	Zero	Souls At Zero
9kRn3DFVG50Q74sc	Arcturus	Warp	Arcturian
9lAoeeEDBGrwFkWE	Falamansa	Asas	Deixa Entrar...
9lLvrbpsxuR4Pwv4	Charlotte Day Wilson	Work	Work
9mAnztazEN0J6hcT	Autechre	LCC	Untilted
9mAsO3Ach6UEIwsj	Zhavia Ward	100 Ways	100 Ways
9n5um9rsfkDs1tCL	KC and The Sunshine Band	Keep It Comin' Love	KC & The Sunshine Band - Part 3...And More
9nGYqWbLr4KsZC86	Greyson Chance	Little London Girl	Hold On ‘Til The Night
9naCL4nTjGXszDKY	Snow Patrol	Those Distant Bells	Fallen Empires
9o2XSs0Sciy75Lsv	Artie Shaw	Moonglow	Begin The Beguine
9oCW6CV6144w0AnH	KeBu	Interlude No. 4	To Jupiter and Back
9oHTWgr0D4wHOl0H	Letters to Cleo	Co-Pilot	Go!
9oWhjVSJnq2kroXb	Soen	Savia	Cognitive
9oY6wE9hcRyYCcjB	The Vibrators	London Girls	Original Punk Classics
9oaGUlPMKKSAVRtq	The Growlers	Salt on a Slug	Hung At Heart
9oyN3Av5CXpk6irR	Mark Ronson	Outversion	Version
9pEBPJMvQtAJp7Ue	Adept	Rewind the Tape	Sleepless
9pbBfVPAIpSSuqQ1	Jetta	Feels Like Coming Home	Feels Like Coming Home
9pj4uFWHMG7n1Rpd	Niall Horan	This Town - Live, 1 Mic 1 Take	This Town (Live, 1 Mic 1 Take)
9pzhap1LGZy8DPd9	Rush	Working Man	Rush
9qGCsAmwOj3OjPl2	Lou Reed	New York Telephone Conversation	Transformer
9qaKV0JY8KZZ5hfR	Nightwish	The Carpenter	Decades
9qkkf8UFZMEO37d8	Testament	The Pale King	Brotherhood of the Snake
9r5QfLNXFG1xbR9m	No Joy	Hare Tarot Lies	Wait To Pleasure
9rWCMau99ml7fSui	Satyricon	Deep Calleth Upon Deep	Deep calleth upon Deep
9rgJsDDeGxdXkHOz	Lacuna Coil	Underdog	Shallow Life
9rvoWUrdiqVQwBUB	Earth, Wind & Fire	Boogie Wonderland	I Am
9rzuRuHobIortaVf	IIRIS	Drugs & Money	Stranger
9sBQdyp0jfSbM8N6	Metro Station	Shake It - Radio Mix	50 Pop Sensations
9sVHDeBgMi0Lc1Av	Antony and the Johnsons	Cripple and the Starfish	Antony and the Johnsons
9sbSNlVCT9iCiQID	Wild Beasts	Celestial Creatures	Boy King
9sqO3DMg5y0XNpl1	Buena Vista Social Club	De camino a la vereda	Buena Vista Social Club
9t3v1E05aBrRfcIB	Buddy Holly & The Crickets	That'll Be the Day	True Love Ways
9t5V6KNdF2HTdY2v	Maroon 5	She Will Be Loved	Songs About Jane: 10th Anniversary Edition
9t81GnFjmVyjYAm3	Raça	É pra Copiar	Saboroso
9ttBPpYD1I5fBjXz	Silverstein	On Brave Mountains We Conquer	This Is How The Wind Shifts: Addendum
9ttzPPo5qsG6EvWM	MC Bola	Ela é Top	É Top
9ubEIdkbvUi67sP6	James Blake	DLM	Overgrown
9ufwJdANQqCqgnrw	Katy Perry	If You Can Afford Me	One Of The Boys
9uinLzhFX5Li8UxL	R.E.M.	Texarkana	Out Of Time (25th Anniversary Edition)
9uipubnlZVihbuon	Jerry Lee Lewis	Lewis Boogie	Original Golden Hits - Volume 1
9vfTAY6uET0AAEX0	The Jackson 5	Darling Dear	Third Album
9wHxDaN7LbEnpQXY	Floating Points	For Marmish	Elaenia
9wVMVj3NEoSnQDwH	Flo Rida	Be on You (feat. Ne-Yo)	R.O.O.T.S. (Route Of Overcoming The Struggle)
9wgNaVNTy0MMN84q	I Am Waiting for You Last Summer	Promise You Gave Me	In Eternal Lines
9x7hJ4DZ9zHau1yx	Brodka	Znam Cię na pamięć	Moje piosenki edycja zwykla
9yPJPUXddLrexCsb	Charlotte Cardin	Dirty Dirty	Main Girl EP
9yR7umx73B9lRruf	Symphony X	Smoke And Mirrors	Twilight in Olympus (Special Edition)
9yqcwWJcf5nd7ONf	Amir Obe	Famous	Famous
9z3a5HdONdK7tcXT	Boa	The Shadow	Only One
9zniJGYWmE9sWeIZ	Calcinha Preta	Dois Amores, Duas Paixões	As 20 +
A0P0ZbQMfyN031bn	Fármacos	Lento	Los Días Más Largos
A0es4ZrbD9Vj0yFz	Doe Maar	Bella Donna	De Jonge Jaren Van Doe Maar
A1BXGdlTukDnWY9D	Bob Marley & The Wailers	Natural Mystic	Natural Mystic
A1bndB4BaPGyoIQp	While She Sleeps	We Are Alive at Night	Brainwashed
A2Sc6PmbSuQdebpT	The Notorious B.I.G.	Gimme the Loot	Ready To Die The Remaster
A2wARJPaWUcYAnPP	Mc Tarapi	Novinha Safadinha	Novinha Safadinha
A4LHD5mR4q2DfjkV	John Hiatt	Have A Little Faith In Me	Bring The Family
A4MQyQh57Qzrd1Jv	Bring Me the Horizon	Re: They Have No Reflections	This Is What The Edge Of Your Seat Was Made For
A4OVTRC4LrcuEwXw	Method Man	Bring The Pain	Tical
A4rVdbOmWC03SfH7	Sopor Aeternus & The Ensemble of Shadows	Where The End Begins	The Spiral Sacrifice
A5aa9b6otWVeCzxZ	Lacuna Coil	Cold	Unleashed Memories (Re-Release + Bonus)
A6RH26SJ59WiJh26	The Lovin' Spoonful	Darling Be Home Soon	You're A Big Boy Now
A7fWG4gWuOX6nzQO	Muse	The Dark Side (Alternate Reality Version Instrumental)	Simulation Theory (Super Deluxe)
A7zgLS08lI9vrDQ6	Carpenters	Love Is Surrender	Close To You
A8BGOA7xT9m828mM	zimbra	Deixa Assim	Azul
A8EH3cVNOYShrMoX	Sarah Close	You Say	You Say
A8Q9gX4RokaFDMOP	Jackson Browne	Somebody's Baby	The Next Voice You Hear - The Best Of Jackson Browne
A8h85ibksnSnhdsl	Trivium	Detonation	The Crusade [Special Edition]
A8kewYV75MUyN1Iz	Three Days Grace	I Hate Everything About You	Three Days Grace (Deluxe Version)
A8riDeX1lgDwzURU	Chevelle	This Circus	Sci-Fi Crimes
AAde0x5mxmP6EuRg	Diana Ross	My Old Piano	Diana
ABL8YthB5Y35Jenn	The Knife	Like a Pen	Silent Shout
ABaL80MkB6F1CRdU	Kelly Clarkson	Low	Thankful
ABf2eJ355ZV5sFXi	Pitty	Fracasso	Chiaroscuro
ACQtPXv35XjD9CJY	Johnny Cash	Cocaine Blues	At Folsom Prison (Legacy Edition)
ACT4ynulbcV4ImYD	Nação Zumbi	Assustado	Fome de Tudo
ACgKRroc510k45qF	Simply Red	Thrill Me	Stars [Expanded] (US DMD)
ACp4BZyiKPP0Sa9Q	The Decemberists	Everything Is Awful	I'll Be Your Girl
ADBHmI5XoBCoT7J1	The Coral	In the Rain	Roots and Echoes
ADGkUnl2j2h8pg7U	Swans	Nathalie Neal	To Be Kind
AEp0v4MBw9xTPjWh	The Radio Dept.	Never Follow Suit	Clinging To A Scheme
AF9C6yd9joq4WYiP	Atoms for Peace	Amok	AMOK
AFa4LoV0kMC55xax	Clarence Clarity	Meadow Hopping, Traffic Stopping, Death Splash	No Now
AGK0z9pdbKpyx2gV	Angelo Badalamenti	Audrey's Dance - instrumental	Soundtrack From Twin Peaks
AH4zjf9r5g4lmZnL	Sheila & B. Devotion	Spacer	"Intégrale (exclus À 17 ans ""At Seventeen"", En duo avec Claude François)"
AHxlYYF77deeT3AZ	Rhapsody of Fire	Sea of Fate	The Frozen Tears Of Angels
AIBHo3pKlhELRytG	Wax	Bridge to Your Heart	American English
AIPEnoGZ4rdPIriI	Michael Andrews	Liquid Spear Waltz	Donnie Darko (Original Motion Picture Soundtrack)
AJOdkJzaXjuV92Ma	Avril Lavigne	Rock N Roll (Acoustic)	Avril Lavigne (Expanded Edition)
AJzObB9wB9RHXkMp	Pay money To my Pain	Pictures	Remember the Name
AKRHttpUMX49y9fl	The Megas	History Repeating Pt. 2 (One Last Time)	History Repeating: Blue
AL1fFp7eNK8FFOFV	Woods of Ypres	Years of Silence (And the Private Joke)	Woods III: Deepest Roots And Darkest Blues
ALrLi7zZwwWmPDl2	Ray Charles	Mess Around	Ray Charles (aka: Hallelujah, I Love Her So)
ALtYCqP0WNXBuQGi	Robert Palmer	Every Kinda People	Double Fun
ANaFjVKaxKxGxjG3	Lacrimas Profundere	I Don't Care	Lips
ANgqdprgC44Bj6Bv	Zee Avi	Rainbow Connection	Zee Avi's Nightlight
AO3FpzGyxyfLiXRp	Jetta	Losing Control	Losing Control
AOPw4HGzb6AyX80k	Neurosis	Aeon	Through Silver In Blood
AOZr6sZYl89pNlNE	Laura Pausini	Non è Detto	Fatti sentire
AP9AHMswubBb42Eh	Natalia Lacunza	Never Enough	Sus Canciones (Operación Triunfo 2018)
AQB88LaysVOVlMxc	Norah Jones	The Nearness of You	Come Away With Me
AQHrSg085PQgy0Sp	Michael Bublé	Unforgettable	love (Deluxe Edition)
AQwaUS1ooFNDUf3O	Scott Walker	It's Raining Today	Scott 3
AR1NgojPLeh4W9Pf	Van Morrison	The Way Young Lovers Do	Astral Weeks
AR22qiNNZJH53oZ3	Satyricon	The King of the Shadowthrone	The Shadowthrone
ARRGkgK7lRVv2zTD	Bel Canto	Unicorn	Shimmering, Warm and Bright
AReCVNilc0nSXKww	Die Antwoord	I Fink U Freeky	Ten$ion
ARfBHsLlhLprEt6U	Wilson Pickett	Mustang Sally	Wilson Pickett: A Man And A Half
ARuvcIB9D44qZfhx	Kevin Spacey	Beyond the Sea	Beyond The Sea O.S.T.
ASfVpOlcbV7uzwuz	Kamasi Washington	Final Thought	The Epic
ASutjz750fK5oMem	Gösta Berlings Saga	The Shortcomings of Efficiency	ET EX
AT0WTh5hF1JZNnx3	Demilich	Raped Embalmed Beauty Sleep	Nespithe
ATNbFmkVBcd6097Q	Sandy e Junior	Planeta água	Identidade
ATSgTTDdi3JU2GJ5	Jasmine Sokko	Hurt	HURT
ATx5hzyuhv9wc2SP	Goo Goo Dolls	Iris	Dizzy up the Girl
AU6HrDjuZifKZP7Z	alt-J	Warm Foothills	This Is All Yours
AU6wAXx8FtqPMi1S	Tetê Espíndola	Olhos de jacaré	Pássaros Na Garganta e Asas do Etéreo
AULB1JrekmhHQcFq	Nelly Furtado	Waiting for the Night	The Spirit Indestructible (Deluxe Version)
AUQftv5u7Umwgb0h	The Get Up Kids	Stay Gold, Ponyboy	Four Minute Mile
AUWRxIfnhwupqTYZ	Tulia	Pali Się (Fire Of Love)	Fire Of Love (Pali Się)
AUqyqV0WiHC7JB0Z	Beth Hart	Thru The Window Of My Mind	Bang Bang Boom Boom
AVPBhHKtPunxi4I5	Leon Bridges	Mrs.	Good Thing
AVddwgIQM8Pf1jIQ	Katatonia	Leech	Dead End Kings (Deluxe Edition)
AVeE9oeewaVqOicV	Mary J. Blige	Slow Down	What's The 411?
AW4eXMIwqmVCpzNc	Mars Red Sky	Hovering Satellites	Stranded in Arcadia
AWGGSyyiq2aprR2z	The Damned	Help	Damned Damned Damned
AWQlhWxD7KquoF7h	The Wombats	Lemon To A Knife Fight	Beautiful People Will Ruin Your Life
AWlQXIzsq9OEQ3lH	George Michael & Elton John	Don't Let the Sun Go Down on Me	Ladies And Gentlemen... The Best Of George Michael
AXo3IRM6zSZeHDJc	I Monster	The Blue Wrath	Remixed
AZG2P2FqlHOFXHhl	Tool	Parabol	Electro-acoustic Tribute To Tool,the
AZebBWHqEyFyZJG2	Colbie Caillat	Just Like That	Gypsy Heart
AZm3GKxXEiXjtNe6	Rob Dougan	Clubbed to Death (Kurayamino Variation)	Furious Angels
AZr4yqqtSJlBmHAA	Paramore	Playing God	brand new eyes
AalWDiMakwC7lbMO	Thundercat	Tenfold	Apocalypse
Aaruqax7ZuG8p3sc	Baltimora	Tarzan Boy	Living In The Background
Ab6PcCvNzMhSjvC9	Visioneers	Ike's Mood I	Marc Mac presents Visioneers - Dirty Old Hip Hop
AbfCteGKruA4zW8h	Kylie Minogue	If I Was Your Lover	Kylie Minogue with Bonus Disc
AbjlEcSMY5tjKc3D	Tame Impala	Half Full Glass Of Wine	Tame Impala
Ac5qMXBdTXpGZMtn	Detonautas Roque Clube	Outro Lugar	Detonautas (Nova Versão)
AchrxBe9fay6wza8	Girls Aloud	Untouchable	Ten
AdIjOsJtx97kFTbL	Hippo Campus	Doubt	Bambi
AdP9XFIcXBs0hQsP	The Pains of Being Pure at Heart	The Cure For Death	The Echo of Pleasure
AdiSsUP1IWEVNEjs	Kylie Minogue	A Lifetime to Repair	Golden
AdpancZyCftcXbLs	Noisuf-X	Hit Me Hard	The Beauty of Destruction
Ae6ui4UEhaw9BUnt	Pulp	Help the Aged	This Is Hardcore
AeKowzEU6IEBEOME	Light The Torch	The Safety Of Disbelief	Revival
AeUyZmBYFC2byRkU	Ariana Grande	Just a Little Bit of Your Heart	My Everything (Deluxe)
AeYc3lS3e5Yb6MMD	Liniker e os Caramelows	De Ontem	Goela Abaixo
AeqSqejYZnez3XbS	Basshunter	All I Ever Wanted	Now You're Gone
AfAUJ1IBQwWu9AOt	Green Day	Poprocks & Coke	International Superhits!
AfI5NVukxmVBNDes	Meghan Trainor	I'm a Lady - from SMURFS: THE LOST VILLAGE	I'm a Lady (from SMURFS: THE LOST VILLAGE)
AfPhlwboCnT8q1R6	Henrique & Juliano	5 KM - Ao Vivo	O Céu Explica Tudo (Ao Vivo)
AfrLhYX0OIS0UFNL	Disclosure	White Noise	Settle (Deluxe)
AgJ6E9Wk7J2fn8ST	Texas	In Demand	The Greatest Hits
AghPRnUuGTZFTkSr	Ed Askew	Blue eyed baby	For the World
Ah44EewbTJUw9s8T	Melanie C	Better Alone	Beautiful Intentions
AhNen5ZZD6sGiQbM	Mono	Elysian Castles	The Last Dawn
AhYFhuki4kduBRta	Pharrell Williams	Happy	G I R L
AiT6MwWAoNLj0qvR	Ramones	Listen to My Heart	Ramones (Remastered)
AjLVfM94O2WvuYGH	Adam Lambert	Music Again	For Your Entertainment
AkJ9etYhYzmWXm5i	Xandria	Sweet Atonement	Sacrificium
AkLsPFsWyNXZLk0u	Juice WRLD	Hear Me Calling	Death Race For Love
AkN19gTS3a7ddJP8	A Day to Remember	Forgive and Forget	Bad Vibrations (Deluxe Edition)
AkZzxPOUNnnnplbk	Cassadee Pope	Gavi	stages
AkeYqvR2u32f0Zfa	Amon Amarth	As Long As the Raven Flies	The Crusher
AkivBVjeMvXR6pzC	ATB	Don't Stop	Movin' Melodies
Al6c1yaUwNw08Lva	Slayer	Crionics	Show No Mercy
AlErEJcF2PWXSzUj	Brian Wilson	Cabin Essence	Smile
Alr6fcLBvqQgZ2nN	Johnny Marr	Walk Into The Sea	Call The Comet
AluH2OXiHevXonRS	Starset	Telepathic	Vessels
AnTK7JpEqOnRbPyr	She Wants Revenge	Walking Away	This Is Forever
Ap3JEQXnLNF3xyg7	Cachorro Grande	Dia Perfeito	Cachorro Grande
ApCsCw4zG5Bx1AQm	Toby Fox	Start Menu	UNDERTALE Soundtrack
ApQfX4l4dG3Bwg2z	Skillet	Sometimes	Awake
ApzOHujENCoRFV8J	Carolina Durante	Joder, No Sé	Carolina Durante
AqMM9mvBK8JZNM8C	Santana	Mother's Daughter	Abraxas
AqSyoycNunkuQKPj	Acústicos & Valvulados	Remédio	Diamantes Verdadeiros
ArwAMfm5qtBvSiuF	Eric Clapton	Blues Power	Eric Clapton
AryDfCpF8Gbeg4uq	Selena	Cobarde	La Leyenda (Version Super Deluxe)
AsqO0lioabBwhxHD	Jethro Tull	Alive and Well and Living In	Benefit
AssOUZYXLxnWE8Np	Wire	Dot Dash	Dot Dash
AsusHwPhB6h6GyNj	Snapcase	Caboose	Progression Through Unlearning
At81xEMnc9Gg0jjp	Dustin O'Halloran	We Float	Like Crazy (The Score) [Original Motion Picture Score]
AtU3OGIxZjdg6Trc	Yann Tiersen	La Valse d'Amélie (version orchestre)	Amélie (Original Soundtrack)
AtUmjPGYyIemLuKt	Common	The People	Go! Common Classics
AtbEloxdbxIY3YjT	Fangoria	Diferentes	Extrapolaciones y dos preguntas 1989-2000
AtuU7Z1AkjooQHtG	Garbage	My Lover's Box	Garbage (20th Anniversary Deluxe Edition/Remastered)
AucKdao25JYJo35f	Cloud Nothings	Darkened Rings	Life Without Sound
AueP6uCGsJoIvlWG	Paolo Nutini	Coming Up Easy	Sunny Side Up
AufaRWttOCrzAeWH	Cream	White Room	Wheels Of Fire
Av3Qx2LkBpLXcfgV	Robyn	Love Kills	Body Talk
AvNQgdvQXGWu7gNu	Hatebreed	Looking Down The Barrel Of Today	The Concrete Confessional
AwHC7H9m0rO4s5SY	Grand Blanc	Belleville	Image au mur
AwRnfilV0vVs0z1n	The Stone Roses	Fools Gold	The Stone Roses
AwhHmivHHCmDhxr7	PJ Harvey	The Darker Days Of Me & Him	Uh Huh Her
Awja1FZEA55HBpUm	Led Zeppelin	Bonzo's Montreux	Coda (Deluxe Edition)
AwtWmBKr5MEq4S95	Algernon Cadwallader	Uniform	Parrot Flies
AxOdcGi6sG7qIoy5	Pixies	Gouge Away	Doolittle
AxegNWxiMbnS16gq	Dark Sarah	Fortress	Behind the Black Veil
Ay9npAI7F41zGw3O	Bon Jovi	Living In Sin	New Jersey (Deluxe Edition)
AyU4r4kr3T7wvmsD	Epica	The Alleged Paradigm	The Score 2.0: An Epic Journey
AyewZKY9Em97eC1R	Jeff Beck	Cause We've Ended as Lovers	Blow By Blow
AyzKEkr3T7TpexUG	Kate Bush	Sat in Your Lap	The Dreaming
Az7AHNynMOrsdLzA	Avey Tare	Nostalgia in Lemonade	Cows on Hourglass Pond
AzdjUjCD6gvWuHfX	Depeche Mode	People Are People	Some Great Reward (2006 Remastered Edition)
AzrmVKxzAk6b32oD	Amorphis	Death Of A King	Under The Red Cloud
AzziUF4VVtDW9teL	Billie Marten	Roots	As Long As - EP
B04AJ9LotPIvWM1S	Alejandro Sanz	Hay un Universo de Pequeñas Cosas	Grandes exitos 1997-2004
B04eXeErDzL75q2k	The Gathering	Jelena	Souvenirs
B09n8o5DirdBVESs	Pyramids with Nadja	Into the Silent Waves	Pyramids With Nadja
B0O5wVUqc21wTb4B	Scorpions	We'll Burn The Sky	Taken by Force
B0Pddlbbq7kidk7D	Jitwam	desires	Desires
B0nYb9Gf9PhcRIQE	Carter Burwell	Bella's Lullaby	Twilight - Interpretations for Piano and Violin
B0xVcH7z06fRId4V	Rammstein	Wollt Ihr das Bett in Flammen sehen	Herzeleid
B1NMy410imVPP6kR	Cirith Ungol	Finger of Scorn	King of the Dead
B1X4DKZ8mcxvB2a1	Atreyu	Creature	A Death-Grip On Yesterday
B2gPtIRyb56aTcBX	Suede	Lazy	Coming Up
B2hj0VDxKc9JNkoy	Powerwolf	Kreuzfeuer	Preachers Of The Night
B364U1C4E0MKBDzm	Lyriel	Leverage	Leverage
B379TG7hDI0wAv31	Gorguts	Behave Through Mythos	From Wisdom To Hate
B3aokgqRe69RfSFH	Phillip Phillips	Gone, Gone, Gone	The World From The Side Of The Moon (Deluxe)
B3s0oWtZ0AK7VAd4	In This Moment	Rise With Me	Blood
B4C3VAE5NPVQ2RZZ	Trem Da Alegria	Uni-Duni-Tê	Trem Da Alegria
B4dtWZ0ToffEjKvs	Jake Bugg	Lightning Bolt	Jake Bugg
B53Djs6ER6QcpLBg	Marina Elali	One Last Cry	Brazilian Covers
B5GxxQfCibqwQrCK	Trading Yesterday	For You Only	More Than This
B5aoKdLHwFe4LybP	The Chats	Smoko	Get This In Ya
B6LZTtlFAB0759c6	Emily Jane White	Time On Your Side	Dark Undercoat (Bonus Track Version)
B6WNsT2awOYQKInq	Harakiri for the Sky	Tomb Omnia	Arson
B6XzSyD1US5OcZaX	Agnetha Fältskog	When You Really Loved Someone	A
B6e3ZZoy0HPAfU8s	James Vincent McMorrow	Ghosts	The Twilight Saga: Breaking Dawn - Part 2 (Original Motion Picture Soundtrack)
B73dsXi3KH47rONI	A Barca do Sol	A Língua E A Bainha	Sucessos
B8mKUKOQ2U7TF8c1	Delta Goodrem	Out of the Blue	Mistaken Identity
B9BvPO0wirmPCQKa	Army of Lovers	My Army Of Lovers	Le grand Docu-Soap
B9U2KyoRDBfAt3ne	Mark Stam	Doar Noi	Doar Noi
BAq1mdxuYbXZp5BY	Cult of Luna	Into the Beyond	Salvation
BBpNW3wiBSN1ehu4	Aretha Franklin	Over the Rainbow	Aretha In Person with The Ray Bryant Combo (Expanded Edition)
BBvoQRYIthT9JKDD	Boa	Scream	BoA (Deluxe)
BC3T0MM3fz9Nxnzj	The Lemonheads	Straight to You	Varshons 2
BCIJKD1LwjX55sco	Minor Victories	A Hundred Ropes	Minor Victories
BCTJFSKZqleIjogf	Los Angeles Azules	Cómo Te Voy A Olvidar	Inolvidables
BCfCVQCILsUaCahg	Sido	Tausend Tattoos	Kronjuwelen
BCy4dmltoGZLzCPh	Gloria Estefan	Un día a la vez	One Day at a Time (From the Netflix Original Series)
BEZqXYEPfqv77A1S	Muse	Spiral Static	Showbiz
BErb0WZfxvyJymL7	Boyz II Men	Motownphilly	Cooleyhighharmony (Bonus Tracks Version)
BF6QAFYP8Topuq66	Lebanon Hanover	Chimerical	Besides the Abyss
BFOd9sY9Uvxk45VC	Ariana Grande	R.E.M	Sweetener
BFnRNh1mchavuOMC	Green Day	Somewhere Now	Revolution Radio
BG2xaR81pzSMUlO0	Emily King	Down	The Seven EP
BGtMQD0DvpibiCqg	Karen O and the Kids	Food Is Still Hot	Where The Wild Things Are Motion Picture Soundtrack: Original Songs By Karen O And The Kids
BHP2etwqmjUn0F7T	Cher	I Don't Have to Sleep to Dream	Closer To The Truth (Deluxe Version)
BIFAoszg92ftdz0U	Hozier	NFWMB	Nina Cried Power - EP
BIkiQtcTzHJgp14J	Primordial	Where Greater Men Have Fallen	Where Greater Men Have Fallen
BItA9JwNy5bn4Jgz	Katharine McPhee	It's Not Right	Unbroken
BJ2tA430oWZtyK5N	ZHU	Drowning	RINGOS DESERT
BJLKE0kitiIxSRl8	Desiigner	Up	Up
BJfgUKWoAWfOiTDq	Deicide	Defying the Sacred	Overtures Of Blasphemy
BJjXtGkvSWYhCLdx	R.I.O.	When The Sun Comes Down	When the Sun Comes Down (KAAZE Remix)
BLQ0MVtFsdqusuoC	Faunts	Das Malefitz	Feel.Love.Thinking.Of.
BLk4EONMpoTd8aV4	Delta Sleep	After Dark	Ghost City
BMFPO4u9abJZhG59	Janet Jackson	Doesn't Really Matter	All For You
BMcgtut4xcY6HUzm	Sense Field	Save Yourself	Tonight And Forever
BMy43eQL7kpEQc9n	They Might Be Giants	Women & Men	Flood
BMzmty5tHRO1dWHC	Jack Stauber	John & Nancy	HiLo
BN206xE2prIy8T6l	Oasis	Magic Pie	Be Here Now (Deluxe Edition) [Remastered]
BN3l38Xb1oBGGoQE	Bryan Adams	All for Love	Ultimate
BNiT7xrXe4AP9GHA	Stone Sour	Orchids	Stone Sour
BNmDdKQiwxyhP83h	Eagulls	Euphoria	Ullages
BNwZPzeAYdAoVdcQ	The Clash	(White Man) in Hammersmith Palais	Hits Back
BQiBitgBJjm5GruW	Still Corners	Berlin Lovers	Strange Pleasures
BQxq2faz1eykciuR	Andru Donalds	Save Me Now	Andru Donalds
BRGWS6qpygZwHaOD	Denise Rosenthal	Cabello De Angel	Cambio De Piel
BRT3Xamcitwly4w6	Forfun	Pra Sempre	Alegria Compartilhada
BRWpTQgvAKFJWZWB	Mike Perry	Way Too High	Way Too High
BRhcPZSUrWjgsPWR	The Narrative	Eyes Closed	Just Say Yes
BRlVtiMtUGV6Amr6	Nadia Oh	That Kind of Girl	Hot Like Wow
BRrWX0cov3fF5shf	Johann Sebastian Bach	Orchestral Suite No. 3 in D major, BWV 1068: II. Air	Gran Turismo 5 (Original Game Soundtrack)
BRtb5vZB0NQZu1WX	The Barr Brothers	Love Ain't Enough	Sleeping Operator
BRxPOHOdTak8Lb0w	Avril Lavigne	Girlfriend (Radio Edit)	Girlfriend EP
BSGXHVTHQlsG2wjy	Sufjan Stevens	Kaskaskia River	The Avalanche
BSZSsbTaehSZKYim	Sarah Brightman	What A Wonderful World	Harem
BT635fdnzuZLqFPo	McFly	Lonely	Motion In The Ocean
BTi9LtASz55cl9E3	One Direction	Stole My Heart	Up All Night
BTnVhiLl5fwmMiV6	Waka Flocka Flame	Bustin' At 'Em	Flockaveli
BVSA31vXjQYALA8K	Pabllo Vittar	Miragem	Não Para Não
BVj71rDq8FywXWv9	Bahamas	Waves	Bahamas is Afie
BVpOTtDacgBxeuPV	Emerald Hill	João Pessoa	Para Sempre Conectados Mas Eternamente Distantes
BVuqsLo9r2LAS65Z	John Coltrane	You Say You Care	Coltrane '58: The Prestige Recordings
BW87tIgoYTnn0orG	Breaknoise	You	Re-Think EP
BWm3su3nbZS72Vax	Yellowcard	The Sound of You and Me	When You're Through Thinking, Say Yes
BWo7HjHiYl0ox2Jh	The War on Drugs	Suffering	Lost In The Dream
BXbUGQH2dmKuESz4	Ought	Beautiful Blue Sky	Sun Coming Down
BY6NhgTfAoDzsOID	the GazettE	SHIVER	Toxic
BYG88695cmOmyP4Q	Kaiser Chiefs	Good Days Bad Days	Off with Their Heads
BZR5COFeUjA8hrNM	Boards of Canada	Oirectine	Twoism
BZW2iuEz4vaooKg6	Monarchy	Back to the Start	Mid:Night
BaLS2kfVNuz5bd6x	Wand	Scarecrow	Laughing Matter
BaOvc3pFi9txcOi8	Adele	Million Years Ago	25
BbUDXeZ2nqTsRjDA	Bloodbath	Outnumbering the Day	Nightmares Made Flesh
BcBv2GWxQBBsbQ0c	Elvis Presley	Jailhouse Rock (First 'Stand-Up' Show) - Live	The Best of The '68 Comeback Special
BcIq16voO88OdAbL	Rilo Kiley	More Adventurous	More Adventurous (U.S. Release)
BcPKQixR5jvsZ4vI	Terekke	wav1	Improvisational Loops
Bczf1UALMMtUnzXA	Art of Noise	Moments in Love	(Who's Afraid Of) The Art Of Noise? [Remastered]
BdWjKh76B0bDhiGX	Pixies	The Sad Punk	Trompe le Monde
BdygmQeTEsFQ0a6Y	Death	Symbolic	Symbolic (Remastered Version)
BeGdBYxk0P4mEVnD	The Format	Time Bomb	Dog Problems (Bonus Track Version)
BeLYHGFvPv1kfmvE	ShyGirl	want more	Want More
BeaoIJVU2CMaJ9qn	Madonna	You'll See	Something to Remember
BeoaY3fYbDaFmLjN	Heart	Magic Man	Dreamboat Annie
BfRVLtJc0t3h1GzJ	Neil Sedaka	Laughter In The Rain	The Definitive Collection
BfxdiQTET2EuItEl	Atmosphere	Sunshine	Sad Clown Bad Summer Number 9
BgAhHhdXGFOHL3jU	Solange	Interlude: For Us by Us	A Seat at the Table
BgNLqy6Wxty9oltd	Jorge Ben	Magnólia	A Tabua De Esmeralda
Bi3TLDJR8eer3PtV	Annie Lennox	Primitive	Diva
BiEE9gLMPY8x6mHr	Olodum	Nossa Gente (Avisa Lá)	A Música do Olodum
Bj3a37TR7Wdv9VfP	HalfNoise	Leaving	Sudden Feeling
BjzVxJJedUixeaMi	Teodora	Borbena	Borbena
Bk3QR7PLOkdEH5hs	Crown the Empire	Prisoners of War	The Resistance (Deluxe Edition)
BkFjpdD9Vd7ZRCtb	Sabaton	Ruina Imperii	Carolus Rex
BkerWL3jQBqxFmMd	Sly & The Family Stone	Skin I'm In	Fresh
BkoUjxTdLFYC7paG	Parquet Courts	Tenderness	Wide Awake!
BkyMQuHyc1Y9gTOW	Gesaffelstein	Selected Faces	Variations
Bl5Zy2fyw5ciTPV3	Orange Caramel	Superwoman	LIPSTICK
BlcnGBKhLxxvArG5	Frida Sundemo	Indigo	Indigo
BmQEnGEwFdaYAJIf	Dark Tranquillity	Misery's Crown	Fiction
Bn9NOioDZYyA4iSO	Elvis Presley	All Shook Up (Second 'Stand-Up' Show) - Live	The Best of The '68 Comeback Special
BnHouKaP1gYHtX7l	My Darkest Days	Like Nobody Else	My Darkest Days
BnHp751BdotdifPo	Aliados	Esperança	5° Elemento
BniwvmQ8Mq9fmpvV	Roxy Music	Love Is the Drug	Siren (Remastered)
BnvV5muzHXKZlLea	João Gilberto	Outra Vez	Brasil
BoFcfcmQLe4RFz2e	Testament	Brotherhood Of The Snake	Brotherhood of the Snake
BoH6mvWra81FMlyy	Clark	The Grit in the Pearl	Clark
BotzUWGPurJJLQg9	MAMAMOO	No More Drama	BLUE;S
BqLXITszC5W8DN82	Nando Reis	Quem Vai Dizer Tchau?	Para Quando o Arco Íris Encontrar o Pote de Ouro
BqMdwBSopxmBesGx	Katatonia	Funeral Wedding	For Funerals to Come
Br7PopHF835WuJDF	Ricky Martin	María	A Medio Vivir
BrzMZAOtYOTAO4YN	The Vines	Mary Jane	Highly Evolved
Bsa7rf1BuU4g6xKz	Toby Fox	Metal Crusher	UNDERTALE Soundtrack
BseoDZeuVGpOp5kb	Shakira	The One Thing	Shakira. (Expanded Edition)
BsrWhn36yyloZ8ON	Beach Fossils	Sometimes	Beach Fossils
Bv5sJbuiuR4QYH71	SHINee	LUCIFER	SHINee THE 3rd CONCERT ALBUM <SHINee WORLD Ⅲ in SEOUL>
BvwlWFTQdbLDt9wC	Anitta	Blá Blá Blá (Ao Vivo)	Meu Lugar
Bw5of18S5GxTFAso	Billy	California High	I’m Not OK
BwMHTJFsrT64TPph	Muddy Waters	Got My Mojo Working	His Best 1956-1964 - The Chess 50th Anniversary Collection
BwnE2oXkykgK4Cb2	Days of the New	Shelf In The Room	Days Of The New
BxFNWXtlVI7ns9l4	Draconian	The Last Hour of Ancient Sunlight	A Rose For The Apocalypse
BxvdidDMbbdWHzYJ	The Mills	Amor Depredador	Babel: Special Edition
BxyZna4GhGVoFGwh	Thirty Seconds to Mars	Kings and Queens	This Is War
ByS2TpK5I0dp8nlT	CrazyEightyEight	The Ghost of You	Covers, Vol. 1
BzbXMvDRr2N27UF3	Mastodon	Octopus Has No Friends	The Hunter
BzzZN9nOAlg5QVpp	Zé Ramalho	Sinônimos	Zé Ramalho Ao Vivo 2005
C0G8dxTlOKQGOY5j	Ladyhawke	Magic	Ladyhawke
C0gVhMntWqggR5Rw	Allie X	Paper Love - Billboard Remix	Paper Love (Billboard Remix)
C1QOLz5zVfaOlekr	Helene Fischer	Atemlos durch die Nacht	Best Of (Bonus Edition)
C1SUjAxhAwQjfZw1	Suicidal Tendencies	Suicidal Maniac	Join The Army
C1l2ifC9sAjK5qnu	VIXX	Time Machine	Error
C2uD8DhzD0D9V04H	Sorcha Richardson	Can't We Pretend	Can't We Pretend
C3CxzWsGE56Um7gE	Drowners	Ways To Phrase A Rejection	Drowners
C3V31sWOCUxqmP2s	The Raconteurs	Intimate Secretary	Broken Boy Soldiers
C3e5LyUcs6KED9in	Five Finger Death Punch	Blue on Black	Blue on Black
C5ULb63JDcCgvf2M	Buzzcocks	Walking Distance	Love Bites
C5hZIsUVhrgSfZD4	The Chainsmokers	You Owe Me	Sick Boy
C5lAHHM91iukA6ks	The Used	Yesterday's Feelings	In Love And Death (PA + Bonus Track)
C5pEt2cHltKVboga	Good Charlotte	Actual Pain	Generation Rx
C6J8ezzMqt9YuvLy	Sugar Ray	Into Yesterday	Surf's Up Music From The Motion Picture
C6iZeCsuoumOa1YM	Billy Talent	Living in the Shadows	Billy Talent
C73k4ZB0MFjL4dNj	Strawberry Alarm Clock	Unwind With The Clock	Incense And Peppermints
C7QfrKzXYIdUmkjc	Thin Lizzy	Slow Blues	Vagabonds Of The Western World
C7TXpNVwnPQKuMR7	Rush	Territories	Power Windows
C7f0U0UGmS5aQUNR	Norah Jones	Waiting	The Fall
C7zRFFikfscjEh5c	They Might Be Giants	Where Your Eyes Don't Go	Lincoln
C96Kfe53yd3oodUk	Jessie J	Bang Bang	Sweet Talker (Deluxe Version)
C9UwXlBMzklps8Lv	U2	Miss Sarajevo	U218 Singles (Deluxe Version)
C9WbXXfjQK5dvbKz	Tribalistas	Trabalivre	Tribalistas
C9ac9faoir4YqbPv	Sonic Youth	Female Mechanic Now On Duty	A Thousand Leaves
C9g4Nq168RHTkCWH	Can	Come Sta, La Luna	Soon Over Babaluma (Remastered Version)
C9upU2IVDe5IP7aD	Kult	Knajpa morderców	Tata Kazika
CAsK5WExlvyF2Y5L	Inna	Endless - Radio Edit	Endless (Remixes)
CBjOwHnOoFfSOXLN	Shawn Mendes	Running Low	Handwritten (Revisited)
CBuJdKeR5oFmbmMv	John Williams	The Chess Game	Harry Potter and The Sorcerer's Stone Original Motion Picture Soundtrack
CCwtoSBa9TvL5YQS	PINK GUY	RICE BALLS	Pink Season
CDuj5cZUPIjVSMaW	Shinedown	special	ATTENTION ATTENTION
CDz2fynAE82KGBhX	Mc TH	Apaga a luz e toma	Apaga a Luz e Toma
CEFQr8WnxDP95xaS	Sick Puppies	You're Going Down	Tri-polar
CEQf1UbfZSsf4XUl	Puscifer	Polar Bear	C Is for (Please Insert Sophomoric Genitalia Reference Here) E.P.
CEnXhhyEZ8jddUW7	Petula Clark	Don't Sleep In The Subway	The Ultimate Petula Clark
CFC1MTpdY5OmheQo	The Cranberries	Copycat	Bury The Hatchet
CFJJmbnI2JZqZLvD	Cautious Clay	REASONS	Table of Context
CFTwLd5aByft8UK9	You Me at Six	Forgive and Forget	Cavalier Youth
CFXqlsFOPhk2uGpo	Biffy Clyro	Justboy	Blackened Sky
CFktsnbcKlBAPMaR	State Champs	Safe Haven	Living Proof
CFpaKYhKcmPFkVEc	Kris Allen	No Boundaries	No Boundaries
CGGNrzQTntbF9kJf	invention_	vscrl_	Alcyone
CGQNJDkVQYuhqE8y	Antonín Dvořák	Serenade for Strings in E Major, Op. 22, B. 52: II. Tempo di valse	Dvořák: Serenade for Strings, Czech Suite
CGSL1zmoQ9gtcGa2	Damien Rice	Delicate	O
CGZyuzZLcwkoiUW5	Boz Scaggs	Sierra	Some Change
CGpLB40XAD2NFpFe	Dulce María	Cementerio de los Corazones Rotos	Sin Fronteras
CGz0z5iv0jZmIa7X	The Aquabats	Adventure Today	The Fury Of The Aquabats (Expanded 2018 Remaster)
CHEzcIDBkHFo2NBj	Dream Wife	Act My Age	Dream Wife
CHKN1DEaMWYoNZXe	Amy Winehouse	Just Friends	Back To Black
CHLxDuKbnY1mPA3A	Moonspell	1755	1755
CHg9GmMQ74rgJjhq	Lynyrd Skynyrd	Free Bird	Pronounced' Leh-'Nerd 'Skin-'Nerd
CHmf9WMghmVw5lFF	happysad	Lęki i fobie	Mów mi dobrze
CIHBOkVNBS9cIbst	Octavian	Little	Little
CIjpgLYMiffWTxuK	Mr.Kitty	Lost Children	ETERNITY
CIr3wYOHDDjWh95p	Biffy Clyro	Different People	Opposites (Deluxe)
CJ2AbrBgl88gIvDM	Placebo	The Bitter End	Sleeping With Ghosts
CJwB8m56sEC4Pflm	Céu	Bobagem	CéU
CKF4ziJ1ucF7bCqm	Kings of Leon	Black Thumbnail	Because Of The Times
CLtPEcep00zlBPgY	Jarabe de Palo	El Lado Oscuro	La Flaca
CLzQce3eju0xW90U	Haikaiss	M.O.D.A	Teto Baixo
CMUKzSkIVglx1lg4	Billy Joel	The Downeaster 'Alexa'	Storm Front
CMUpaQtw1RIUWr6M	Seemone	Tous les deux	Tous les deux
CMaifnt6WWWoVWME	Arcade Fire	Electric Blue	Everything Now
CMo0arhvj6GZlaKo	The All-American Rejects	Breakin'	When The World Comes Down
CNAGPe4WjbMet59p	Ornella Vanoni	Ti voglio	Io fuori
CNWm3JolLu6Mv0MM	Dopelord	Children of the Haze	Children of the Haze
COzfNSdJviZavR9J	Porter Robinson	Sea Of Voices	Worlds
CPCGHPFfZxjsUrN0	Korn	Seed	Follow The Leader
CPjP46xBiBBwQue6	Blur	Bugman	13
CROclg6SNym6dt3C	Paul Oakenfold	Faster Kill Pussycat	A Lively Mind
CS1gOtdvew9pJgGq	Rak-Su	I'm Feeling You	Rak-Su
CSWk9rqQMCL0iM13	Liberty X	Being Nobody	Being Somebody
CSh6yX581pvLqDDf	Pantera	Becoming	Far Beyond Driven
CSmo9sHRP5teioxS	Belmont	Convalescence	Belmont
CT7FpCGG4Nb1FM1t	James Vincent McMorrow	I Lie Awake Every Night	We Move
CTspO9SdKp4cla2Q	Jorge Ben	Dumingaz	Solta O Pavão (1975)
CVEAvdQdzxaNIok6	Dead Can Dance	I Can See Now	Toward The Within (Remastered)
CVYpKHtA1YDTgXgv	Soul Coughing	Super Bon Bon	Irresistible Bliss
CVlCQ0kQaSfveQWU	Oficina G3	A Lição	Além do que os Olhos Podem Ver
CWJZZjwRXrQXVwNO	NCT U	WITHOUT YOU (Sung by KUN, JAEHYUN, DOYOUNG, TAEIL) - Chinese Version	WITHOUT YOU
CWUMfHCiUp5zVMPD	Oskar Linnros	Ack, Sundbyberg	Vilja Bli
CWZj1VHUMhh62i3c	She Wants Revenge	She Will Always Be A Broken Girl	This Is Forever
CX3uGlW5icPSiQHd	Ayria	Bad List	Health Goth: The Best Industrial Electronic Workout Music
CXiVXWHz8rCJgj1z	Title Fight	GMT (Greenwich Mean Time)	Shed
CXwghmYPhfyVLoiT	King Princess	Talia	Talia
CYsNwPjONqVkIee3	Boston	More Than a Feeling	Boston
CYtbzAv1m1ocvZyW	Barbra Streisand	Stoney End	Stoney End
CYucS2NMUiUQRoNC	Cold Cave	Villains of the Moon	Cherish The Light Years
CZR0aIu7evfGvXGG	Luke Vibert	Liptones	YosepH
CZVn1tLLWYO4Ium0	Britney Spears	Me Against the Music (feat. Madonna)	In The Zone
CZzifWsCAXngbgYN	Louis Armstrong	What a Wonderful World	What A Wonderful World
CalPbEZ8bnuISHRx	Dead Can Dance	Nierika (Remastered)	Spiritchaser (Remastered)
CanWyg2BMszeNmMi	Paul Simon	Under African Skies	Graceland (25th Anniversary Deluxe Edition)
CawzUERvD0pmeDhz	Jennifer Hudson	Dangerous	JHUD
CbQCxWEDISFXGnbw	Noelia	Tu	Noelia
CbjW1G1dZxwAj3ve	Our Lady Peace	Drop Me In The Water	Somethingness
CcR8OC6ncESxbL7I	The Aquabats	Hello, Good Night	The Aquabats! vs the Floating Eye of Death! and Other Amazing Adventures, Vol. 1
Cd9coQC9xk9saea7	Pet Shop Boys	I Want to Wake Up	Actually
CdB3c6g24hKEziOE	Alphaville	A Victory of Love	Forever Young
CeugaMQ03Y9lKTSc	CoVet	Nautilus	Currents
Cf0zBeyGmbBLnBsb	Tricky	Overcome	Maxinquaye (Deluxe Edition)
Cf4qOh05aVptCWWu	No Age	Here Should Be My Home	Nouns
Cf98oKF7rdcDkXN9	Ozric Tentacles	Waterfall City	Waterfall Cities
CfZ7Hio0sefQQD3s	Melanie Amaro	Long Distance	Long Distance
CfumFwlJRzgzOSA2	Ensiferum	Unettomaan Aikaan	Two Paths
CgTrKTNzywMqlHsx	Kate Nash	Call Me	Yesterday Was Forever
CgUoBhyn3ZhGMeGE	2Pac	2 Of Amerikaz Most Wanted	All Eyez On Me
CgYVjkctLsa3rRre	King Gizzard & The Lizard Wizard	Loyalty	Polygondwanaland
Cgaaj9AoPqcoeBP8	The Jesus and Mary Chain	Just Like Honey	Psychocandy (Expanded Version)
ChSWJ6Tk7Uq86Nss	Lenny Kravitz	Johnny Cash	Raise Vibration
ChUEZbv3I0ZAuJ8I	Scar Symmetry	Ghost Prototype I - Measurement of Thought	Holographic Universe
Chk4DqvINp7xK1ik	Crystal Castles	Through the Hosiery	Crystal Castles
ChnU5ishx0i28uem	Sam Kim	Mama Don't Worry	I AM SAM
CiLFjUJvYWGmyr2d	Snow Patrol	Chasing Cars	Eyes Open
CinsixA3G83sd3YN	The Bilinda Butchers	Edo Method	Heaven
CitJ89pfKuEcrsC5	Moby	If Things Were Perfect	Play & Play: The B Sides
CjJhdk4AzZGSBybO	Adore Delano	Princess Cut	Whatever
CjQOWxVlG4TsgtwL	Jack Johnson	F-Stop Blues	Brushfire Fairytales (Remastered) [Bonus Version]
Cjjqy9YS8EGzOaif	Dido	For One Day	Safe Trip Home
ClHkZ5VcNmTCQv3Z	Laura Pausini	It's Not Good-Bye	From the inside
ClQmiPKqfbHWoLdb	Brodka	K.O.	Granda
Cm0nh8mZdKRI8ZfC	Pandora	La Usurpadora	1985-1998
CmG7AsIFxbOojGvP	Sirenia	The Mind Maelstrom	The 13th Floor
CmPKRjrnjnBuSocM	Yo La Tengo	I'll Be Around	Fade
CmmneXVjfGH1wBsB	Bloc Party	Team A	Four
CnZxIhBzdCKHGaRP	Michael Bublé	Hold On	Crazy Love
CnsEeTpxC2OoyQ4U	Paulina Rubio	Todo Mi Amor	Border Girl
CnzCqAwtC7ijmwgU	Eminem	Space Bound	Recovery
Co9Sp7p21sJm2z6Q	Project46	CORRE	Corre
CosJZV3R3ktmwdAY	Dio	Pain	Strange Highways
CosSdfOwWyRy3rkU	Camel	Eye Of The Storm	I Can See Your House from Here
CpTx3WpJt92hVEq1	Cocteau Twins	Those Eyes, That Mouth	Love's Easy Tears
Cq4hk5tayZOIurUW	Midlake	Young Bride	The Trials Of Van Occupanther
Cq6w49vBq3QO0Vqf	The Prince Karma	Later Bitches - Benny Benassi vs. MazZz & Constantin Remix	Later Bitches (Benny Benassi vs. MazZz & Constantin Remix)
CqYFV0sXlZXWPw0x	Lou Reed	Ocean	Lou Reed
Cr1pWCQ0DLb4R4uD	SUPERFRUIT	Heartthrob	Future Friends
CsADnHYE8KoheoFd	Leikeli47	Bad Gyal Flex	Acrylic
CseY1V6geECopV7a	Baek A Yeon	쏘쏘 So-So	쏘쏘 so-so
Csqlo055qXiR2QQZ	The Sugarcubes	Pump	The Great Crossover Potential
CsxqrfqROSz2vizo	Oneohtrix Point Never	Replica	Replica
Ct3zJRGNCKXSbjVI	Tessa Ia	Quimeras	Quimeras
Cu7RgD4Yc4Q65Ggg	Clipse	Intro	Hell Hath No Fury
CuCws0OKeuC1E8hF	Alcest	Printemps Emeraude	Souvenirs d'un autre monde
CuOJN8iBeNwx8Ssc	Lianne La Havas	Green & Gold	Blood
CukjVsmUDQkMM10X	Michael Jackson	I Want You Back	Michael Jackson and the Broken Mirror (Michael Jackson Hits Dissolved)
CvD4RX0sy7r5Yh2U	Dinosaur Jr.	Blowing It	Green Mind
CvIufZM8DwZIlbn7	Rod Stewart	Sailing	Atlantic Crossing
CvKzIZ1zEclAcfRp	Bonobo	Brace Brace	Black Sands Remixed
CvVXdhqPmyWgOlXA	Skeletal Family	She Cries Alone	Best Of...
Cvkoeu2Xj9fMHoh4	Queen	Gimme the Prize (Kurgan's Theme)	A Kind Of Magic
Cw5pQE2eaaDDzVye	Sum 41	Happiness Machine	Screaming Bloody Murder
Cw9GPcRGetjXBy66	Clara Nunes	Quando Vim De Minas	Meus Momentos
CwEiX28Nd6zd5zhB	Kendrick Lamar	A.D.H.D.	Section.80
CwMDNZmPtCAJgv8z	Calum Scott	Not Dark Yet	Only Human (Deluxe)
CwrfTHhJ2LJjaifS	Miya Folick	God Is a Woman	God Is a Woman
CwsldOvmpLKruuaz	The Dandy Warhols	Get Off	Thirteen Tales From Urban Bohemia
Cx8sjIi8f01GYim3	Mazzy Star	Give You My Lovin	She Hangs Brightly
CxM1EyYBNmAO48YA	Shania Twain	You Lay A Whole Lot Of Love On Me	Shania Twain
CxZRJpYTWxgV2nSg	Barry White	I'm Gonna Love You Just A Little More Baby	I've Got So Much To Give
CzGEVojaIDD1Cq3D	Mojave 3	My Life In Art	Excuses for Travellers
D0HGmxP8eF5ZFXLN	Three Days Grace	Anonymous	Transit Of Venus
D0PvpTqKA4C9BJVn	Soundgarden	Worse Dreams	Live From The Artists Den
D0zVQ0bGNYcpuZiY	Flavour	Time To Party	Time To Party
D10gfWVaBiOpVEdl	Café Tacvba	El Fin De La Infancia	Re
D2fv6KZ9RYQKwZo3	The Thrills	Not For All The Love In The World	Let's Bottle Bohemia
D3Y3eX0K90yxWEtp	Iron Maiden	The Trooper	Piece of Mind (2015 - Remaster)
D3f0kqY2K6Excr07	Joni Mitchell	A Case of You	Blue
D3oIeUXTOxkpcCkt	Akitsa	Forêt disparue	La Grande Infamie
D3xPyCPbPNAyZ8Wa	Mother Mother	Arms Tonite	O My Heart
D4eo12t43gbqfsv0	Phantogram	Running From the Cops	Eyelid Movies
D4j5HFGJIMVDaBy8	Archive	Seamless	You All Look The Same To Me
D4n7GtMDMlVYijNn	Cibo Matto	Apple	Viva! La Woman
D4rM0bm43zdcRJhT	Carl Perkins	Blue Suede Shoes	The Dance Album
D5APeq80TqUke4uN	Cloud Control	Dream Cave	Dream Cave
D5sOhnWXQpgQay2r	Alanis Morissette	Fear of Bliss	Feast On Scraps
D61CxYIQ7sjD1grP	daoko	Twins	GRAVITY <改>
D6292lpJmR7iCjkK	Solange Almeida	Terra do Ex	Terra do Ex
D6QR0maS5N9Sr9F9	The Replacements	The Ledge	Pleased To Meet Me [Expanded Edition]
D6mwbt3fbJJu8v81	NX Zero	Intro	Norte Ao Vivo
D7ovh2OxvQikRDPl	Inger Marie Gundersen	Will you still love me tomorrow	Make this moment
D7pnb06XAVK4UJtg	Oneohtrix Point Never	Laser to Laser	Betrayed In The Octagon
D8AoqY205xjFA2bk	Arkells	My Heart's Always Yours	Morning Report
D9GICCXFS3s1255T	The Ivy	Have You Ever Been in Love	Have You Ever Been in Love
D9KfjdHK4Wn0hpTW	A Perfect Circle	Thomas	Mer De Noms
D9OmCDLFU65ikObN	Kllo	Potential	Potential
D9oljwK51cVMr2v7	Maysa	Chuvas de verÃo	The Girls From Ipanema
DAEka3RzbsyL063p	Barei	Say Yay!	Throw The Dice
DAUvesvB2HWcKWP1	Carly Simon	We Have No Secrets	No Secrets
DAnawbMcYajTd3l5	Jex Thoth	The Places You Walk	Blood Moon Rise
DBDDnn1Zk1Ucqnq2	Jonathan Tadeu	Sorriso besta	Queda Livre
DBE8xBHci8nlKw8Q	Kings of Convenience	Toxic Girl	Quiet Is The New Loud
DBFFzLfPYUVVUeqc	Eli Keszler	We Live In Pathetic Temporal Urgency	Stadium
DBarYyTcmISsxf0X	Panic! at the Disco	I Write Sins Not Tragedies	A Fever You Can't Sweat Out
DBd0HXIva7Hd8djE	Payung Teduh	Tidurlah	Payung Teduh
DBzvjgYY5T9GibCX	Porcupine Tree	Where We Would Be	Lightbulb Sun
DCfKbiEC8SMTj1J5	Owl City	I'll Meet You There	Maybe I'm Dreaming
DCnLjlC6wJDpiF7A	Spazzkid	Getting to Know You	Desire
DDNOWGGGsBYomuTa	Night Lovell	CAN'T LOSE YOU	GOODNIGHT LOVELL
DDc7YDUfhUrpfUrj	Cass McCombs	Buried Alive	Wit's End
DDozseqC4SqVbfq4	Wilco	Bob Dylan's 49th Beard	Alpha Mike Foxtrot: Rare Tracks 1994 - 2014
DDq7x6UKN2Y1UaTL	Jack Johnson	Never Know	In Between Dreams
DEn12KJY6H61FgFv	Within Temptation	It's the Fear	The Silent Force
DEuZB8T8aSaCDTCb	Julien Baker	Something	Sprained Ankle
DEv5EKd95vZK8kE0	Logic	44 Bars	Bobby Tarantino
DF7DR4ouzpRKsyAR	Morphine	Bo's Veranda	B-Sides And Otherwise
DFfuAKwP9KRiQgFQ	Switchblade Symphony	Clown	Serpentine Gallery - Deluxe 2005 Edition
DFursyhAMOdDhrZO	Fit for a King	Disease	Deathgrip
DGOIM4FLdAy6PtaL	The Moody Blues	Beyond	To Our Children's Children's Children
DGfMtOfDUD1Yv8zE	Gilberto Gil	Marina	Realce
DGkNIdmNGTEEc3dL	Toro y Moi	Fading	Outer Peace
DGlRrk4kfpcjiAga	Olly Murs	Dance with Me Tonight	Right Place Right Time (Deluxe)
DHX9VWFjETAFPkbJ	Everlast	I Can't Move	Eat At Whitey's
DI1kGRLaDIb5L4Vq	In Flames	Trigger	Reroute to Remain (Reissue 2014)
DIJXhAztpbMTlWh1	New Politics	Color Green	Lost in Translation
DIOZWylXtYkWAd0F	Devin Townsend	Daddy	Casualties of Cool
DIe7OMbLlVbcK3DZ	Oscar D'León	Lloraras	15 Exitos De- Oscar D Leon
DIenz1hGgjltkjQF	Hozier	Take Me to Church	Hozier (Expanded Edition)
DJFtVv6n3vLDLsVl	Laura Pausini	Non c'è	Laura Pausini
DJJiYrRqagv8zbBQ	Bilderbuch	Mr. Supercool	Vernissage My Heart
DJPtI0A5vovo8RZr	Édith Piaf	Mon Dieu	Hymne à la môme (Best of)
DJS8dWa5dU4YMRiz	Nicolas Jaar	Why Didn't You Save Me	Nymphs
DJr94u6GoBXqGNi9	City Girl	runaway	Time Falls Like Moonlight
DKIkYkVd8qQdH5rR	Jão	Álcool	Álcool
DKTyV5SDT4YnKHaE	Pantera	Cemetery Gates	Cowboys from Hell
DKXF9TJVk2cMXvS1	Dying Fetus	Wrong One To Fuck With	Wrong One to Fuck With
DKil1umFSuOC4qZ0	Underoath	Paper Lung	Ø (Disambiguation) [Deluxe Edition]
DKuCkA8bZkOR3ZdL	Banda Ravelly	Cyborg	Envolvendo Você!
DMGdM65UNxbxoAb4	Band of Skulls	Himalayan	Himalayan
DNjUvcL366eWefpl	Sepultura	Straighthate	Roots
DONaK6BIgwNcvm7j	Tiago Iorc	What Would You Say	Zeski
DOXoY9lgfvikUtRI	The Six Parts Seven	What You Love You Must Love Now	Everywhere And Right Here
DOyPVRIWXRof1KEk	Five Finger Death Punch	Battle Born	The Wrong Side of Heaven and the Righteous Side of Hell, Vol. 2
DPL8KH7TETjqC1se	Morbid Angel	Lord of All Fevers & Plague	Altars of Madness
DPYT0XCxZB3fJwd8	Alice in Chains	Would?	Dirt
DQ6sEnx67JKZAStI	The Technicolors	Feels Like Trouble	Ultraviolet Disguise (Deluxe Edition)
DQAro3YYq7xu1wAi	Mötley Crüe	Rattlesnake Shake	Dr. Feelgood
DQoDO7yCtSJgywx5	The Kills	Cheap and Cheerful	Midnight Boom
DRKlBU4q7cDXvnwY	Melt-Banana	Spathic!	Charlie
DSXtsjp9yVj9LD7I	The Flaming Lips	Kim's Watermelon Gun	Clouds Taste Metallic
DTCQVMBoDKdqNyPz	Vivendo do Ócio	O Mundo é Um Parque	O Pensamento É um Imã
DTD5npCClmRjoglO	Fear Factory	Linchpin	Digimortal
DTXCqCNkchWvnKlI	Jorge Ben	Berenice	Samba Rock Vol.1
DTixIhgLRFJZNfgl	Mogwai	Killing All the Flies	Happy Songs For Happy People
DTohjV2fuoAUUvJk	Fito Paez	Al Lado Del Camino	Abre
DTvJYMqMgx1d8OEC	Becky G	Built For This	Play It Again
DUNPHLMJOe8fyE8r	El Canto del Loco	Una foto en blanco y negro	Estados de Animo
DURZNeBffuHi7HSm	Coma Alliance	Dark Vibes	Weapon of Choice
DUoXqCNqsUxP7iX0	BerryGood	Green Apple	FREE TRAVEL
DUpne99V3pJ9qLB1	Queen	My Baby Does Me	The Miracle
DVMyB1aD6t5bVzIf	Mree	Harvest Moon	Harvest Moon
DWGB0jUq1kvX4jvw	Escape the Fate	The Aftermath (G3)	Escape The Fate (Deluxe)
DWgv8EGLl90REHih	Vanessa Hudgens	Paper Cut	Identified
DWyStvxvwe37GVkO	Alexisonfire	We Are The End	Crisis
DXjra5qmHSWXXDpB	Yoko Ono	Give me Something	Double Fantasy
DXllHvX7SFXvgpUx	Sandy	Escolho Você	Meu Canto (Ao Vivo No Teatro Municipal De Niterói / Edição Especial)
DY3McyB5q2XNs2VZ	Alvvays	Party Police	Alvvays
DY85ou0mpbMh6n9w	Aretha Franklin	Groovin'	Lady Soul (With Bonus Selections)
DZd5ctYJYDGrELuc	Hana Vu	crying on the subway	How Many Times Have You Driven By
DZi6EKl6ZdqezjtM	Jesus Piece	PUNISH	Only Self
DZzzAAwmETSavceL	Skinny Puppy	VX Gas Attack	VIVI Sect VI
DaGhOsU4uWfVvsGB	Metallica	St. Anger	St. Anger
DaM6lreTrl3hyfNt	Stray Cats	Ubangi Stomp	Rumble in Brixton [Live]
DaPa7ooFHdxT1IxX	Grimes	Kill V. Maim (Little Jimmy Urine Remix)	Kill V. Maim (Little Jimmy Urine Remix)
DaXt87iqpalzFGLg	Sum 41	Some Say	Chuck
DavNk6LXvHNjqgWY	Brian Eno	The True Wheel	Taking Tiger Mountain (By Strategy)
DcLWUgvZ9ekxODUt	Lebanon Hanover	My Favorite Black Cat	Let Them Be Alien
Dd00WwmyFLunxJbG	Emancipator	Ares	Safe In the Steep Cliffs
Ddbf7Zy316KS1iG0	Velvet Revolver	Slither	Contraband
DdilUDFyos4uZJaH	Ases Falsos	Misterios del perú	Juventud Americana
DdrlphDvTHVXoQ2C	Arid	I Don't Know Where I'm Going	All Things Come In Waves
De58duprGglQlX0h	Black Rebel Motorcycle Club	Too Real	B.R.M.C.
DeB7LILnMd01YefV	Roxy Music	In Every Dream Home a Heartache	For Your Pleasure (Remastered)
DeRdKulMmloAksR9	The Pretty Things	Private Sorrow	S.F. Sorrow
Df4F05E6NxwBJw6a	Emancipator	Delta Trance	Seven Seas
DfCfMAry1ub2rZN3	Geri Halliwell	Ride It	Passion
DfWASsoggVsMGKVr	Snowmine	The Hill	Laminate Pet Animal
DfyFtePh2Ga6SyZG	Echo & the Bunnymen	Read It in Books	Crocodiles
DfzdbwIRfJogJSnO	Belouis Some	Imagination	Some People
Dg7xcD5GnEJPRJMZ	Taylor Swift	A Perfectly Good Heart	Taylor Swift
DgJ7Li7XkseNmMeJ	Craft	Ultimate Satan	Total Soul Rape
DgK2P6xVsExUukxg	Teenage Fanclub	The Concept	Bandwagonesque
DgnTCr6GDqmgV2SE	Madness	The Prince	One Step Beyond...
Dh4D36y2ucO2EocT	Thy Catafalque	Hajnali csillag	Geometria
DhFiu289OGxzv6pd	Tristania	Angellore	Widow`s Weeds
DiHav0hzIIL1W0o3	Neon Trees	Trust	Picture Show
DiKcVCX1Iq1jagFg	Keira Knightley	Like A Fool	Begin Again - Music From And Inspired By The Original Motion Picture
DiOUBIPPmGtUVYyL	Brendan Perry	Utopia	Ark
Dizc9JW9JfVLH0ON	Caloncho	Optimista	Bálsamo
Dj2bBw0OtLWkCVyO	Chico Buarque	Sonho De Um Carnaval	Chico Buarque de Hollanda
DjVoE5nl3JMuOXMW	Backstreet Boys	The Way It Was	DNA
DjoKLEHCesOzD24I	Bobby	Lean On Me	LOVE AND FALL
DkU7wDDHlcteITmP	Oceansize	Unfamiliar	Frames
DlPUb8mnowUKeIl0	Björk	Vessel Shimenawa	Drawing Restraint #9
DlT4kg9Em5N0g2rQ	Chiodos	There's No Penguins In Alaska	All's Well That Ends Well
DmL6Jrhlg4DeJDgR	Christina Grimmie	Tell My Mama	With Love
DmO3sKLTJHGmXuti	Billy Talent	Swallowed Up by the Ocean	Dead Silence
DmTgHxWx4y1Leu8l	Fazerdaze	Half-Figured	Morningside
DmUvUJiKkc0PoW6r	Ella Fitzgerald	I've Got You Under My Skin	Ella Fitzgerald Sings The Cole Porter Song Book
DmsoC83OqDwbWGWF	Cesar Sampson	Nobody But You	Nobody But You
DnXwsHNjzTxdDqHz	Mando Diao	God Knows	Hurricane Bar
DnmeQrTNCPA0Bzqh	Wipers	Is This Real?	Is This Real?
DnoaQPMTyFpa27Ve	Ocean Colour Scene	The Riverboat Song	Moseley Shoals
DnqFbXWi2R5voiFF	Green Day	She's a Rebel	American Idiot (Deluxe)
DnvGckXRd0oRfuy9	Tonight Alive	Oxygen	Limitless
Do85yZHu8hWqKNgd	Chris Brown	Love More (feat. Nicki Minaj)	X (Expanded Edition)
DoiTJE7pECi6WYed	Bruno Major	Home	A Song For Every Moon
DpAdf9RLPPdZzVUZ	The Runaways	Gotta Get Out Tonight	Waitin' For The Night
DpOFLRkMIsDjGCow	Turnover	Breeze	Good Nature
Dqtg4D55iMqnfgSG	Four Tet	LA Trance	New Energy
DrbCpLyYEvP6zFgX	Matchbox Twenty	I'll Believe You When	Exile On Mainstream
Ds9t0Wua7EA9HnCF	Substantial	Home Sweet Home	FIRST COLLECTION
DsH2HstcLEwoKWXO	Keane	Won't Be Broken	The Best Of Keane (Deluxe Edition)
DsSKh4cTElxp46F6	oOoOO	Burnout Eyess	oOoOO EP
DsVUS1inUYUYujXA	The Dillinger Escape Plan	Lurch	Ire Works
DsimknHPOc9oOcFX	Donna Summer	I Don't Wanna Get Hurt	Another Place and Time
DukkiHRwupV4qc5m	Mogwai	Teenage Exorcists	Music Industry 3. Fitness Industry 1.
Dusy9YdjdGyFCKCX	Mika	One Foot Boy	The Boy Who Knew Too Much
Dvtcls2EvP6d34es	Elis Regina	Los Hermanos	Falso Brilhante
DvwbrcuR7KBurmXq	The Shins	The Fear	Heartworms
DvzSCeoFA96HmNP6	Cage the Elephant	Take It or Leave It - Unpeeled	Unpeeled
DxIFYezwwgEl7OS7	Ella Fitzgerald	Miss Otis Regrets (She's Unable To Lunch Today)	Love, Ella
DxdvwEegMtQ0z5VH	Blue Swede	Hooked on a Feeling	Reservoir Dogs (Original Motion Picture Soundtrack)
Dy88WbWBzsObmEUP	The Walkmen	Hang On, Siobhan	Bows + Arrows
DyIWlmDHPctkKrXZ	Dance Gavin Dance	Swan Soup	Downtown Battle Mountain II
DzaNz7GZqtzs8Bzo	Lika Morgan	Go with the Flow	Go with the Flow
Dzibzfc0GllB2B7e	Beartooth	Rock Is Dead	Aggressive
DzjymfjqvsdPAlk8	Panos Mouzourakis	Kisses of Fire	Mamma Mia! Here We Go Again (Original Motion Picture Soundtrack)
DzvttpqzOADXmohF	Death	Voice of the Soul	The Sound of Perseverance - Reissue
E0OCvuvbIgCFoPSs	Luiza Lian	Azul Moderno	Azul Moderno
E0TQmc4Zkyaa20AF	the GazettE	DERACINE	Dogma
E0bGxWXRIFKWm5oG	Marisa Monte	Ensaboa	Mais
E1SitH6OBxLVXd1B	Boulevard des airs	Je me dis que toi aussi	Je me dis que toi aussi
E3E5ux5tiRrn3CeQ	Floribella	Tic-tac	Floribella
E4BfBDK0LHjz9YbX	J Hus	Lean & Bop	Lean & Bop
E4MuEtOJZDOkDWej	Pat Benatar	All Fired Up	Wide Awake In Dreamland
E4TZTsNQVU8bzM7c	Team Sleep	Princeton Review	Team Sleep (U.S. Release)
E4u7VIBtVLpg3VJf	Dionne Warwick	(Theme From) Valley of the Dolls	The Valley Of The Dolls
E5P5AwVnKMVL7xqR	Envy	A Warm Room	Imsomniac doze
E60apxEIkrEFaPci	VIXX	Milky Way	VIXX 2016 CONCEPTION KER Special Package
E6QrKKiL4134JTkV	Three Days Grace	Bitter Taste	Life Starts Now
E6ZxLjE886PSICBP	The Sword	Freya	Age Of Winters
E6g2btyo3iIJJPVX	Hot Mulligan	*whispers* Thank You	Pilot
E6qVfF1BO2r3cf6o	Amos Lee	Arms Of A Woman	Amos Lee
E6xPpEgNi9qSscdU	Fall Out Boy	Our Lawyer Made Us Change the Name of This Song So We Wouldn't Get Sued	From Under The Cork Tree
E71zeORcxji71QWQ	Rosa de Saron	Menos de Um Segundo	Acústico e Ao Vivo 2/3
E7nPeNNLOtvT6jFH	Les Discrets	L'Échappée	Septembre et ses dernières pensées
E83jDxRmwulh5Qge	SCARLXRD	PUNCTURE	DXXM
E89IDRYWSNoWC9S2	Aimer	Akane Sasu	Best Selection Blanc
E9BiNsQlU5ZwuYUx	Lali	A Bailar	A Bailar (Versión Bonus)
E9SluPsOJZLrBJZd	Shaed	Lonesome	Lonesome
E9ZgOLdZnJhjwrMd	Kate Voegele	Wish You Were	Don't Look Away (Deluxe Edition)
E9rWPZFlUBUT4RTc	Sophie Ellis-Bextor	Move This Mountain	Read My Lips
EA0WnyVGS38AWiJa	Lenine	Paciência	Na Pressão
EAKWWvymZtcRykDg	Jonathan Jeremiah	Happiness	A Solitary Man
EAP3URnaMqCZZJKt	Warpaint	Whiteout	Heads Up
EAQkBEzU8oJme93H	Hiatus Kaiyote	Building a Ladder	Choose Your Weapon
EB8wnQwPFH0Z2FeK	Wilkinson	Take You Higher	Lazers Not Included
EBIZYVYtmilfvOez	Current Joys	Alabama	A Different Age
EBRKqVxknlKxh0Z1	SOHN	Conrad	Rennen
EBl7cdNyTuFiPHTG	LCD Soundsystem	Tonite	american dream
EBmAnNCdhFas3S65	Saint Motel	Puzzle Pieces	Voyeur
EC8ak0Lyeuytk5DE	Julia Holter	Have You in My Wilderness	Have You In My Wilderness
ECIQqsTrPmRuS3zS	Stevie Ray Vaughan	Little Wing	Couldn't Stand The Weather (Legacy Edition)
ECMInBhzYdHluokR	Pond	Fire In The Water	The Weather
ECqU8wWJWnh6ei8R	Ladyhawke	Sweet Fascination	Wild Things
ED2qOLBIpY3aWTOF	hot milk	Awful Ever After	Awful Ever After
ED8s5fYuYEZYfSpd	Ladytron	Ritual	Gravity The Seducer
EDURU8QOVHJzo720	This Will Destroy You	Grandfather Clock	Young Mountain
EDklPGxH2Byxp9kb	Raimundos	Tora Tora	Lavô Tá Novo
EE8u1Ra28pbXOrx0	Fatima Al Qadiri	Battery	Brute
EEHJHFO1Xgk87DWH	Heather Small	Proud	Proud
EEXolXbBp5YRTA1M	Nocny Kochanek	Al Dente	Randka w Ciemność
EEcbpFamgvzpBhuT	Annie	I Don't Like Your Band	Don't Stop
EG0RxTLh3KOeKgGr	TAEMIN	DRIP DROP	Press It - The 1st Album
EHMaLL1Vwb0kR5cw	DAY6	Colors	The Day
EHOgjOc672QLdDQf	Nick Cave  The Bad Seeds	Where the Wild Roses Grow	Murder Ballads (2011 Remastered Version)
EHpJIMC6ndeNIUjO	Elephanz	Time for a Change	Time for a Change (Deluxe Edition)
EHsGiuT4KW5dcGwz	Loïc Nottet	Team8	Selfocracy
EIt4ji3sw9t0P2vM	Ben Nichols	The Last Pale Light in the West	The Last Pale Light In the West
EIyFo9dOcK26PzNY	Red Hot Chili Peppers	Sick Love	The Getaway
EIyPaREv8DRaQT0l	Death Cab for Cutie	Grapevine Fires	Narrow Stairs
EJ2YbvbPg66Yk5Rp	Ases Falsos	Gehena	El Hombre Puede
EJt7fiHzvBDPWFPp	Linkin Park	Wake	Minutes to Midnight
EK0e547YOwMU5W2C	Culture Abuse	Bay Dream	Bay Dream
ELP6IcyWLkR3kiZj	The War on Drugs	Disappearing	Lost In The Dream
ELb9BRqAGn9rZbBZ	Rainbow	If You Don't Like Rock 'n' Roll	Ritchie Blackmore's Rainbow
ELh3q5ATvL0oTsa4	Vinyl Pinups	Gold Rays	Gold Rays - Single
EMKi2uT6eNoitXsE	Finger Eleven	Slow Chemical	The Punisher: The Album
EMvILXFNDQ7XycQD	Everyone Asked About You	Taxi	Let's Be Enemies
ENNcM7yhfinLdaNm	Bailey Bryan	Perspective	Perspective
EORMk4iQTrOVywWB	Sandy e Junior	Discutível Perfeição	Sandy & Junior 2006
EOWaYUYxpjqZ2Oh8	Grand Blanc	Disque Sombre	Mémoires vives
EOr7HUsjlzw96I5V	The Smashing Pumpkins	Silvery Sometimes (Ghosts)	SHINY AND OH SO BRIGHT, VOL. 1 / LP: NO PAST. NO FUTURE. NO SUN.
EOw9mNRc5D1VliT8	Broken Social Scene	Sentimental X's	Forgiveness Rock Record
EP8oUPaVobC4u5aV	Drowning Pool	Pity	Sinner
EPLvE70J4NoszmWr	Kings of Convenience	Surprise Ice	Riot On An Empty Street
EPhjuQTv5EfxSypE	Pearl Jam	Gods' Dice	Binaural
EPn1LJZFtI4JIV0y	The Pastels	Secret Music	Slow Summits
EQr3t16rQOtXn07d	Jade	Don't Walk Away	Jade To The Max
EQwSdeIwSmj81nUu	Tessa Ia	Incendio	Correspondencia
EQyTccqtz5Y0HxOU	Sleeping With Sirens	War	Gossip
ER3Tty3i64Cf4XYG	Björk	Sacrifice (Death Grips remix)	bastards
ERJmFZFh8f17BbWK	Katatonia	Ambitions	Dead End Kings (Deluxe Edition)
ERhs9P1ubwFh94HL	Stratovarius	Enigma	Enigma: Intermission II
ERiT7v8anOGdWHpy	The Front Bottoms	Motorcycle	Back On Top
ESB3eoHRgogBSluI	Maria Mena	Just Hold Me	Apparently Unaffected
ESDmnzkyb2wIJktd	Architects	Dying to Heal	Holy Hell
ESLFyd8ybMbKw7Zp	Trippie Redd	How You Feel	LIFE'S A TRIP
ET8Bh73KA1KSbtTI	David Sylvian	When Poets Dreamed Of Angels	Secrets Of The Beehive (Remastered 2003)
ETGf30PkKOvIzTny	Whiplash	Power Thrashing Death	Power And Pain
EUDqLe0aYWftwFdy	Iron Maiden	Rainmaker	Dance of Death (2015 - Remaster)
EUFaLQJJPbzLxiv3	Sonic Youth	Theresa's Sound-World	Dirty
EUg13uCC43ShJl1M	Reik	Niña	Reik
EUhS64EkbxHO59ec	Washed Out	Far Away	Within and Without
EWDAXJxymBF7f3Zy	Blonde Redhead	Melody	Melody of Certain Damaged Lemons
EWmTo1WOXp5DTLrG	Cake	The Guitar Man	Pressure Chief
EXYXNDZjjplcoATC	A Flock of Seagulls	Messages	A Flock Of Seagulls
EXuXATL3XCvgNN2Q	Portishead	Undenied	Portishead
EY43dC5qBR9lZaza	Lo-Fang	When We're Fire	Every Night
EY9WlH0NTslR4rgy	Dream Theater	Chosen	The Astonishing
EYYkxL0msPG3AjJJ	Khontkar	Kime Ne	100
EYzbWVnDdgEnbD1V	65daysofstatic	65 Doesn't Understand You	One Time For All Time
Ea6y1s0pUuJfzpnY	British Sea Power	Waving Flags	Do You Like Rock Music
Ea7pUAgrvbX1CUd3	Me & My	Baby Boy	Me & My
EaHE05Aj6DW2Vgxg	Russian Circles	Atackla	Empros
Eb2ho4a3QNBRSjV6	Alex Lahey	Wes Anderson	B-Grade University
EbDkDpZAYjR8TQBA	Modest Mouse	Ocean Breathes Salty	Good News For People Who Love Bad News
EbKgk339OnDEKz6F	Bananarama	I Heard a Rumour	The Greatest Hits Collection (Collector Edition)
EbdxwnSYFxEifALz	Rita Lee	Maria Mole	Rita Lee
Ebxqq8I415H51rIH	The Beatles	Martha My Dear	The Beatles (Remastered)
EbyWHQjETpmhszzX	George Harrison	Awaiting on You All	All Things Must Pass (Remastered)
EcCD1I5iwRWNpoKw	Raulin Rodriguez	Medicina De Amor	Medicina De Amor
EcMuOK5nWxdURJ5U	Red Hot Chili Peppers	Get Up and Jump	Red Hot Chili Peppers
EcVunD6IyD7d11QG	The White Stripes	Icky Thump	Icky Thump
Ecw9XVEBc3ejMnAb	Heidi Montag	Love It or Leave It	Superficial
EcyWLBfayZmWE894	Mott the Hoople	Roll Away the Stone	The Hoople
EdiA7MFVCN3RaIfW	Louis Jordan	Is You Is or Is You Ain't My Baby	No Moe! Louis Jordan's Greatest Hits
EduCGZdN595HuXv7	Clutch	How to Shake Hands	Book of Bad Decisions
Edv33hXmNZO1stua	Fickle Friends	Hard To Be Myself	You Are Someone Else
EeNsb5XPqBvynQPO	Green Day	See You Tonight	¡DOS!
Ef7GRUKefGyatX6c	Tindersticks	A Night In	Tindersticks
EfFxUZcqk4Cv4yRk	Generationals	Avery	Avery
EfhNfkadtxObDzKk	Jakob	Safety In Numbers	Solace
Eg0Sn6tPIVPWvNj6	Paula Abdul	One or the Other	Forever Your Girl
EgFLTTmU42A4zaMI	The Shaggs	Philosophy of the World	Philosophy of the World
EgaD5xNhkZ3YkzsA	Deee-Lite	World Clique	World Clique
EggNkCVJULKGseBI	Hundred Waters	Firelight	Communicating
EginsUDZRP1YMJyh	The Beatles	The Night Before	Help! (Remastered)
EhGuK8GQYonViWWV	Waterparks	We Need to Talk	Entertainment
EhbkuT924MxGj1UB	Washed Out	Feel It All Around	Life of Leisure
Ehzh3LrEVi5xNvto	Kurt Vile	Freeway	Constant Hitmaker
EioRDDPdPKz99I3V	Vic Mensa	The Fire Next Time	The Autobiography
Eiztb9cKUJbWiQ18	Foxing	Gameshark	Nearer My God
Ej37iAsQqeNr0OgV	Angels & Airwaves	Do It For Me Now	We Don't Need To Whisper
EjlsRmNZKAZXC455	Janelle Monáe	Look Into My Eyes	The Electric Lady
EjpF1BUyTjsiggP2	Prince	Black Sweat	Anthology: 1995-2010
EkJouNcejRB3TSWU	Bad Boys Blue	How I Need You	More Bad Boys Best
EkpJGja281m1l6wC	Agalloch	Kneel to the Cross	Of Stone, Wind, & Pillor
El5fciMeO6U24T94	Commodores	Slippery When Wet	Caught In The Act
ElCPz8nx9SMeLyNH	Cut Copy	Meet Me In A House Of Love	Free Your Mind (Deluxe)
EmTBgx2qQRPjFQUK	T.I.	Whatever You Like	Paper Trail
En4U8jMEP6697lDc	S3RL	Pretty Rave Girl - Original Mix	Weekend / Into Overdrive / Pretty Rave Girl
EnK1FTcL4DN21Wll	Angèle	Balance ton quoi	Brol
EoGeE3IjAxSifyaz	Maglore	Ai ai	III
EoXkQkNmNFI6OkMa	Skank	Pegadas na Lua	Cosmotron
EomZfTO2qNi0U5BZ	Luedji Luna	Na Beira	Um Corpo no Mundo
EopCepSkOX0HkImf	Sunflower Bean	Memoria	Twentytwo in Blue
EpPcuiH9gGcQEAZN	Carole King	Bitter With the Sweet	Carole King: The Ode Collection
EpVG0fgpx2Nnnv3L	Hooverphonic	Battersea	Blue Wonder Power Milk
Eq4iwD43gO1PAxGp	Trivium	Entrance Of The Conflagration	The Crusade
Eq9VrDHnoWPEbP37	Joss Stone	The Chokin' Kind	The Soul Sessions
EqF5nkGzf3cf6RRE	Bat for Lashes	Sad Eyes	Fur And Gold
Eqwg6QFHdxfv2B8Q	Sorcha Richardson	Ruin Your Night	Ruin Your Night
ErEXLDslZjAyGZIC	Fall Out Boy	Young and Menace	MANIA
ErKW56iwYHYFCrpP	Lauren Daigle	This Girl	Look Up Child
ErLcBzxQYQVZ8olJ	Helloween	Dr. Stein	Keeper of the Seven Keys, Pt. II (Expanded Edition)
ErieQxLwqSWYjfXU	Bones	5EasyPayments	PaidProgramming
ErzUpTP4b03U4TP5	Bee Gees	Jive Talkin'	Main Course
Es42BwrMc8HwO5tR	Booze & Glory	Simple	CHAPTER IV
Es6zT0XKpIpDzsOI	Black Peaks	Aether	All That Divides
EsMMmEReGn4ThneZ	Him	Right Here in My Arms	Razorblade Romance (Deluxe Re-Mastered)
EsWzVqbHSQIJ1MiB	Uriah Heep	Salisbury	Salisbury (Deluxe Edition)
EtF2Cqs3KoDNuttw	Pendulum	Granite	In Silico
EtJ3tnpl5biAY7JQ	Fidlar	No Waves	FIDLAR
EujuJFW0T2baIwlC	Helevorn	Blackened Waves	Aamamata
EvB3PQAcjXg3vgfO	Superbus	Lola	Wow
EvaF8sfjjJ7w9Qyb	Natalie Perez	Algo Tiene	Un Té De Tilo Por Favor
EvfmsFM1BMPy5GzC	killedmyself	but until then	The Next Time You See Me, You Won't
Ewti7EzZtkpntPBT	Baden Powell	Berimbau	Os Afro-Sambas
ExA69XaJqQPpH4Cj	Women	Narrow With The Hall	Public Strain
ExbzgBOxVe8jTGKx	Colbie Caillat	Like Yesterday	All Of You
EyOKLoattiExpxQU	Ramones	Take It As It Comes	Mondo Bizarro
EyTN7l34CK2aBbxJ	White Lies	Nothing to Give	To Lose My Life ...
Eyc9LTm9RLDGn0yP	Thorns	Interface to God	Thorns
EyfLVzQqrtuafHL1	U2	Angel of Harlem	Rattle And Hum
EylLg1MQcHmSa6WQ	Carly Rae Jepsen	Tell Me	Tug Of War
F03dF3GH3rZzFBg3	Agnes Obel	It's Happening Again - Instrumental	It's Happening Again (Instrumental)
F03qVBXAgZAd8wUd	I M U R	Breathless	Little Death
F0N2hD6W3lZW9wnf	The Black Heart Procession	Outside the Glass	2
F0c9yn79enjyqpih	John Powell	Forbidden Friendship	How To Train Your Dragon (Music From The Motion Picture)
F1Lla25peHLMvH1H	John Legend	You & I (Nobody in the World)	Love In The Future (Expanded Edition)
F1RRglzUBWHNDu7Z	Dreamgirl	Pretty Sexual	Illuminaughty - EP
F1RhtUonV1gFjeKE	Ramones	I Can't Make It on Time	End Of The Century (Expanded & Remastered)
F1gwBEjcRIk75nfX	Kyle Edwards	We Are Young (Jersey Club)	We Are Young (Jersey Club)
F1smy3FedvCeBxlm	Fire Inc.	Nowhere Fast	Streets Of Fire
F1w4GzkpVxaf2pCV	Armin van Buuren	Heading Up High	Embrace
F2HLg4jIxzEo8BEx	Talos	On and On	Far Out Dust
F2oEr1uYzGiIwLY0	Sparrows	Over & Out	Over & Out (Delamare Remix)
F3MsfSfosiKIElxa	Astronauts, etc.	Shake it Loose	Mind Out Wandering
F3aAqpUhrDnJV9US	Catherine Wheel	Fripp	Chrome
F3d4srSq3VI2QY6i	St. Beauty	Not Discuss It	Running to the Sun
F3mjaaNLiyEsDUqC	Air Supply	Sweet Dreams	All Out Of Love
F44Ufeq4I1VK1JQ2	Christina Aguilera	Stripped (intro)	Stripped
F51ymL9EjgYoTQ60	The 1975	Girls	The 1975 (Deluxe Version)
F5UhpakL1GSSpw3H	Belleruche	Anything You Want (Not That)	Best Of
F6ITXbWuISg1Y1H5	Elliott Smith	Pictures of Me	Either/Or
F6SHehqN9NrI50Fy	Ô Paon	Le Dernier Mot	Courses
F6rGVoWZYLE5Vg6c	Esbjörn Svensson Trio	Where We Used To Live	E.S:T. Tuesday Wonderland
F899rYCM26nXDwzf	Switchfoot	Awakening	The Best Yet
F8ZkHRzie0n9lAgI	Rae Morris	Lower the Tone	Someone Out There
F8n71X7Iah62AKBA	India.Arie	Good Mourning	Testimony: Vol. 1 Life & Relationship
F9NAK8RFiPBRd9Gn	Maria Gadú	Taregué	Mais Uma Página
FA9khxoHx12I5cfc	Mother Mother	Bottom Is A Rock	Dance And Cry
FA9zV1BKGpo1VNps	Emma Blackery	Dirt	Villains
FAXFriW3qs1NslXR	GOT7	OUT	SPINNING TOP : BETWEEN SECURITY & INSECURITY
FAXsTIu3RqCUEv4g	Azealia Banks	212	Broke with Expensive Taste
FAkTj4S2Y1z3FOCC	Holding Absence	To Fall Asleep	Holding Absence
FApKnflwAI017lUp	2Cellos	May it Be	Score
FAyhIsRjYo7ovfmL	Talk Talk	Taphead	Laughing Stock
FB5MzhEHZpX8g3kM	John Carpenter	Escape From New York	Escape From New York
FBczT5zlcd6AKxoa	Lacuna Coil	To Myself I Turned	In a Reverie
FC11LJWfJJnEvBKD	Radiohead	The Numbers	A Moon Shaped Pool
FCdPx4gkAaVEginV	Cocteau Twins	Millimillenary	The Pink Opaque
FCx6BW5IAhy5vNQ6	Nightly	Holding On	The Sound Of Your Voice
FDRjft4l4Hos50Sb	Willie Colón	Calle Luna Calle Sol	Lo Mato
FE2k6KsT12RwrZtg	X Ambassadors	Jungle	VHS
FEEnVvso8k9FdeP5	Electric Light Orchestra	Telephone Line	A New World Record
FETbb3Eiew75ciy8	PJ Morton	How Deep Is Your Love	Gumbo Unplugged (Live)
FFLtutRJ3ch1Qym6	Spoon	Rhthm & Soul	Ga Ga Ga Ga Ga (2017 Remaster)
FFXMtcs6Ywz0Q4K5	Celldweller	Heart On	End of an Empire (Deluxe Edition)
FFXxeimTDlMT0FCv	Ana Carolina	Um Edifício No Meio Do Mundo	Quarto
FFjxYRQVqJ4ZOiUt	Logic	Run It	The Incredible True Story
FGWtjcKIc63yM3Wr	Dark Tranquillity	The Silence in Between	Construct
FGcNBDHlPADBleOy	Wye Oak	Dogs Eyes	Civilian
FGfqns8uJ7eSVGmA	Therion	Tuna 1613	Gothic Kabbalah
FGoHBEH3VdffqD8V	Type O Negative	Who Will Save the Sane?	World Coming Down
FGx15PQukVas2W4F	Maceo Plex	Conjure Dreams	Conjure Infinity
FH8HY8cYKjNGgW71	America	Sandman	America
FH8l1VL6Hovg2iIf	Erasure	Drama!	Wild!
FHbTlqJXuYnrDgoc	Yuna	Mountains	Nocturnal (Deluxe Edition)
FHkDPIlLYOcrQpUp	Enigma	Fata Morgana	Seven Lives Many Faces
FI92CSHUE0pB6xFy	Eminem	Headlights	The Marshall Mathers LP2 (Deluxe)
FJWfzbLUBEUAynse	Ramin Djawadi	Before the Old Gods	Game Of Thrones: Season 5 (Music from the HBO Series)
FJanPogGw1biVU9O	Nils Frahm	Ambre	Wintermusik
FJiq9oV8fchcWaRo	Tal Wilkenfeld	Corner Painter	Love Remains
FJld4KOlb7BTF41O	The La's	Doledrum	The La's
FJqTTFtM0j7lo9kG	Joe Esposito	Lady Lady Lady	Flashdance (Original Soundtrack From The Motion Picture)
FKHqXJZXiZW46NDW	Pet Shop Boys	Psychological	Fundamental: Further Listening 2005 - 2007 (2017 Remastered Version)
FKdGrW98y4cRo24c	Eagles	Victim of Love	Hotel California (2013 Remaster)
FKoTV4xKcHTjWr8X	Colbie Caillat	Begin Again	Breakthrough (Deluxe Edition)
FL76tZr8nLYaUUvq	Basshunter	Angel in the Night	Now You're Gone
FLdtwCHye9s1Ge0X	Oppenheimer Analysis	Don't Be Seen With Me	New Mexico
FMetawZ7uItBQi7h	John Cale	Close Watch	Fragments Of A Rainy Season
FMfSxFgzf511UNbw	Pavement	Heaven Is a Truck	Crooked Rain, Crooked Rain: LA's Desert Origins
FN0z8lNlOs1rZstc	Ella Fitzgerald	Smooth Sailing	Lullabies Of Birdland
FNEoREmjRCWfMR2u	Real Friends	Scared To Be Alone	The Home Inside My Head
FNUlO6ojDec30b5o	10 Years	Beautiful	Division
FNpS1gA711QdjJpd	Survivor	I Can't Hold Back	Vital Signs
FNyExb5eLVZTksM3	Dead Can Dance	Ocean	Dead Can Dance (Remastered)
FO4qZN3zGPDXuruG	Niki & the Dove	Ode To Dance Floor	Everybody's Heart Is Broken Now (Deluxe Version)
FOdJjFY9dYjJLXG2	Blue Stahli	The Sound of War	Premonitions
FPFd2qo68Azh85pb	Eurythmics	You Have Placed a Chill in My Heart	Savage
FPYDJ51BRuS13YUd	Gavin Rossdale	Love Remains The Same	Wanderlust
FQFXHkRRJUX1lpKn	The Church	Under the Milky Way	Starfish
FQKTvCKtYpqWzxWj	Thursday	Wind Up	Full Collapse
FQpRMvgepbCcHXuw	The Manhattans	Kiss and Say Goodbye	The Manhattans (Expanded Version)
FRQ4h3asJqjSx6oE	Kamelot	The Fourth Legacy	The Fourth Legacy
FRvA0ym098h4hrQS	Oasis	Going Nowhere	The Masterplan
FTUNG3Djb357PW0c	Creedence Clearwater Revival	Ramble Tamble	Cosmo's Factory (40th Anniversary Edition)
FTs7Ds0D1D2dGY53	CHVRCHES	Strong Hand	The Bones of What You Believe (Special Edition)
FU3TkbOXIjX9oWj5	The Sound of Animals Fighting	The Heretic	Lover, The Lord Has Left Us...
FUQ80in3jUmUzGqK	Michael Bublé	Always on My Mind	Call Me Irresponsible (Standard Edition)
FVKT6BRABGB1cYdp	MAMAMOO	Rainy Season	RED MOON
FVLfWrns8Z7BQqQW	Chunk! No, Captain Chunk!	What Goes Around	Get Lost, Find Yourself
FWag5eCOrDbEFI4p	Blind Melon	The Duke	Soup
FWgoz6YqKbqJBXBG	Demi Lovato	You're My Favorite Song	Camp Rock 2: The Final Jam
FWz3kjUAUFffnKMt	Daniela Romo	Celos	Daniela Romo
FXAtKCsaEdWX7cz9	Mandragora Scream	Haunted Heart	Madhouse
FXUolp0Ie9aXUZT4	Salvador Sobral	Amar pelos dois	Amar pelos Dois
FXwGJ0MOefgO3VQj	Thin Lizzy	Romeo and the Lonely Girl	Jailbreak (Deluxe Edition)
FY2sIQ9cAAnzniup	potsu	runaway	runaway
FYTsCRbDC13IQs8y	Emerson, Lake & Palmer	From the Beginning - 2015 - Remaster	Trilogy
FZ6rrn5QR3gXM8mA	múm	The Colorful Stabwound	Smilewound
FZEfb5wuVSMk513x	Angels & Airwaves	The Machine	We Don't Need To Whisper
FZODhrTLwWypzJjP	Arcane Roots	Matter (Revel)	Matter (Revel)
FZcJCU93n8Aw13DG	The Pineapple Thief	All That You've Got	Dissolution
FZjAzdNNIBLir77a	MF DOOM	Myrrh	Metal Fingers Presents: Special Herbs, The Box Set Vol. 0 - 9
FZt2fKnvMiHulH6S	The Decemberists	January Hymn	The King Is Dead
FaY5Uu05xJftTVX6	Amyl and the Sniffers	Some Mutts (Can't Be Muzzled)	Some Mutts (Can't Be Muzzled)
Fb3KzjIpUhZhFI6x	Anti-Flag	Racists	American Fall
FbFHW2YggTCd3dep	Stone Temple Pilots	Plush	Core (Super Deluxe Edition)
FboYhiSI44owC5UI	Joseph	White Flag	I'm Alone, No You're Not
FcEnd3X5iSnYpe3P	DIIV	Out Of Mind	Is the Is Are
FcM7GQ2rSxousYq9	9MUSES A	Shh!	MUSES DIARY
FcNylYk3vbC8T7F8	MAMAMOO	Woo Hoo	Woo Hoo
FcPnkYJNQlnP7GB3	Megadeth	Family Tree	Youthanasia
Fcmr2Wdtho4Sm1Sx	The Rasmus	Save Me Once Again	The Rasmus
FcrHLY4GIWJf8AH0	Helmet	Crashing Foreign Cars	Size Matters
FdOPVs4VEcHzBUQz	Megadeth	Never Dead	Th1rt3en
FdZ0KMoDOGOsKCJa	Avenged Sevenfold	Strength of the World	City Of Evil (PA Version)
Fe3upMvEXsLvGJYm	Aya Nakamura	Gangster	NAKAMURA
Ff4d0TmBYJD9fRjT	Jessica Pratt	Midnight Wheels	Jessica Pratt
FfKTnDVfjDFbx9gf	Pedro the Lion	Progress	Control (Remastered)
FfP82p5KS3VAltWb	Rancid	Junkie Man	...And Out Come The Wolves
FfsKA1GDDroIzMoJ	Elisa	L'Anima Vola	L'anima vola (Deluxe Edition)
Ffy0GAUibMGkW8cP	The Interrupters	Broken World	Fight the Good Fight
FgVRx5Fvg0N3uSal	The Story So Far	Navy Blue	Songs Of
FgXSllAYTEKO269U	Blind Guardian	Bright Eyes	Imaginations from the Other Side (Remastered 2007)
Fh63msEpXEl07F04	El Gran Silencio	Dormir Soñando	Serie Verde - El Gran Silencio
FhU52PU8kS2N9kHS	The Maccabees	Toothpaste Kisses	Colour It In
FhYXTpZpVLGD7yWV	The Orielles	Sunflower Seeds	Silver Dollar Moment
Fhks6ZPQacjcid6p	Swimming Tapes	Cameos	Souvenirs EP
Fi5upOOyiHZE4TtD	Lord Huron	Lonesome Dreams	Lonesome Dreams
Fi8zHSLIVTgFfLjh	Nxworries	Scared Money	Yes Lawd!
FiEgkykn6tnhBUNE	Los Angeles Azules	17 Años	Cómo Te Voy A Olvidar ¡Edición De Súper Lujo!
FiQTQIXOok3rOXMq	ColdWorld	Escape	Melancholie²
FiZqYZWpv66fzLdH	Marina Lima	Só os Coxinhas	Só os Coxinhas
FimYBEtF99Hvqmdv	American Football	Home Is Where the Haunt Is	American Football (LP2)
Fk1xz8S3TPw4lLsk	Daughters	The Theatre Goer	Daughters
FkG0gtf5YEVv9KNy	God Module	Telekinetic	Empath 2.0
FlPF64JwVEQQwH2A	Bicep	Kites	Bicep
FlYDAvUBApALEV1T	21 Savage	FaceTime	Issa Album
FmIidrgNydMlZZqR	Lizzo	Boys	Cuz I Love You (Deluxe)
FmQBKwnlZKun5AIf	The Mountain Goats	Animal Mask	Beat the Champ
FmS3DLHtr4X9DZbI	Manic Street Preachers	Kevin Carter	Everything Must Go 10th Anniversary Edition
FmZSjyXzfKA8zvdv	Menores Atos	Mar Aberto	Flecha Discos, Vol. 1
FnAn7awXWaAaUluk	Ladytron	Transparent Days	Gravity The Seducer
FnB2RXrDqOId9DGa	Soundgarden	All Your Lies	Chris Cornell (Deluxe Edition)
FnjghxysrfGKLly4	Panda Bear	Sequential Circuits	Panda Bear Meets The Grim Reaper
FnvBIKQbBzybnpr1	CPM 22	O Chão Que Ela Pisa	CPM22
FoQKnaID4GqaZNSH	Mike Perry	Inside The Lines	Inside the Lines
FoVuquqMIEqOAAoJ	Smile	Doing All Right	Bohemian Rhapsody (The Original Soundtrack)
FpSHrgYPnwJvVuZE	Everything But the Girl	Low Tide Of The Night	Temperamental (Deluxe Edition)
Fq0GmFCQ6rH8fhGw	Mr. Little Jeans	Oh Sailor	Pocketknife
Fqk6k6Mmi40DfyvT	Ingrid Michaelson	The Chain	Everybody
FqpW85CaBLDDoXh7	Samael	Crown	Ceremony of Opposites
FsitsF4m5nzqlSEC	In This Moment	You're Gonna Listen	Blood
Ft9JTF5d5IKTLQq1	Three 6 Mafia	Da Summa	Mystic Stylez: The First Album
FtFVJoPUjkplrZp9	The Kinks	Sunny Afternoon	Face to Face (Deluxe Edition)
FtHalkTpAF93ajq4	Triple One	Colours.	The Libertine.
FtSNrVk7VKhLHiXK	Assemblage 23	I Am The Rain	Failure
Fu3QuYyRTwdZYDrb	Moby	The Day	18 & 18 B-Sides
FuSSpZM4mN7JXCWK	Planta e Raiz	Filho Do Leão	Exército Delirante
FuVju35v7B0jtKeU	Halsey	Without Me	Without Me
Funk25m7wFcANXAv	Adriana Calcanhotto	Metade	A Fábrica Do Poema
FuzQUGCTqdQgeOVW	Aborted	Farewell to the Flesh	TerrorVision
FvICo0pS7pyvOtkP	Les Rallizes Dénudés	The Night Collectors	Heavier Than A Death In The Family
FvmUxqDYcskY1E1q	Elvis Presley	Don't Be Cruel	Elvis' Golden Records
FvnLLlcU1QldvDlJ	If I Were You	Pull Me Under	Life After Death
FwHWznv87c6NLdhS	Van She	Idea Of Happiness - Original	Idea Of Happiness
FwjVComOWkwA7oYO	Kasia Kowalska	Jak rzecz	Gemini
FwkoUMZ6IttlPgYS	Rammstein	Der Meister	Herzeleid
FxOlUk5WuF7rwExu	John Martyn	Go Easy	Bless The Weather
Fxi4I8Ih7NbkCJ2b	Insomnium	Winter's Gate, Pt. 1	Winter's Gate
Fy5vtMn4D4kM6tXm	Herbie Hancock	Sly	Head Hunters
Fz7DkWlg01BwI2SX	Psyche	Brain Collapses	Live At Belvedere Hall 1983
FzBGuQhNJ8D49br3	Kanye West	Heartless	808s & Heartbreak
G0SgJMYBczeXwZ7B	Frank Zappa	Charlie's Enormous Mouth	You Are What You Is
G27hZocdPCF4Pbzj	Deafheaven	Please Remember	Sunbather
G2aLdTalzlIPIZ3C	London After Midnight	The Bondage Song (Unchained mix)	Psycho Magnet
G37zzv6LXiM4AI6m	Cardi B	Rollin	Gangsta Bitch Music Vol. 2
G4HToMO71hefOMFp	Evanescence	Lost in Paradise	Evanescence
G4OXh7aSH366jWVT	Tony Bennett	But Beautiful	Cheek To Cheek (Deluxe)
G5Eb0cMQ6OnWu2fv	Rise Against	Audience of One	Appeal To Reason
G6IjeJK8Hyyyz07u	Light Asylum	Shallow Tears	Light Asylum
G6WUcLtHqv2wHYKK	Rosetta	Je N'en Connais Pas la Fin	A Determinism of Morality
G6lnayYLEZ2eeABl	Tones on Tail	Go! (club mix)	Everything!
G7EQeDs7jVndK4Ps	Rae Morris	Love Again	Love Again
G7fSb4eU2BosPBzC	Pink Floyd	Allons-y (2)	The Endless River
G8QARSiuYpqUniEQ	La Sera	Love That's Gone	Sees the Light
G8tJVM0Z1rTcz8jI	Nirvana	Scoff (Live At Pine Street Theatre)	Bleach: Deluxe Edition
G9W9qavnn0hxQysZ	Jorge Ben	Balança Pema	Samba Esquema Novo
G9pWWq5JipYtVMKA	Mnogoznaal	z-pam	Z-Pam
G9pxpxaP1e9WCLDz	Bathory	Man of Iron	Blood on Ice
GAq4Nsei1YB708r0	Iron Maiden	Lightning Strikes Twice	Virtual XI (2015 - Remaster)
GBOdjANOJKC6ygJs	Eternal	Stay	UK Dancefloor Hits 90s
GBQJMvg7g3juz7ws	Mariah Carey	Almost Home	Almost Home
GCDjUQPbnTRiTU3R	Britney Spears	(I Can't Get No) Satisfaction	Oops!... I Did It Again
GCaaolQ5adxtpyyD	John Williams	The Imperial March (Darth Vader's Theme)	Star Wars: The Empire Strikes Back (Original Motion Picture Soundtrack)
GCpLz9MNjzDybKRH	Sufjan Stevens	A Winner Needs a Wand	A Sun Came (reissue)
GCv1jKRNfRJ9HqaM	Aimee Mann	Good for Me	Mental Illness
GDdCnfs63FSLqhtT	Cher	One Small Step	Love Hurts
GDkp3URH5GrjewqH	Post Animal	Tire Eyes	When I Think Of You In A Castle
GDpB4nzEsfJJ87KE	Manu Gavassi	Garoto Errado	Manu Gavassi
GDx632QTiLIaZPHn	nothing,nowhere.	rejecter	ruiner
GEmmiuRJ1SK9UoBn	T. Rex	One Inch Rock	T. Rex (Remastered)
GEttDep9d4KDyKP9	Broadcast	Subject to the Ladder	Tender Buttons
GFCw90RP4bIfXwh3	Ian Brown	Ripples	Ripples
GGXHpxdpuMo9q50b	Lucinda Williams	2 Kool 2 Be 4-Gotten	Car Wheels On A Gravel Road
GGygQSGD3R9CXV3D	Tina Turner	Not Enough Romance	Foreign Affair
GHXTJTKjXpk8JdZJ	Sensible Soccers	AFG	8
GHYIVTcuOgFzz5XZ	One Direction	Gotta Be You	Up All Night
GHeVGNmGxJTafMIY	HOLYCHILD	Wishing You Away	Wishing You Away
GHiijFFRFqKDNICH	Mary J. Blige	Don't Mind	My Life II...The Journey Continues (Act 1) [Deluxe Version]
GJ9QL2TUg1L1pGkD	Zélia Duncan	Sentidos	Zélia Duncan
GKixw9EdmwXDcxk1	Kult	Polska	Posłuchaj to do Ciebie (Expanded)
GL9NfAXXgASShoOX	Death	Overactive Imagination	Individual Thought Patterns
GLMb98xm0bVFx6fK	Olivia O'Brien	Find What You're Looking For	Find What You're Looking For
GMEtrPb9knQQnjkf	The The	I've Been Waitin' for Tomorrow (All of My Life)	Soul Mining
GMFH5sGTrDA7khll	The Who	The Dirty Jobs	Quadrophenia (Super Deluxe Edition)
GMLFQAQ8yiaMUrib	Gal Costa	Dez Anjos	Gal Estratosférica
GMNt3JSBAfjK2DqR	mewithoutYou	Tortoises All the Way Down	[Untitled]
GMg7b8qQiTzyF2Ry	Ween	Object	La Cucaracha
GNDepN0J5keiSuyW	Klangstof	Close Eyes To Exit	Close Eyes to Exit
GNF8rnm6UHhmCxqY	Laura Rizzotto	Tightrope	Tightrope (Bolth & JrA Remix)
GNRwduSUpGpTK733	Jimmy Eat World	Higher Devotion	Invented
GNmyuYixegbGJkI7	Spinvis	Astronaut	Nieuwegein Aan Zee
GNx8p3jIllwdtFu8	Pat Benatar	Looking For A Stranger	Get Nervous
GO0ZoJe9t24r9EkJ	Cannibal Corpse	Vomit the Soul	Butchered At Birth
GO61SE2J6v50Mq1v	Arctic Monkeys	Evil Twin	Suck It and See
GOgUEWztKjag6ZcR	Lindita	World	World
GOmjkWyiGrwltsvz	John Tejada	Unstable Condition	Parabolas
GP8aY9u1yBMhGezE	Kristofer Maddigan	Sugarland Shimmy	Cuphead (Original Soundtrack)
GPIY0cnCnj4krvPF	Lacrimosa	Herz und Verstand	Testimonium
GPIagwmR83iR9R56	The Wailers	Get Up, Stand Up	Burnin'
GQaVz0s946z5fWOp	Julien Baker	Hurt Less	Turn Out the Lights
GQcSnD6EkGAPor29	Placebo	Bigmouth Strikes Again	Covers
GRKnowGLzlIjWhsO	Imogen Heap	Closing In	Speak for Yourself
GRlCQYNd17jNgAtf	Carly Rae Jepsen	Tiny Little Bows	Kiss (Deluxe)
GTQaTSnXfVEEbRnL	Fountains of Wayne	Hey Julie	Welcome Interstate Managers
GTaV1ubSZT1rpC3T	Annalisa	Sento solo il presente	Splende
GUEut2iXm1VhhVJq	Pierce The Veil	Phantom Power and Ludicrous Speed	Misadventures
GUHa5AckJGJ9GCj3	Christopher	Against the Odds	Colours (Special Edition)
GUNe5gL6Di8VuD86	Cub Sport	Only Friend	This Is Our Vice
GVOsPltnnQI3R4bN	Justin Timberlake	Take Back the Night	The 20/20 Experience - 2 of 2 (Deluxe)
GVSaXXXLcUX3fdDO	Ane Brun	Unchained Melody	Leave Me Breathless
GVdj19MdRtMWzhL0	H.U.V.A. Network	Indigo Room	Distances
GVhmNGKjsQv7T9aX	Jeff Buckley	You & I	You and I
GVyJAMgkmgO4AXVX	R.E.M.	Half a World Away	Out Of Time (25th Anniversary Edition)
GWIqR6kp8FkSU8Mo	Peter Cetera	Glory of Love	Solitude / Solitaire
GWbE2lGAf2GaCgzy	Brian Eno	Everything Merges With The Night	Another Green World
GX08Kji9s1S7JMGv	OOHYO	UTO	어드벤처 Adventure
GXFrV2p1QFHOKd2R	Queens of the Stone Age	Song For The Dead	Songs For The Deaf
GXnqYZQ6J1qtsoxL	Waterparks	Powerless	Double Dare
GYNdwd8W6gRgPKsE	Prefab Sprout	Paris Smith	Jordan: The Comeback
GYWAeiVXVLkFiKjZ	Forever the Sickest Kids	Bipolar Baby!	Forever The Sickest Kids
GYbgjgVErgMg1nA1	Marmalade	Reflections Of My Life	Reflections of My Life (Original Recordings)
GYfaow4KBlDpPywy	Immolation	Rise the Heretics	Atonement
GYwzt3lok9A8CNlT	Mary J. Blige	Show Love	The Breakthrough
GZ8upi4wcJg2sT6Q	Los Hermanos	Onze Dias	Los Hermanos
GbFJjSVcklMSNsqQ	Bee Gees	(Our Love) Don't Throw It All Away	Greatest
GbxG4nJF2UQyqc36	De Kreuners	Ik Wil Je	De Singles
GcYQmF48HG2zCGEu	Witt Lowry	Wonder If You Wonder	Dreaming With Our Eyes Open
Gd0EZ4Y92zJcOwQW	RICEWINE	Flood	Flood
Gd1kg2dvge7YuvLL	The Supremes	Baby Love	Where Did Our Love Go
Gd3VtZGLfuLPS6nl	Owl City	Fiji Water	Cinematic
GdrdZZBxvrag35R3	Annabel Jones	Happy	Happy (Remixes)
GeUoZ0JH69p2eziP	Acceptance	So Contagious	Phantoms
GebyJPltjpJeAvRa	Ween	Sorry Charlie	The Pod
GecDfHN4MDWrms80	Death Cab for Cutie	Scientist Studies	We Have the Facts and We're Voting Yes
Gf0FpDZiZx73SH3h	Soda Stereo	Luna Roja	El Ultimo Concierto B
GfZPFrzIKFU7kSHz	Cassius	cassius 1999 (radio edit)	1999 (Deluxe Edition)
Gfd8Bmx6ipGgBBXd	Dead By Sunrise	Too Late	Out Of Ashes
Gfg4wPP8FGlNlmTt	Tsha	Sacred	fabric presents Bonobo (DJ Mix)
Gg5icPCfJo6DbfHs	Tori Amos	Gold Dust	Scarlet's Walk
Gh4XHTuCdfXt0kB7	Sophie Ellis-Bextor	Birth of an Empire	Wanderlust
Gh7cj0ASHy86GsAC	Mandy Moore	When I Talk To You	Mandy Moore
GhJolX19JBb9ZPNk	Alicia Keys	Tears Always Win	Girl On Fire
GhdADIQ07T2m7kaZ	Nirvana	Marigold	In Utero - 20th Anniversary - Deluxe Edition
GhkkX00oHbexB3Y7	Remo Drive	Trying 2 Fool U	Greatest Hits
GhlR9KGXi5vy0DXO	Bombay Bicycle Club	What If	I Had The Blues But I Shook Them Loose
Ghqpfy1iU4NJNJaB	Saint Vitus	Dying Inside	Born Too Late
GiQaGnRCmAzqc8dG	Paul McCartney	We All Stand Together	Pure McCartney (Deluxe Edition)
GiXS4IOrYVpyHhRT	Gustavo Bertoni	Black and White	The Pilgrim
GiZmrKdpxdsL1G58	Mint Condition	Nothing Left To Say	E-Life
GixbKvhxrplnGJLx	Alcest	Les voyages de l'âme	Les voyages de l'âme
GjwioiFmpuHu1IUG	Swervedriver	Last Rites	I Wasn't Born to Lose You
GkehGm4U5zYtEzyB	Little Boots	Heroine	Working Girl
Gku6M2P3MVLq0IQC	Secret Garden	Nocturne	Live at Kilden: 20th Anniversary Concert (Live)
GkxiVnqXowBSC6Yx	Twenty One Pilots	My Blood	Trench
Gl8ZPIkQ8bnEFhcN	Britney Spears	Shadow	In The Zone
GlOegbRCFYqeWOdS	Cat Power	Islands	The Greatest
GlTo9y0j2F5BkLEW	Everlast	White Trash Beautiful	White Trash Beautiful
GlYQzSXUurZhJQzd	Joy Division	Shadowplay	Unknown Pleasures
GllGn47wMxxfJ7Cm	DubVision	Fall Apart	Fall Apart
Glp3ZdfC7AE1BgAB	Karmin	Everything	Leo Rising
Gmw9EBzssSrHAEMD	Dissection	A Land Forlorn	The Somberlain
GnC6slPNyUIkxwa3	Mammal Hands	The Falling Dream	Floa
GnNKIRYTLyIKThUA	Muse	Uno	The Resistance
GnY0eB2gjTbkZLk4	Dead Kennedys	Too Drunk to Fuck	Give Me Convenience or Give Me Death
Gp9SacJx2gTBqxQK	Jorge Drexler	Universos paralelos	Bailar en la cueva
GpKqgeSCVyvsprSM	Nickelback	The Betrayal (Act III)	Feed the Machine
GpX6jaON0WVJuB8h	Labrinth	Jealous - Bakermat Remix	Jealous (Remixes)
GpgZrFf2QjYW3vPp	BTOB	Missing You	Brother Act.
Gr9cUZr2UxOxVXrj	The Smashing Pumpkins	The Tale of Dusty and Pistol Pete	Adore (Super Deluxe)
GrQNKqXLbBGsriNG	SCARLXRD	Girlfriend	Girlfriend
GriHojNojbvSzN7N	The Smiths	Well I Wonder	Meat Is Murder
GsahgqMVYOoiWdue	Grimes	Gambang	Geidi Primes
GsmONsPEXQQq666F	Fugazi	Suggestion	13 Songs
Gsvz7IWX1N8uMdjY	The Modern Lovers	Astral Plane	The Modern Lovers
Gt75I4MnGA6Qio9g	New Radicals	Someday We'll Know	Maybe You've Been Brainwashed Too
GtGPIsFw0UyPp74j	BTS	Outro: Luv In Skool	O!RUL8,2?
Gth03dpW3NAXMb65	Fatboy Slim	Sunset (Bird of Prey)	Halfway Between The Gutter And The Stars
GtyUtK9czdlMxanR	Eric Prydz	Pjanoo	Pjanoo
Gu8ekvfiVn9ZiJHv	blink-182	Boring	Dude Ranch
GuABXJnGX6gP85q4	Bad Bunny	Chambea	Chambea
Gv3qFQA14r2UMWxV	Carpenter Brut	Escape From Midwich Valley	TRILOGY
GvOKPpJjAX5lHnJY	Belle and Sebastian	Sukie in the Graveyard	The Life Pursuit
GvTHSn3dBzcFsBfU	Vitamin C	That Was Then, This Is Now	More
GvnfeMBD1ExMewo9	Biagio Antonacci	Iris (Tra Le Tue Poesie)	Mi Fai Stare Bene
GvujHQfArqD3dpRR	Emma Blackery	Third Eye	Villains
GxQSAPkFnlwaY0Z2	Kat Graham	Put Your Graffiti on Me	Put Your Graffiti On Me
GxpadsIPiaQU4KpW	The Mission	Severina	Gods Own Medicine
GyIukplLBNcBKG4r	Agalloch	Birch Black	The White EP
GzWTyUhr0Xg1yxfM	Megaherz	5. März	Herzwerk II
H0CQrkHeTorZimcF	The Academy Is...	Season	Almost Here
H0Srz4Oo5MpM1yNK	Cynic	Evolutionary Sleeper	Traced in Air
H0gi4xI8i7vPEDTH	Janet Jackson	The Best Things in Life Are Free	A Salute To Janet Jackson Vol. 2
H0huuVcK4V6jr4S7	Gabriel Kahane	November	Book of Travelers
H11m9FcWagnA4Z2o	Black Sabbath	Over to You	Never Say Die! (2013 Remaster)
H1QvQ9N3dW3RkCMP	The Bilinda Butchers	Less Than	Heaven
H2BaxzXFJPFKKnP9	Pearl Jam	Brain of J.	Yield
H2sjI6mHuW0gXK4c	Band of Horses	Slow Cruel Hands Of Time	Mirage Rock
H2vEgFTopIDO8P1i	Hurula	Ny drog	Vapen till dom hopplösa
H3LsEkOw7Qc4ZivN	Hüsker Dü	Turn on the News	Zen Arcade
H3pFIPVEqFZTRN4u	Monica	Inside	The Boy Is Mine
H4p5jHfSc805tvFE	The Microphones	I can't believe you actually died	Song Islands
H5oyJleoWGTpz2Rj	Eyes Set to Kill	Heights	The World Outside
H5rlC4pKlupVmZbR	Funeral Mist	The Devil's Emissary	Devilry
H6NXh69nuT6AzSZZ	The Soft Boys	I Wanna Destroy You	Underwater Moonlight
H7D7Zq0UpgvBWaj6	SOHN	Signal	Signal
H7M63BTs2caxHLmu	Paradise Lost	No Hope In Sight	The Plague Within
H7dhyrE2IpdLFFTp	Jorja Smith	Teenage Fantasy	Lost & Found
H8342RzybdE3vTGU	The Veronicas	Someone Wake Me Up	Hook Me Up (US Version)
H8KEhKPRglBtEYwb	Soda Stereo	Entre Canibales - MTV Unplugged	Comfort Y Musica Para Volar
H8V5k2Hgc5WiJrgz	Sarah Brightman	Il Mio Cuore Va	Eden
H9jf6RfH6OXthRr7	Krisiun	Black Wind	Southern Storm
HAYdq3DFwbEXvuaG	Cavetown	888	Lemon Boy
HAlNTj6txwngLREF	eat your heart out	Shape Of You	Punk Goes Pop, Vol. 7
HB0rdqypn2YfAreg	Jake Bugg	Hold On You	On My One
HBY7327CwYnpBmEx	Hollywood Undead	Sell Your Soul	Swan Songs
HBuNnIXZ6ccPKl3K	deadmau5	sniper	Polar (Music from the Netflix Film)
HBx15Q0gAUsr5j9C	Clint Mansell	San Junipero (Saturday Night In the City of the Dead)	Black Mirror: San Junipero (Original Score)
HCiwW6DhoIQ8YTBa	Matt White	Best Days	Best Days
HCmN7jLgTjYJPkkT	De Staat	Level Up	Bubble Gum
HDEuGJhgIhYbPGPy	Sleep	Dopesmoker	Dopesmoker
HDQ7PBBsA22YiN5b	Týr	Fire and Flame	Fire and Flame
HDka8pRozVuhwfo2	Amiina	Lóri	Kurr (10th Anniversary)
HE3g6vA6YTgTwYaR	Cute Whore	Cult Leader	Cult Leader
HELbGitWK3Ul5C0g	M83	Klaus I Love You	Hurry Up, We're Dreaming
HF2xzsrEpykkFB2V	Canned Heat	Cristo Redentor	Songs from the Road
HG1XEEwFqv5SGW8i	Boards of Canada	Twoism	Twoism
HGmy7ZpECSt1mk7s	Alice Cooper	Gutter Cat Vs. The Jets	School's Out
HH3vmubzJlTrD8lt	Cartola	Alvorada	Raizes Do Samba
HHV8HMTI7h3Oriww	BADBADNOTGOOD	And That, Too	IV
HHXw5X0tFmY8eBCC	The Plot in You	Feel Nothing	DISPOSE
HHduAfrudkOrspR3	Carla Bruni	Chez Keith Et Anita	Little French Songs
HHsVKrzhzUV7BL3Z	Coldplay	Violet Hill	Viva La Vida or Death and All His Friends
HIVB2oyAyfZW29no	Photek	The Hidden Camera	Modus Operandi
HIdTPT7nUOIoXGkv	Sade	I Couldn't Love You More	Love Deluxe
HIkZEXTfO16B1dbt	The Neighbourhood	Let It Go	I Love You.
HJ8bE2CSPU0YJlnK	Idiot Pilot	Only So Much	Blue Blood
HJBHhI4AYcf4gnza	Chelsea Wolfe	Widow	The Grime And The Glow
HJQeeV65ZT8A06en	Albin Lee Meldau	Before & After	About You
HKDYQQlyRODlzgPP	Pestilence	The Trauma	Consuming Impulse
HKosK52Q7Mb81uLw	Boney M.	Belfast	The Essential Boney M.
HKouoiJSv4zNerLu	Bazzi	Somebody	COSMIC
HL6RTRR2d2jS5OKC	Santana	Africa Bamba	Supernatural (Remastered)
HLHV2SrzDNzCcy5N	A Banda Mais Bonita da Cidade	Saindo De Casa	O Mais Feliz da Vida
HLIIHyHyg4Siesjg	Beto Guedes	Amor de índio	Preferencia Nacional
HMc6AVa4YSaK9pSB	Ten Walls	Walking With Elephants	Walking With Elephants
HN4UMmC9lXfmg57H	Can	Outside My Door	Monster Movie (Remastered Version)
HNV71xeWPAqbgA4X	Rammstein	Rammlied	LIEBE IST FÜR ALLE DA
HOCnll4AZXYFttEl	Covenant	Invisible & Silent	Northern Light
HOHJbRGxGEs4Z3Zn	Dragonette	Body 2 Body	Royal Blues
HOLK4FwtgaSwzbVz	Stars	Ship To Shore	Ship To Shore
HOLbh4e1G42yTYnV	Jennifer Lopez	(Can't Believe) This Is Me	Rebirth
HOU5VNruNYj1WboR	Roy Woods	Love You	Nocturnal
HOVkr6ZUpqlQwZVe	Cher Lloyd	Bind Your Love	Sorry I'm Late
HOc7mbdQ70GrqCBE	Muse	Apocalypse Please	Absolution
HOo3bGX4vK2RFerw	Michael Jackson	Another Part of Me	Bad 25th Anniversary
HOtfLMtqVOYKRyQg	SurFaces	Loving	Surf
HOwyvixCjkNUgOym	Mew	She Came Home for Christmas	Frengers
HPaRsJH35TjMdjzk	Angels & Airwaves	Shove	Love, Pt. 1 & 2
HPj4zXnX86Hn2yhJ	Tommy James & The Shondells	Draggin' the Line	Tommy James And The Shondells: Anthology
HQXLDagQmCpk1FFd	Zazie	Speed	Speed
HQfChPO8aHbhhuCU	Swans	In The Eyes Of Nature	Love of Life (Deluxe)
HR7o58l2AJi9nMoJ	Nilüfer Yanya	Sliding Doors	Plant Feed
HR93txJvMQv0OkwW	The Decemberists	Starwatcher	I'll Be Your Girl
HRROCgjruM90SJAW	Glowworm	Contrails	The Coachlight Woods
HRcSr0Y4g9g6PJFc	Danny Brown	Lost	Atrocity Exhibition
HSJrhZHbHjAQCmKb	Poets of the Fall	Morning Tide	Temple of Thought (Bonus Edition)
HTGjc2tfRHc57Tjd	Pixie Lott	The Way the World Works	Turn It Up
HTOqJJVYGbR0GmAa	Lucy Rose	Cover Up	Work It Out (Deluxe)
HTfUWa5ztZpFYoYr	Elisa	Eppure Sentire (Un Senso Di Te)	Ivy (Deluxe Version)
HUOSeI0YAPMQQbBz	Dynazty	Firesign	Firesign
HUfKZj85iscpHVGw	hyukoh	Mer	22
HUpbP6pLPdf6Gv3w	The Magnetic Fields	Take Ecstasy With Me	Holiday
HUyJtbJ5fOZO9PJ9	Marble Sounds	The Time to Sleep	Nice Is Good
HVhjykCkeRFAtpZv	M.I.A.	The New International Sound - Pt. 2	AIM (Deluxe)
HVitb9Vjo4B7ll83	Orianthi	According To You	Believe (II)
HW1nF1Id0zuivjoe	Nick Drake	From the Morning	Pink Moon
HXhJoMOQvsds3o42	Matheus Yurley	Zé Droguinha - DJ Tezinho	Zé Droguinha - DJ Tezinho
HXuLNd92c1jsop6Z	Bayside	They Looked Like Strong Hands	Bayside
HYNdG1ASJkLO9nh6	Hayley Westenra	May It Be	Odyssey
HZ85T2sH6DV7p1Ki	Mutoid Man	Bandages	War Moans
HZdZgOJ0x7HHcDUL	Mount Eerie	Waterfalls	Song Islands Vol. 2
HaG49glSqKJR4qov	Pitty	Pouco	SETEVIDAS
HaSOXmoGIxeLBmtE	R.E.M.	What If We Give It Away?	Life's Rich Pageant
HaVFaw34hORH55dH	Ultimo	Cascare nei tuoi occhi	Peter Pan
Haotmkpcwx0NHycc	Myriam Hernandez	El hombre que yo amo	Todo Lo Mio
Hasb4xZLrPSwL3wG	Rico Dalasam	Nao Posso Esperar	Modo Diverso
HbyoxfIfqIt6KgAA	Chet Baker	You Don't Know What Love Is	Let's Get Lost: The Best Of Chet Baker Sings
HchgPKmwB6FP04mM	Radiohead	Planet Telex (L.F.O. Dj Mix)	High & Dry / Planet Telex
HdavlfT9eh8AnBP8	Marissa Nadler	Your Heart Is a Twisted Vine	The Sister
He4gktqB8B1QtrZY	Anathema	Release	A Fine Day to Exit (Remastered)
HeDpdqICWNoCbS3D	Criolo	Subirusdoistiozin	Nó Na Orelha
HfdShvYYaND0YQXH	Stone Temple Pilots	Big Bang Baby	Tiny Music...Songs From The Vatican Gift Shop
HgKz0famfQQLIGdJ	hyukoh	TOMBOY	23
HgNRlR1wKzmvROMT	Mac DeMarco	At Ron's Bris	Another (Demo) One
HgXojfKSlBHZU3Bw	Death	Spirit Crusher	The Sound of Perseverance - Reissue
Hh0DnH3M5K0lzPXW	Earth, Wind & Fire	Be Ever Wonderful	All 'N All
HhbVE8xMhcfpYjX3	Descendents	I Won't Let Me	Everything Sucks
Hhl7MHZDuMU2yOop	The Offspring	A Thousand Days	The Offspring
Hhq0ZTAXJYjWadr9	Empress Of	Threat	Me
HhsKl89QJnJTGI43	Xiu Xiu	Secret Motel	Dear God, I Hate Myself (Original Version)
Hi0sUJhJih9POJ34	Taylor Swift	Breathe	Fearless Platinum Edition
HiK04OjO1lx5u3q5	Harold Budd	As Long as I Can Hold My Breath	Avalon Sutra
HiK9h38UPCzAAFIR	Miya Folick	Trouble Adjusting	Give It To Me
HjDecRsaL6YljoiM	Gepe	Lienza	Audiovisión
HjNcIoLpXC0ubhtR	Frank Sinatra	This Love of Mine	In The Wee Small Hours
Hjq6g6u4cTnfkjS3	Soulja Boy	Turn My Swag On	iSouljaBoyTellem
Hk5Ytl8q2rhNOA2l	Bob Seger	Turn the Page	'Live' Bullet
HlLcxBXxPRC8kiDW	Krzysztof Zalewski	Przyjdź w taką noc	Zalewski śpiewa Niemena
HlW51Mg9SvkrUaa3	Scorpions	Across the Universe	Comeblack
HlqTlQ8W3JUyq82h	Allie X	Prime	Collxtion I
HmQAMdnX55siRCUZ	The Smiths	Panic	Louder Than Bombs
Hmx68PbWZ7uTMHFr	LowCityRain	You Are Everyone, You Are Everywhere	LowCityRain
HnsGkIzXRP9WD6eQ	The Cure	Foxy Lady	Three Imaginary Boys [Deluxe Edition]
HokXU8y16gJdDId2	Sandy e Junior	Não Abuse de Mim	Sonho Azul
HpFgaL9Gx86uTEx3	Conjure One	Center of the Sun (Solarstone's Chilled Out remix)	Tears from the Moon / Center of the Sun (Remixes)
HpQH3XVZ2Tm1oXiw	Natiruts	Você Me Encantou Demais - Ao Vivo	Natiruts Acústico no Rio de Janeiro
HpXIrOnaA0S3Ndvm	Balanescu Quartet	Computer Love	Possessed (Reissue)
Hpy9QMfGIND2jATA	Maustetytöt	Tein kai lottorivini väärin	Tein kai lottorivini väärin
HqirAbJuPxVayZRX	Miles Davis	Dear Old Stockholm	'Round About Midnight
HrSHtDOUfOnwGtfZ	Sophie Ellis-Bextor	Starlight	Make a Scene
HsR2FRA97xawtVNt	Mew	My Complications	+ -
HsRMi9IqZIxY7CFW	112	It's Over Now	Part III
Hsr8aAdvwrVPILDE	Dragonette	Let It Go	Bodyparts
HtIvi4cI5CKRVemA	Bilal	Soul Sista	1st Born Second
HtaE2y071JuOQ2cm	Starset	Dark On Me	Transmissions
Htnt5gxZBZnRkVW3	Rufus Wainwright	Grey Gardens	Poses
HttNs8OcWGx0aj3c	Mac DeMarco	Dreams From Yesterday	This Old Dog
HtxRhRuPWuk3U979	Hunter Hayes	Wanted	Hunter Hayes (Encore)
HuHXTEBHygeLi51j	Lifelover	Söndag	Pulver
HuHhioFuMPzdCaPs	Megadeth	My Creation	Rust In Peace
HuevuGXroxScPQYd	Derek and the Dominos	Why Does Love Got to Be So Sad?	Layla And Other Assorted Love Songs (40th Anniversary / 2010 Remastered)
Hv87gdhkyBtHuPNU	Riverside	Found (The Unexpected Flaw of Searching)	Love, Fear and the Time Machine
Hw6YtQDjrWKpLRvl	O3OHN	Somewhere	The Guest (Original Television Soundtrack), Pt. 1
HxbHQkbtRJRhyR8x	Karmin	Tidal Wave	Pulses
HxjUb6lO1JCysmIi	Queens of the Stone Age	Mexicola	Queens of the Stone Age
Hyaussa5PTHetK9v	Queen	Marriage Of Dale And Ming (And Flash Approaching)	Flash Gordon (Deluxe Remastered Version)
HyoxywE7yukoAPlb	The Chemical Brothers	Galvanize	Push The Button
HzG2KOVib8VdPrC9	Blitzen Trapper	Black River Killer	Furr
I0nwVF4BUfCFNTlS	Helvetia	Wait	Nothing In Rambling
I0xepbeRWgWpFSyH	Terno Rei	Medo	Violeta
I0zhO394AyEHaQwj	SONAMOO	Cushion	CUSHION
I1pb7fLOcccqx0BV	Bros	I Owe You Nothing	Push (Deluxe Edition)
I1wjOpt38t7rhVhy	Chunk! No, Captain Chunk!	Born For Adversity	Something For Nothing
I1ww5H1mDQ6Zc8iZ	The Stylistics	You Make Me Feel Brand New	Rockin' Roll Baby
I29iV60d5MSAkvmO	Marilyn Manson	Blank and White	The High End Of Low (Deluxe)
I2NACLTwj7LIiXsi	Robot Koch	Dark Waves	Hypermoment
I2OJgMMatUE2JLWW	Iza Lach	Nie Masz Mnie	Juz Czas
I2ZVV3wSwTimNyUZ	Russell Shaw	Hobbes Cave	"Hobbes Cave (From ""Fable"") - Itunes Ringtone"
I2h4hWZ8lHhNyr1P	Ylenia	Pégate	Pégate
I2o92QLSb4vCrRPl	Avril Lavigne	When You're Gone (Acoustic Version)	"12"" Masters - The Essential Mixes"
I2sEYhSJeRB4uA28	The Velvet Underground	I Found A Reason	Loaded (Remastered)
I35ubG3kfhjybgdl	Circa Survive	Schema	Descensus
I37qfSqv21kKfCd3	The Byrds	It Won't Be Wrong	Turn! Turn! Turn!
I3WCaQFDOyWRv1Zh	Vanessa Paradis	La Crème	Love Songs
I450AqaPo4XtTFvF	Scalene	Esc (Caverna Digital)	magnetite
I4VMxsGh9cQBWlGw	Vampire Weekend	Bryn	Vampire Weekend
I4jWM78JYnRGiJ9L	Satyricon	Die By My Hand	The Age Of Nero
I4sflyCgrQYZ2tqW	Bryan Adams	Summer of '69	Reckless (30th Anniversary / Deluxe Edition)
I4yHEHbYewvNJtqq	Future	Call The Coroner	Future Hndrxx Presents: The WIZRD
I5HiyUANPf2Q8mul	Brian Eno	Over Fire Island	Another Green World
I5IQFwxsnvy3Vgin	Shania Twain	Ka-Ching!	Up!
I5QEkEjK8zWU8Ows	Kings of Leon	Razz	Aha Shake Heartbreak
I5h2VixcNDY4u8HK	Absolute Body Control	Figures	Cold Waves And Minimal Electronics Vol. 1
I7a870JsuBzL8l0J	Half String	Eclipse	Maps for Sleep
I7r7siB8DMtROfRP	Mandy Moore	One Sided Love	Mandy Moore
I7tAbAKmCHDy2uST	Ensiferum	Last Breath	Unsung Heroes
I7v445H7gZWoHA7H	Jimmy Wahlsteen	You've Gotta Run Real Fast to Stand Still	181st Songs
I7xwlyqUByL76Wpu	The Allman Brothers Band	Midnight Rider	Idlewild South (Deluxe Edition Remastered)
I84yGdpgcPXezvom	Big K.R.I.T.	Everlasting	4eva Is A Mighty Long Time
I87znXWFddDe9JCC	Florist	If Blue Could Be Happiness	If Blue Could Be Happiness
I8aBt6wmKiqYZF8J	Set Fire to Flames	Omaha	Sings Reign Rebuilder
I8uZg4oAxGKrgpIv	Between the Buried and Me	King Redeem - Queen Serene	Coma Ecliptic
I8x1tyvXuYe9sOxu	Goldfrapp	A&E	Seventh Tree
I9ZbTQi09bVuKmLX	Patrick Wolf	The Falcons	Lupercalia
I9d61iuf9dq45C0y	Parachute	Crave	Wide Awake
I9l8SRzEKhjU0zb4	Alice Cooper	No More Mr. Nice Guy	Billion Dollar Babies (Deluxe Reissue)
I9p56XnthIBcjCly	The Who	Smash the Mirror	Tommy
I9q4EMsiRiNDPYUR	A Lot Like Birds	The Smoother the Stone	DIVISI (Instrumental)
IAM5yg6Hyf3SExmH	Melvins	Revolve	Stoner Witch
IBN6ELQtYMkHmKEy	Birds in Row	We Count So We Don't Have To Listen	We Already Lost the World
IBifwHZRvARjeX6K	Brian Eno	The Secret Place	Apollo
IBj8uNI06Mg1tQVs	Roo Panes	Tiger Striped Sky	Little Giant
IBwSfknsrLJBhrR3	Eminem	Dr. West (Skit)	Relapse: Refill
IC2oOqFzVIb16Ue5	Krisiun	Combustion Inferno	Southern Storm
ICD9tKa66dP08lp4	Blank Banshee	Metal Rain	Blank Banshee 1
ICmL4l8NJEocLenl	Little River Band	Help Is On Its Way - 2010 Digital Remaster	Diamantina Cocktail (2010 Remaster)
ID8InCvF3Cs8nI6W	Miike Snow	Longshot (7 Nights)	iii
IDYkWKeyeOIT7VeR	Anitta	Na Batida - Ao Vivo	Meu Lugar
IDqPwQZIzNCpR3sn	Queen	Seaside Rendezvous	A Night At The Opera (Deluxe Remastered Version)
IEL6phbiKmxDyc2C	Miles Davis	Milestones	Milestones
IEgWXSj5xrCQhOQv	Tennyson	Lay-by	Lay-by
IEmzwkLRbY9UcA1v	Kimbra	Miracle	The Golden Echo
IEpuHlCi94Uu6lg5	Lily Allen	Back to the Start	It's Not Me, It's You
IFDHqvL8ewDVMTzg	Judah & the Lion	Take It All Back 2.0	Folk Hop N' Roll (Deluxe)
IFMBlbM9rzdZUK8e	Katie Melua	The Cry of the Lone Wolf	Secret Symphony
IFMdIGm1cpfB1gVT	Týr	Hold the Heathen Hammer High	By the Light of the Northern Star
II8SY9yJVE7so4xs	Our Lady Peace	One Man Army	Happiness...Is Not a Fish That You Can Catch
IIvtJp2ULAKudQG4	Fugazi	Reprovisional	Repeater
IJRe4DoL9sm2ycHf	Jennifer Lopez	Charge Me Up	LOVE? (Deluxe Edition)
IJmeRY6BeKdPOxZh	Carpenter Brut	You're Mine	Furi (Original Game Soundtrack)
IJok4H0P2Aq2SE7r	Kensington	Streets	Rivals
IKEsVgEXFbIw7xc0	East 17	House Of Love	Walthamstow
IKWofqRiOq7xfkzF	EXO-CBX	Rhythm After Summer	Hey Mama!– The 1st Mini Album
IKnkOX2765AmEQ3B	Tânia Mara	Só vejo você	Em Família - Nacional
IL6XorLnLjxRic2b	Elba Ramalho	De Volta Pro Aconchego	20 Grandes Sucessos De Elba Ramalho
IM0TzEHpbGUBlZQN	Joe Pass	A Time For Us	Late Night Tales: Belle and Sebastian, Vol. 2
IM8dOAtZsqdeiA7C	Bring Me the Horizon	Off the Heezay	Count Your Blessings
IMR8ppHv46JN21fj	Shakira	Devoción	Sale el Sol
IMUOATWFCLPpEFBS	Echo & the Bunnymen	The Puppet	Songs To Learn And Sing
IMaovt9Fxp1rzmv0	The Letter Black	Hanging On By A Thread	Hanging On By A Thread
IMmtsZEt3Oqu7X4U	Novos Baianos	De Vera	Ferro Na Boneca
IN8SlCGJeipl7ftI	Charly García	Yendo De La Cama Al Living	Pubis Angelical / Yendo De La Cama Al Living
INClyxoOGnbGFfjf	Edguy	Vain Glory Opera	Vain Glory Opera
INGjZzeFz2WMNdvq	Young the Giant	Eros	Mind Over Matter
INPovGAjK9ShCz5j	The Calling	We're Forgiven	Camino Palmero
INqkzaN5U6chTiI1	Mock & Toof	Farewell To Wendo	Tuning Echoes
IOfOkxE8OCeR3uNQ	Rush	Cygnus X-1 Book II: Hemispheres	Hemispheres
IQL5D05ucdhM0pR8	Psyche	Stormtrooper	Babylon Deluxe
IRg2KkF11jnEmveT	Iron Maiden	Transylvania	Iron Maiden (2015 - Remaster)
IS04UdJuGoPjPHdR	Athlete	Half Light	Tourist
ISIvc1IgUVOVSvQ1	M83	Midnight City - Eric Prydz Private Remix	Midnight City (Eric Prydz Private Remix)
ISPQ6NJ2IbLysJIX	Alestorm	Alestorm	Sunset On The Golden Age
ISTSRA4QS4fmmbJc	Toni Basil	Mickey	Mickey: The Very Best Of Toni Basil
ITffUNGwkjS86x3i	Alter Bridge	Down To My Last	One Day Remains
IU2FTJfleu9gOnAC	Sasha Sloan	The Only	Loser
IU4DZ4hJbmjiNFqq	The Fortunes	You've Got Your Troubles	The Very Best (Remastered)
IUIuSv9vRAD93p2T	Inna	Too Sexy	Inna
IVIVNGnpvMlcplIm	Miami Nights 1984	Saved By the Bell	Turbulence
IW6Pqkfe8AThQuQd	Skrillex	First of the Year (Equinox)	More Monsters and Sprites EP
IWQUVUWLqElNbBGj	Blank Banshee	World Vision	Blank Banshee 0
IWiTV0udF3bn6MbZ	Dr. Dog	Ain't It Strange	We All Belong
IXDt9h9DZ2mZyESS	Xandria	Beware	Salomé - The Seventh Veil
IXfCCcCbareJubvQ	Sky Ferreira	Night Time, My Time	Night Time, My Time
IXlM6D0eJiVwDSwv	Tim Maia	BRILHO	iCollection
IXoFHibXjFQDfqne	Grimes	Pin	Art Angels
IZ0f112tjuLnFCkF	D-A-D	Sleeping My Day Away	No Fuel Left For The Pilgrims
IZA9EmhfkYjcKpNu	Entombed	Contempt	Wolverine Blues
IZGWigGysL1JXt9n	Alice in Chains	Sea of Sorrow	Facelift
IZI8mExI0KCegPYi	Pink Floyd	Julia Dream	Relics
IZRPgvRKQoKz6r1k	Parquet Courts	Disney P.T.	Light Up Gold + Tally All The Things That You Broke
IZUGYVweusXLWFki	Mutemath	Stratosphere	Vitals
Ia8SNJH0Ahaij184	Peggy Lee	Ain't We Got Fun	Jump For Joy
IaGxmoxhxNrrby2X	Diet Cig	Barf Day	Swear I'm Good At This
IanaU4YjJgyHfSmt	Scott Grooves	Mothership Reconnection (Daft Punk remix)	Musique, Vol. 1
IaoVd2g04kB1H70V	Korn	Helmet in the Bush	Korn
IbF5g824fUGFmmGv	Cradle of Filth	Gabrielle	Nymphetamine
IbbuqZAZgqjoVzHD	Ryley Walker	Diggin' A Ditch	The Lillywhite Sessions
Ibv76ZqBkY8fsazP	Aretha Franklin	Think	Aretha Now
IbzVjzKC6vPk01OK	Children of Bodom	This Road	Hexed (Deluxe Version)
Ic45l6z92EW1K9hi	Serebro	Why	Mama Lover
Ic5bivTJCK6hnMqc	We Came As Romans	We Are the Reasons	To Plant a Seed
Ic9wIUwhfVCBo9dK	Ramirez	100 Bars & Gunnin'	Son Of Serpentine
Icxlxke6z6Pkl9pK	Astor Piazzolla	Milonga del Angel	Tango: Zero Hour
IdApzAs2xzPalfgE	Shriekback	My Spine Is The Bassline	Disco Not Disco
IeGZ9vCOAir0YoxN	The Velvelettes	He Was Really Sayin' Somethin' - Single Version	The Very Best Of The Velvelettes
IfCmDU8XSVli0wq3	Hype Williams	Unfaithful	One Nation
IfW4N2jO8G9qldJ4	Gordon Lightfoot	10 Degrees & Getting Colder	Summer Side Of Life
IfdWHRR3rPmeiYSQ	Metallica	Atlas, Rise!	Hardwired…To Self-Destruct
IgDYP5D6FTxYIilQ	Foster the People	Harden the Paint	Sacred Hearts Club
IgXQdMxxkraQWevO	Katy Perry	Hot n Cold	One Of The Boys
IgxlHDmV3tt1TOKh	Meg Myers	Feather	Sorry
Ih3SXO6WIL1uHLsQ	Glenn Miller	In the Mood	Greatest Hits
IhkBOzUqTG1A32Op	Grateful Dead	Dire Wolf	Workingman's Dead
IhkkB3VNqkdkQ1eV	Apanhador Só	Viralatice dos Prédios	Meio Que Tudo É Um
Ii2pP589B4SYOy5z	Steven Wilson	Harmony Korine	Insurgentes (2016 Remaster)
Ii6ar2jKKkwizy9x	First Aid Kit	Emmylou	The Lion's Roar (iTunes Bonus Track Version)
IiTw1Q50t5DF94xh	Aretha Franklin	Spanish Harlem	The Very Best of Aretha Franklin - The 70's
IisqizysuCjywgAm	Michelle Branch	You Get Me	The Spirit Room (U.S. Version)
IjCEoczRBjbLE05O	The Fall	Mountain Energy	Country On The Click
IjDXBZ3SvRwCXtGg	Fall Out Boy	20 Dollar Nose Bleed	Folie à Deux
IjUwRczhKHNIJdor	Agalloch	Not Unlike the Waves	Ashes Against The Grain
IjYbKNUN4FMLPXm7	Kylesa	Running Red	Static Tensions
IjteVIQlkJ3T2N1b	Nina Simone	Don't Let Me Be Misunderstood	Broadway-Blues-Ballads
IlzBdD5LGu5KceIi	La casa azul	Nunca nadie pudo Volar	Nunca Nadie Pudo Volar
Im0I4lpe7HIyrE3f	Mono Inc.	The Heart Of The Raven	Welcome to Hell
Im5zNzCUEdwVUEU5	Sufjan Stevens	The Hidden River of My Life	The Greatest Gift
Im96z7fR2VGRpAhm	Etta James	Don't Cry Baby	The Second Time Around
ImYRpsf57oaUNtUt	Gojira	The Fall	L'Enfant Sauvage (Special Edition)
ImsqyaVQcpEqtSdM	John Mayer	Call Me The Breeze	Paradise Valley
InpDh601vuPIZlB2	Björk	Crystalline	Biophilia
IoLt45mu0knyUoFm	Kris Kristofferson	Sunday Mornin' Comin' Down	Kristofferson
IoQBnji48a1wE0Va	Bích Phương	Bùa Yêu	Bùa Yêu
Ip4IbsJcCeoqajB2	Fugazi	Dear Justice Letter	Steady Diet of Nothing
IpJ1aktgYIvbyqQf	Robyn	Just Another Girlfriend	Robyn Is Here
IpjEaCLSLjYDIPWQ	Modest Mouse	Ohio	This Is a Long Drive for Someone with Nothing to Think About
IqK5EQQA55HGCOSK	The Sword	Celestial Crown	Age Of Winters
IqvDICGKFOzruzRV	Perotá Chingò	Seres Extraños	Perotá Chingó
IrBAMUcvm9lAkrY8	Jota Quest	Do Seu Lado - Ao Vivo	Multishow ao Vivo - Jota Quest - Folia & Caos
IrYTRNMnlfPeMrgF	Kent	Spökstad	B-sidor 95 - 00
IrdwPKDuPRFdT62j	Grace	Church on Sunday	FMA
IrrWsA5MMCedLQRL	6 dogs	flossing	6 Dogs
Is0KaUAISxYrfL4Q	Midnattsol	Syns sang	The Aftermath
Is4zu9UZLIuvxh1R	Perfume Genius	Wreath	No Shape
Is5Chu5fTgMSMat4	Miranda Lambert	Mama, I'm Alright	Kerosene
IsQMWjjAQhyftOAt	Visage	Mind of a Toy	Fade To Grey: The Best Of Visage
IsTO1rHFpSE93xls	Alicia Keys	The Gospel	HERE
IsWbe9Ecl65t2HVc	The Cure	I'm Cold	Three Imaginary Boys [Deluxe Edition]
Iu8zW1YYTPMQrPOE	Tom Waits	Road to Peace	Orphans: Brawlers, Bawlers & Bastards (Remastered)
IuCJxClFvLXMAXpy	Low Roar	Miserably	Once In a Long, Long While...
IuDCrV5P0CAYYADY	Rick Derringer	Rock and Roll, Hoochie Koo	All American Boy
IuKBd0zOU4sbnzO4	EXID	No Way	Street
IuhNTycK5vXG9IBn	Washed Out	I've Been Daydreaming My Entire Life	Mister Mellow
IvFOfGXDtrbZGdQw	PJ Harvey	A Perfect Day Elise	Is This Desire?
IwBHQsrrhYT8xRKJ	Beto Guedes	Só Primavera	Bis - Beto Guedes (Dois CDs)
IwNJsCO7bqMJ9Gsa	Lacuna Coil	Bleed the Pain	Delirium
Ix2UWQMBNmSmT389	Capitão Fausto	Sempre Bem	A Invenção do Dia Claro
IxUm8yXiNoUlMF0z	Deep Purple	Kentucky Woman	The Book Of Taliesyn
IxWANnOE23vZH4a5	Juliana Hatfield	Receiver	Weird
Ixb0zhypAs5VvK0J	Soft Cell	Seedy Films	Non-Stop Erotic Cabaret
Ixfh8syUrJqOj70H	Sabrina Claudio	Belong to You	About Time
IyAO804GVvoBjS62	The Jackson 5	Who's Lovin' You	Jackson 5 - Dell Bundle (100 Track Dell Bundle)
IyYYdpTeXK3j3I22	RBD	Sálvame	Flamenco Guitar Tribute To Rbd
Iz5cAmxSJHJTuQcb	Lil Lano	Balmain	Balmain
Iza91rVEhzoWqURD	Tove Styrke	Decay	Kiddo
J02GAZ69pxIGBh5A	Deftones	Sextape	Diamond Eyes
J0BzIqpKU8o0iOXD	of Montreal	Wraith Pinned To The Mist And Other Games	The Sunlandic Twins
J0GYxl5elGqZy5fu	Daniel Powter	Free Loop	Daniel Powter (U.S. Release)
J0V5sGL387p3YDh9	Wrabel	Ritual	We Could Be Beautiful
J0bGkZruM2A1OedM	Queens of the Stone Age	You're So Vague	Rated R - Deluxe Edition
J0rMKPtqzJSLtA2t	Lit Killah	Apaga el Celular	Apaga el celular
J1EjCuoHOggPweIi	Flyleaf	I'm So Sick	Flyleaf
J1HMRkrR8OvwRpkY	Céline Dion	Did You Give Enough Love	Celine Dion
J1MCtX2StV5ydBtB	Marilyn Manson	Breaking the Same Old Ground	Born Villain
J1TBBOyaIycnUTIj	Angus & Julia Stone	Big Jet Plane (Radio Edit)	Big Jet Plane [EP]
J25R35IKczMAiaE9	Yes	Long Distance Runaround	Fragile (Deluxe Version)
J2BUrMR4uP2NU1u4	Brandy	Have You Ever	Never Say Never
J3EXwL6Y6gXBflAQ	Madonna	Give It 2 Me - Live	Sticky & Sweet Tour
J3MjgUyBW7vTta9T	Billie Holiday	Some Other Spring	Lady Sings The Blues
J3WvQJWBwEOM3CeM	Delain	Milk and Honey	We Are The Others
J3ccSUkaHKP9CgWT	The Maine	Don't Come Down	Lovely Little Lonely
J3d6Q6aXq0yc5zzN	Far From Alaska	Coruja	Unlikely
J3sDnBglnLwLcFqq	Wormrot	Forced Siege	Voices
J4WVTscCmjLijMqS	Five Finger Death Punch	Menace	American Capitalist
J4mcA88lOPVC6EWo	Birds in Row	You, Me & the Violence	You, Me & The Violence
J4uSPtf3tOepEJtp	AlunaGeorge	Diver	Body Music (Deluxe)
J5CAQL51y9jF9u4X	Wednesday Campanella	Chupacabra	UMA
J5JbEENnm1zrTIiy	Fleetwood Mac	Blue Letter	Fleetwood Mac
J62FG6wtU7EX3yHn	Todrick Hall	Expensive	Straight Outta Oz
J6RKw93XNrwD7cZ5	Robert Wyatt	Alife	Rock Bottom
J6rc8zONwpBO4Y74	Enter Shikari	Mothership	Take To The Skies
J6slxYRaYjpIWz4M	Anahí	Qué Más Da	Mi Delirio
J6zog7lhNTIAOHDd	Van der Graaf Generator	Killer	H To He Who Am The Only One
J79Y9W8u9LIbfwtp	Syd Barrett	Gigolo Aunt	Barrett
J7AnpRaez1XqoZOg	The Bangles	Walk Like an Egyptian	The Essential Bangles
J7kelR43BPskOdaf	Insomnium	Under The Plaintive Sky	Since The Day It All Came Down
J7vbfM8AEwYwr1nb	Flume	Space Cadet	Flume: Deluxe Edition
J7yxkrLvBuY2F3aF	Indica	Straight and Arrow	A Way Away
J8qgDm7VQ14YTYho	RAF Camora	Sag Nix	Anthrazit RR
J8tsGRPREv9hBzts	Ludovic	Nós, Os Milionários	Servil
J90d8c2IAXu3aQxW	Korn	Hater	The Paradigm Shift (World Tour Edition)
J9kvySgbTNRMzPE3	Linkin Park	Talking to Myself	One More Light
JA01ThW8lZXudgWg	Vulfpeck	Disco Ulysses (instrumental)	Hill Climber
JAiOQJnyThSmNPfQ	Delain	Your Body Is a Battleground (Orchestra version)	The Human Contradiction (Deluxe Edition)
JAqnliOw9VRnQtRK	The Wrecks	James Dean	Panic Vertigo - EP
JAtWnz9r4QhCYYtY	dodie	Absolutely Smitten	Intertwined - EP
JBDciNNHPYybi7dF	Sufjan Stevens	Fourth of July	Carrie & Lowell
JCEfFBf4zxg9CsXf	Cass McCombs	I Followed the River South To What	Tip of the Sphere
JClX0hwRx8UgmET2	A Day to Remember	Right Where You Want Me to Be	Attack of the Killer B-Sides
JCr7AW9QbgT4AvvI	Rizky Febian	Cukup Tau	Cukup Tau
JCtARltiR2E8XKW6	Jewel	2 Become 1	0304
JDO3kaUsOULZaREa	Christina Aguilera	Genie 2.0	Keeps Gettin' Better: A Decade of Hits
JDczWJmb7UM3ckEl	Rebecca Ferguson	Shoulder to Shoulder	Heaven
JDi4H7t0re3oailp	Michael Jackson	Give in to Me	Dangerous
JDwVZkrgtKsS2mQy	Editors	Salvation	In Dream (Deluxe Version)
JEf9nAH4JJju1PFY	Steve Miller Band	The Joker	The Joker
JEheaFcZe7HdoALQ	Miya Folick	Cost Your Love	Premonitions
JErdDAXcOTmC81xA	Roy Orbison	You Got It	Mystery Girl
JEtBPPKdKjEfOmAa	Charlie Brown JR.	Céu Azul (ao vivo)	Música Popular Caiçara (Ao Vivo)
JEzgfebbkyDIkOBP	deadmau5	So There I Was	Random Album Title
JFDb7mjpA3RZ9Q32	Odesza	Always This Late	In Return
JGRJJPFqQK5fZr5V	Ludovico Einaudi	Oltremare	Divenire
JGZZZQ6F6irItU94	Macklemore & Ryan Lewis	Otherside (feat. Fences) [Ryan Lewis Remix]	VS. Redux
JGbOUN5HW16AHP0Q	Nickelback	Photograph	All the Right Reasons
JGjOvWQZoLGh1tfL	Russian Red	Neruda	Agent Cooper
JGx6cEOX1UoazFRz	High Hill	Não Sou Obrigada	Não Sou Obrigada
JHIpybskUKl5FRar	Leoni	Melhor Pra Mim	Leoni - Ao Vivo
JHdtDXNr2sMR8xrR	Johnny Cash	I've Been Everywhere	American II: Unchained
JHf43LvlagY7DdVF	Dio	Naked In The Rain	Dream Evil
JIb1sb6R41NYB7BJ	Emeli Sandé	Where I Sleep	Our Version Of Events
JIjlwnClGmXLID8R	Riverside	We Got Used To Us	Shrine Of New Generation Slaves
JJW1vVezs9LK9adY	Eddie Vedder	Better Days	Eat Pray Love (Original Motion Picture Soundtrack)
JK23CQi6L9SE2bTn	The Mars Volta	Miranda That Ghost Just Isn't Holy Anymore	Frances the Mute
JKxDOWvm2dwbxVGd	Pulp	Lipgloss	His N Hers
JLPdUxl31JD7GNBm	Biagio Antonacci	Non ci facciamo compagnia	BIAGIO
JMBKw316actRdZxt	Arabesque	In The Heat Of A Disco-Night - Megamix-Version	The Best Of Vol. IV - The Megamixes
JMbIR9XwmHByVRXW	Unquiet Nights	George Best City	Constellations of She
JMmGurOuOyXtqUeA	Flying Lotus	Melt!	Los Angeles
JNI1K9oqtFVFv5Fz	Imagine Dragons	My Fault	Night Visions (Deluxe)
JNLjv6meY2wHlBnY	SHINee	U Need Me	1 of 1 - The 5th Album
JNYVqXpC4ITLCo72	Tortoise	Night Air	Tortoise
JNhbjLEh6Va8Qnef	Empire! Empire! (I Was a Lonely Estate)	Lilly, I Have Something Important to Tell You	Middle Discography
JNhopUcdVI4ubBe0	Local Natives	Mt. Washington	Hummingbird
JOV2uFYNVRxLBlme	Kina Grannis	Can't Help Falling In Love	Crazy Rich Asians (Original Motion Picture Soundtrack)
JP9m2ByuyTxtSgMF	Zedd	Lost at Sea	Clarity
JPOLE03VfYw9GZyc	Robyn	Fembot	Body Talk
JPYp7x9lBcaIHySV	Twin Shadow	Hollow Days	Hollow Days
JPw7fUE8iXFnN5nK	Frankie Cosmos	Ballad of R & J	Vessel
JQtH5D5MeBU8nHt0	The Wanted	Show Me Love (America)	Word Of Mouth (Deluxe)
JRFtwedjd6CT26G5	Mahmundi	Eterno Verão	Mahmundi
JRrgrwMPTMsaJviI	Elvis Presley	Hard Headed Woman	King Creole
JS5Ep1hwXjlAddxJ	Pia Mia	Ocean Drive	The Gift 2
JT3J5ayUtykJkhAY	Alice in Chains	Private Hell	Black Gives Way To Blue
JTA25TfTGBBb8ujY	Nikki Williams	Glowing	Glowing
JTiCNhEVVHjGapoI	Ed Sheeran	Fire Alarms	5
JUaNd8yOUZUF7B1v	The Stone Roses	Breaking Into Heaven	Second Coming
JW7t1ww9x8nOAckY	Tenor Saw	Ring The Alarm	Little Sound Boy
JWCmUyFou1QVU6un	Babyfather	Motivation	BBF Hosted By DJ Escrow
JWQFCS0zqiinfH44	Watain	Four Thrones	Lawless Darkness
JXKKrlSWcMjlzC99	Bloodsucking Zombies from Outer Space	Bela Kiss	Bela Kiss
JXWGT3wWQIB0kXsi	Matchbox Twenty	Angry	The Matchbox Twenty Collection
JY8wKak2Sa94oPtD	Algiers	The Underside Of Power	The Underside of Power
JYK7RCNulZguR2eF	MISTER WALLACE	It Girl	Faggot
JZJKoyIxDAbVDJyk	BTS	Butterfly	The Most Beautiful Moment in Life Pt.2
JZcSE31xGaGZbjRd	Tim Hecker	In the Fog II	Ravedeath, 1972
Ja1tybz2kOZsndIf	Real Estate	Let's Rock the Beach	Real Estate
JaPidKZedHkk4yGp	Liniker e os Caramelows	Claridades	Goela Abaixo
JahRnSBn8zzXD510	Tom Waits	The Piano Has Been Drinking (Not Me) (An Evening With Pete King)	Small Change (Remastered)
JazZlk9IRNpzTXqp	Wolfheart	Abyss	Shadow World
JbN3pm1pe6ZXGhfx	Gal Costa	Gratitude	O Sorriso Do Gato De Alice
Jbi4LP9Ita4veuzL	Robbie Williams	Song 3	Escapology
JcAFCMO3lhYG8sRF	Future Islands	Balance	On the Water
JcNb61ftSGRdgcgj	Kim Carnes	Bette Davis Eyes	Mistaken Identity
JcUoylA70W8W5uf7	Slaves	The Pact	Beautiful Death
JdTRREY8TOHP0TFy	Benjamin Francis Leftwich	Gratitude	Gratitude
JduzBnlSWG90zUbw	The Neighbourhood	A Moment of Silence	Wiped Out!
JeUt4GD50rnDWWIi	Phoenix	Ti Amo	Ti Amo
JeY2WFS4GVPO70IX	Taylor Swift	Come Back...Be Here	Red (Deluxe Edition)
JepkOyAomICKR1eK	Trophy Eyes	Lavender Bay	The American Dream
Jex53BBs3JofgHCC	Lea Michele	Proud	Places
JfRUqzcWc4wGTidp	Danny Elfman	Freed	Fifty Shades Freed (Original Motion Picture Soundtrack)
JfhK6723ePStDefJ	Prince	I Feel for You	Prince
JfuwAqKaxQC3FeV0	Wanessa	O Amor Não Deixa	Wanessa Camargo
JfxQC1IKKLKUVoKK	Anamanaguchi	Another Winter	Scott Pilgrim vs. the World: The Game (Original Videogame Soundtrack)
JgATzh6bRpJfzvBg	Bob Dylan	Girl From the North Country	Nashville Skyline
JgJ2LO3DzpE1iIQQ	Explosions in the Sky	Magic Hours	How Strange, Innocence
JhBk6Jv3gJVx0ZAE	TheFatRat	Unity	Unity
JhdBhb2oAwHBnozF	Ryan Star	Losing your Memory	11:59 (Deluxe)
JhqrOqTz7CPduexH	Tom Misch	Wander With Me	Beat Tape 2
JiCWJtJefNoEs6WH	Christina Aguilera	We Remain - From “The Hunger Games: Catching Fire” Soundtrack	"We Remain (From ""The Hunger Games: Catching Fire"" Soundtrack)"
JiPJlpDLAZ9Jdi0e	Koffee	Raggamuffin	Rapture EP
JisUmOy6H5clEscK	Ramones	Chasing the Night	Too Tough To Die
JjDd7iPCeks0Ze4B	Zara Larsson	One Mississippi	So Good
JjGqwBkjtdTGx16P	Blanco White	Colder Heavens	Colder Heavens EP
JjoMNkhcO5Ejp1A1	Depeche Mode	Going Backwards	Spirit (Deluxe)
JkCgB1gnydVeUpI7	Maria Bethânia	Aponte	Aponte
JkDZBV4YxpXFvqHr	Kate Bush	Babooshka	Never For Ever
JlH9by5cfzhb4Qw5	Every Little Thing	Grip!	Grip!
JmBBg35h64pT9pwo	The Young Veins	Heart Of Mine	Take a Vacation! (Deluxe Edition)
JmNnXCTWHKFfcUFG	Las Ligas Menores	Mejor Así	Fuego Artificial
JmTUD1KXdrazc7vO	Venom Prison	ABYSMAL AGONY	Animus
JmfSgJqzyfDssl29	Gleemer	Come Down	Anymore
JmplYKIZUJSwkCHf	Glee Cast	What Doesn't Kill You (Stronger)	What Doesn't Kill You (Stronger) (Glee Cast Version)
JnNE2UzwxU7C2ZWo	Machinedrum	Lay Me Down	Room(s)
Jnwl9VbrjxLifoe4	Old Sea Brigade	Sinkhole	Ode to a Friend
JoUmSNnDt4g9btb4	Disco Inferno	Next Year	D.I. Go Pop
JolfUR23OcZwnx4i	Alain Souchon	Le baiser	Au ras des pâquerettes
JomcFgJpr4Eu8UVa	Junip	In Every Direction	Fields (Deluxe Edition)
JpRavig9RX5bDRdI	Mount Eerie	Clear Moon	Clear Moon
JquJ47QkV4J2nzd4	The 1975	Facedown	The 1975 (Deluxe Version)
JrM6tt1xFrqTCsDP	The Kooks	All Over Town	Konk
JrgrEOzwNuZvNY4s	Mothers	BLAME KIT	Render Another Ugly Method
Js7oOZ902kAoBMn7	Thousand Foot Krutch	So Far Gone	The End Is Where We Begin
JsFKfXVlh14XiZOn	Apparat	Hailin From the Edge	Walls
JuZA8vixisCJit2e	The Fray	Trust Me	How To Save A Life
Juna2XCoSIxEQpQI	Arctic Monkeys	I Haven't Got My Strange	Crying Lightning
JvNoGGiuD0PqPOJ4	The Jesus and Mary Chain	Down on Me	Darklands (Expanded Version)
Jw4p98tPdDDHgb6W	Deftones	Royal	Diamond Eyes
JwOKAusvNfjOzBov	3OH!3	Beaumont	Streets Of Gold
JwbHW7ahYsLWX0xa	Wale	Ambition (feat. Meek Mill & Rick Ross)	Ambition
JwnaQM4cxt8j5tq3	Issues	Hooligans	Diamond Dreams
JwwkHnT1cH4fdS2t	The Sword	High Country	High Country
JxGu4FiFEUbguqo6	C418	Dead Voxel	Minecraft - Volume Beta
JxIGiekHhjir4aYV	Om	Meditation is the Practice of Death	God is Good
JxYEyPOjmuJ0SdSH	Chaka Khan	Through the Fire	Epiphany: The Best Of Chaka Khan, Vol. 1
Jxd69goZNxk9ysBZ	Burial	[untitled]	Untrue
Jy29wNzJSYADl97n	Sufjan Stevens	Springfield, or Bobby Got a Shadfly Caught in His Hair	The Avalanche
JyacnYurOEQmHzgu	Celtic Frost	Tristesses De La Lune	Into the Pandemonium (Bonus Track Edition)
JyhA62SIYafmRhPN	The Presets	Martini	Hi Viz
JzwkR7dQzPDrRpmg	Empathy Test	Bare My Soul	Bare My Soul
K06gTchUrG7e7C4q	Lebanon Hanover	True Romantics	Let Them Be Alien
K0SKAzquzRr1KTyQ	Emancipator	Siren	Safe In the Steep Cliffs
K0iKhtWNRuOGV6Wi	Mutual Benefit	Not For Nothing	Skip a Sinking Stone
K0myPJh5XVwn9WbT	Bad Religion	No Control	No Control (2005 Remaster)
K0upnQKlKwqA7bdf	Stone Temple Pilots	Creep - Remastered	Core (Super Deluxe Edition)
K1HscSosu2LAfq59	Mr.Kitty	Neglect	Time
K1YI3PSgFDT4nNfT	Supergrass	Diamond Hoo Ha Man	Diamond Hoo Ha
K1tR7f9ZasgOAHl2	Power Trip	Executioner's Tax (Swing of the Axe)	Nightmare Logic
K2RPxbMwfDlu5neK	Muse	Dig Down	Simulation Theory (Super Deluxe)
K36H0lEtqS3IJgGa	Moby	Where You End	Hotel
K3FxwdBmSptMhcTx	Hum	Suicide Machine	You'd Prefer An Astronaut
K3ltON8Zel2ayD51	Fall Out Boy	I Slept With Someone in Fall Out Boy and All I Got Was This Stupid Song Written About Me	From Under The Cork Tree
K43MhOsghvFY3D57	Foster the People	Coming of Age	Supermodel
K4EwkQie0TJCizrr	Anathema	Leaving It Behind	The Optimist
K4pcjEMWzaMGQkf8	Ryan Adams	Chains of Love	Ashes & Fire
K5Slka7qX869VqPG	Bo Diddley	I'm A Man	Bo Diddley
K5cRJM3kjRivZQOs	Psyclon Nine	INRI	INRI
K699YiNyFyKEDZoV	The Faim	I Can Feel You	Summer Is a Curse
K6ZPYfy5HbxOSUyP	Ambleside	Dear Mother	Shape Me
K7Reb5h2yBQ0tSxh	JinSang	aurora.	Solitude.
K7sd7TAwXjw0nMAk	Nonpoint	Breaking Skin	The Return
K8GvhOmBDw0gMbPs	Nils Frahm	Sweet Little Lie	Encores 2
K9Mb17cza8ORcPIK	Bryce Vine	Sunflower Seeds	Sunflower Seeds
K9qWyJBkYAHk2GNg	EXID	Like the Seasons	Street
KAFdxtiJHd2vcfFe	Ashley Tisdale	Unlove You	Headstrong
KB0Y2LCtBqkOCJsL	Bloodbound	A Blessing in Sorcery	Rise of the Dragon Empire
KBRpXEHjCJrlXE03	Aminé	Turf	Good For You
KBTUj7KxkijVJuXQ	Frank Black	(I Want to Live on an) Abstract Plain	Teenager Of The Year
KDNxohbZto60h5pd	Madonna	Cherish	Celebration (double disc version)
KDVfORXfLDJbmErs	Bob Dylan	Simple Twist of Fate (Live)	The Bootleg Series, Vol. 5 - Bob Dylan Live 1975: The Rolling Thunder Revue
KDwdDb46FRw5xcfR	Ocean Hope	By Your Side	Chamber Dreams
KEKYfvgAu57tUpye	Clarence Carter	Patches	Patches
KEkua8pokCn4Vtq3	Jackson do Pandeiro	Sebastiana	Anos 50, Vol. 1
KEokTt7TqaMAHUKu	De Staat	Make Way For The Passenger	I_CON
KFCXJVv68993z50N	Allah-Las	No Werewolf	Worship the Sun
KFebGVLqM8HU5rwf	Soilwork	Verkligheten	Verkligheten
KFzamnCqx2Lw6Zxz	Assemblage 23	The Noise Inside My Head	Bruise (Deluxe)
KGQrJNNDTjJt5qbN	Phil Collins	You Know What I Mean - 2015 Remastered	Face Value (Deluxe Editon)
KGvQlpoUfPdHZGAT	David Cook	Laying Me Low	Digital Vein
KH0Pm3v4RwYoZHuY	Crystal Castles	Enth	Amnesty (I)
KH9xJJHbZZBKLewv	Tiger Trap	Puzzle Pieces	Tiger Trap
KHFPn9eTX6dxZrxi	Gilberto Gil	Nos Barracos Da Cidade	Dia Dorim, Noite Neon
KHu4Oidnnwzc7vQ6	Koopsta Knicca	Anna Got Me Clickin'	Da Devil's Playground
KHudzxVF3DCbkPfa	Jodeci	Love U 4 Life	The Show, The After Party, The Hotel
KIcdUeLMTyqk3DNq	Sophie Ellis-Bextor	Can't Fight This Feeling	Make a Scene
KJBvaw4XXgTu5lvh	John Murphy	Adagio in D Minor	Adagio in D Minor
KJhjxyg4UZucpVne	Tom Misch	Falafel	Beat Tape 2
KKGaYr0Nvdc3Y7Cs	Jonathan Costa	De Segunda a Sexta	De Segunda a Sexta
KLNppS51fiby5fyM	Tigers Jaw	Slow Come On	Charmer
KLSbU2UgIWsD57ec	Calvin Harris	Certified	I Created Disco
KMOqIJ4fwXMIXVow	U-KISS	0330	U-KISS JAPAN BEST COLLECTION 2011-2016
KMjtAl1ATUo8fcUT	Gianluca Grignani	Destinazione Paradiso	Succo di vita
KNcuaea3IpH9auGr	Isadora Pompeo	Minha Morada - Ao Vivo	Pra Te Contar os Meus Segredos (Ao Vivo)
KNqltdEfdzBJAWAD	Pablo Alborán	Saturno	Saturno
KNsDAmD7uzDo4B7j	The 69 Eyes	The Chair	Blessed Be (Remastered 2006)
KOqERizXWPhJNMcv	Ian Brown	First World Problems	Ripples
KOufvz4ujPjVC93n	Luísa Sonza	Good Vibes	Good Vibes
KP2fklVZAamdaHJU	Yellow Days	A Bag of Dutch	Is Everything Okay In Your World?
KQh2kJMYj9eeg0Sf	Elvis Presley	When My Blue Moon Turns to Gold Again	Elvis
KR83umFx9lfbCT1E	No Resolve	Dancing with Your Ghost	Unity
KRBkj08fHXfvu6D8	Fatboy Slim	Right Here, Right Now	You've Come A Long Way Baby
KRf00HpTQNyhpXP0	The Wonder Years	Cardinals	No Closer To Heaven
KRfknKdbSGa9wuBa	Local Natives	Wide Eyes	Gorilla Manor
KSa7A2I7e2cs50H7	Marina and the Diamonds	Hypocrates	Electra Heart (Deluxe)
KTWFai31wBlSrShI	Talos	Your Love Is An Island	Your Love Is an Island
KTqplooZq0vjSiPM	Oxxxymiron	Тентакли	Вечный жид
KUE8GBXk7vdlZjoM	City and Colour	Friends	If I Should Go Before You
KUjYpvSIuS3u2JAk	We the Kings	Friday Is Forever	Sunshine State of Mind
KUlsnDcIlv88cnSq	Stormzy	Know Me From	Know Me From
KV78q6dNCkeZvFsN	Hot Mulligan	Deluxe Capacitor	Pilot
KVyC8vs7XS37bU6x	NMB48	真夜中の強がり	難波愛~今、思うこと~(Type-M)
KW2G3YZnWdb8r2Nx	Escape the Fate	Ungrateful	Ungrateful (Deluxe)
KXGmlfevA8akDQsu	Zé Ramalho	Chão de Giz	Antologia Acústica
KY6smW6br2SlBnZM	Our Last Night	Black Beatles - Rock	Black Beatles (Rock)
KYYvRsZyHrr8GyhX	Mötley Crüe	Save Our Souls	Theatre of Pain
KZXoKszUQA52wY0h	Slowdive	Miranda	Pygmalion
KZofx143Sisd1IPV	Youth in Revolt	Royals	Punk Goes Pop, Vol. 6
Ka2qj8hYJ5AWoAqU	Purity Ring	Stranger Than Earth	another eternity
Ka6M6iPMR7jF3uSN	Orden Ogan	F.E.V.E.R	Ravenhead
KboCrn0VyCCy76nt	Yes	Close to the Edge	Close To The Edge (Deluxe Version)
KcFV0wWs4MWaujLx	Red	The Moment We Come Alive	Release The Panic
KcFwQUpHWc4mvnfq	Hannah Montana	Que Sera	Hannah Montana Forever
Kcm9mtfcRdPxXHVO	My Morning Jacket	Gideon	Z
KcpmD9WHlBFuLLim	Maroon 5	Misery	Hands All Over (Deluxe)
KcxuJXt6azxaHgjO	Nina Nesbitt	Not What Your Dad Wants to Know	Peroxide (Deluxe)
Kd4tF8LBq8RHz554	JinSang	cold seas	Life
KdXDwLd0vYZGY7wp	Xuxa	Hoje é dia de folia	Xou da Xuxa - Seis
KebHcIb9oasJvyI6	Iron Maiden	Paschendale	Dance of Death (2015 - Remaster)
KeuADW1STcjCORUS	The Lemonheads	Round Here	Varshons 2
KeukPMCIlv6gU0ae	Halsey	Gasoline	BADLANDS (Deluxe)
KgV6xEXEvbTdvuHV	Fresno	Seis	Infinito
KgfevHF8TE4mpjU2	Kat Graham	Run Away	Roxbury Drive
Kgi0PKjdWurkEcb9	ANNA TSUCHIYA inspi' NANA (BLACK STONES)	rose	ANNA TSUCHIYA inspi' NANA(BLACK STONES)
KhAwPAb5HxUxe2SJ	Queen	Love of My Life - Live	Bohemian Rhapsody (The Original Soundtrack)
KhRTDWdy8G0r2jZo	The Soft Moon	Try	Deeper
KhfTh9ZJgr7pTiUL	Flatsound	In the Absence of Everything, I Promise to Keep You Warm	Four Songs for Losing You
KiWDK8GDE8zFy4m8	Death Cab for Cutie	Summer Skin	Plans
KigiCHrHkulrRLxS	Moonlit Sailor	1994	So Close To Life
KjAZlfN1q2BiC6FV	Sofi Tukker	Déjà vu Affair	Déjà Vu Affair
KjFpx7c0refDI0PM	I Am Waiting for You Last Summer	Lights go out	In Eternal Lines
KjY1CCprOPF2zf6Q	Jason Isbell and The 400 Unit	Anxiety	The Nashville Sound
Kjq3KnZKoMa6akT8	Donna Summer	Try Me, I Know We Can Make It	On The Radio: Greatest Hits Volumes I & II
Kk6uVSEgnVsBlHTh	Voivod	Psychic Vacuum	Dimension Hatröss
KkDU7aE5tK7p2ciY	Sunrise Avenue	6 - 0	Popgasm
KkFGmF0W3v6eMCwt	Ratos De Porão	Amazônia Nunca Mais	Brasil
KkfPwmaeG9SRW57r	Haggard	Per Aspera Ad Astra	Eppur Si Muove
KlVfLmUeihcyeOfC	Warren Smith	Uranium Rock	The Roots Of The Cramps
KlnL6VBezALkj5HZ	Marmozets	Meant to Be	Knowing What You Know Now
KlttAK7kgndHGjx5	SunSay	Дайвер	Дайвер
Kn83anR4ScwHRWVY	TV Girl	Daughter of a Cop	French Exit
Knem0qGeoIulXLoy	Nada Surf	Always Love	The Weight Is a Gift
KnhtyVG9483BPuGj	Tomberlin	Seventeen	At Weddings
KoCAmEzRfn6By4O6	Cazzu	N.A.V.E.	N.A.V.E.
KoJz5t7UkQv2ptUu	Jair Naves	Poucas Palavras Bastam	E Você Se Sente numa Cela Escura, Planejando a Sua Fuga, Cavando o Chão Com as Próprias Unhas
KoXc0z7uD81SODvw	Lil Gotit	Da Real HoodBabies	Da Real HoodBabies (Remix) [feat. Lil Baby]
KomdvdgF1Spg9gNY	Jonwayne	That's O.K.	That's O.K.
KpJOVR0MActHOTNF	Razika	D esje meg	Sånn Kjennes Verden Ut
KpMgHOMRH8T69wqC	Blood Cultures	Scenes From A Midnight Movie	Scenes from a Midnight Movie (OTR Remix)
KpZjEw8aGi27KdPV	Interpol	Complications	Marauder
Kpbzp06WpfKQWu5v	Inna	My Dreams	My Dreams
KqjPnnTja957hPio	3 Doors Down	When You're Young	Time Of My Life
KqrveQLEundZX7oo	Veil of Maya	Divide Paths	Eclipse
KqxahlFIwNuoizG2	Legião Urbana	Love In The Afternoon	O Descobrimento Do Brasil
KrKjobYbml2i5TU6	Failure	Blank	Fantastic Planet
KrjIIMRIBUUznHAo	Editors	Lights	The Back Room
KsuRJokxNoGSwPAR	Hamilton, Joe Frank & Reynolds	Don't Pull Your Love	Hamilton, Joe Frank & Reynolds
KtFoGco2Xc3vTVf8	Savatage	Conversation Piece	Edge Of Thorns
KtMqPAvH6UUPD1MP	FewJar	(This Is Not) Worth It	Gamma
Ktc1pUI8t2EeGcN7	Nat King Cole	Pretend	Unforgettable
KtdR5c3k4Vldh3O5	Ennio Morricone	Sister Sara's Theme	Quentin Tarantino’s Django Unchained Original Motion Picture Soundtrack
KtwX79SOG37PN83v	Com Truise	Controlpop	In Decay
KtyEGlIjJMMuZX4v	AOA	Joa Yo!	Short Hair
KuiT3CwJ8VeetgrX	Shindy	ROAD2GOAT	Road2Goat
Kv0ATvqby0XnH1mj	Tulipa Ruiz	Efêmera	Efêmera
KvUzkZyTDosvGMEa	Modest Mouse	Custom Concern	This Is a Long Drive for Someone with Nothing to Think About
KvvV0YhLvpGynnLF	Ladytron	Predict the Day	Velocifero
Kw8qCcjfCenEQxTc	King Gizzard & The Lizard Wizard	Road Train	Nonagon Infinity
KwcL6PwFrZXxOaej	Little Mix	Black Magic	Get Weird (Deluxe)
KxJbAePzJXZEDRpM	Take That	The Flood	Progress
KxLDBfAjJpMPruee	The New Pornographers	Sweet Talk, Sweet Talk	Together
KxZGdB4PhUh6e9s9	Arcade Fire	We Used to Wait	The Suburbs
KxbapK1mUbgjfTbI	Michael Giacchino	Stuff We Did	Up
KxsqEYWFyUXOneUI	John Barry	Somewhere in Time	Somewhere In Time
KyT46NICXfTLqThZ	The Dresden Dolls	Good Day	The Dresden Dolls
KyefH0PdEWzdfD6M	Iron Maiden	Deja-Vu	Somewhere in Time (2015 - Remaster)
KzShdJP0o8Wg6BlK	TomppaBeats	you're on my mind	Harbor
KziVfb0sW6UOj2f9	Barns Courtney	Hellfire	The Attractions Of Youth
KzpC09Jaskp57Lim	Mukeka di Rato	Mente Positiva	Vila Velha 95-96
L03rVuzJmEYWQnMV	Underoath	Too Bright To See, Too Loud To Hear	Lost In The Sound Of Separation
L0dGa5trh5HA4PIK	eli filosov [ p h i l o ]	hurt	feign
L1Ak9YeGJfHmdeYu	Sum 41	Hyper-Insomnia-Para-Condrioid	Does This Look Infected?
L1W0clyQY7ysnD5N	Tim Maia	Um Dia De Domingo	Best of Brazil Vol. 3
L2RZNkjAm421KB0A	Motörhead	Dirty Love	Ace of Spades (Expanded Edition)
L2YZohnGiw7ERRnm	Cannibal Corpse	Eaten from Inside	Vile
L2gnt8dqIkmRjefp	Fallujah	The Void Alone	Dreamless
L2yvC3lmRkiMGg0b	Paramore	26	After Laughter
L3aYkhfpuDhIZYKf	Dead Kennedys	Winnebago Warrior	Plastic Surgery Disasters/In God We Trust, Inc.
L3ecU7VNEtANnsgE	Band of Skulls	I Know What I Am	Baby Darling Doll Face Honey
L4MFzu1YdaRGdabK	Metá Metá	Imagem do Amor	MM3
L5Nyp0cgbILe9eUA	Cody Simpson	iYiYi (feat. Flo Rida)	4 U EP
L5fGfdOXHx47Upye	Olly Murs	One of These Days	Right Place Right Time (Deluxe)
L5hzUwJxVruePOF5	Empire! Empire! (I Was a Lonely Estate)	With Your Greatest Fears Realized, You Will Not Be Comforted	What It Takes To Move Forward
L5kel9ii1NItXG7F	Satellite Stories	Confetti	Young Detectives
L663R2DkxlsiEjio	Jessica Mauboy	I'll Be There	Beautiful
L6GSMwz9KAu0icpD	Matheus & Kauan	Te Assumi Pro Brasil - Ao Vivo	Na Praia 2 (Ao Vivo)
L6OZIso6fTrglTv6	Nightwish	Master Passion Greed	Dark Passion Play
L6wwZdUlr2cqKyXX	Boris	Flare	New Album
L81uiGRAAlvx6Rad	Mint Royale	Singin' In The Rain	See You in the Morning
L8CwUiWIV6HjEYCL	Team Sleep	King Diamond	Team Sleep (U.S. Release)
L8PKl3Hy2MrlHvlQ	Lou Reed	The Day John Kennedy Died	The Blue Mask
L8Pi8hYl6bki41NU	VNV Nation	Fearless	Futureperfect
L8bRrL53bYInlShC	Bent	Magic Love	Magic Love (Remixes)
L9HzPIPUoSA5u3gk	Soulfly	Ritual	Ritual
L9OWTYnCTooeJcvR	Roger Waters	Part of Me Died	Is This The Life We Really Want?
L9Pv1boJbGRm2dvM	Fuel	Shimmer - Single Version	Sunburn
L9uPn9B0jehyb3Pc	Godspeed You! Black Emperor	Mladic	Allelujah! Don't Bend! Ascend!
LA1iLUJoN40pWJIz	Riverside	In Two Minds	Out of Myself
LA3aG5qpSRoEIkq6	Brodka	Szysza	Granda
LA8AuCq5kZhdxWU1	Charlotte Gainsbourg	IRM	IRM (Version Deluxe)
LAhv5czpV3DiiXmH	Blossom Dearie	Somebody New	Blossom Dearie Sings (45th Anniversary Edition)
LAuoEf4yLA7j1SIm	Morbid Angel	Summoning Redemption	Gateways to Annihilation
LB9GVFREFQLcD5bz	Sundara Karma	She Said	Youth is Only Ever Fun in Retrospect
LBTK9Hkd44lksHZJ	Frank Zappa	Apostrophe'	Apostrophe(')
LCL52HpPA7puXaAr	DragonForce	Judgement Day	Reaching into Infinity (Special Edition)
LCf0x3hG5pCDaK1j	Dexter Wansel	The Sweetest Pain	Time Is Slipping Away
LCzFFLE9HiUe0bEs	Carla Morrison	Mi Secreto	Amor Supremo
LDOt6mI8RCfOtVxG	BROCKHAMPTON	FACE	SATURATION
LDPk1F5pGbhpYPhM	Porcupine Tree	Dark Matter	Signify (Remaster)
LDZ9lVK1aikZ12JP	Andreas Rönnberg	Lonely	Cry of Fear (Official Soundtrack)
LDa19N6F03mVJa4T	Billie Holiday	I've Got My Love To Keep Me Warm	Billie Holiday Love Songs
LDq43SIBKxQ2KT8R	Dan Croll	Compliment Your Soul	Sweet Disarray
LEKUcSp6hJb8xF9C	Steve Aoki	Boneless	Boneless (Remixes)
LEmyIR0bfXsNwkVg	Madonna	Runaway Lover	Music
LExFi0fEE33rufmE	Bondage Fairies	Morphine	Bondage Fairies
LFBddJckTYBseS9Q	Café Preto	Água, Fogo, Terramar	Água, Fogo, Terramar
LFKYue8YlfYi1ILw	Belinda	Noche Cool	Utopia 2
LFbhggcIU1tXYolH	The Clash	Know Your Rights	Combat Rock
LG16DD3N6BaBL6TH	Mini Mansions	Freakout!	The Great Pretenders
LGHnrsnnlCPTQVJY	Gabrielle Aplin	This Side of the Moon	Light Up The Dark (Deluxe Edition)
LGiRP4GRhP3A1nNG	Anathema	Fragile Dreams	Hindsight
LGj1ktV5GZ2d8jxv	Donna Summer	Hot Stuff	Bad Girls
LHDlFNBaI9Qxx0m6	Tin Sparrow	For You	From The Sun
LIDSApOeUNXidxDP	Sia	House on Fire	This Is Acting (Deluxe Version)
LKHnVjPVBkBQBfJ9	Atreyu	Lip Gloss And Black	Suicide Notes And Butterfly Kisses
LKwb8nyHmL4IC73o	First Aid Kit	It's a Shame	Ruins
LLJEKxrHQ6a6RlBt	Whirr	Hide	Pipe Dreams
LLWbPUdEB4FHQ19L	Zoé	Hielo	Aztlán
LMFQEec9D0F4nJpJ	Vitamin String Quartet	Chandelier	VSQ Performs the Hits of 2014, Vol. 2
LMLqOC9naSqiWKqq	Undercover	Chapati	Chapati
LMO7d9lYfO7mQ081	Nils Frahm	Sol	Screws
LMY9JdqcgKwSKAfN	Linkin Park	Iridescent	A Thousand Suns
LMd0mTyYeOJmfnfs	Donna Summer	Dim All the Lights	Bad Girls
LNxfcBqf3mUJPzu7	Passenger	Heart's On Fire	Whispers (Deluxe)
LO0uzPSnPRwlcQQn	Panda Bear	Comfy in Nautica	Person Pitch
LO4uvVzcEuuQx6tQ	Sheryl Crow	I Don't Wanna Know	Wildflower (Deluxe Edition)
LOnLIoFw7Ja1PF2c	Thousand Foot Krutch	Push	Exhale
LOvSZwxj0ITKWcNM	Rebecca & Fiona	Drugstore Lovin'	Drugstore Lovin'
LPLcWIYMeIxFWRT7	Austin Mahone	Except for Us	For Me+You
LPNDp9mwvKDqDgtG	Anette Olzon	Lies	Lies
LPShrNua50d4ayB1	Satyricon	Suffering the Tyrants	Volcano
LQ5D2Q5SE914jB8V	Yuno	Grapefruit	Grapefruit
LQG7MLoe4yuXPE5o	Crocodiles	Sleep Forever	Sleep Forever (Special Edition)
LQKd7z8masEt7dDg	The Maine	We All Roll Along	Can't Stop Won't Stop
LQsoIDXqFusXFNcS	The Jam	Boy About Town	Sound Affects
LRKDEbjikM8ApBqt	Marcelina	Dinozaury	Koniec wakacji
LT3hoLc75upLHA6T	Solange	Where Do We Go	A Seat at the Table
LTBLorQuybXiT1Sn	The Ocean	Ordovicium: The Glaciation of Gondwana	Phanerozoic I: Palaeozoic
LTPxLnItVQvEDQwg	Plutão Já Foi Planeta	O Ficar e o Ir da Gente	A Última Palavra Feche a Porta
LU172SWUFj6iScpv	Natalie Imbruglia	Perfectly	Counting Down The Days
LU9pfbzRxoXmlpQI	Hazel English	Never Going Home	Just Give In / Never Going Home
LUYNyDFcBwOsYwJV	t.A.T.u.	Космос	Агент Смит - Русский Космос
LUqaTXtXxYh6HGvG	Cher	My Love	Closer To The Truth (Deluxe Version)
LVsyEiJxNHNmYBkT	Sirenia	Serpent	The Seventh Life Path
LWQ3KjBBZK6nvfQd	Red	Let It Burn	Until We Have Faces
LWVxlUSlpymweDSM	Aphex Twin	The Waxen Pith	...I Care Because You Do
LWgass7yhgoi2uIk	Foster the People	Waste	Torches
LWhCAVDBZjaAbafg	Oathbreaker	Sink Into Sin - I	Mælstrøm
LWtrQmR6SsPjAIbS	Ellie Goulding	Your Song	Lights
LXLc4pKtyfEw1gmp	Moderat	Berlin	Moderat
LYUISWFIhJarStkp	Blossoms	Winters Kiss	Blossoms (Extended Edition)
LYm4xtUlaPPYxYud	David Bowie	All The Young Dudes - Live	Ziggy Stardust And The Spiders From Mars (The Motion Picture Soundtrack)
LYu3F2zrN9GLXfF7	Nicole Millar	All My Issues	Excuse Me (Deluxe)
LZsR70Fb9JEki5nf	Charlotte Gainsbourg	5:55	5:55
LaFKKy5CsSMkrlhz	The Bilinda Butchers	careless teens	Regret, Love, Guilt, Dreams
LaNxlRl0Nfg5kuqF	Terence Trent D'Arby	Delicate	Symphony Or Damn
LbokTGplmHs3dtct	Fiona Apple	Tymps (The Sick in the Head Song)	Extraordinary Machine
LbrPYPjEJFCcgurb	Veil of Maya	Punisher	Eclipse
LcpT2g8YClbmCdsX	Madonna	Material Girl (Extended Dance Remix)	Like a Virgin (Reissue)
LdTk4mJOlg3PlXMz	Jill Scott	Bedda At Home	Beautifully Human: Words and Sounds Vol. 2
Ldxw4VY8iXqyD9lF	John Talabot	Estiu	Fin
Le4jz9lUnn8YgV2F	Elisa	A Modo Tuo	L'anima vola (Deluxe Edition)
LeBYCuRjwelILJAL	SHVPES	Afterlife	Greater Than
Leyz8SjtQHftjZqG	Suede	The Beautiful Ones	The Best Of
Lg06JaIOMHlwFhrG	Hinder	By The Way	Extreme Behavior
Lggy2QpQLVLASQ9Q	Bad Religion	Dearly Beloved	New Maps of Hell (Deluxe Edition)
Lh1PgK2c9VRI3eYR	Rihanna	Don't Stop the Music	Good Girl Gone Bad: Reloaded
Lh1piMazF4t3mnzh	Royal Thunder	Parsonz Curse	CVI
Lh4G0CffCEAzlQhf	CHVRCHES	Graffiti	Love Is Dead
LhBiFMoHlbrGLEE5	Sebastian Yatra	Devuélveme El Corazón	MANTRA
Lhob3J8lkYpIsISh	System of a Down	Peephole	System Of A Down (Bonus Pack)
LiCOrxzPhn5yMBmd	Jesse & Joy	Espacio Sideral	Esta Es Mi Vida
LiNEueB1uvHmIe4k	Bob Seger	Roll Me Away	The Distance
LiPiTyLCohltDam2	Moby	Great Escape	18 & 18 B-Sides
LiTJZ0hFmGV37AXa	Los Planetas	Desaparecer	Una Semana En El Motor De Un Autobus
LjBSX9ozl9zKIJYH	Young Fathers	Sister	TAPE ONE
LjXguG4rUlEQ7rMf	Freddie Jackson	Rock Me Tonight (For Old Times Sake)	Freddie Jackson Love Songs
LjqtER7m3usIU0xQ	Kelly Rowland	Work	Playlist: The Very Best Of Kelly Rowland
Lk7yDZgAjLpC4ATQ	Lamp	ひろがるなみだ	恋人へ
LkGpjJPoB7H0mt8A	Poolside	And The Sea	Heat
LkQH6Iq8pgJyMLQ7	Day Wave	Something Here	The Days We Had
Lkd4DxYnFdxro1uK	Com Truise	Isostasy	Iteration
LkjhB8MSQ4Ao036A	Ween	The Stallion Pt. 3	Pure Guava
LkrVriCtwyduVe5k	Sugarcult	Sign Off	Palm Trees and Power Lines
Lkv2DgDPlkseob65	Killswitch Engage	Daylight Dies	As Daylight Dies (Special Edition)
Ll5AqyUtmeE6LkRG	The Faint	Alien Angel	Egowerk
LlTBoEBAt9wsK8Th	XXXTentacion	Train Food	SKINS
Ln8V2iRhJCGtrEeR	Jalan Jalan	Lotus	Bali
LoFJQCeC9KpzrBzA	Jody Watley	Some Kind Of Lover	Jody Watley
LojAkF5RlYUPTWuB	Christian Bautista	The Way You Look At Me	Christian Bautista
LopEHwB8VKwuPVXv	Kasabian	Fast Fuse	West Ryder Pauper Lunatic Asylum
Lp6y2JjZXyrV5DI8	Skylar Grey	Religion	Don't Look Down
LpUiuRfWuLqymj0m	Banda Uó	Catraca (Fear. Mr Catra)	Catraca (feat. Mr Catra) - Single
Lps2nY7wJhof8WRL	Smash Mouth	Can't Get Enough of You Baby	Astro Lounge
LqJHleH0m2fAu9iQ	pr0files	Forgive	Jurassic Technologie
LsXrc53bceKF4U0i	Nick Cave & The Bad Seeds	The Ship Song	The Good Son (2010 Remastered Version)
LskA0oIk4mrHtF6n	Of Mice & Men	Public Service Announcement	Restoring Force: Full Circle
LsmzcczZKtMqfWSI	Daniel Pemberton	Growing Up Londinium	King Arthur: Legend of the Sword (Original Motion Picture Soundtrack)
Lstqqtb0yfjQX6eR	G.L.O.S.S.	Lined Lips And Spiked Bats	Demo 2015
LtDPm8w4qWcHsBLc	Uncle Acid & the Deadbeats	Poison Apple	Mind Control
LtLeJMFkU1dYnu1R	Frankie Smith	Double Dutch Bus	Double Dutch Bus
LtQ2IoaQ20DpXYJz	Maluma	El Préstamo	F.A.M.E.
LtSzYdfQFUUcZtKL	Brian Eno	No One Receiving	Before And After Science
LtsUrEy137mheaJv	Shining	Till minne av daghen	III: Angst
Ltzd4alCQV07gBd6	Brothers Of Metal	Prophecy of Ragnarök	Prophecy of Ragnarök
Lu4eiHXwCeiKt4LM	Kara	Secret World	Blooming
LuRTXGEv87mKIVHi	Helios	Bless This Morning Year	Eingya
LuubqgggwcysZmFq	O Teatro Mágico	Sonho De Uma Flauta	Segundo Ato
LuyxeVk8b2tEEmwk	Enjambre	Dulce Soledad	Daltónico
Lv7nbwe2VwDwwQp5	Viktor Vaughn	The Drop	Vaudeville Villain
LvMRWmnenhOTCyYe	Suffocation	Torn Into Enthrallment	Pierced From Within
LvU5umG7fwWWLN33	Talk Talk	For What It's Worth	The Very Best Of
LvcaYA51dFoLdoRf	Jacob Lee	With You	With You
Lw54An3Kjg9IcRHW	Cocteau Twins	Blue Bell Knoll	Blue Bell Knoll
Lwj1yuH4W2KzOf2u	Lordi	The Kids Who Wanna Play With the Dead	The Arockalypse
LwzF8EtKFHaqvBxB	Menomena	Wet And Rusting	Friend And Foe
Lx1DPOfOWra6fHmk	Tool	H.	Electro-acoustic Tribute To Tool,the
Lx3YptP8iBbTfZgR	Sonic Youth	Sugar Kane	Dirty
Lxl5FBlYXfHPLxB7	Di Melo	João	Di Melo
Ly4mxnhHOl4QPHBx	Sohodolls	I'm Not Cool	Ribbed Music For The Numb Generation
LyoEQk4iFvm4Yuhn	Four Tet	And They All Look Broken Hearted	Rounds
LzMo2X57YqIjZD5A	4minute	READY GO	Ready Go (Standard)
LzP99BdVv6boKTkj	The Cars	Heartbeat City	Heartbeat City
M07wpAsgxnIq4tjR	Cold Cave	Love Comes Close	Love Comes Close
M0qrtRof8WJI0ES3	Julian Plenti	Games for Days	Julian Plenti Is… Skyscraper
M1DoO1MVL2F0oXUv	Metro Area	Caught Up	Metro Area (15th Anniversary Edition)
M1Kh6JQcYXKVy4B2	Katy Perry	Double Rainbow	PRISM (Deluxe)
M1unBeSr5jHPWYR2	Alanis Morissette	Eight Easy Steps	The Collection (Standard Edition)
M27TzKOy3GSOKeno	Manu Chao	Día Luna...Día Pena	Clandestino
M2iFAe2mETkGC6l3	Mandy Moore	Want You Back	I Wanna Be With You
M2oNzqUlXaJHv0eO	Charlotte dos Santos	Move On	Cleo
M2xShWTDKe0MeQZr	Fail Emotions	Shades	Transfornation
M4FSmyAARMuQtIYF	pill friends	klonopin	Fade into Nothing
M4GR5eptRmSCeEM3	Thin Lizzy	Running Back	Jailbreak (Deluxe Edition)
M4XdQhY5LOf63JTR	Incubus	Blood On The Ground	Morning View
M4pxbNrc0U6swqaK	Frank Zappa	The Orange County Lumber Truck	Weasels Ripped My Flesh
M4wsXcXedJIUjvPe	Pink Floyd	Keep Talking	The Division Bell
M5a7AUgh4fsEJTrr	Porcupine Tree	Anesthetize - Live	Anesthetize
M5kKVgSOG6ehnj3I	Lifelover	Höstdepressioner	Erotik
M5rVSabSiLdn2Bko	Kristinia DeBarge	Sabotage	Exposed (Deluxe Edition)
M679OGhsBAdpqFyC	...And You Will Know Us by the Trail of Dead	Invocation	Source Tags & Codes (Deluxe)
M68qyFHw4ZscOZOg	Suzanne Vega	Luka	Solitude Standing
M7drHad4r6XIGQr9	Nicki Minaj	Here I Am	Pink Friday (Deluxe)
M8AYlWDjLpcnTXcJ	Black Elk	Intro	Sparks
M8d3Ou6cm8l5Mhx7	Why Don't We	Choose	8 Letters
M980Ce2WH2tTTHsz	The Raveonettes	You Hit Me (I'm Down)	Observator
M9b8NwWu2JR9qoXS	The Three Degrees	Take Good Care of Yourself	Super Hits
M9edqXGTGNzTiUvu	Power Glove	Motorcycle Cop	EP II
MA16tYyVb0uNiT9X	Ivete Sangalo	Sorte Grande	Clube Carnavalesco Inocentes Em Progresso
MA4OogB7wWrehsXd	Christina Aguilera	Unless It's with You	Liberation
MA8RgxWhcKa3YzCS	Muse	Hate This & I'll Love You	Showbiz
MAJXPvzXDEIi6EZm	Luke Bryan	I See You	Crash My Party
MAKRvFasD30WxXRk	Caitlyn Scarlett	Happy When	Happy When
MAOpRA5GemJJj7p3	Barbra Streisand	Come Rain Or Come Shine	Partners
MArG8kkxnIDp1gSF	Jack White	I'm Shakin'	Blunderbuss
MB3CwquQR8FJs7tP	CeCe	Dead 2 Me	Dead 2 Me
MBiQSbrc2VBIghoM	Lee Hi	Fool for Love	First Love
MByOWkm4L2443k7b	Angels & Airwaves	Tremors	The Dream Walker
MBzX21EEFzP5UA5e	Yolanda Adams	Open My Heart	Mountain High Valley Low (U.S. Version)
MCBxU0FbgFZ3KreB	Alejandra Guzmán	Mala Hierba	Libre
MDK6g1G24Kxz0Upv	Chunk! No, Captain Chunk!	We R Who We R	Punk Goes Pop, Vol. 4
MDLo4AbROeevtfrm	Marcus Viana	Sob O Sol	"Maktub (Trilhas e Temas de ""O Clone"")"
MDOWadUZJm2cqPZ3	Sabotage	Incentivando o Som	Rap É Compromisso (Edição Comemorativa)
MDWCmuO8aKaSRRUn	Clarence Clarity	Let's Shoot Up	No Now
MDoKZebhoJX54OkZ	Lykke Li	No One Ever Loved	The Fault In Our Stars: Music From The Motion Picture
ME58GYAVCNUZcH85	Sleeping With Sirens	Sorry	Feel
MEhCkNoZn8HIOiRF	Popcaan	Everything Nice	Where We Come From
MEzkg86XcuemH2vD	Motorama	Empty Bed	Alps
MF65GYzP4yMRhGoC	Kid Abelha	Por Que Eu Não Desisto De Vc	Pega Vida
MFCNDH5qIX7pAzO7	Exxasens	Your Dreams Are My Dreams	Back to Earth
MFLJBqamQAv8jt45	Duke Ellington	Solitude	In a Sentimental Mood
MFOFhcSiDFWGhxYp	Seal	Fast Changes	Seal [1994]
MFa5GkmE5vZiTSD3	Lil Uzi Vert	The Way Life Goes	Luv Is Rage 2
MGdTrxn7Uh4LTLjE	Cazuza	Cúmplice	Exagerado
MGzEcUsSgo2xwG24	Muncie Girls	Clinic	Fixed Ideals
MHErWvi0ugGrfaRo	Mighty Oaks	Driftwood Seat	Driftwood Seat
MHK1MCIKNQB3T1gQ	Ikon	I MISS YOU SO BAD	WELCOME BACK
MHiBnMChxlmoZlbE	Tonight Alive	The Greatest	Limitless
MI4ooQKxZdsihgnS	Fort Minor	In Stereo	The Rising Tied
MIVSmMzw5pgZXoSR	Green Day	Brutal Love	¡TRÉ!
MIYuFGNoG3yEGWPT	Paloma Faith	Beauty Remains	A Perfect Contradiction Outsiders' Edition (Deluxe)
MIvEfxUNACyXxtmw	George Michael	I Can't Make You Love Me	Ladies And Gentlemen... The Best Of George Michael
MJCjAe2KMAeyBDXr	Magnolia Electric Co.	The Night Shift Lullaby	What Comes After The Blues
MJEQXhtPU1T0fhQW	RuPaul	All Over Me	Essential, Vol. 2
MJduEgLmg6za3s1N	God Is An Astronaut	Golden Sky	Age of the Fifth Sun
MJtYxJkPD375vtlJ	Uncle Acid & the Deadbeats	Slow Death	The Night Creeper
MKDhpXnU5ElaXkYL	We Are Scientists	Second Acts	Second Acts
MKJ3VcYPQ7vWjQk2	Gilberto Gil	A Luta Contra A Lata Ou A Falência Do Café	Gilberto Gil (1968)
MKmAxBLhnRqXsZ9D	Falling in Reverse	The Westerner	The Drug In Me Is You
ML7mNZ3SITIrNO2k	The Seekers	I'll Never Find Another You	The Seekers
MMH2vyP9h4SMve0U	Arctic Monkeys	When the Sun Goes Down	Whatever People Say I Am, That's What I'm Not
MNvfJ5DNmcleMqdJ	Taylor Swift	Delicate - Karaoke Version	Taylor Swift Karaoke: reputation
MNxZ6NOWcRdWVYkG	Sting	Seven Days	Ten Summoner's Tales
MOKNCX34CzVaFGDs	Numenorean	Shoreless	Home
MPIrxYRA0J94SCN8	The Psychedelic Furs	Mr. Jones	Talk Talk Talk
MPpJ0LuFf3mAycKw	Johnny Cash	Father And Son	Unearthed
MQRYue8l3j8xUkf3	SHINee	Stand By Me - Live	SHINee World (The 1st Asia Tour Album)
MQhFK3FsSuSRA5y0	B.A.P	FREAKY SOUND	UNLIMITED
MRSfD6PXnIBFhG0r	Fiona Apple	Dull Tool	This Is 40 Soundtrack
MRZQuzidKal81iKd	H.E.A.T	1000 Miles	Heat
MS7IxHjA2uSPdc8d	Rogério Skylab	Qual foi o lucro obtido?	Skylab VII
MSYFuBsHcw6kzTHy	Robert Wyatt	Alifib	Rock Bottom
MSplH88X08G0Gw16	Aquilo	Never Seen You Get So Low	Silhouettes
MUCHmDWYj1JYc3Ji	And One	Traumfrau	Bodypop
MUKZdKxx9EoTwnqx	Bolt Thrower	Silent Demise	For Victory
MUUbhsDvWGhfr19n	Miss Caffeina	N=1	Imposibilidad del fenómeno
MUfRjZRau8TTMvJf	Juliana Hatfield	OK OK	Only Everything
MUqEvIHuyx4prPxd	GOT7	그대로 있어도 돼 Stay	Identify
MUrQdR7XZNkNtvEu	Balance and Composure	Mediocre Love	Light We Made
MUsc1aPz32H3PB31	Siouxsie and the Banshees	This Wheel's on Fire	The Best Of...
MVMeSPsVIaNS0OW1	Elle King	Little Bit of Lovin'	Shake The Spirit
MVVDeSBuidQnZrOr	Blockhead	The Daily Routine	The Music Scene
MVbanXgUjHAGT3ve	Mree	Night Owls	Winterwell
MVdLRZiR3M35J4b0	Imagine Dragons	Thunder	Evolve
MVoFPDiukvcKbxa9	Truckfighters	Calm Before The Storm	V
MWdDFS6IAArBbyKC	Bullet for My Valentine	Cries in Vain	The Poison
MXmTGRHN5EghEkX2	Mad Season	X-Ray Mind	Above
MYnHmpjAUGhuudaz	Snow Patrol	Soon	Wildness (Deluxe)
MYplJgWLFQGAcUbT	Jonas Brothers	Got Me Going Crazy	A Little Bit Longer
MZSr5KlCMaAifKe0	Miranda Lambert	Bring Me Down	Kerosene
MZihcFDggtxFdoZy	Molly Hatchet	Flirtin' With Disaster	Flirtin' With Disaster
MZoQiVIcmFqFNZHN	Suicide	Sweetheart	The Second Album + The First Rehearsal Tapes
Mah9mP9ttLPtXlma	Nine Inch Nails	Ripe (With Decay)	The Fragile
Malj6FauTQp1vgSH	Garbage	Temptation Waits	Version 2.0 (20th Anniversary Deluxe Edition / Remastered)
Maped72IsnioRnnd	Moss	My Decision - Edit	My Decision (Edit)
MavllxpotTZ9M7S1	Gazelle Twin	Exorcise	Unflesh
Max1dgKXndgYldR0	Awolnation	Table for One	Table for One (feat. Elohim)
Mb1zv03AAmjozva6	Ciara	Yeah I Know	Basic Instinct
Mc0t8L2ZQwWBbjzm	Foo Fighters	Hey, Johnny Park!	The Colour And The Shape
Mc2k7nM0T4EEFk4X	Saxon	Thunderbolt	Thunderbolt
Md1Mvma0ZfmtqdEd	Motörhead	Love Me Like a Reptile	Ace of Spades (Expanded Edition)
MdbQMNseTjFaS9jW	YG	TOO COCKY	STAY DANGEROUS
Mdd8bGn43H9ePcKU	Mads Langer	You're Not Alone	Behold
Mdqk4xzSNujLsPgg	Blind Guardian	Born In A Mourning Hall	Imaginations from the Other Side (Remastered 2007)
MdslYQCdVaB5tM3U	Nick Cave  The Bad Seeds	Into My Arms	The Boatman's Call (2011 Remastered Version)
MebPBtEjssDtqReB	Dead Fish	Proprietários do Terceiro Mundo	Ao Vivo
MfgHkcGm0udlxlAd	Mannequin Pussy	Kiss	Romantic
MgoQ9yD2ryqTqUBm	Clever Girl	Teleblister	No Drum and Bass in the Jazz Room
Mi7w8MTfy0SWuBRR	Emerson, Lake & Palmer	Knife-Edge	Emerson, Lake & Palmer (Deluxe Version)
Mj2fKURAHHwd6wVc	ABC	All Of My Heart	The Lexicon Of Love
MjHtRYdrmeX0fyBv	Justice	Newjack	Woman Worldwide
MjvKTwS5uVYVpbWn	Franc Moody	Super Star Struck	Super Star Struck
Mk65nJxoVd93K4iD	Nerina Pallot	There is a Drum	The Sound and the Fury
MknZBSGN4ciXdMMR	Frank Sinatra	Glad to Be Unhappy	In The Wee Small Hours
MlxvjKZezZovKHAZ	Calle 13	Gringo Latin Funk	Los De Atrás Vienen Conmigo
MmOhQLE2WIYgtLS8	Immortal	Cold Winds of Funeral Dust	Diabolical Fullmoon Mysticism
MmbtJEn6yZf6yrwa	Tim McGraw	Thought About You	Thought About You
MnJOo9yUYMukuE05	Gary Numan	Trois Gymnopedies (first movement)	Telekon
Mo2pidtuzzTuGCbr	Judas Priest	Worth Fighting For	Angel Of Retribution
MoIFu207RCSUBWf0	Future Islands	Sun in the Morning	Singles
MoWvUY0ik2IFoXdm	Aborted	Deep Red	TerrorVision
Moy7Z5uayY8d2kfF	Flume	Stay Close	Flume: Deluxe Edition
Mp1SxJVD5KKMzFCo	The Pierces	You'll Be Mine	You & I
MppZIeEahP9BAkFV	Darci	Life	Life
MqFT5FBvw7ageAuC	Bibio	Capel Bethania	Phantom Brickworks
MrNSCslvs1mAj6TT	King Krule	Biscuit Town	The OOZ
MrhniuPxlr8JkKEF	Killswitch Engage	Breathe Life	The End Of Heartache [Special Edition]
Ms2dDlb1l2ETptdp	Froid	Sk8 do Matheus	O Pior Disco do Ano
Ms7tvtmnfNd6gKFi	MAMAMOO	New York	MEMORY
MsQqMnckQrjA6wiN	Thalía	Por Lo Que Reste de Vida	Amore Mio (Deluxe Edition)
MtEkJVpO4YLZDk8i	Mitski	Old Friend	Be the Cowboy
MtphUfNCgH80nvMf	The Decemberists	Carolina Low	What A Terrible World, What A Beautiful World
MtzrHfwkjHQivwVe	Daughtry	Ghost of Me	Leave This Town
Mu7JPREefUMSBKWe	Followed by Ghosts	Clear Blue Sky	The Entire City Was Silent
MvIIRNYtpFb9tmZP	The Obsessives	Intro	The Obsessives
MvTD2sDXkpFbfU1a	Cold Cave	YOU & ME & INFINITY	You & Me & Infinity
MwCQ1xELqNXCzouH	Falling in Reverse	Losing My Life	Losing My Life
MwTg7Oyf9s5WPpxJ	Nina Nesbitt	Brit Summer	Peroxide (Deluxe)
MwxkIAMxuryo7O1K	R.E.M.	Fireplace	Document (R.E.M. No. 5)
MxUfziLfuCdvtdRp	Excision	sEXisM - Far Too Loud Remix	X Rated (The Remixes)
MxcHJ1tUtVPONHM6	Icon for Hire	Hope of Morning	Icon for Hire
MxqGLoxTzM7ON2jz	Jewel	Stand	0304
MyJvuN2tpsOfVAmL	The Last Shadow Puppets	Bad Habits	Everything You've Come To Expect (Deluxe Edition)
Mz5pJ3cjcNlg8H7G	Alvin Stardust	Jealous Mind	The Untouchable
MzCthLGa6UvlRT1Q	maudlin of the Well	Sleep Is a Curse	Leaving Your Body Map
MzLDwr22pvDDffDE	The Move	Blackberry Way	Blackberry Way (2011 Version)
MzvUmii22NN1SYzy	Belinda	Ni Freud Ni Tu Mama	Utopia 2
N0rDBSXGodB1e508	Screeching Weasel	What We Hate	My Brain Hurts
N0vahBtLlQkUpuZn	Flying Lotus	Dream to Me	Until The Quiet Comes
N0xUvZgLjOIMbyF0	Kash Doll	Check	Brat Mail (Mixtape)
N2ycNqdnkV7sLfhK	Suzi Quatro	If You Can't Give Me Love - 2017 Remaster	If You Knew Suzi… (2017 Remaster)
N32LW8da9zak3jtw	Dschinghis Khan	Dschinghis Khan	Evo Mix
N3XpnLc7GGssSYs8	George Michael	The First Time Ever I Saw Your Face	Songs From The Last Century
N3adcKm3Y9r76ZqB	Bassnectar	Timestretch	Timestretch
N3g4MOHai7etT7Er	Electric Light Orchestra	Train of Gold	Secret Messages
N3sqdIM9OkXzZJVO	Albert King	As The Years Go Passing By	Born Under A Bad Sign
N44xbRiNkO0au40Y	Dark Funeral	In My Dreams	Angelus Exuro Pro Eternus
N4P4TcJX5c918pQi	Alter Bridge	Wonderful Life	AB III
N4YaGP75vRIHv14U	Atreyu	House Of Gold	In Our Wake
N4wDu91Zr39bCMzE	Metallica	Of Wolf and Man	Metallica
N5OGyaF6TYIP0hfd	Eddy Huntington	Ussr	Bang Bang Baby
N5RtvxjSn2jtw3EQ	A Great Big World	There Is an Answer	Is There Anybody Out There?
N6h4nI1hwNowhyIL	Animals as Leaders	Apeirophobia	The Madness Of Many
N6q3t8ONBYXyVOI2	David Archuleta	Touch My Hand	David Archuleta
N7AX7F6hDXe4ykbf	The Armed	Future Drugs	Untitled
N7YFNwVkTgq923TL	Jeremy Soule	Unmarked Stone	The Elder Scrolls IV: Oblivion: Original Game Soundtrack
N7aZZcxRcQmpiLJK	División Minúscula	Me tomé una pastilla...	Defecto Perfecto
N7eBlSOXrLuZDSOa	Floribella	Flores Amarelas	Floribella
N7rjTKDkCxqxhKI6	Mojave 3	Got My Sunshine	Excuses for Travellers
N7wH5VtdpHX8zulS	Danny Byrd	Jam	JAM
N7yLPUHoMl087XEE	Tamara Gachechiladze	Keep The Faith	Keep The Faith
N82WsEb0rOWIsjZK	Tyler Bates	Showtime, A-holes	Guardians of the Galaxy Vol. 2 (Original Score)
N85ZQnxS6I6NqB4n	Dream Theater	A New Beginning	The Astonishing
N8ep2mQU1GfLv4Ck	Modeselektor	Godspeed	Happy Birthday!
N9cmy0fyWUy2BUx6	Kensington	Fiji	Control
NA74UEG441yk9F0U	Skream	Midnight Request Line	Skream! (Expanded Edition)
NAmkIJ6hhsetLoKd	Billy Ocean	Suddenly	Suddenly (Expanded Edition)
NB2oFnM45j59VdLG	Vendredi sur Mer	Chewing-Gum	Chewing-Gum
NC9J1Brm5Dj4hrSV	P*Light	Smiley*Smiley	Bright Colors
NCGwxRWJfMJfg5V0	Bullet for My Valentine	Breaking Out, Breaking Down	Fever
NCwW0aKv5geyR5Qd	Brand New	Could Never Be Heaven	Science Fiction
NCyUi1hEIsVS2eJ5	Sparklehorse	Come On In	Good Morning Spider
ND8lWjmjIcRnPizH	Pearl Jam	Elderly Woman Behind the Counter in a Small Town	Vs.
NEogaJF241YgrXM0	Metallica	Dirty Window	St. Anger
NErFWYvOMsOvn0Sq	Anggun	Snow On The Sahara	Anggun
NEs809IxWY4cxhIM	Haikaiss	Ressaca	Cortesia da Casa, Vol. 2
NFAn2d5Ao6W0MegG	Machine	There But for the Grace of God Go I	A Night to Remember (Mixed By Tony Okungbowa & Jojoflores)
NFfwjUofQqjRJaia	The Smashing Pumpkins	Panopticon	Oceania
NFmBddkKb8LEYBLL	Hillsong United	As You Find Me - Live	People (Live)
NG4V9okqW3MDQ5BO	Dragonette	Stupid Grin	Fixin to Thrill
NGLzqIO1fgzl80rR	Green Day	Amanda	¡TRÉ!
NGwG4dVTUtnthIpG	Blanck Mass	LOAM	Dumb Flesh
NJ5XSCLxqskhKdhv	Scale the Summit	The Olive Tree	The Migration
NJHY7VgIwWPt72WD	Funeral for a Friend	Rookie of the Year	Casually Dressed & Deep In Conversation
NJZfzhF8MpBHY1mC	Cinderella	Heartbreak Station	Once Upon A...
NJk4OFDiBPATuDD7	Girls	Acenda a Luz	Girls
NJonPkZi6nNi8NKS	Orchestral Manoeuvres in the Dark	Telegraph	Dazzle Ships
NJw7BJ9x9QnGeq4h	Bladee	College Boy	Red Light
NK3dUpgVPl3GXZTg	Burial	Ashtray Wasp	Kindred EP
NKPCrsF0lAfVyTCG	Warlock	Make Time For Love	Triumph And Agony
NKPHUlbHwkRqDEeN	Metric	Glass Ceiling	Live It Out
NKWa1ObrIIbGCtAt	Tyler Carter	Felony	Moonshine
NKrmsk3Wc7hWUZcO	Johnny Cash	I'm Free from the Chain Gang Now	American V: A Hundred Highways
NKxmmoRuCKB2uqQQ	Procol Harum	Cerdes (Outside the Gates of)	Procol Harum (2009 remaster)
NL9dxM1H0ozX1vWn	Asobi Seksu	Goodbye	Citrus
NLJdxueC4rfcx3M9	Garbage	Tornado	Version 2.0 (20th Anniversary Deluxe Edition / Remastered)
NLRkHNd86PYaWbrO	Bauhaus	Harry	The Bela Session
NN7G5aYKjKwjPtxM	Sarah McLachlan	Fallen	Closer: The Best Of Sarah McLachlan (Deluxe Version)
NNARvvy9Am8iB3Kb	Quasi	California	"Featuring ""Birds"""
NNS1xIn4wUEXQ0IC	Tracie Spencer	This House	Make The Difference
NNdDX0cReLnswqfL	Adriana Calcanhotto	Mortaes	Enguiço
NO9zvs3h9IZ4YSoU	Cidadão Instigado	Dudu Vivi Dada	Fortaleza
NOj3JYAAvmPvxG72	James Morrison	6 Weeks	The Awakening
NOoGCcAjATgLU4n9	Rancid	Side Kick	Let's Go
NPBERok8QMcXTiwJ	Blut aus Nord	Antithesis of the Flesh (...and Then Arises a New Essence)	Memoria Vetusta II – Dialogue With The Stars
NPFYYL9bYrW8lCCx	Ten Tonnes	G.I.V.E.	G.I.V.E.
NPQqgGdi6ritO2PX	Dead Can Dance	Opium	Anastasis
NPoJPIwR7qLwOl67	Glen Hansard	Winning Streak	Didn't He Ramble
NQDYli5RfKmqnZcn	$uicideboy$	praisethedevil	Dark Side Of The Clouds
NQN8BJIvJ8XIYMx5	Muse	Survival	The 2nd Law
NR0Lnp7NU01Trn9g	blink-182	Heart's All Gone	Neighborhoods (Deluxe)
NR2eTnFClA0dbP6g	Fishmans	Pokka Pokka	宇宙 日本 世田谷
NRe56RgD7sFnIYXW	The Kilimanjaro Darkjazz Ensemble	Lobby	The Kilimanjaro Darkjazz Ensemble
NS90svrI93s17WTL	Testament	Native Blood	Dark Roots Of Earth
NTcmLcoBb4ROGo23	Lola Marsh	You're Mine	Remember Roses
NUphviU5bhQa5i4n	Alcione	Você me vira a cabeça (Me tira do sério)	A Paixão Tem Memória
NWBypE3gjOa7ghBy	Sufjan Stevens	In This Temple, as in the Hearts of Man for Whom He Saved the Earth	Illinois
NWJ3l2Y9xKAuzPZR	Titãs	Isso	A Melhor Banda De Todos Os Tempos Da Última Semana
NWJQSAhJxduPA3oj	A Forest of Stars	Drawing Down The Rain	Beware the Sword You Cannot See
NXb6RWjixlTSoR3t	Pescado Rabioso	Superchería	Artaud
NXhJu2soxDvwwocP	Hudson Taylor	Battles	Singing For Strangers
NXoPAL5WoyY2xKpe	Beartooth	Finish Line	Disgusting (Deluxe Edition)
NXoyeU8KWYaa8NBR	Slowdive	In Mind - Bandulu Remix (Out Mind)	Souvlaki
NXxRssC8QzuDhHgr	Anna Bergendahl	Vice	Vice
NY07JhnZxamrI7BJ	Cyndi Lauper	Above the Clouds	The Body Acoustic
NYKdRaAXs4vs42wg	Reba McEntire	Tammy Wynette Kind of Pain	Stronger Than The Truth
NYdW2juZHxlfd44q	Gorguts	Forgotten Arrows	Colored Sands
NYp9K3RATCyuslTC	Kate Bush	Sunset	Aerial
NZ44u9gBu4wUtcCY	Ana Carolina	Vai	Mega Hits Ana Carolina
NZAmGSCJ67BJEU31	Otis Redding	Respect	Otis Blue: Otis Redding Sings Soul (Collector's Edition)
NZChgwgSdmVZogSg	Astrud Gilberto	Once I Loved	The Astrud Gilberto Album
NZDMubI4X2ir7cbW	BABYMETAL	MEGITSUNE	BabyMetal
NZQ94DRlcbKwJD9S	Mount Eerie	Now Only	Now Only
NZoHbhXYbluI8ebW	Kylie Minogue	Look My Way	Kylie
Na3WJJqdfCXbFOS5	Tulipa Ruiz	Êfemera	Efêmera
Na5KROKlvWggK3OW	The Kooks	Tesco Disco	Let's Go Sunshine
NaRWu8C0Y4VJVeFi	Enslaved	Thoughts Like Hammers	RIITIIR
NabVBJbLX5N1mkJe	GANGLY	Drowning	GANGLY - EP
NbEp5bnCnBVZeYjZ	Mastodon	Show Yourself	Emperor of Sand
NbGEne0MgCJOR0qu	Bedhead	What's Missing	Beheaded
NbZSXArD7jc9NWw4	John Frusciante	A Name	Curtains
Nbf8AHhLi1InwmqF	Arthur Russell	This Is How We Walk on the Moon	Corn
NcG87VJGRz5scnDO	Set It Off	Plastic Promises	Cinematics (Expanded Edition)
NcZcZbHgA1kCC1Pc	Muse	Algorithm	Simulation Theory (Super Deluxe)
NcgntqGoALBvrcDu	Joss Stone	Love Me	Water for Your Soul
NdJfgYWLXmS8KS4c	Rush	Limbo	Test For Echo
NdOHGlMODKKuKI8E	Trevor Something	Do It Again	Soulless Computer Boy and the Eternal Render
NdTUVsAK5QDrXIuh	Satyricon	Dominions of Satyricon	The Shadowthrone
NdbVmfgliuIFDdzH	Lucy Dacus	Night Shift	Historian
NdsTGc83KmtBDPBG	The Used	Born to Quit	Artwork
Ndv1s3pijNhDhiAZ	Rainbow Kitten Surprise	It's Called: Freefall	How to: Friend, Love, Freefall
Nedhu4ubAFFcdE6q	Agalloch	Hallways of Enchanted Ebony	Pale Folklore (Remastered)
Nee7FFRGPvohrEPw	Zezé Di Camargo & Luciano	Flores em Vida	Teorias de Raul
NfNZTboNJZzMPH9t	The Raveonettes	Hallucinations	Lust Lust Lust
NfUJoE34oElgon4X	Megadeth	Anarchy in the U.K.	So Far, So Good...So What! (2004 Remaster)
NgTo470ZryCrC9Xu	Day Wave	Headcase	Headcase
Ngu0zLeZK4dp31rA	School of Seven Bells	Open Your Eyes	SVIIB
NhNsT8mMEHscBd90	Nego Gallo	Downtown	Downtown
NhdupQW4QNq6Jcqd	Florence + the Machine	Never Let Me Go	Ceremonials (Deluxe Edition)
NhyIwS0625Gsyxic	Sia	Burn the Pages	1000 Forms Of Fear (Deluxe Version)
NiLqlcsPt3zDaUOX	Zola Jesus	Ego	Taiga
NiudqcEKB1pIADsL	Alice Cooper	Halo of Flies	Killer
NiyB0ON9MDefhFJU	Steady Holiday	Mothers	Nobody's Watching
Nj5xXdRhcGmFf1NH	Manowar	William's Tale	Battle Hymns
Njn1NwRTpopg9p9P	Milo Greene	Autumn Tree	Milo Greene
Njr6jCCOKamaq2wL	Wallows	It's Only Right	Spring EP
Nk0EdV91xUqS1MrT	Miles Davis	Nefertiti	Nefertiti
NkNs5BTIMXdxYDdP	Demi Lovato	World of Chances	Here We Go Again
NlMmzOiM5jQL0AIN	Di Melo	Conformópolis	Di Melo
Nm2A0A2FojNYTKiQ	Maxïmo Park	Our Velocity	Our Earthly Pleasures
Nm9McCNSw3kYZJ75	Sleeping at Last	Atlas: Hearing	Atlas: Hearing
NmJRqoipEN80wJot	The Black Dahlia Murder	Nightbringers	Nightbringers
NmhCjSA41EzuCKfL	Marilyn Manson	Deformography	Antichrist Superstar
NmnAgkSFGjpSi7Bt	Gorgoroth	Maaneskyggens Slave	Pentagram
NmrCqQhrxRqhOtuq	Blueneck	Broken Fingers	King Nine
Nn3KhfoZWaoUI6Fq	Bob Dylan	I Believe in You	Slow Train Coming
NnLKuTMt7Te4n4OQ	Kosheen	Empty Skies	Resist (Special Edition)
NnZ9kml7taTCoHa9	Anaal Nathrakh	The Apocalypse Is About You!	A New Kind of Horror
NnhlEJVVJcX5oGci	For Tracy Hyde	Floor	he(r)art
No2X2XkR1wh18j45	Queens of the Stone Age	You Can't Quit Me Baby	Queens of the Stone Age
NoKlPOXqOPPcPRsG	Kaiser Chiefs	We Stay Together	Stay Together
NoQr859iKxsDJ24H	Falling in Reverse	Goodbye Graceful	The Drug In Me Is You
NoWzSl5t6joo1NBH	Drahla	Twelve Divisions of the Day	Useless Coordinates
NpWMwY0N5uEgD9Tb	Hana	Clay	Clay
NqsmVXtFaJekun51	Cat Pierce	Go to Hell	Go to Hell
Nqt84x13U417X6mY	Fred V & Grafix	Long Distance	Long Distance
Nr52g25noN2cOkf6	Ne-Yo	Fade Into the Background	Year Of The Gentleman (Bonus Track Edition)
Nr70p2v1BI62sDPr	Battle Beast	Armageddon Clan	Steel
NrFyKvytYvM75UJZ	Milton Nascimento	Tudo o Que Você Podia Ser	Club Da Esquina 1
NrUt2VsLULo1bnP1	9MUSES	Hate Me	MUSES DIARY PART.2 : IDENTITY
NrcQ85iZfMn2ZLCl	Echo & the Bunnymen	Pictures on My Wall	Crocodiles
NsdluNhUNqzEIpmx	Ice-T	O.G. Original Gangster	O.G. Original Gangster
Nseiw5iKBqT66a2Q	Eagles	Lyin' Eyes	One of These Nights (2013 Remaster)
Nsl0iL0ZQWoyyE8X	George Strait	Write This Down	Always Never The Same
NsqBueiGAyvCOnQb	Bonobo	Boston Common	fabric presents Bonobo (DJ Mix)
Nt33su6pXO1q8VGv	Mötley Crüe	Take Me To The Top	The Dirt Soundtrack
NtDQzyjr5BpLiAjA	Billy Joel	This Is The Time	The Bridge
NtPeAdC49n5s7lSk	Roxette	Things Will Never Be the Same	Joyride
NtnVVzZ5CRS2e6lp	Howard Shore	Cirith Ungol	The Lord Of The Rings - The Return Of The King - The Complete Recordings (Limited Edition)
Ntv6g5lcrROVv0Nc	Batushka	Yekteniya VII	Litourgiya
NtvcL4YndIMuoek8	Mos Def	UMI Says	Black On Both Sides
NtxiVy3u9ZIMz6qO	surrenderdorothy	sometimes,idontunderstand	Sometimes,IDontUnderstand
Nu9f0OIpZgS1baDE	The World Is a Beautiful Place & I Am No Longer Afraid to Die	Haircuts For Everybody	Harmlessness
NuYmb8Vtn2SgMBEt	Aosoth	Banished	Ashes of Angels
Nv5TKxRRuOFQAaS4	EXO-CBX	내일 만나 Sweet Dreams!	Blooming Days - The 2nd Mini Album
Nv5qrchJvNTCh7cp	Jamiroquai	Butterfly	Synkronized
NvfKdB6SQyGeRlGZ	Harry Nilsson	Me and My Arrow	The Point!
Nw5kQLQbLFqao7nu	Sonny Rollins	God Bless the Child - Remastered	The Bridge
NwReeIAaErHsxnsn	Perturbator	Satanic Rites	Dangerous Days
NwjDp73W3wccj04g	Izal	Bill Murray	Autoterapia
Nx37IuCwJAS2YmE5	Buddy Holly	That'll Be the Day	That'll Be The Day
Nx6WSbIXtOpuIUQF	Victoria Beckham	Girlfriend	Victoria Beckham
NxDuAw545ivgXqgP	Bastille	Of the Night	All This Bad Blood
NxIx2Zg3cSCk4AwH	Sam Cooke	You Send Me	30 Greatest Hits: Portrait of a Legend 1951-1964
Ny9larGl8WJvgZSP	Naked Eyes	Always Something There To Remind Me	Naked Eyes (2018 Remaster)
NyZ9WBKRoCkeBQwk	Sharon Needles	Dracula	Taxidermy
NysZZDyEbfFuCCPb	Sophie Hunger	There Is Still Pain Left	Molecules
Nyxn7ApCXe2mRbk6	Gale Garnett	We'll Sing in the Sunshine	My Kind of Folk Songs
NzGo15jodGnYtchR	The Weeknd	In the Night	Beauty Behind The Madness
NzsTaPrrEadusGd8	Duffy	Endlessly	Spotify Session
O1OjH1RoKKgm99dr	The Cab	That '70s Song	Whisper War
O1jm1sBM2TpzFHZX	Balance and Composure	Tiny Raindrop	The Things We Think We're Missing
O1oDeNiBP5sQvfX3	Slayer	Show No Mercy	Show No Mercy
O2CopC5lg3whLGhu	Greg Laswell	Royal Empress	Next Time
O2qGJ8aWViEoO190	Sorriso Maroto	Amanhã	De Volta Pro Amanhã
O30ks8ZzHJBina62	A Day to Remember	2nd Sucks	What Separates Me From You
O33N9BLWMNTFuW4w	Metric	Anticipate	Art of Doubt
O3NYEVj9ZePgKXnk	Madonna	Jump (live)	The Confessions Tour
O3sMXuMJEuIeRmiR	Beck	Broken Train	Midnite Vultures
O42sZfzZ29FAgRzW	Turnover	Waiting	Turnover
O4P0HZ6Taxj23P4R	Death Cab for Cutie	The Ghosts of Beverly Drive	Kintsugi
O4cC4qKepsdsRpFF	Christina Aguilera	Una Mujer	Mi Reflejo
O5NANzytdOBLoxrg	Peter Gabriel	Waiting For The Big One	Peter Gabriel 1: Car (Remastered Version)
O5ccZhRRVB5QKQAV	Sibylle Baier	Forget About	Colour Green
O5xePKFZiruq0WEj	Maria Mena	Fuck You	Weapon in Mind
O6PZJBEHxiOIvHGp	Beyoncé	Pray You Catch Me	Lemonade
O6b9U9Vc9VAzqK7c	Sirenia	My Destiny Coming to Pass	Perils Of The Deep Blue
O79LWSpbD73F8Kyb	Passenger	Sweet Louise	The Boy Who Cried Wolf
O7XRZ7sE0saLzSbl	Sara Bareilles	Many the Miles	Little Voice
O7h1wEoFvTFDPBPq	The Human League	Mirror Man	Fascination!
O7pjTEtfY0momza8	Woodkid	Run Boy Run	The Golden Age
O86aW6A9TS6QbvoR	Fifth Harmony	Miss Movin' On - Acoustic	Better Together - Acoustic
O89Dd70U261uKJzR	5 A Seco	tempo de se amar	Síntese
O8MXBbnUK9jOOZGG	Moon Boots	First Landing	First Landing
O8WnPps92Feu84Kg	Nando Reis	all star - ao vivo	Nando Reis - Voz e Violão - No Recreio, Vol. 1 (Ao Vivo)
O8XHz0hZxZfdD7mK	Mandy Moore	Crush	The Best of Mandy Moore
O8xLq9YZsJ0lwLXd	Part Time	Riots in the Streets	What Would You Say?
O96HUw6ljll4nvq4	Tom Waits	Diamonds on My Windshield	The Heart Of Saturday Night (Remastered)
OAIaFPgcYtfFWF0b	Os Arrais	Mais	Mais
OAWSH910wp7HvZmT	Mono	Follow The Map	Hymn to the Immortal Wind (Anniversary Edition)
OAovXpeKwPdusC0a	Megadeth	Peace Sells - Remastered	Peace Sells...But Who's Buying (25th Anniversary)
OB4tqNLrVBrgoSJY	Ricky Martin	Tú Y Yo	Más Música + Alma + Sexo
OBPO7m1wQZj30vE4	The Zen Circus	Il Fuoco In Una Stanza	Il fuoco in una stanza
OCDUO9tAU09O7a13	The Coathangers	Step Back	The Devil You Know
OCatf9m45b9RlTED	Marty Robbins	A Hundred and Sixty Acres	Gunfighter Ballads And Trail Songs
OCx99Oa9jrLSNnOY	Smino	Anita	Anita
ODER8mTX29NxobM3	Ministry	Over the Shoulder	Twitch
ODPlapTPkz8Ov7ZJ	Mogwai	I'm Jim Morrison, I'm Dead	The Hawk Is Howling
ODfJWJ8FQrehDJdJ	Philip Glass	Raising the Sail	Philip Glass Soundtracks Vol. II
ODkZ2Z5MuRxCjweY	Mew	Count To Ten	Transformers Roll Out
ODypuwB5PTy1QAaf	De La Soul	Royalty Capes	and the Anonymous Nobody...
OEJ31fIfg6jAaj8O	Aurora	Voyage To The Moon	Voyage To The Moon
OEzO6y6QGtpD6kzv	Bloodbath	Hades Rising	The Fathomless Mastery
OG6Y1ZdpzarnYIew	The Police	So Lonely	Outlandos D'Amour (Remastered 2003)
OGBr9f0cvhe4Gk3j	Drug Church	Foam Pit	Cheer
OGJKnsGVwAWTBuBr	Tim Buckley	Jungle Fire	Starsailor
OH4LF1eEia8LYJpB	Karmin	Blame It On My Heart	Leo Rising
OHcLhQ7xjB69U50x	Mark Owen	Four Minute Warning	In Your Own Time
OJWTRJuWFj08BU1h	Rosa de Saron	Mesmo Assim	Acústico
OJctEkB1wdLnwKwm	Criolo	Hora da Decisão	Espiral de Ilusão
OKE2D9ivz2HvKxlw	Lupe Fiasco	Daydreamin' (feat. Jill Scott)	Lupe Fiasco's Food & Liquor
OKNtCh5tgn6Bkol3	The Rolling Stones	Off The Hook	The Rolling Stones No. 2
OKTVVn4MrieEF7JC	Steven Wilson	Ancestral	Hand Cannot Erase
OKq6mpj8Kn6aWJN1	Spiritualized	The Individual	Ladies & Gentlemen We Are Floating In Space
OKzYX6XYKG1SCpvR	Ana Tijoux	Antipatriarca	Vengo
OLBhenPFFFRQoKyZ	Bent Knee	Land Animal	Land Animal
OLMoEUn3upirD9ln	Chromatics	Girls Just Wanna Have Some (Instrumental)	Girls Just Wanna Have Fun
OMw31ry41gLUqkwO	WU LYF	We Bros	Go Tell Fire To The Mountain
ONMuo28kd5N2rlwo	C418	Excuse	Minecraft - Volume Alpha
ONysRKGk3jzj80x8	Bomb the Music Industry!	Vocal Coach	Vacation
OOILsgXKi36oogw7	Inna	Love	Hot
OP7MHZ2uuSgbBIBI	Backstreet Boys	Safest Place to Hide	Never Gone
OPfLbWfPG6JUZq16	Soap&Skin	Thanatos	Lovetune For Vacuum
OPg85ifPAPNVsz3h	Stone Temple Pilots	Kitchenware & Candybars	Purple
OQN46q1KzwyqoHJ4	U2	Song for Someone	Songs Of Innocence
OQevdb6ueOdNqBzM	Oh The Larceny	Man on a mission	Oh the Larceny
OR2S9Xuo6LOcMm5Y	Bonobo	Kiara	Black Sands
ORwbA2hDq5CYgGpH	Faith No More	Underwater Love	The Real Thing
OSxWMyro4wiPcoKg	Friendly Fires	Paris	Friendly Fires
OTaX8SW5YDkQgPa3	Slowdive	She Calls	Just For A Day
OUEQkgKx74uAp4T7	Pablo Alborán	La llave	La llave (feat. Piso 21)
OUsxJAxsz6DP2ejv	Omnium Gatherum	Refining Fire	The Burning Cold
OVOnsAnWXw8i8c9n	The Tech Thieves	Gold	Gold
OVPnJs1jVTOPnzQj	Amon Amarth	The Way Of Vikings	Jomsviking
OWALhkavNeREExLD	The Jacksons	Can You Feel It	The Essential Michael Jackson
OWHPwr2DNITVeCOY	Palaye Royale	Teenage Heartbreak Queen	Boom Boom Room (Side B)
OWm0mCNhbKhEXtbQ	MKTO	Classic	MKTO
OX5QpnTGYx99HoN9	Queen	Battle Theme	Flash Gordon (Deluxe Remastered Version)
OXB4CWgChdb7vkZn	Haggard	Hijo de la Luna	Tales of Ithiria
OXXRl9rgi1X1BR03	The Jam	Beat Surrender	The Gift (Deluxe Edition)
OXcu6bC43kF0cneb	Laura Marling	I Was Just a Card	A Creature I Don't Know
OXjc6dHamI2wApZg	Arctic Monkeys	If You Were There, Beware	Favourite Worst Nightmare (Standard Version)
OXk59aZZSGV9vR7e	The Wanted	Last to Know	We Don't Play Guitars
OXthts7NnOVW9sDS	After Forever	Only Everything	Remagine: The Album - The Sessions
OYiEF9Hl1pCrOvvi	Calvin Harris	Let's Go	18 Months
OZFNMjI9nfW3PX0o	Otis Redding	Satisfaction	The Very Best of Otis Redding
OZI2HLGPPGFC5f3Y	The Kooks	Eskimo Kiss	Junk Of The Heart
OZN2UAzdVSjOou6b	Queen	'39 - Remastered 2011	A Night At The Opera (Deluxe Remastered Version)
OZYpxya27xpHMX6o	Céline Dion	Recovering	Recovering
OZiQ720VBGcEjcP4	Lia Marie Johnson	DNA	DNA
OZxyM66rYT21PTYG	Jannabi	Good Boy Twist	Good Boy Twist
OZyqPkVhX1XGYciF	Zappacosta	Overload	Dirty Dancing (Original Motion Picture Soundtrack)
OaKbpeePBxQfxOgB	R.E.M.	1,000,000	Chronic Town
OaSvVB0gheT8RPmo	Damien Rice	Dogs	9
Oaw6u5QmPlTmtyhp	Fleetwood Mac	Go Your Own Way	Rumours (Super Deluxe)
ObEnEbzN0IUuhnDk	Mastodon	Ghost of Karelia	Crack The Skye
ObKmUB5OgOxVpuUD	Alexandre Desplat	Toshiro	Isle Of Dogs (Original Soundtrack)
Obg3NHYitJdcbR3q	Dead Can Dance	Xavier	Within The Realm Of A Dying Sun (Remastered)
OcKhAr5vZPT8h6Kc	Garbage	Cherry Lips (Go Baby Go!)	Beautiful Garbage (Remastered)
OccbkGSoZxaFP70s	Moby	Bring Back My Happiness	Everything Is Wrong
Ocu65MYTMlKYxemn	Little Mix	Secret Love Song, Pt. II	Get Weird (Deluxe)
OdGYK8INLuHJ4sAR	Michael Jackson	Morning Glow	Music and Me
OdZ2NLCTv2UmIXtR	A Place to Bury Strangers	Ocean	A Place to Bury Strangers
Odc4vck5PparTzPy	Can	Moonshake	Future Days (Remastered Version)
OdmxhoBgb82Q26TQ	Snail Mail	Golden Dream	Lush
OemBupJTR9glFooy	New Found Glory	Tangled Up	Not Without A Fight
OfzVWDV2oNSRtdMM	ATB	Hold You	Dedicated
OgWDV82JkbGlam41	Porter Robinson	Sad Machine	Worlds
OgjNE8yIMWGfqzLB	Supertramp	Another Man's Woman	Crisis? What Crisis?
OhKIEiHGjbXclOWB	Arctic Monkeys	Dangerous Animals	Humbug
OhW1iALtPGFdbLA9	The Pains of Being Pure at Heart	Anymore	The Echo of Pleasure
OhgpYwMkC0p37JMc	The Distillers	Lordy Lordy	Sing Sing Death House
Ohr4JpS7x0a801UM	Maleek Berry	Kontrol	Kontrol
OiNPhwy86RQQhBIW	Caramelos de Cianuro	La Casa	Caramelos de Cianuro
OjOIzXtoonwFcFhd	Primal Fear	Crucify Me	Crucify Me
OjfH3EXXNZonhOZl	Beach House	I Do Not Care for the Winter Sun	B-Sides and Rarities
OjwXTPCan4M238cI	The Who	It's Not True	My Generation
Okz4K3lEYXYi9sk7	The Pussycat Dolls	Don't Cha	PCD
OlHmCOmY9UqrsmzM	Röyksopp	Triumphant	The Understanding
OlrEiKo1xcZpQHWz	The Rocket Summer	So Much Love	Do You Feel
Olxv1GphUtAemIyQ	Pixies	Might As Well Be Gone	Head Carrier
OmAg7pUyoCGaDKEo	Myriam Hernández	Herida	Los Romanticos- Myriam Hernandez
OmPaJn6FhiglKWNI	Tori Amos	Almost Rosey	American Doll Posse
On2Mq19nPzVmJg5p	The Vines	Into The Fire	Wicked Nature
OnyfYRnBCYEOE6kh	Pearl Jam	Brother	Ten Redux
OoUcJ6iYd36dTIN6	Os Mutantes	Cidadão da Terra	Tudo Foi Feito Pelo Sol
Op6daPhkFznpw74Y	Falkenbach	Ufirstanan Folk	Asa
Op9rhPjFpFpRfzSX	John Frusciante	Second Walk	Shadows Collide With People
OpPI6Jv4eGHnTnMw	Generationals	TenTwentyTen	ActorCaster
Opa0BDFw1uSwyrjf	Cliff Martinez	Wrong Floor	Drive (Original Motion Picture Soundtrack)
OphX0BwZugfLQsdZ	James Bay	Scars	Chaos And The Calm
OqQ9rB2cReEMMLJK	The Strokes	What Ever Happened	Room On Fire
OqlsR988e0DAK29P	Trivium	Strife	Vengeance Falls (Special Edition)
OqpojKypQYk8NKKN	Lolly	Viva La Radio	My First Album
OrColppwFOVMbqfv	Junip	Walking Lightly	Junip
OrViZaVFwrBUXJdF	Copeland	Take Care	Beneath Medicine Tree
Oro35RPz8l41I1UA	Black Grape	A Big Day In The North	It's Great When You're Straight ... Yeah
OsBIQ1O5px4PrcH6	Neon Trees	Still Young	Picture Show (Deluxe Edition)
OuMSyPIZa99tXm1X	Busy P	Rainbow Man	Rainbow Man 2.0
OuST634Vp2FZBKKU	Thee Oh Sees	Beat Quest	Smote Reverser
OucyF52aDH5ZVCaO	Colin & Caroline	Fireflies	Fireflies
Ova9bRMy3Wi1KdEA	Metallica	Until It Sleeps	Load
OxIY8ILFyU5PWi5Z	Glass Animals	Cane Shuga	How To Be A Human Being
OxaJdxncDQytJ93I	Natalia Oreiro	Que Digan Lo Que Quieran	Turmalina
Oxl11HgnfhI1dAwS	Kelis	Protect My Heart	Tasty
Oxrb6oaY35lTwm2Q	Drug Church	Unlicensed Hall Monitor	Cheer
OyMohl8TNMqWZiqB	Rancore	Respeito é a Lei	Liberta
OySJFse1ZoSBm1xo	Three Dog Night	Mama Told Me (Not to Come)	It Ain't Easy
OzB9Q5w71aVzNWdJ	TV on the Radio	Wash The Day	Return To Cookie Mountain
OzaQXOSZOxP5XMeR	Be Forest	Totem	Earthbeat
OzuKmXvZEfRPsY9J	Box Car Racer	The End With You	Box Car Racer
P0DNOXkgkP3JrzlZ	HVOB	Window	Trialog
P0wduP6CwGfFyYDY	Skálmöld	Móri	Móri
P1JFgX2inhedGI9m	Grateful Dead	Till The Morning Comes	American Beauty
P1YHNBY49hliViCQ	Mombojó	Amigo do Tempo	Amigo do Tempo
P1e88oZvEM0gTkue	Jorge Ben	Pulo, Pulo	Força Bruta (1970)
P1rY453Gabk6Qjhg	Fine Young Cannibals	Johnny Come Home	Fine Young Cannibals
P2S6M5e4PN1JubTp	Dr. Dre	Still D.R.E.	2001
P3n19zXBZjUTOKBH	Taylor Swift	Teardrops on My Guitar (Pop Version)	Taylor Swift
P4Ez8cBQyWR3h7WE	Dingo Bells	Mistério dos 30	Maravilhas da Vida Moderna
P4R963t59zOY1IXV	Max Richter	Whispers	My Brilliant Friend (TV Series Soundtrack)
P4zIY2Z93w4RnHWH	Nina Simone	Wild Is The Wind	Wild Is The Wind
P52dbxSL5Ac1J02K	Kraftwerk	Antenna	3-D The Catalogue
P542Q75Cf7nEBjqG	VersaEmerge	Redesign Me	Fixed At Zero (Deluxe)
P56VIoXBdn04CZiw	Lantlôs	Melting Sun II: Cherry Quartz	Melting Sun
P5PhnAUrO7gutVQe	Madonna	Dress You Up	Celebration (double disc version)
P5QZ6aObvNwObwGx	Pulp	A Little Soul	This Is Hardcore
P5mkOihY9TB7J6Ua	Antônio Carlos Jobim	Dindi	Rio Revisited
P6D94KavHyqQubCk	The Skatalites	Guns of Navarone	Roots Party
P6HPaciTulCfYseZ	Muse	City of Delusion	Black Holes And Revelations
P6yem7OpRHKpv323	Jungle	Busy Earnin'	Jungle
P7AIFsTDEO9onvG8	Jerry Cantrell	My Song	Boggy Depot
P7tbZywBjTl13cc8	Tegan and Sara	Stop Desire	Love You to Death
P8KMs3Yi8rq7TZLA	PVRIS	White Noise	White Noise (Deluxe Version)
P8l2gwcObRNrT3DD	JoJo	Homeboy (2018)	JoJo (2018)
P9C6YwUsCAHdAWe5	John Williams	March of the Resistance	Star Wars: The Force Awakens (Original Motion Picture Soundtrack)
P9Xl19amy2blzy9a	Bullet for My Valentine	Hit The Floor	The Poison (Deluxe Version)
P9glGNb4nKWmLPWo	Depeche Mode	Sister of Night	Ultra
PBB6Cdu9ATmZvpMy	SHINee	View	Odd - The 4th Album
PBEsLeg3jSUfrWFt	Rico Nasty	Bitch I'm Nasty	Nasty
PBGBniDXOl8JRekW	Juanes	Es Por Tí	Un Día Normal
PBbrkr2BftrLY4P3	Dead or Alive	You Spin Me Round	Youthquake
PC6ndAj4ZWyNN38i	Jun Hyung Yong	COLLECTION	YONG JUN HYUNG 1ST ALBUM 'GOODBYE 20's'
PCd7QZ7k44ODfPmU	Moonsorrow	Huuto	Varjoina kuljemme kuolleiden maassa
PCmbO0UW11Y5yDfM	Die Antwoord	$O$	$O$
PCpfXWM7Deyocxu3	Aphex Twin	Ptolemy	Selected Ambient Works 85-92
PCst5vDb6DGqWTCN	The Boys	Box Number	The Boys (Deluxe Edition)
PDC5T5eLofFlPOuu	The Brave Little Abacus	can't run away	Just Got Back from the Discomfort — we're Alright
PDHgXypfJrtDDRqw	The Midnight	Vampires	Endless Summer
PED6ytydKCXhDk8n	GARNiDELiA	Hysteric Bullet	G.R.N.D
PEDjd7ayOWMGJGfL	They Might Be Giants	They'll Need A Crane	Lincoln
PF8yXJ6or9SKPsSy	JPEGMAFIA	Germs	Veteran
PFfckHhbYAsk7pay	a-ha	Lifelines	MTV Unplugged - Summer Solstice
PGcXHPOXkWiqLq0d	Spica	LONELY	LONELY
PGxLgyGjrrohNdUY	Alice in Chains	Get Born Again	Nothing Safe - The Best Of The Box
PHHFUpXjLjpFyK0H	Laura Pausini	Destinazione paradiso	San Siro 2007
PHlrMrB8IHTm2gMo	The Devil Wears Prada	Assistant to the Regional Manager	With Roots Above And Branches Below (Standard Edition)
PHzwgGXJJ5m32jIP	Nando Reis	O Segundo Sol: Turnê Jardim-Pomar (Ao Vivo em Porto Alegre)	O Segundo Sol: Turnê Jardim-Pomar (Ao Vivo em Porto Alegre)
PIt83vXX7TSajS8t	Feint	Lonesong	Lonesong
PJGUsjb2i33lMQDB	The Style Council	My Ever Changing Moods	Cafe Bleu
PJGkXRFSmJzZ0LQ2	Cristiano Araújo	Mente Pra Mim	Ao Vivo Em Goiânia
PJS3KitYMyM9yuGo	DNCE	Cake by the Ocean	DNCE
PJvPympjYB4NCBLR	CHVRCHES	Down Side of Me (Live)	Down Side of Me (Live)
PKDLBmk1grFICo0N	Holy Other	Yr Love	With U
PKEuX4f2OlseweNs	Shania Twain	That Don't Impress Me Much	Country Queens
PKWRD63n0QZrXIou	Sharon Jones and the Dap-Kings	This Land Is Your Land	Naturally
PKkK1yiS9NEyBV69	Scott Stapp	Surround Me	The Great Divide
PKsz5XSuuDQTUmL6	Bright Eyes	If the Brakeman Turns My Way	Cassadaga
PMIEWP5l1jGMqbE7	Washed Out	Before	Within and Without
PMIZBRZiAmrQFFUX	Teebs	Shoouss Lullaby	E s t a r a
PMySTe6ejTTsyf3d	Claude Debussy	La fille aux cheveux de lin	And the Things that Remain
PN6GYJkGD4qPEdN2	Flying Lotus	Brainfeeder	Los Angeles
PNEZzZMtlaOWMWJO	Madball	New York City	Set It Off
PO5Td1vnsEI5BQZs	Lovelyz	Rewind	Lovelyz 5th Mini Album [SANCTUARY]
POIULxG3H23PUHGW	Mamonas Assassinas	Lá Vem O Alemão	Mamonas Assassinas
POobfSSZJ0jMSvpn	Jason Michael Carroll	Where I'm From	Growing Up Is Getting Old
PP6poS6XEOaLnHxb	Fear Factory	Hi-Tech Hate	Obsolete [Special Edition]
PPL7klhRhjYwcYPL	Jordan Feliz	Witness	Future
PPc87NauCUbIkPWN	After Midnight Project	Wilted	After Midnight Project
PPkAoNG5yGwCjdQK	Masked Intruder	Just so You Know	III
PPnXfItUxw7ads47	Whitney Houston	You Light Up My Life	Just Whitney
PPpoW2HACBZj0IrV	Dario Marianelli	Evey Reborn	V For Vendetta (Music From The Motion Picture)
PQQyOEfwGo3H4Avv	After Forever	Zenith	Decipher: The Album - The Sessions
PQa8xeEclPIe4H2F	Sam & Dave	Hold On, I'm Comin'	Hold On, I'm Comin'
PR0irowHiZ1ND68u	Mr. Bungle	Ars Moriendi	California
PRVUCu0FWQ0hCR53	Ozric Tentacles	Slinky	Spirals in Hyperspace
PS0AbvJPrp4oa4Yk	Liza Minnelli	So Sorry, I Said	Results
PS69taiMbxSFkuEe	The Damned	Smash It Up, Pt. 1 & 2	Machine Gun Etiquette
PSo2VGlDQrXU24ah	Leighton Meester	Words I Couldn't Say	Country Strong (Original Motion Picture Soundtrack)
PTjAgaULILFpDWCm	Evanescence	My Immortal	Fallen
PUOqj6USjnz8F6RF	Michael W. Smith	Surrounded (Fight My Battles)	Surrounded
PVY2siDPo4gMrLsI	The Radio Dept.	Tåget	Passive Aggressive: Singles 2002-2010
PVgxCtsAzUUbzwBn	Shlohmo	We Sat in the Car	The End
PWKrCWMcOlcpErPS	Black Flag	Thirsty and Miserable	Damaged
PWhdybZyqiCm3V8g	João Gilberto	Triste	Amoroso
PX06stSZnkhFOdvI	David Gray	Silver Lining	White Ladder
PZcJOvnLlhshDzfF	Blaqk Audio	Stiff Kittens	CexCells
PaBg2azD3G9C2bsT	The Veronicas	Heavily Broken	The Secret Life Of... (U.S. Version)
PaBmnNveNo3gg0G2	Motörhead	Angel City	1916
PaHKeT5vCNsJZjVV	Sidewalks and Skeletons	DISAPPEAR	White Light
Pan58M2p4GcUKNmt	Judas Priest	Hell Patrol	Painkiller
PbF9x3Krh0GU0PTH	Amiina	Seoul	Kurr (10th Anniversary)
PbeJpzOytm2qNbDd	The Police	Every Breath You Take	Synchronicity (Remastered 2003)
PbeMk8oOAQt9JzzP	Johnny Cash	She Used to Love Me a Lot	Out Among The Stars
PcdOYsoYIsBu07Mk	The Unlikely Candidates	Your Love Could Start a War	Bed of Liars
PcjoJ2YyOdroKlAy	Symphony X	When All Is Lost	Iconoclast
Pd0uSWxOlR8Dj9iF	Bad Suns	Swimming in the Moonlight	Disappear Here
PdJjAksRAaIqrhag	Sharon Van Etten	Much More Than That	(It Was) Because I Was in Love (Deluxe Reissue)
Pdc9IrO04OqpTttN	Sorriso Maroto	Já Era	Por Você Ao Vivo
Pdht2AjMJs4b7dRs	Senses Fail	Institutionalized	Let It Enfold You (Limited Edition)
PduXZTzf3pTwTVNA	Hauschka	Hike	A Different Forest
Pe4RTnSDm9wLHlvn	Ghostemane	Blackmage	Blackmage
Pe6BTnWIlzmTK3zb	Dream Theater	The Road To Revolution	The Astonishing
Pe6PwGyXroesrEHb	Erreway	Rebelde Way	Señales
PesitO8AdysGyY98	Pixies	Bailey's Walk	Complete B Sides
PetjPkl2MZwDe02U	Amon Amarth	Destroyer of the Universe	Surtur Rising
Pf4JCahxtNN0gsEa	JoJo	Baby It's You (2018)	JoJo (2018)
Pf89ffRoZd5ooZ1g	Banda Eva	Eva (Eva) - Live	Exitos En Vivo
PfBpuxtF6tfw1na9	Archy Marshall	Buffed Sky	A New Place 2 Drown
PfKtDFsWEiTGxfLH	Sting	Soul Cake	If On A Winter's Night
PfcT8KH1HXPFEteN	Metallica	Creeping Death - Remastered	Ride The Lightning (Deluxe Remaster)
PfjkHIHQngvl1Uou	Arch Enemy	Mechanic God Creation	Doomsday Machine
Phb9n4ric1ja8273	Bicep	Orca	Bicep
PhzrnaxDW4E1n2e1	Frank Zappa	Blessed Relief	The Grand Wazoo
Pla9auqurrjY82lw	Black Tape for a Blue Girl	A Chaos of Desire	A Chaos Of Desire
PlpohkhZ3mHRIFUw	BTS	INTRO : Ringwanderung	FACE YOURSELF
PmO9duahdQqmQXUp	Amy Winehouse	Hey Little Rich Girl	Back To Black: B-Sides
Pn6TtxNPZoEV63IQ	Bang Yongguk	AM 4:44	BANGYONGGUK
Pn7fgREphJcF3meK	Edu Lobo	Ponteio	Sergio Mendes Presents Lobo
PnGXAFFh5RKamr6a	Big Black	Precious Thing	Songs About Fucking
PnKCeBGOVkGd1yYO	Tyler, the Creator	Garden Shed	Flower Boy
Pnyi9BGrpgoaUyxs	Eden	falling in reverse	vertigo
PoRyRrygwNsofRJX	Nick Drake	Milk And Honey	Family Tree
PoVysfYbdtjKF0lB	Genesis	Hairless Heart	The Lamb Lies Down On Broadway
Ppe3fgUJu8wSd3rV	tricot	Pork Ginger	3
PpewZQMSDAmAp50X	Mos Def	Got	Black On Both Sides
Pq9EUXZ4ho2ud9aZ	Albert Hammond, Jr.	Call An Ambulance	Yours to Keep
PqLGyjZxwLIiw8dc	Caspian	High Lonesome	Waking Season
Pqy5Q5OYnwq2bwSJ	Breaking Benjamin	The Diary of Jane - Single Version	Phobia (Clean Version)
PrPriYhYSPsB1vzB	Danny gonzalez	Slime	Slime
PrQIv6FqrsxtIUel	Frank Zappa	I'm the Slime	Over-Nite Sensation
PropD1EDGs2hxXE8	Jimmy Scott	Sycamore Trees	Twin Peaks: Fire Walk With Me - Soundtrack
Ps7LnqAko6BLdKBP	Daughter	Landfill	His Young Heart
PsFfFM6CMOQB2K9g	Grupo Revelação	Nunca Mais	Ao Vivo No Morro
PsFjGsGhTk7QiGsi	MaYaN	Saints Don't Die	Dhyana
PsxsusyXLtlrXrk7	Stone Sour	Rose Red Violent Blue (This Song Is Dumb & So Am I)	Hydrograd
Pt4SvpDS5pAhpThh	Elisa	Gift	Soundtrack '97 - '17
Pt7ec3v51nEY0ZGJ	Juanes	Me Enamora	La Vida Es Un Ratico
PvMw2az2hwaMS5DC	Lobo	How Can I Tell Her	The Best Of Lobo
PvQwOzymJiwtOJle	Skrillex	Make It Bun Dem	Make It Bun Dem After Hours EP
PvT7HZZCTNlJWpNM	Burzum	Call of the Siren (introduction)	The Depths of Darkness
PvTBEVgI0fwXNmCI	Jockstrap	Hayley	Hayley
PvjJksRy67IoefFs	Ed Sheeran	Perfect Duet (with Beyoncé)	Perfect Duet (Ed Sheeran & Beyoncé)
Pw3Dt2hXtLTPQ1xZ	Bon Iver	Re: Stacks	For Emma, Forever Ago
PwDnKNxxQzJL45AH	Red Hot Chili Peppers	My Friends	One Hot Minute (Deluxe Edition)
Pwk51UY2ezOzXHmK	Bladee	No Life Left	D&G
PxfoemzYZM7OCmZ6	Ensiferum	Eternal Wait	Ensiferum
PxvGk8cKOf3qUthc	The Bangles	Manic Monday	Different Light (Expanded Edition)
PyH37s4GawQB4cFf	Rauf & Faik	Мосты	Я люблю тебя
PyQNKiKn3cPWtVfk	Mocca	I Remember	I Remember
PyT5KRaA9JYMy31U	AJ Tracey	Plan B	AJ Tracey
Pz6dZcZKr4aYMGRm	Rihanna	Woo	ANTI (Deluxe)
PzH2gcYvOMTX79Ml	Vivian Green	Emotional Rollercoaster	A Love Story
Q0AKE4VBKpalql3V	Kyuss	50 Million Year Trip (Downside Up)	Blues For The Red Sun
Q0FuvjirjmMi2Xy4	Dream Theater	The Bigger Picture	Dream Theater
Q0ccHDFVN2lwfzG8	Soraya Moraes	Cadeias Quebrar (Break Every Chain)	Céu na Terra
Q0t42sd16xXzxWHg	Terror Jr	Pray	Bop City
Q1TvRJSRlQ6AoFR0	No frills Twins	Like When You Were High	Like When You Were High
Q1YXEwsI5o5zoAUN	Coldplay	Yes	Viva La Vida or Death and All His Friends
Q1kgeOio7y8URTRU	The Maine	Black Butterflies And Déjà Vu	Lovely Little Lonely
Q1vaFQj6x9274ZLz	M83	Run Into Flowers	Dead Cities, Red Seas & Lost Ghosts
Q36xayp9RYcO8Lur	Stone Sour	Get Inside	Stone Sour
Q3hGzDI07MmPODD5	State Champs	If I'm Lucky	The Acoustic Things
Q3o4j5nBfE0DhI9w	The Beatles	I've Just Seen A Face - Remastered	Help! (Remastered)
Q4U5NVKQYl6t1gKe	Kings of Leon	Mary	Come Around Sundown (Expanded Edition)
Q4ViQM6A1crSWEE5	Aquilo	Complication	Silhouettes
Q4WKX51QU3F7D4op	Hockey Dad	Seaweed	Dreamin
Q4X6CtZXSgN3zBuK	Rosa de Saron	Anjos das Ruas	Angústia Suprema
Q4YO6mZBNLAnUDdB	Sailorfag	Inventadas Y Modernas	Sailorfag
Q4dOq20NLXiC9qHH	Charlie Brown JR.	O dom, a inteligência e a voz	Camisa 10 joga bola até na chuva
Q4nXeRIYrnIzYenm	Giraffes? Giraffes!	When The Catholic Girls Go Camping, The Nicotine Vampires Rule Supreme.	More Skin With Milk-Mouth
Q4oQTC3afihmRHgC	The Killers	Andy, You're a Star	Hot Fuss
Q5FpbLUBcj52MXJc	Travis	Sing	Birds In The Trap Sing McKnight
Q5k2fgtemALXzTUg	Five Finger Death Punch	Stuck in My Ways	And Justice for None (Deluxe)
Q63w3uwoh79kaUvg	William Ryan Key	No More, No Less	Virtue
Q6N7ZxEuPI11GTVg	The Cure	The Caterpillar	The Top
Q6YS2lyxJbQO86nx	Roxy Music	Ladytron	Roxy Music (Remastered)
Q7CNVZthccPWm7Po	Bombay Bicycle Club	Favourite Day	A Different Kind Of Fix
Q8DbuoSTfvQMtNxK	X	Los Angeles	Los Angeles (2019 Remaster)
Q8IMLp4SPoVEqlr5	Archgoat	Sorcery and Doom	The Luciferian Crown
Q8g6kAURAC73Alt2	Olly Murs	Feel the Same	You Know I Know (Deluxe)
Q8smEfa6FfyISdCt	CVX	Bicara	Bicara
Q8yCi0jmiB1z3xNF	Cake	Open Book	Fashion Nugget
Q8yyAZavtMg4DgN4	Mercenary	Isolation (The Loneliness in December)	Architect of Lies
Q9Cyij5EkftdQv7H	The All-American Rejects	11:11 p.m.	Move Along
Q9Vqx1raibZP3Ypu	Michael Jackson	She's Out Of My Life - Single Version	Off the Wall
Q9cLzVHYWRQ1k3gc	S U R V I V E	Hourglass	Mnq026
Q9cORfQkkublNsEA	Lil Baby	Never Needed No Help	Harder Than Ever
Q9pR6gTnXgCMecvr	Elvis Costello & The Attractions	Lip Service	This Year's Model
Q9w1OPbVjf7rnvBP	Dokken	When Heaven Comes Down	Tooth And Nail
QABFtA5886cSKdKZ	Phil Collins	In the Air Tonight	Face Value (Deluxe Editon)
QAYFCAXaj5k2LHTO	Princess Nokia	Kitana	1992 Deluxe
QAe9QNSpT3sDaaNf	Turnover	To The Bottom	Magnolia
QB21XNy13HiMBpvl	Tierra Whack	Wasteland	Wasteland
QB4KZGpZtO5zNcCY	Burial	Southern Comfort	Burial
QB8cVOp81XNtCAYD	The Rascals	Groovin'	Groovin' (Mono)
QBH8oqCsuZdKsqHW	Chunk! No, Captain Chunk!	The Progression Of Regression	Pardon My French
QBwTObscjkE6kJ1O	Leon Bridges	Daisy Mae	Coming Home (Deluxe)
QCNBzVZXyd94U6Is	Sister Nancy	Bam Bam	One Two
QCYDSf0IM0GoTk9G	Deerhunter	Breaker	Fading Frontier
QDT141UGc4UtyUXC	Underoath	A Message for Adrienne	The Changing Of Times
QDZQ0JMKOcFqAzA7	She & Him	Got Me	Volume One
QDif4fbVA23MlIFA	Far From Alaska	Mama	Modehuman
QDm5xGGNEC4B93ku	First Aid Kit	A Long Time Ago	Stay Gold
QDtPFYALLvF0RPoj	Testament	Down for Life	The Gathering (Remastered)
QDuf6mb9iX7XJa9F	Forest Swords	Friend, You Will Never Learn	Engravings
QEKAvcCWwqWatNVD	Dead Fish	Afasia	Afasia
QEXC5yKM6xdwcuA7	John Coltrane	Countdown	Giant Steps (Deluxe Edition)
QFUZlsKe3OVeONCn	Rosetta	Qohelet	Utopioid
QFhstigS9Te3BUNN	The Prodigy	Breathe (The Glitch Mob remix)	The Fat of the Land - Expanded Edition
QFtunsQxaL7i4CC1	Robin Bengtsson	Constellation Prize	Constellation Prize
QFvVZ7PhComnNYBS	The Clash	Lover's Rock	London Calling
QGjrZZJtYQo7fqYg	Tyler, the Creator	November	Flower Boy
QH67WC5dQtcqgQCJ	Fall Out Boy	What a Catch, Donnie	Folie à Deux
QH71uf3R4mi99EOx	Robot Koch	Nitesky feat. John LaMonica	The Other Side
QHJ1nM1psDS4C5lG	Jan Jelinek	Universal Band Silhouette	Kosmischer Pitch
QI0aOoQI1n0Y3zIh	Bersuit Vergarabat	El tiempo no para	De La Cabeza Con Bersuit Vergarabat (Live In Buenos Aires / 2001)
QI6tgOOeejI9pH6r	Gino Vannelli	Fly Into This Night	The Gist Of The Gemini
QJYJnhJmD9NlJxBh	Rata Blanca	Mujer Amante	XX aniversario en vivo - Magos, Espadas y Rosas
QJqLVmzO7vUNiOb1	Sidney Gish	Persephone	No Dogs Allowed
QJt9T1Nwp7K6jyTY	Sweet Trip	Come To Me	Halica: Bliss Out v.11
QJxkFMMBN0wHzRfc	Juana Molina	Un día	Un Día
QJyGLqnO4Eyl6aCE	Death Cab for Cutie	Soul Meets Body	Plans
QK5cs2NnhKsZmUl3	Cher	Wasn't It Good	Take Me Home
QKr8XSWlnSOVuuGC	The Pretty Reckless	Since You're Gone	Light Me Up
QLYLxLhsi9SJW3Md	The Dear Hunter	A Night on the Town	Act Iv: Rebirth in Reprise
QLiy0orzciG3XQIk	We Were Promised Jetpacks	Keeping Warm	These Four Walls
QMm5mQvpSrqR4vAJ	Bladee	unreal	Gluee
QNXKBbzvjl1J7NJ8	Syd Barrett	Late Night	The Madcap Laughs
QNohIgn9wRUuZZAK	Lindsey Stirling	Stars Align	Lindsey Stirling
QOjpOTr8e83n48lz	Orchestral Manoeuvres in the Dark	Enola Gay	Organisation
QOry6PaML7fWQaV8	Izzy Bizu	White Tiger - Single Version	White Tiger
QOw3afPIA0ToRZqM	Elton John	Song For Guy	A Single Man
QP8XrlwWI6wNxRpR	Rouge	Delírio	C' Est La Vie
QPUDzhEyi0Igak0d	Bloodbath	Grand Morbid Funeral	Grand Morbid Funeral
QQuw3c4Wu34pEcEl	Epica	Under the Aegis	The Score 2.0: An Epic Journey
QRN0CrtTAlIsfdxl	Simon & Garfunkel	Cecilia	Bridge Over Troubled Water
QRxbGB2vWDsCW6er	Chico Buarque	Samba De Orly	Construção
QSDvM1oXOU0Yej4f	Asking Alexandria	Someone, Somewhere - Acoustic Version	Someone, Somewhere (Acoustic Version)
QTKXRRozTjUJOJwA	Flatsound	Nothing Good Comes from Being Gone	Did Everything Feel Beautiful When You Let Go of the Idea of Being Anything at All
QTruQtAjMs3xsDzO	Gary Clark Jr.	Grinder	The Story of Sonny Boy Slim
QTxf0P1qd3Dsrc5D	Thousand Foot Krutch	Welcome to the Masquerade	Welcome To The Masquerade (Fan Edition)
QTyXDJe4voGd0WJG	CONRO	I Wanna Know	I Wanna Know
QTzoty1UtIsiQsks	Michael Giacchino	The Strum of Destiny	Coco (Original Motion Picture Soundtrack)
QUvC9A2hreqWGuGm	Molejo	Dança da vassoura	Molejo - iCollection
QV8eHnGJbcXNp3An	Lamb of God	Blood Of The Scribe	Ashes of the Wake (15th Anniversary)
QVdmB8avqicnC9xg	Luis Miguel	Quiero	Soy Como Quiero Ser
QVuZQ2BOlobSEJ0g	Mahavishnu Orchestra	Resolution	Birds Of Fire
QW1LZPfBgLQaI7cz	Cleaners From Venus	Wivenhoe Bells (II)	Midnight Cleaners
QWTxAo4irYkNas9E	Jordin Sparks	No Air	Jordin Sparks
QX9UYcKSERHdp1YT	Fresno	Poeira Estelar	A Sinfonia de Tudo Que Há
QXEAJxLN4DSxWMYx	Silverstein	World on Fire	Short Songs
QXVHDka2XilMo2wh	Faber Drive	Second Chance	Seven Second Surgery
QXi0fJAoupiPybm1	Biffy Clyro	The Captain	Only Revolutions
QXiMCUHvnpfcZEFg	Last Dinosaurs	Purist	Wellness
QY80YrEUsMQxiwwa	Taron Egerton	I'm Still Standing	Sing (Original Motion Picture Soundtrack / Deluxe)
QZ8XBzsVdLGKfZ4R	Megadeth	Killing Is My Business... and Business Is Good	Killing Is My Business...And Business Is Good - The Final Kill
QZP45Jz2nT7D0CPt	Prep	Sunburnt Through the Glass	Sunburnt Through the Glass
QZQXcZp8CaeNRjsw	2YOON	Why Not	Harvest Moon
QZcvLrIyQ8lUHn6r	Stand Atlantic	Mess I Made	Sidewinder
QZpD2qNTlTJYOcjR	Roberto Ribeiro	Todo menino é um rei	Eu Sou O Samba - Roberto Ribeiro
QbpblikftQXExI6A	Jawbreaker	Sluttering (May 4th)	Dear You
Qc2Hb6CGjopHaEZv	Colbie Caillat	You Got Me	Breakthrough (Deluxe Edition)
Qcen4n8BJPqUc1NR	Bullet for My Valentine	Tears Don't Fall	The Poison
Qcf6JlfEQ6BDwV85	Anthrax	Monster At The End	For All Kings
QcoCbyve5S025Eox	Alanis Morissette	Are You Still Mad	Supposed Former Infatuation Junkie
Qd3KhZKoy1JyWGBs	Nine Inch Nails	She's Gone Away	Not The Actual Events
QdXlbqjwbM6KICSb	Snow Patrol	You're All I Have	Eyes Open
QdyAI7TQPcwb40cu	Tenacious D	Classico	The Pick Of Destiny
Qeq6wpAJPSXhjqUY	Fates Warning	Eye to Eye	Parallels
QeqyElQVdlkYKM70	Cyndi Lauper	The Faraway Nearby	True Colors
QfUglc6m1JIYhXRH	Patti Smith	Break It Up	Horses (Legacy Edition)
QgzdSogkJ0dJPgwP	Haley Reinhart	Last Kiss Goodbye	Last Kiss Goodbye
Qh0B322iktNfQaHT	Exes	Cain	Cain
Qh6N463vHzOR06Mv	Arthur Russell	You Can Make Me Feel Bad	Calling Out Of Context
QhjbEeYnPBhUScon	Hannah Montana	You'll Always Find Your Way Back Home	Hannah Montana The Movie
Qhna4dOpQlHwdnFY	Calum Scott	Hotel Room	Only Human (Deluxe)
QiAfI1Y5zJxCdxe5	Nick Drake	Clothes Of Sand	Made To Love Magic
Qj2KVUAFtIHhx3lV	Patrick Doyle	Another Year Ends	Harry Potter And The Goblet Of Fire (Original Motion Picture Soundtrack)
QjF3jJbOEKZzYTsr	Jellyfish	The Glutton Of Sympathy	Spilt Milk
QjqK21xuQ54Je4zc	Los Pericos	Waitin'	3000 Vivos (En Vivo)
QjxUmiXnnXxYDt72	Fats Waller	Ain't Misbehavin'	If You Got To Ask, You Ain't Got It!
QkLubwzXbEpKWmae	Miles Davis	Tadd's Delight	'Round About Midnight
QkORhJnJc22BJzj3	The Plot in You	Take Me Away	Happiness in Self Destruction
Qkqwky7f3NOcasmE	The Kinks	Time Song - Single Stereo Mix 2018 Remaster	Time Song
QkrGd5J0jY1vvB6S	Joe Cocker	Woman To Woman	Joe Cocker
Ql6zY7ZpXjvcBAfY	Paolo Nutini	High Hopes	Sunny Side Up
QlBKRgDwuzN5MQs2	Jack Savoretti	Candlelight - Edit	Candlelight (Edit)
QlCzkGwH8QKzyRlE	Limp Bizkit	Loser	Gold Cobra (Deluxe)
Qm0Jh38RJOxQqc1W	Icon for Hire	Bam Bam Pop	Bam Bam Pop
Qmm2IgIopoCDruvz	Vance Joy	One of These Days	Nation Of Two
Qmypm0wJImrkfDAv	Perfume Genius	Floating Spit	Put Your Back N 2 It
QnHbbx3VrFJ257Bx	Sonic Youth	Walkin Blue	The Eternal
QnPDB3xTKyUib6FJ	Dark Funeral	The Secrets of the Black Arts	The Secrets of the Black Arts
QoFpZ6TsWnq8aC8H	The Spencer Davis Group	I'm a Man	The Best Of Spencer Davis Group
QoULqlxpfceyKZSS	Roy Hargrove	Trust	Nothing Serious
Qodw9Or2M9V4e9Hq	Camila	Entre Tus Alas	Dejarte De Amar
QoeX1MwJMwoUuBFX	BROCKHAMPTON	ZIPPER	SATURATION III
Qofw5Unfj5V4iOeq	Sepultura	Necromancer	Morbid Visions/Bestial Devastation (Reissue)
QompUceb0s9naHPZ	Livin' Joy	Dreamer	Don’t Stop Movin’
QpILTNUtcoMKKGZY	Rise Against	Megaphone	Megaphone
QpIYSh52kM15AgX3	Someone Still Loves You Boris Yeltsin	Oregon Girl	Broom
QptAS6T1NfTrUgJl	Killswitch Engage	Strength Of The Mind	Incarnate
Qq0BNBj4q9Fc141o	Panic! at the Disco	This Is Gospel	Too Weird To Live, Too Rare To Die!
QqO36KRoawTTRbn3	Boa	Encounter	WOMAN - The 9th Album
QqgHteWrUjBA8lXE	Luna Shadows	Cheerleader	Cheerleader
Qr9bNB5XkclVCHpZ	Alaska Thunderfuck	Your Makeup Is Terrible	Anus
QrYHI8mIRbyo7SaY	Cult of Luna	Beyond Fate	Cult Of Luna
Qryp9GcFr3qcCDJD	Sally Shapiro	Jackie Junior (Junior Boys Dub)	Selected Label Works 1
Qt2K4v72FoqrtJng	Sly & The Family Stone	Everyday People	R&B: From Doo-Wop To Hip-Hop
Qtg7qg9xLrWN3qZv	Sugababes	Shape	Angels With Dirty Faces
QwQRg7R27Onc6MTU	Kreator	Flag of Hate	Endless Pain
QweyLv6rMxgvinLs	First Fragment	Gula	Dasein
QwhSD4d768EcMtFR	Visconde	seis.	Visconde
QwnBAMzVfAqIMbBA	Lucky Fonz III	App Me	Multimens
QxIYURiSnZjMhXmL	Black Moth Super Rainbow	The Healing Power of Nothing	Cobra Juicy
Qy1TWwgrgJxwdpu1	Killing Joke	Follow The Leaders	What's This For . . . !
QycpcFX49WS6camV	My Bloody Valentine	What You Want	Loveless
QyhkfWJrYsOJDYvI	Wale	Chillin	Attention Deficit
QyzfHiDhy1iq86ho	Banda Uó	Búzios do Coração	Motel
Qz65G7h6WO0F1Zlu	Aerosmith	Legendary Child	Music From Another Dimension!
QzIpVi163R76dQuq	In This Moment	Sick Like Me	Black Widow
QzZtDEQVLiaEr3wa	JoJo	Weak	JoJo (2018)
R0WmdVS28WVvjG2r	A$AP Rocky	Distorted Records	TESTING
R0xkn6XCIvpT37z0	Abney Park	Building Steam	Æther Shanties
R1KoNU6JCa3egJq6	Boy Epic	Scars	Scars
R1ekRqv74Skiu8Wy	Hana Barbara	Poslední slova tobě	Poslední Slova Tobě
R1hPcWpaXZByUoE9	Invent, Animate	Darkbloom	Stillworld
R1hvuOiPuvjmfNu2	Molotov	Voto Latino	Dónde Jugarán Las Niñas 10th Anniversary Edition
R1qJBD80vL2nmJ7w	Luiz Gonzaga	O Xote das Meninas	Luiz Gonzaga Canta Seus Sucessos Com Zé Dantas
R2NG3xqOpK7aStMZ	Brian Eno	Driving Me Backwards	Here Come The Warm Jets
R2l1g00z4vPDVKmN	The Growlers	Gay Thoughts	Gay Thoughts - EP
R39QtDM2H3zW2yKQ	Mötley Crüe	Flush	Generation Swine
R40p1IMdzyARRuhi	Clarice Falcão	Deve Ter Sido Eu	Problema Meu
R4VMVAxVOAEWBjgg	James	Sometimes	James: The Best Of
R4juORcJIxBmP0AE	Miranda Cosgrove	Shakespeare	Sparks Fly (Deluxe Version)
R4sm1zJ8iX6ybmRE	Tina Turner	Overnight Sensation	Break Every Rule
R4tSpxxBs7lcCeQd	Paul McCartney	Maybe I'm Amazed	McCartney (Deluxe Version)
R5RjYZZSYeNCXXWL	Swans	God Loves America	Love of Life (Deluxe)
R5q9Qt9b7E4TxMFS	Lenny Kravitz	Dig In	Lenny
R6GngKj4w5gPISet	Mac DeMarco	Chamber of Reflection	Salad Days
R6Ocdq5dZykZHz9S	JoJo	Demonstrate	Demonstrate (2018)
R6TpzhV8LTiHe5ii	Lamb	Illumina	Illumina
R73XiLEKVA7gs36b	Patti Smith	Ask the Angels	Radio Ethiopia
R7DycdPXt0Ucdsgm	Insane Clown Posse	Red Fred	Fearless Fred Fury
R7EXRQdXkfGGvxTW	Emperor	Into the Infinity of Thoughts	In The Nightside Eclipse
R7FbN556rUJEKJRA	Pearl Jam	Gonna See My Friend	Backspacer
R7YoNBbJYL3MAPKI	Jessica Sutta	Show Me	Show Me
R7mHO1abXUQv5aSs	The White Stripes	Red Rain	Get Behind Me Satan
R8DYebOMfwhzsS1t	Chaka Khan	Fate - WSM Compilation Edit	What Cha' Gonna Do For Me
R8eBBwgcjxKgJaBK	Ricky Martin	A Medio Vivir	A Medio Vivir
R9SJkEXvd0WRYa95	SZA	Sweet November	Z
RA3f8ByMeM6EdHpo	5 A Seco	Se Toca	Ao Vivo no Auditório Ibirapuera - Faixas Extras
RAL9I7IQ8cstSeTt	Enrique Iglesias	Bailamos	Enrique
RAW7LvLH7WXbrVS5	Killing Joke	Europe	Night Time
RAevVHOFlOPFyOBR	Rina Sawayama	Time Out (Interlude)	RINA
RAp6vEnREc66lXxU	Joni Mitchell	See You Sometime	For The Roses
RAvwEuerESZjWx0P	Eamon	Fuck It (I Don't Want You Back)	I Don't Want You Back
RBganCZTcS9wOc96	Demi Lovato	Mistake	Unbroken
RBk0ZKJR1yrNzjGY	Michael Calfan	Over Again	Over Again
RBx86ASeFzcUIBTi	Toby Keith	Beer For My Horses	Unleashed
RCEtPqtfCg0R4aMB	Pond	Sitting Up On Our Crane	Man It Feels Like Space Again
RCGLlYCigkopKd7D	Angels & Airwaves	Surrender	Love, Pt. 1 & 2
RCm0SG7RKsvgMLTg	Delain	Danse Macabre	Moonbathers (Deluxe Edition)
REUvCoOzi7XesygS	Brandi Carlile	What Can I Say	Brandi Carlile
REibdfIo5AYBPuiM	Xiu Xiu	Puff and Bunny	Women As Lovers
RF8hmPNXXsXhLrOy	3 Doors Down	Goodbyes	The Greatest Hits
RFhWUIoHcPtayAKI	Massive Attack	Wire - Leaping Dub	Wire (Leaping Dub)
RFtPG6Of9ydFoamm	Cloud Nothings	No Thoughts	Here and Nowhere Else
RGOdMWYbtFWWH9Fe	Fresno	Evaporar	O Rio a Cidade a Árvore
RGiQQ9RNRlsSH27L	Howard Shore	Concerning Hobbits	The Lord Of The Rings: The Fellowship Of The Ring (Original Motion Picture Soundtrack)
RH8IT2pTFZGnGo12	Van Halen	Without You	Van Halen III
RIUZHxyx6hpJ8H0Y	The Beatles	Long Tall Sally	Past Masters (Vols. 1 & 2 / Remastered)
RIiuxx9W9nBXSkYf	Ian Brown	Break Down The Walls (Warm Up Jam)	Ripples
RJlV6LdWhXHWZk4w	Exodus	And Then There Were None	Bonded by Blood
RK4xxzzuWIpgn88M	Artificial Brain	Frozen Planets	Labyrinth Constellation
RKTIXT1byTIFyY6y	The Offspring	Self-Esteem	Greatest Hits
RLHbq9UXd6cof8Hs	Orbital	Hoo Hoo Ha Ha	Monsters Exist (Deluxe)
RLRJMPZQZCi4FmVD	Witt Lowry	Blood in the Water	Blood in the Water
RLcDknkzDHtcxtMH	Legião Urbana	Vinte E Nove	O Descobrimento Do Brasil
RLjniJEpmhGFbhON	Snakadaktal	Fall Underneath	Sleep In The Water
RMbq7XtxkfKRZQNd	Simple Plan	I Refuse	Taking One For The Team
RMzh7SW74mBhm7X7	Sleigh Bells	Favorite Transgressions	Kid Kruschev
RNVSPP65D7O9hYpU	Billy Joel	Get It Right the First Time	The Stranger (Legacy Edition)
RPaNqk96D5evngJO	Spinvis	Voor ik vergeet	Spinvis
RQ8hKxXxpXHI7MPU	India.Arie	Private Party	Testimony: Vol. 1 Life & Relationship
RQMBz83vnn0zev3k	Watain	All That May Bleed	The Wild Hunt
RQQ2fQqrvyHVqSUW	Suffokate	Vanishing	Return To Despair
RQaJVHmmWVZt2QRJ	White Ring	Roses	Roses / Seaww - Emotion Single
RQwGEZSIpOTJHeh2	Tacocat	Dana Katherine Scully	Lost Time
RRJlddAtuBMWrXlp	Led Zeppelin	How Many More Times	Led Zeppelin
RRZEwA4gez2F70f7	Omnium Gatherum	Living In Me	Beyond
RReh111JKKzAfr7W	Horse Jumper of Love	Spaceman	Horse Jumper of Love
RSWxhJX0aN0JMdb7	Touché Amoré	Kerosene	Is Survived By
RSijdgCp2HPGn7US	Wet Baes	Midnight Caller	Youth Attraction
RUSjTLvdc0kIDDbr	Palmistry	Lifted	PAGAN
RUiYg3xsTuXK20bk	Owl City	Deer in the Headlights	All Things Bright And Beautiful
RV8zH9AHgyco2fIA	Pretty Poison	Catch Me (I'm Falling)	Catch Me I'm Falling
RVOfT6vAXb8q5glq	Prince	America	Around The World In A Day
RVS07gUYLN9Zx8EZ	Bark Psychosis	Shapeshifting	Codename: Dustsucker
RW7GYqWmJ03Z7F3t	Bladee	Rip	Eversince
RW8AiqCn5s21WuAS	Crass	G's Song	The Feeding of the 5000
RWPNGCx0yZ3cvtE2	Felix da Housecat	Madame Hollywood	Kittenz And Thee Glitz
RWr04oYzjtt3IzOx	Slayer	Can't Stand You	Undisputed Attitude
RX18FoCVdqSCHfbf	Wearing Scars	Butterfly	A Thousand Words
RXAAUWtovzjsQgaL	Oliver Heldens	Koala - Radio Edit	Last All Night (Koala) [feat. KStewart]
RXZjOFdmOqAXUECy	Gardens & Villa	Domino	Dunes
RXr0xxmmtklL4gg5	Megadeth	Cold Sweat	Super Collider
RYFEicGhuPKxtPGk	OutKast	Bowtie (Postlude)	Speakerboxxx/The Love Below
RYKsu50DUatGzAPI	William Basinski	Melancholia VI	Melancholia
RYVe3W02M4Dogfey	Coldplay	Don't Panic	Parachutes
RZfyqLzAzja347dq	The Stooges	No Fun	The Stooges
RaTUGTF0qs8GQBVZ	The Julie Ruin	Just My Kind	Run Fast
RaZ8NP7hH86Z8Pne	Parquet Courts	Outside	Human Performance
RaqrNETn1TQCK5EI	Steely Dan	Blues Beach	Everything Must Go
RazI5H7URnCHa2qw	Thelma Houston	Don't Leave Me This Way - Single Version	Disco Danger Mix
RbBT6lQ8UPLxRKWu	Lenny Kravitz	Tunnel Vision	Circus
Rbo1rvmuP6MkT8RN	Joan Jett and the Blackhearts	Crimson and Clover	I Love Rock 'N' Roll (Expanded Edition)
RbsSjxJ4U3DY6lIJ	Pig Destroyer	The Torture Fields	Head Cage
RcD8RaqiCRghZt35	Iggy Pop	Success	Lust For Life
RcJmVGZs1HfXb5Er	The Head and the Heart	Cats and Dogs	The Head and the Heart
Rcee0YV4RP1gFHoy	liyv	Weeknight	Weeknight / Throwing Gold
RdIb9JxJD3y86vk1	Soviet Soviet	No Lesson	Fate
RdTvz5fJqJrc5NOr	Bon Jovi	Superman Tonight	The Circle
ReIqbhXoCgTouwu1	The Decemberists	Make You Better	What A Terrible World, What A Beautiful World
Reb1b18EqQYzGkAC	Sonata Arctica	Wildfire	Reckoning Night
RfTygqam2DwXnIRa	Robyn	Tell You (Today)	Love Is Free
RgMvvqtVBcMbvqpy	Converge	Eagles Become Vultures	You Fail Me Redux
RhkBVdb2oO7LbvUy	Prince	Sexuality	Controversy
RhqSQmn86EN0Mt3I	Dinka	Lotus (Johan Vilborg Remix)	Silk Royal Pres. Trance Treasures 03
Rhrzyuc1SFVHn9GE	FELIX SANDMAN	TONE IT DOWN.	EMOTIONS
RhtURb4V1dcIcAlq	Todd Rundgren	Bang The Drum All Day	The Ever Popular Tortured Artist Effect
Ri0k5sbVj8akYI3c	Kelly Rowland	I Remember	Talk A Good Game (Deluxe Edition)
Ri8pB9nUw6QBqLNS	Chagall	Hidden	Stray Flux
RiRWaDVNCwPTNYeF	Raul Seixas	Sessão Das 10	'Gîtâ'
RjUEWwMTgRIMS7A5	JinSang	morning.	Solitude.
RjY12DCcu6IbdcuN	Wonder Girls	Why So Lonely	Why So Lonely
Rjop8rDOyRz1qUiI	Electric Wizard	Witchcult Today	Witchcult Today
Rjpy8DWqNRoA5RIj	Architects	Deathwish	All Our Gods Have Abandoned Us
RkOdR088qNiym0LX	Sleater-Kinney	Anonymous	Call the Doctor (Remastered)
Rl8DQpVNvjrAIK7i	Godsmack	Love-Hate-Sex-Pain	The Oracle (Deluxe Edition)
RlpTemziQOUIxOpd	Apati	Verklighetsflykt är min verklighet	Eufori MMXVIII
RmMSHhTryKoZYEjZ	Led Zeppelin	Black Dog	Led Zeppelin IV (Deluxe Edition)
Rmb5iEvHvg5tekV9	Emancipator	Vines	Safe In the Steep Cliffs
Rn2Fk3zmYtMzNBd0	Ashlee Simpson	Outta My Head (Ay Ya Ya)	Bittersweet World
RnuaBpCdoNQJZGTT	Soft Cell	Where Did Our Love Go?	Tainted Love / Where Did Our Love Go
Ro9aqTmrmHL8Sd3D	Teyana Taylor	Rose In Harlem	K.T.S.E.
Rog9ECe3KPl7DZkB	Bryan Ferry	Don't Stop the Dance	Boys And Girls (Remastered 1999)
RoplqBUdch3yk9j4	Twinbed	Trouble I'm In	Trouble I'm In
RpAr9yNbksNUg1Of	Against the Current	Brighter	In Our Bones
Rps7HKymrt7wwiYK	A*Teens	For All That I Am	Teen Spirit
RqJoFYxZSCiplWeT	Brooks & Dunn	A Man This Lonely	#1s ... and then some
RrJJbY5F15nnf77b	Jinjer	Just Another	King Of Everything
RrPVUX9k4PU530wB	Alphabeat	The Beat Don't Stop	Express Non-Stop
RskAO4RS8WtAxqfs	Sudan Archives	Oatmeal	Sudan Archives
RttK2ruJO1pCJ7wb	Aurora	Gentle Earthquakes	Infections of a Different Kind (Step I)
Rtwo5JVPKtmzqJr3	Christina Aguilera	Morning Dessert (Intro)	Bionic (Deluxe Version)
Ru2HLZWXSN6p4SWI	Natalia Kills	Broke	Perfectionist (Deluxe Version)
RvQrSnKN14QMcTm2	Butthole Surfers	Jingle Of A Dog's Collar	Electriclarryland
RvWOxTurV3lrVGQw	The Ronettes	Baby I Love You	Be My Baby: The Very Best of The Ronettes
RvfnoZoz9UJHU6IA	21 Savage	Thug Life	Issa Album
RvsdEASH4XMxZCK8	WANIMA	シグナル	Everybody!!
RwPAbyRk1s43J9uz	Caetano Veloso	Oração ao tempo	Ofertório (Ao Vivo)
RwlcvAexYnM5JTMa	Jethro Tull	Look Into the Sun	Stand Up
RwqhZ1j3ivqxDXIp	Fennesz	Laguna	Venice
RxIBDBUrf3RMGBOC	Mike & The Mechanics	Silent Running	Mike + The Mechanics
RxgANc78Ch3wIGVi	Pablo Alborán	Éxtasis	Tanto (Edición Premium)
RyRRCkzbQtzvZMHX	V V Brown	Nothing Really Matters	Samson & Delilah
RzXzJEREmADsh0HZ	Lindsey Buckingham	Trouble	Law and Order
RzYY6lAYs5WL6tH5	Sarah McLachlan	Mary	Fumbling Towards Ecstasy
S0IASVtwLrYZEhvM	JinSang	with.you	Kona Park
S0YzKr4bBulRgx4d	Chris Cohen	Edit Out	Chris Cohen
S0apnPI33OBv9TJq	Amy Winehouse	Love Is a Losing Game	Back To Black
S1eNVvl9eSbVHoZK	Leonard Cohen	Hey, That's No Way to Say Goodbye	Songs Of Leonard Cohen
S1fjf8VznYFUFom2	Suede	As One	The Blue Hour
S1l0MiYyZviXnvnx	Adriana Calcanhotto	Sobre A Tarde	Cantada
S25zQb42FLLks5pt	Pridelands	Machina	Machina
S2KZSv5xwYwHFm3S	Marvin Gaye & Tammi Terrell	Ain't Nothing Like the Real Thing	20th Century Masters: The Millennium Collection: The Best Of Marvin Gaye & Tammi Terrell
S2P8vMEzPY4Mctau	Sia	Little Black Sandals	Some People Have REAL Problems
S2eV3ik4P84GxFnY	Nails	No Servant	Unsilent Death
S3Xqv2iStI1VpZjT	Mayday Parade	Where You Are	Sunnyland
S3m3Wdr7VdVKmgPj	CocoRosie	Beautiful Boyz	Noah's Ark
S4GRXVFinDlLO46O	Paramore	Ignorance	brand new eyes
S4SEVtZtXgJXFBRZ	The Who	1921	Tommy
S5IRStik9QcZnB9e	Daya	Love of My Life	Sit Still, Look Pretty
S6AUvWRKGNTnbOcV	Emerson, Lake & Palmer	The Only Way (Hymn)	Tarkus (Deluxe Version)
S6P4KXoBNlQ62xIW	BANKS	And I Drove You Crazy	Goddess (Deluxe)
S7pvaD40pSMsfPFR	Claude Nougaro	Nougayork	Nougayork (Remasterisé 2014)
S9308UHgwsHlHkt7	TesseracT	Tourniquet	Polaris
S9BmZKaZ8NC9NikU	Keaton Henson	Nests	Dear
S9WnnETMpWoeq2EH	Teen Suicide	the same things happening to me all the time, even in my dreams	i will be my own hell because there is a devil inside my body
S9nYbv2tAhL0IMpy	Hedley	Can't Slow Down	Hello
S9sZwU4SLhYpzjBn	Three Days Grace	The Mountain	Outsider
SAb0geK8BkCctKLw	Boris	Hope	New Album
SBC97jS80fai3cuo	Battles	Race : Out	Mirrored
SBKmHVxbm5L04SQW	MADEINTYO	Addicted To Power	Sincerely, Tokyo
SBe7NNVqlGYWQMrz	Jennifer Peña	El Dolor De Tu Presencia	Libre
SCH7pVPFZ8yFEWbE	Greyson Chance	More Than Me	Somewhere over My Head
SCU8jOAQkPveucE5	DVSN	P.O.V.	Morning After
SCYbyeGQ4yiO9bPk	Elton John	Razor Face	Madman Across The Water
SChBVyATqfByWFXV	I DONT KNOW HOW BUT THEY FOUND ME	Modern Day Cain	Modern Day Cain
SD1D4f4yffuwQMgw	DJ Shadow	Nobody Speak	The Mountain Will Fall
SD24qbtH2KjlUgky	Sopor Aeternus & The Ensemble of Shadows	I Cannot Go Back To The Way I Was	The Spiral Sacrifice
SDoi3rmOjzRQx7Bk	Megadeth	Chosen Ones	Killing Is My Business...And Business Is Good!
SE5Y9jrMsXeJBy94	Cocteau Twins	Summerhead	Four-Calendar Cafe
SEgS5OHAhzvpnxtD	Scalene	tempo	+gnetite
SF2XqpZQYN3Uh5yY	Rae Morris	For You	Unguarded
SFTs6op11EkTAKbt	Xandria	Forevermore	Neverworld's End
SFc491eZl7BxSTUu	Arnaldo Antunes	A Samba	RSTUVXZ
SFkkx01Wdd5nX5Mh	Northlane	Abrasumente	Discoveries
SFqJiSH8oXwtGJ0G	Gallant	Last	Ology
SGXVsMOgqEg7tUxp	Misfits	Nightmare on Elm Street	Friday the 13th
SGZLkwwd0wHF6LBH	Leland	Middle Of A Heartbreak	Middle Of A Heartbreak
SH9y8o4MaMdekCcS	Ministry	Deity	Land Of Rape and Honey
SHMsui4j314tq4Sj	Wanna One	I PROMISE YOU (Propose Ver.)	0+1=1 (I PROMISE YOU)
SHfUGRrXFJyYg5cX	Kylie Minogue	Come Into My World - Fischerspooner Mix	Fever
SHoRr4pH9n7iM8Z7	Carolina Durante	El Himno Títular	El Himno Titular
SJb1jkcxuZEka8W8	Project Pablo	Sky Lounge	I Want To Believe
SKJISbdIcC9S8w4c	John Lennon	Love	Imagine
SKoOVBWE55peJjb5	A Tribe Called Quest	Pubic Enemy	People's Instinctive Travels and the Paths of Rhythm (25th Anniversary Edition)
SLJt7fthFd7JY4VN	Colbie Caillat	Blaze	Gypsy Heart
SLMm4hSPBChYpw4q	Thy Catafalque	Kék ingem lobogó	Rengeteg
SMAInbrQC5zl6AhM	Magic Box	If You... - Disco Mix	If You...
SMBaVnO7ABbYsGSQ	The Twilight Sad	I Could Give You All That You Don't Want	Nobody Wants to Be Here and Nobody Wants to Leave
SMCg403fHrmMXvXm	Good Charlotte	Prayers	Generation Rx
SMggKcf59wUwsb4o	The Dickies	I'm Ok, You're Ok	The Incredible Shrinking Dickies (Expanded Version)
SMoQJct8kXpHFjOa	Yuck	Stutter	Yuck (Deluxe)
SMtoWRrmNRfLziDw	Fitz and the Tantrums	Breakin' the Chains of Love	Pickin' up the Pieces
SMwz3itNzeCS8vKZ	tUnE-yArDs	You Yes You	W H O K I L L
SN5hL2jdF0YyNkUe	Bob Marley & The Wailers	Sun Is Shining	Kaya
SNrda5weLDBO3j8E	Birds in Row	Morning	We Already Lost the World
SOVDnGPlKa1f7BDy	Ieuan	Honey Lavender	TECHNICOLOUR Vol. 1
SOfE3shORVHwD05M	Céline Dion	Loved Me Back to Life	Loved Me Back to Life
SOwBLydDs3AGgVck	Marvin Gaye	Come Get to This	Let's Get It On
SPWguBXb4534gHLQ	KIDD KEO	IGOT	Igot
SPYw8Ja3OPmdOrp1	Kitchens of Distinction	Prize	Capsule - The Best Of KOD
SPvtz7byC3GH5GgW	Com Truise	Idle Withdrawal	Idle Withdrawal
SQMJzhJarhPJ1mFQ	Laura Marling	Undine	Once I Was An Eagle
SQa8i65EQTVfw8Ah	Frankmusik	Better Off As 2	Complete Me
SQy4fzFwn77U7mkV	At the Drive-In	Quarantined	Relationship Of Command
SR5GYmfvhKlhbNJV	Dirty Three	Distant Shore	Ocean Songs
SRDjDD3R5ZUi8Bny	Beach Fossils	Window View	Beach Fossils
SRcD09CFX1Tgw1Q6	Miss Garrison	Pocket Song	Al Sol de Noche
STJAqagnYA9ppjdM	Balthazar	Whatchu Doin’	Fever
STgw4czOW04jrNzQ	Blind Melon	Lemonade	Soup
STzwWkG53NAFSVGU	God Help the Girl	I'll Have to Dance With Cassie	God Help The Girl (Original Motion Picture Soundtrack)
SULTDW8mmlWwCwO1	Kelly Clarkson	Stronger	Stronger (Deluxe Version)
SV9PuBIvOjql6z19	Gonjasufi	Sheep	A Sufi And A Killer
SVNQhWwaQoABrefs	Winger	Easy Come Easy Go	In The Heart Of The Young
SVS9afwtPRH9SGGm	Baroness	Morningstar	Purple
SVpllV9EukTNIrCS	Beyond Creation	In Adversity	Algorythm
SWPd7eSex7B4my7L	Crying	Children of the Wind	Beyond the Fleeting Gales
SWqU7uL2Yt67grsi	Michael Jackson	Ben (Single Version)	Ben
SWsOaBS2KxwKzjub	Atta Boy	Saccharine	Out of Sorts
SXNcBeS3ga5UPdWE	Holograms	Stress	Holograms
SXfpzcKdnapTKH0L	Björk	Who Is It	Medulla
SXz8wEnJvIm7EQVU	Marisa Monte	Volte Para O Seu Lar	Mais
SZ22kPG83GnzIEbC	Slipknot	Welcome	Vol. 3: The Subliminal Verses [Special Package]
SZD93zkwR7zJGGxe	William Devaughn	Be Thankful for What You've Got	Can't Stop Dancing, Vol. 6
SZUUM2UGAdZ9EuTb	Eric Clapton	Wonderful Tonight	Slowhand 35th Anniversary (Super Deluxe)
Sa2oqDDMy5VF0CU6	Jade Bird	I Get No Joy	Jade Bird
Sazd8G63L2f8mHk7	Brandy	Angel in Disquise	Never Say Never
SbXwF9AG14kXrseu	Gorillaz	Shy-town	The Fall
Sci3BRUIhSa2S6zl	Black Sabbath	Heart Like A Wheel	Seventh Star (2004 Remaster)
Sd46Sj6CeWAbLfPm	aimyon	君はロックを聴かない	青春のエキサイトメント
SdHiAuQAxeAl2hBy	Amel Larrieux	For Real	Bravebird
SdVEIjU4rmk1sfyj	Beyoncé	Resentment	B'Day Deluxe Edition
SdbILbM8HMHh1TOw	Dawn Richard	sauce	new breed
Sde8iLredx6rZVlj	George Michael	An Easier Affair	Twenty Five
Se9KDiwbDwmSEBKh	Simon & Garfunkel	The Dangling Conversation	Parsley, Sage, Rosemary And Thyme
SfIytf6kzxoMviFJ	Grupo Niche	Cali Pachanguero	Sólo Hits
SftQVLG79tz9AyGH	JoJo	Coming for You	The High Road (2018)
Sfxvi1O7PvBj2ghx	The Animals	It's My Life	Animal Tracks
SgF1Kj5AzNob4NO2	Mt. Wolf	Life Size Ghosts	Life Size Ghosts EP
SgNIULCwBB93GksG	Black Marble	On My Head	Weight Against the Door
SgXZpqKhSTLR5AC1	GIRLI	Can I Say Baby	Hot Mess - EP
Sh3hvmFqsz1u3B7c	Sirenia	Winterborn 77	The 13th Floor
Sh4i6d5srt7ByEck	Holygram	STILL THERE	Modern Cults
ShQbYzolRWEUTjvK	Carly Rae Jepsen	Sour Candy	Tug Of War
ShiGVUyfJb4SrOpw	Jake Bugg	Country Song	Jake Bugg
SiPG9IuBH8pQL4OL	KNOWER	Overtime	Life
SifZfAZeaSlF54AE	Snail Mail	Deep Sea	Lush
SjFQpc3FyFbLPN9J	PINK GUY	FURR	Pink Season
SjIxLlcFLLN9bJaj	Dixie Chicks	Wide Open Spaces	Wide Open Spaces
SjTO6cS6esdwkbiX	Mika	Love Today	Life in Cartoon Motion
SkGDmL2s1CwEYXGY	Red Hot Chili Peppers	Warped	One Hot Minute (Deluxe Edition)
SkZTMIEZbbrElKCO	The Knife	The Captain	Silent Shout
Sl6PiFUmG3ZAqKQn	Enigma Dubz	Hard To Smile	Hard To Smile
SlHGm9vC7hUtVljJ	Jethro Tull	Minstrel in the Gallery	Minstrel in the Gallery (40th Anniversary Edition)
SlR7IisNKFEIEwgS	Genesis	Jesus He Knows Me	We Can't Dance
Sm1jSliVpRGf42ka	Jamiroquai	When You Gonna Learn? - Remastered	Emergency on Planet Earth
Sm5T93ReOlYjxhU8	Celtic Woman	May It Be	Celtic Woman
SmOW49nKa5lSyh7n	The Derek Trucks Band	This Sky	Songlines
SmSqvwbSstgJu1E4	Los Bunkers	Si Estás Pensando Mal De Mí	SCL (En Vivo)
SmcAW9IpuWnxS9v8	Lord Huron	The Ghost On The Shore	Lonesome Dreams
Smp4ugSBLCFVX2zF	Unearth	The Swarm	Watchers Of Rule (Deluxe)
SmqLKVQdl6929LXt	Xandria	The Lioness	Ravenheart
SnO8z6CNLIBqi5ZJ	Giovani Cidreira	Vai chover	Japanese Food
SnOkqLzkiIHo21D7	Sleeping With Sirens	Trouble	Gossip
SnrC3bsqPqpM5FxQ	La Bien Querida	7 Días Juntos - Feat. Joan Miquel Oliver	Fuego
So4AM4GUjJJnBkBK	John Mayer	Waitin' On The Day	Paradise Valley
So7mWWAmQ04PDWdQ	The Damned	Looking at You	Machine Gun Etiquette
So9VkHvWUHr3xTko	Converge	Dead Beat	Axe To Fall
SoAB4CgvziC0u5sw	Another Level	Freak Me	Another Level
Sp3mZLAsLxAKPry5	The Sound	The Fire	Like Vines
SpQWnv7WtkinCnfD	Blu Cantrell	I'll Find A Way	So Blu
SpdNbaDDiDboqELy	Snow Patrol	I'll Never Let Go	Fallen Empires
Sq4N6tgAJ7kxaqEC	Adolescents	Self Destruct	Adolescents
SqDLEUVp5cp9y01L	Mon Laferte	El Beso	Norma
SqN89wAtkzaLtFqu	Aimee Mann	Red Vines	Bachelor No. 2 (Or, The Last Remains of the Dodo)
SqPg5jnGa6IQS4Np	Genesis	I Can't Dance	We Can't Dance
SqUvZds7IilMSNae	Beach Fossils	Plastic Flowers	Gruesome Flowers: A Tribute to the Wake
SqgPvFQAQGajRcs6	America	A Horse With No Name	America
SqzXbYFohPo79jvl	Cartola	Sei Chorar	Cartola (1976)
SrTsckVQkMALKDCf	The Miracles	Shop Around	Hi We're The Miracles
SsrBG7aNB51laZ36	Simon & Garfunkel	Song for the Asking	Bridge Over Troubled Water
StK3YBEGBQXG95Nv	Rites of Spring	Patience	Rites of Spring
Ste08cqo9WeTmrz5	Chelsea Cutler	Sleeping With Roses	Sleeping With Roses
StjywC3BNK6ZQXRy	eli filosov [ p h i l o ]	oneofone_rwrk	2007
Su1CX9btXIQzVWUY	beabadoobee	If You Want To	Patched Up
Su22ADSewBqMLTl0	Hüsker Dü	Folk Lore	New Day Rising
SuHMwd8jJ1zrKYrn	George Ezra	Did You Hear the Rain?	Did You Hear the Rain?
SuHzRtUt2kNGc4nq	Jeremy Soule	Masser	The Elder Scrolls V: Skyrim: Original Game Soundtrack
SuXDpLCodeK8G6lH	Too $hort	Blow the Whistle	Blow The Whistle
Sui4UkxqCn3z4n2Q	James Morrison	You Make It Real	Songs For You, Truths For Me
SuzNf2wNN0fBJi6r	Switchfoot	Needle and Haystack Life	Hello Hurricane
Sv60txNBPDBsiDES	Within Temptation	Where Is the Edge	The Unforgiving
Sv9BfyAg0QruRYiN	Fugazi	Last Chance for a Slow Dance	In On the Kill Taker
SwZTe2F3YvXKP0OH	Emperor	Thus Spake the Nightspirit	Anthems To The Welkin At Dusk
Swau2orUE67EZixD	Wynonie Harris	Grandma Plays the Numbers	More Greatest Hits - Good Rockin' Tonight
SwfTXycH9c6dbovL	Divela	Meteor	METEOR
SwhMHZyhW6K0rIJZ	Our Last Night	Younger Dreams	Younger Dreams
SwrhmeIbeyPDd6vl	Elis Regina	Ela	Ela
Sx9SCQLsgQyY3BmP	Camila	De Qué Me Sirve La Vida	Dejarte De Amar
SxDdfO2ZHDbQAy5n	Orbital	The Girl With the Sun in Her Head	In Sides
SxEQYkZ0ZAreDrng	The Chemical Brothers	Hey Boy Hey Girl	Surrender
SxvwAdBcIOZeQC5Z	Jack White	Love Is Blindness	Sixteen Saltines
Sy1c0aSWZLmV8l13	Tiny Ruins	Olympic Girls	Olympic Girls
SyU7MomFOxuoSm6f	Primal Scream	Shine Like Stars	Screamadelica
SygXSdX0XHCL1OTf	Iglooghost	Black Light Ultra	Steel Mogu
SyrnvqdbyZppkQ2L	Touché Amoré	Home Away From Here	Parting the Sea Between Brightness and Me
SyxtslVnJ6gHVw9P	Johnny Hooker	Coração de Manteiga de Garrafa	Coração
SzMF7AqzwXB0O42u	In Flames	Episode 666	Whoracle (Reissue 2014)
Szw8fQLuMZImkhJ2	Madina Lake	One Last Kiss	From Them, Through Us, To You
T1PKsndU5IH51KSd	Drake	Cece's Interlude	Thank Me Later
T2Vw3YtGWRyKIU2O	Xindl X	Na vodě	Kvadratura Záchranného Kruhu
T2pFonfIA8B2ra8p	Polvo	Fast Canoe	Exploded Drawing
T30v8YmoK2XrM41V	Mayday Parade	Happy Endings Are Stories That Haven't Ended Yet	Mayday Parade (Deluxe Edition)
T4cmehm0aALjsXsY	Jenni Vartiainen	Eden	Terra - Platinapainos
T4jmoWBXQyyEiDez	Bullet for My Valentine	Gravity	Gravity
T5OzjBq35RFWb02Y	Tua	Wem mach ich was vor	Wem mach ich was vor
T5Vtg6SauyU0PBFJ	ColdWorld	The wind and the leaves	Autumn
T5gPNlHkBeWKJ9zL	Faith No More	Jizzlobber	Angel Dust
T5xSdCB7Eih2ho57	Still Corners	Future Age	Strange Pleasures
T6UHxVPe53Yc1yqB	Dissection	The Somberlain	The Somberlain
T6hl21IpYKTaj2Bj	Daddy Yankee	Descontrol	Mundial (Deluxe Version)
T6krVA0s4LVnTyT3	Car Bomb	From The Dust Of This Planet	Meta
T7AbxjVaHHQv1sTl	Alicia Keys	Girl on Fire	Girl on Fire (Remixes) - EP
T8ViuInpQW52pOwZ	Niney The Observer	Blood and Fire	Observer Station
T8Zo0zYb2NXIOuLN	Rocío Dúrcal	Más bonita que ninguna	Más Bonita Que Ninguna
T8vLnvenHpGrbj4V	Miles Kane	Inhaler	Colour Of The Trap
T9vQ6i8ijJXw3ziE	The Virgins	Love Is Colder Than Death	The Virgins
TA0exJIfDG8RFUeb	Jon Hopkins	Singularity	Singularity
TAHEorKPthNFcphP	The Von Bondies	C'mon C'mon	Pawn Shoppe Heart
TAMnNPdUxK5ORdmw	Bill Wurtz	Mount St. Helens Is About to Blow Up	Mount St. Helens Is About to Blow Up
TBGZlI4Wy3iqw1cl	Boyz II Men	End of the Road	Cooleyhighharmony (Bonus Tracks Version)
TBOGJ93iqLBPyYQG	Gary Numan	I Am Dust	Splinter (Songs from a Broken Mind)
TBfBUWjNk8hLKArj	Demilich	The Putrefying Road in the Ninteenth Extremity	Nespithe
TBmFJSpylv5GBn1E	macseal	Harry	Harry
TBpLrjCpvVvnQmjv	System of a Down	Sad Statue	Mezmerize
TBxiymqOXt4jM2xd	Tori Kelly	Nobody Love	Unbreakable Smile
TCYGAcBKbd59EvAY	Silverchair	The Greatest View	Diorama (U.S. Version)
TCqJF2Gy33tHHRVl	Japanese Breakfast	Boyish	Soft Sounds from Another Planet
TCqgUgltDckVstiq	Gregory Alan Isakov	Time Will Tell	The Weatherman
TD2xLmy1XGOuXPt4	AARON TAOS	Amazing	Night Thoughts
TDGGW5hElAh6xXXi	Frédéric Chopin	12 Études, Op. 10: Étude No. 3 in E Major	Chopin: 24 Études, Op. 10 & Op. 25
TEnAcMdffxfWONyl	The Beatles	Lucy in the sky with diamonds - Remix	Sgt. Pepper's Lonely Hearts Club Band (Super Deluxe Edition)
TEyFkXfGa3tL7Ual	Kelly Clarkson	Love So Soft	Meaning Of Life
TFBoNslYRCMIYQCK	David Guetta	I Can Only Imagine (feat. Chris Brown & Lil Wayne)	Nothing But the Beat 2.0
TG2tmrdkIJ5VoQv8	Blonde Redhead	Equally Damaged	Melody of Certain Damaged Lemons
TGNUOmJr65DdLuDM	Genesis	Tonight Tonight Tonight	Invisible Touch
TGhfapQKwpoybrG2	Ruth Lorenzo	Ride	Loveaholic
TH2xzKYRwDvQ6pWe	MC Kevin	Marrenta	Marrenta
THHxnNrbgtiw2vCE	Nothing But Thieves	Particles (Piano Version)	Broken Machine (Deluxe)
THXOelCzO6ivoYKC	PINK GUY	I Have a Gun	Pink Season
THm0rFBezNfEdiVR	Porter Robinson	Fresh Static Snow	Worlds
THtczQxHgtXpnea3	Nai Palm	Mobius	Needle Paw
TIDAYplHydmOIiMl	OneRepublic	Love Runs Out	Native
TIesySrXwnptkX8P	If These Trees Could Talk	After the Smoke Clears	The Bones of a Dying World
TJMaNQgEywcFvuWI	Jorge & Mateus	Seu Astral	Live In London - At The Royal Albert Hall
TJVr2MhTChfTRkgN	Amanda Palmer	Do It with a Rockstar	Theatre Is Evil
TJhTD4Sg9KBYoiqL	Skank	Ainda Gosto Dela - Ao Vivo	Multishow Ao Vivo - Skank no Mineirão
TJo8cvDRfLSBiqhp	Halestorm	I Get Off	Halestorm (Deluxe)
TK8y1ZhrOsriWSvV	Tim Maia	Eu Amo Você	Tim Maia 1970
TKW9JsX2PTdKnnhu	Lucy Spraggan	Fight for It	I Hope You Don't Mind Me Writing
TKsySf2nFm4UV1cK	Gloria Groove	Muleke Brasileiro	O Proceder
TL01QP9uqqbomtNv	Peter Gabriel	Red Rain	So (25th Anniversary Deluxe Edition)
TLdJnDvY0nqWwxba	Stan Getz	Para Machuchar Meu Coracao	Jazz 'Round Midnight: Bossa Nova
TMGYMqGixsc1mwDn	Victoria Beckham	Midnight Fantasy	Victoria Beckham
TMbxAizHV4p2jY80	Boards of Canada	Pete Standing Alone	Music Has The Right To Children
TNAiWEBweQSLEdAo	Donavon Frankenreiter	What'cha Know About	Donavon Frankenreiter
TNBg5W535z2TZsY8	Sting	Brand New Day	Brand New Day
TNmRIy0FdIN4zeBs	Caribou	Pelican Narrows	The Milk of Human Kindness
TNme1QrU17IHBRsE	August Burns Red	Ocean of Apathy	Constellations (Remixed)
TO3azVGTDCEgrBnP	Beach House	Heart and Lungs	Beach House
TOTiGiL4qATx6qyl	Elliott Smith	A Fond Farewell	From A Basement On The Hill
TOalXjVhNNjBSwPM	Les Discrets	Sur Les Quais	Septembre et ses dernières pensées
TOs4ZdXqH9ZWXkxn	The Suicide Machines	New Girl	Destruction By Definition
TOxvK0xd8hE0c69I	Kent	Pojken med hålet i handen	Kent
TOyKvuQsBXKmNvOE	Nick Cave & The Bad Seeds	Ain't Gonna Rain Anymore	Let Love In (2011 Remastered Version)
TPJVqovicPGJBkqv	johnny goth	Aimless	Far Away
TPirKyQRxzEPt278	Brian Eno	Here He Comes	Before And After Science
TPp565vc2MUiyTXa	The Beatles	Birthday - Remastered 2009	The Beatles (Remastered)
TQLZ161VRQbgepNb	Johnnyswim	Annie	Home Vol. 1
TQZdrxnNn4jTVBZO	BLACKPINK	WHISTLE - Acoustic Ver.	SQUARE TWO
TQn7uRhSb1rqraa9	Engenheiros Do Hawaii	Lado A Lado	Simples De Coração
TRoD4iRNca730tgF	Minnie Riperton	Every Time He Comes Around	Perfect Angel
TS6wSkB1kqQhmjUy	Brooke Fraser	C.S. Lewis Song	Albertine
TSSzjWf1UkfML04w	Selena Gomez	Write Your Name	Stars Dance (Bonus Track Version)
TSrIAMKnVw6mELoo	Alceu Valença	Junho	Valencianas (Ao Vivo)
TSxRF5jWjN6ahj6t	Ulcerate	Clutching Revulsion	Vermis
TT1X2okInUBT7Kd1	Gossip	Heavy Cross	Music For Men
TTNcE1H5jqNdz8pE	Cage the Elephant	Flow	Thank You Happy Birthday
TTdPbfkpVX4ERufX	Adrianne Lenker	what can you say	abysskiss
TV4UmZATQ7zW0cPP	Pendulum	Set Me On Fire	Immersion
TV5fNgqohTLH5tw6	Kyuss	100°	Welcome To Sky Valley
TVRFBgmM41Q8aj4D	Kansas	Paradox	Point Of Know Return
TVr4f7r5mpq8VvGR	Kriesha Chu	Sunset Dream (English ver.)	Dream Of Paradise
TWss1TaS2uNhzPMM	Cory Asbury	Reckless Love	Reckless Love
TXePExBjyIlw1DDI	Casper	Ariel	Hinterland
TXgz765tZAJGubJW	Walla	101	101
TXhpzkpvGPdl1PvK	The Lively Ones	Surf Rider	Surf Rider
TXrqYbsVeHnfS5AV	Gentle Giant	Proclamation	The Power and the Glory (Mixed by Steven Wilson)
TYEzmgqrZ9HdJUik	Erasmo Carlos	26 Anos De Vida Normal	Carlos, Erasmo [Versão Com Bônus (1971)]
TYLKXnRVII9sD38v	The Police	Can't Stand Losing You	The Very Best Of Sting And The Police
TZ0NRZUo1zC8CU4W	Os Paralamas Do Sucesso	Me Liga	O Passo Do Lui (Remastered)
TZWeFyX5kiLYaDvj	Manowar	Mountains	Sign Of The Hammer
TZg5CTvsBzSbKdOF	Eddy De Pretto	Jimmy	Cure
TaeREveB9GcfykCB	Garbage	Wicked Ways	Version 2.0 (20th Anniversary Deluxe Edition / Remastered)
TalAnTkxEBVyvz3y	These New Puritans	Hologram	Hidden
Tas1WRzpg4eft5hH	Zé Ramalho	Jardim Das Acácias II	Antologia Acústica
TbMkaocInjhHZWQq	MADEINTYO	On The Map	Sincerely, Tokyo
TcCRGCw2FOwhR7B8	Crystal Stilts	Shake the Shackles	In Love With Oblivion
TcjwQSLwWGqWiShQ	Ramones	Howling at the Moon (Sha-La-La)	Too Tough To Die (Expanded & Remastered)
Td8bA1c5JCb9ERxr	Arctic Monkeys	My Propeller	Humbug
TeQlMOFasXOSIfot	Dance Gavin Dance	Me and Zoloft Get Along Just Fine	Dance Gavin Dance
TekgxNxoges1rWCc	Luke Christopher	DON'T LOOK BACK	DON'T LOOK BACK
Tg3jdFYty7UNSpuy	Future Islands	Tybee Island	On the Water
TgVareh63p2MLASF	NF	Turn the Music Up	Mansion
TgabLRP7tnvXnhcv	Burial	Young Death	Young Death / Nightmarket
ThboZZqr7dbYhJR1	Gigi D'Agostino	L'Amour Toujours	L'Amour Toujour
Ti2PgYB3yXVdLa5s	Ikon	What's Wrong?	WELCOME BACK
Tisab4a4jgw5kVgq	Donovan	Hurdy Gurdy Man	The Hurdy Gurdy Man
Tj7tHraP3IJiu8lS	Trivium	Until the World Goes Cold	Silence In The Snow (Special Edition)
TjYVqSwVlXfNgiJd	Nils Frahm	More	Spaces
TjffS3yArACEcine	Tara Carosielli	Money	I Know You Hate Me
TkRj5yFEV29vzLvx	Nine Inch Nails	The Day the World Went Away	The Fragile
TlBFDpOo9d9QySF4	Björk	Lionsong	Vulnicura
TlWFmUie00fHMqDU	Madonna	Justify My Love	Celebration (double disc version)
Tm8OVxgH4HiZql8u	Sky Sailing	Sailboats	An Airplane Carried Me To Bed
TmgtWNVEax3fqvIt	Inna	Fool Me	Inna
TnYpe8MF6wcLpCQD	Far From Alaska	Elephant	Unlikely
TnqohCfkA5LUV0JU	Killswitch Engage	This Fire	As Daylight Dies (Special Edition)
To6fdrdWjvwQ5coC	Daft Punk	Finale	TRON: Legacy
TotL7aNf22YrXexy	Black Label Society	New Religion	Skullage
Tp8JY3ZztaDiZix0	Scott Walker	Joanna	Scott
TpV9ARHykuXpEDAG	Art Popular	é no pagode	Planeta Pagode
TpZOymy2c6RWAdO2	Chenoa	A Mi Manera	A Mi Manera
Tq7DQRmbYlX16A8W	Madonna	Lament	I'm Going to Tell You a Secret (Audio Only)
TqfQLJGD3ycda4Wx	Estelle	American Boy	Shine
TqgJw8AAVbAqiX8a	zimbra	Então Você	Mocado
TqjilSrQ7VXLr8Qk	Tyler Bryant & The Shakedown	The Wayside	The Wayside
TrKpUKeNZtWkcxbO	Soundgarden	An Unkind	Down On The Upside
TrVkNTDDFNbILoSY	Iron Maiden	Bring Your Daughter...To The Slaughter	No Prayer for the Dying (2015 - Remaster)
TrvDtpV7b6oUFFZQ	Melanie C	Something for the Fire	Version of Me
TrvkuACtZPBkEVnF	Cuco	Neon Baby	Songs4u
TrxDhezdtE5rKRHW	The Vamps	Somebody to You	Meet The Vamps
TsxYPQOCKSCGFjN5	Katy Perry	Dressin' Up	Katy Perry - Teenage Dream: The Complete Confection
TtXMvJfn274RpS7F	The Echelon Effect	Tracking Aeroplanes	Field Recordings
TtvGNOu7IpAOOvs7	Maroon 5	Misery (acoustic)	Hands All Over (Deluxe)
Tu4cfccIlOWTQmAA	The Word Alive	Trapped	Dark Matter
TuBvinshhNZgQpYN	Flume	Holdin On	Flume: Deluxe Edition
Turi0J2KCkXaiNMO	Kool & The Gang	Cherish	The Very Best Of Kool & The Gang (Reissue)
Tv8PPECwceIokZ5w	King Krule	Dum Surfer	The OOZ
Tv8QzwjzaNjbT9EU	Charly Bliss	DQ	Guppy
TvuaVo2nW0DlOgi6	The Chainsmokers	Until You Were Gone	Until You Were Gone
TwM4lpYdQEiDGoNl	Jennifer Paige	Sober	Flowers - The Hits Collection
TwRdKxhfWhNRliIc	Lush	The Invisible Man	Split
Tx753bAYLiAo28X8	Imagine Dragons	Every Night	Night Visions
TxQzvCBJbrjDrwSt	Bob Acri	Sleep Away	Bob Acri
TxirVLQGtdOdeRRb	Oh Land	Flags	Earth Sick
Ty0LTxO86mClVyAw	King 810	Alpha & Omega	La Petite Mort or a Conversation with God
Ty6OgF440UYuAJbI	O.Torvald	Time	Time
Tymx7DpcXXTTNNd4	SISTAR	Come Closer	ALONE
U0fKywVjGA8DIWmT	Sum 41	Blood in My Eyes	Screaming Bloody Murder
U1rxuq7zzWxK5Fpi	Stan SB	Dead - Original Mix	Anyone Out There EP
U1t8SOBiu1cMN3PC	The Birthday Massacre	One	Under Your Spell
U286162nJUKz251r	Death Cab for Cutie	Title Track	We Have the Facts and We're Voting Yes
U2Jdc5GIVNaNx5Ri	Orelsan	Dis-moi	La fête est finie - EPILOGUE
U2gPr5fPWSbW12ip	Korn	All In The Family	Follow The Leader
U2lYU8jPyvd1KCVw	ralph kaminski	Jan	Morze
U34v3cjLToypjPu7	Silverstein	Forget Your Heart	Rescue (Deluxe Version)
U3IFzjHI5BY6eruJ	Pentagram	Run My Course	Relentless
U3V3mzrYe7TW20md	Meaghan Martin	2 Stars	Camp Rock
U3YFWR1n3PerxCQB	Cut Copy	Far Away	In Ghost Colours
U3fsY4u4EY1LjljU	Loreen	Dreams	Ride
U4FYFE6qwU5UtjEq	The Offspring	A Lot Like Me	Rise And Fall, Rage And Grace
U4LRiY4nE9TitYlG	Nothing More	Funny Little Creatures	The Stories We Tell Ourselves
U4YwpTA6eBKQHvvt	Two Door Cinema Club	Talk (Single Edit)	False Alarm
U5KoASP6wwYD7Soc	Kings of Leon	Reverend	WALLS
U5gQK62oALn2v6PT	Sade	I Never Thought I'd See The Day	Stronger Than Pride
U5zyv3OmtLlUfh20	Tame Impala	Why Won't You Make Up Your Mind? (Erol Alkan Rework)	InnerSpeaker B-Sides & Remixes
U6Lc1cEzGMzfVAdp	Gwen Stefani	The Real Thing	Love Angel Music Baby
U6OQzeAFDOlUg1Fa	Meshuggah	Electric Red	ObZen
U6vglOXUiVUQ3jVg	Mateus Carrilho	Privê	Privê
U7OQvBCYHfJD2PRa	Róisín Murphy	Sitting and Counting	Take Her up to Monto
U7fE1rOs3vitZGxc	Makthaverskan	In My Dreams	Ill
U8AnJKUvY9sVKnmX	Madonna	Living For Love - Live	Rebel Heart Tour (Live)
U8QmAu5insp2VUSb	Şebnem Ferah	Bu Aşk Fazla Sana	Kadın
U8R9BXBg06FwnJFT	Hammock	When the Body Breaks	Mysterium
U99GWh8vhPg07u4T	Chico César	Por que você não vem morar comigo?	Cantos e Encontros de uns tempos pra cá
U9rkQ5wrcltlPr35	Beach House	Lover of Mine	Teen Dream
U9vo5LiEHh7NJiGZ	Owl City	Galaxies	All Things Bright And Beautiful
UARcip8jzQi1xR03	Young the Giant	Strings	Young the Giant (Special Edition)
UB1yhCi3zeK8ekIn	La Habitación Roja	Indestructibles	Fue Eléctrico (Edición Deluxe)
UBPAnt80fV1kxmtc	Yerin Baek	Our love is great	Our Love is Great
UBVNvC2dmOqWpN0G	Brand New	Sic Transit Gloria...Glory Fades	Deja Entendu
UCbm14L6ORpEMt7B	Mac DeMarco	Watching Him Fade Away	This Old Dog
UCqGfppqiktX1E2y	Owen Pallett	Keep The Dog Quiet	Heartland
UCtuvJjJA2QZztih	mothica	Self-Destructive	Self-Destructive
UDEAHoPMKuQyQofE	Marcelo Jeneci	Café Com Leite De Rosas	Feito Pra Acabar
UDGsYrAdUxuK6iJM	Irie Révoltés	Fäuste hoch	Irie Révoltés
UDIAKmEH3I9DhSVG	The Bird and the Bee	How Deep Is Your Love	Please Clap Your Hands
UDb8MYNDkrMToclA	Thompson Twins	Don't Mess with Doctor Dream	Here's To Future Days
UDk326AjAHeFYpwD	A Tribe Called Quest	Bonita Applebum	People's Instinctive Travels and the Paths of Rhythm (25th Anniversary Edition)
UDrB1VnVn8SeWdv7	Carter Burwell	Lost Fur	Where The Wild Things Are Motion Picture Soundtrack: Original Songs By Karen O And The Kids
UEVGGqf79SId0oE4	Karla DeVito	We Are Not Alone	The Breakfast Club
UEgLXlctUgHpgijb	Turnover	Hollow	Magnolia
UFVDrJTnAsWYP6Vw	Tulus	Labirin	Labirin
UFtJu6lBleIiXhMq	Chromatics	Girls Just Wanna Have Drums	Girls Just Wanna Have Fun
UFwAvz27mnhzu0Wj	Leprous	Phantom Pain	Tall Poppy Syndrome
UGLBYMkokII0QKRt	Altar of Plagues	A Remedy And A Fever	Teethed Glory and Injury
UGtnu5IqlGn5so1r	Mc Beyonce	Fala Mal De Mim	Fala Mal de Mim
UGv2AzMfy59JObIs	PJ Harvey	Hair	Dry
UHYoHRYeB4TRZiOY	Fefe Dobson	Don't Let It Go To Your Head	Sunday Love
UHbkjXewyrvQChhx	T. Rex	Beltane Walk	T. Rex (Remastered)
UHeJybo0i6V9LOKn	Washed Out	Hard to Say Goodbye	Mister Mellow
UI36v2mFL3s4aWWg	William Orbit	Water From a Vine Leaf	Strange Cargo 3
UJIggk4pkwX2PBC6	Kazaky	The Sun	I Like It (Part 2)
UJx8bQqMtGTwTFXT	Stealers Wheel	I Get By	Stealers Wheel
UKErloGqSFfPBqW3	Codeine	Vacancy	The White Birch
UKdBUZu4tI8SW0SQ	Chiodos	Caves	Illuminaudio
ULL75tcqagASTwne	Cannibal Corpse	I Will Kill You	Gallery of Suicide
ULmK8tJ3SRjJvl80	Behemoth	Defiling Morality Ov Black God	Evangelion
UMBqr8q9izuZi2Pf	Emarosa	We Are Life	Emarosa
UMQjpF9HLGjhl5Pw	D12	Git Up	D-12 World
UMi0M65Rhg00vNXY	Natti Natasha	Deja Tus Besos	Deja Tus Besos (Remix)
UN3Aj1HlU6Q7cpC9	Pavement	Fin	Brighten the Corners
UNPdpmGa0iWgR6AL	La Sonora Dinamita	Mil Horas	Greatest Cumbia Classics Of Colombia, Vol. 2
UNo8XHQHm0H8asCT	The Fray	Over My Head (Cable Car)	How To Save A Life
UNqH1aIRpBnKLK8p	Fickle Friends	Glue	You Are Someone Else
UOURAu2AMBQXgHMo	Rak-Su	I Want You to Freak	I Want You to Freak
UOWhonGYRCXtNgRO	Gabriela Rocha	A Voz	Pra Onde Iremos?
UPDZbB5LWwqGI9oq	Crystal Castles	Baptism	(II)
UPQKNP367R4yN9cB	Emmanuel Moire	La promesse	La promesse
UPk8aawUPzXV2JvB	Good Charlotte	Beautiful Place	Good Morning Revival
UQXIP8xDym1fHSer	Papa Roach	Hollywood Whore	Metamorphosis
UQkcz6dUy3BUaNz8	TOPS	The Hollow Sound of the Morning Chimes	The Hollow Sound of the Morning Chimes
UQlRZBXj9LPU58f7	The Adverts	On the Roof	Crossing The Red Sea
UR2tfZapr52Zqj8B	Françoise Hardy	Mer	Comment te dire adieu ?
UR8oUIwHlvk50QAF	Tulipa Ruiz	Só Sei Dançar Com Você	Efêmera
URtl1H5JqJIyx3Y7	Fucked Up	Normal People	Dose Your Dreams
US3ooDeDl1VdZhhn	A Great Big World	Cheer Up!	Is There Anybody Out There?
US6vEaphLgxdzaop	Amaranthe	Unreal	MASSIVE ADDICTIVE
USGvCoUKOcm57r5r	Radiohead	Myxomatosis	Hail To the Thief
UTeoYRTQcDKAUMqD	Snarky Puppy	Xavi	Immigrance
UULkg6lhfh2E6qAH	POP ETC	Routine	Routine
UUSLWHt5vppgBRKD	Céline Dion	Dreamin' of You	Falling into You
UUdXOtU3eNNKMQHo	Soen	Void	Tellurian
UV14MOuLk8hVApu5	Septicflesh	Dark Art	Codex Omega
UV1l51GI3K1WPBCn	Synthetic Epiphany	Icarus (feat. CoMa)	Icarus (feat. CoMa)
UVBQ56nKCmpTkzf9	Emicida	Emicidio	Emicidio
UVI1BupyVL1Gf8rF	Knocked Loose	My Heroes	Laugh Tracks
UVnmEIUBPN0UNA46	Route 94	My Love (feat. Jess Glynne)	My Love (feat. Jess Glynne)
UVuQ21NbCCexmYsi	One Direction	What Makes You Beautiful	Up All Night
UW9g3nxsFahWHWJP	Hollywood Undead	Another Level	Another Level
UWLo1d8o5EZgA6wl	Chelsea Cutler	AF1s	Sleeping With Roses II
UXWBFIa5vnBqwIZU	Opeth	Ghost of Perdition	Ghost Reveries
UXcs6GKgvyJylXR5	The Menzingers	The Bars	After The Party
UY5CIC9wc86MJXZU	Zomby	Daft Punk Rave	Where Were U In '92 ?
UY9g5bJLBENMIZl8	Gorillaz	Pirate Jet	Plastic Beach
UYTAxbKPpfF3fqXB	Samael	Slavocracy	Solar Soul (2019 Remaster)
UYUUYaiS2Ou78TNq	Sufjan Stevens	For Clyde Tombaugh	The Avalanche
UYumwPLJl25G5DKs	Gustav Holst	The Planets, Op. 32: IV. Jupiter, the Bringer of Jollity	Holst: The Planets, Op. 32 - Elgar: Serenade for Strings in E Minor, Op. 20
UZ5THMzOjEWDOucA	Planet Hemp	Nega Do Cabelo Duro	Os Cães Ladram Mas a Caravana Não Pára
UZEnd6AnZjUSnGES	Tut Tut Child	Dance To It	Dance To It
UZILBOXRzSaB7nwV	Demi Lovato	Stars	Confident (Deluxe Edition)
UZOtuTnSW8uJwSME	Loscil	Motoc	Plume
UZYEa992s9ot9BxL	Howard Shore	The Treason of Isengard	The Lord Of The Rings: The Fellowship Of The Ring (Original Motion Picture Soundtrack)
UZcgZJlW8tzAprSL	Band of Horses	The General Specific	Cease To Begin
UZhkt3dL3fLMA0Em	Griffin Peterson	Something	Maybe Someday
Ua8Lqf4K2idVYuoF	Keiynan Lonsdale	Higher	Higher
UaAhZ4Q8GvdL0PX1	Hot Chip	Ready for the Floor	Made In The Dark
UaQk68mAFfTuQmKl	Never Shout Never	the past	What Is Love?
UaariH1IILmrElHP	Hotel Books	Just What I Feel	I'll Leave the Light on Just in Case
Uayag3e3HKNtF9hz	Kid Abelha	Na rua, na chuva, na fazenda	Warner 30 Anos
UcJNhVWNchgvicfd	Ben Howard	Old Pine (E.P version)	The Old Pine E.P.
UcxwazIiOaDQwx7N	Madonna	White Heat	True Blue (Reissue)
Uczy8XGSSyL5l85B	Blind Guardian	Lost in the Twilight Hall	Tales from the Twilight World (Remastered 2007)
UdQVT83AOpW3V4kM	NCT DREAM	We Go Up (Chinese Version)	We Go Up - The 2nd Mini Album
UdemShLSfECBBUce	Eevee	jasmine	ep unexpected
UekQixXKqcyMuKiS	Fitz and the Tantrums	Pickin' Up The Pieces	Pickin' up the Pieces
Uf6Ms3f3ZwyvFNXE	Makari	Melt	Elegies
UfPVOniOeqsf8XTn	Mesh	My Protector	Looking Skyward
UfzixtLV34vdbvWB	Eric Clapton	River of Tears	Pilgrim
Ug0MLGzHfYsDDR5I	Action Bronson	Actin Crazy	Mr. Wonderful
Ug5JkOar2AMfJkwS	The Used	Imaginary Enemy	Imaginary Enemy
UgsXUNISX6AD5jnU	YESEO	Paint	Unkind
Uh9TSdrQta4CrW1a	The Cab	Zzzzz	Whisper War
UhKQZQyZu118hOmn	Lupe de Lupe	Tédio Bom	Sal Grosso
Uhe09u1TpC3lo89x	Onra	Full Backpack	Chinoiseries
UhfzaNQfBX71FzPo	Anathema	Barriers	A Fine Day to Exit (Remastered)
UhhBemxROYQbJM0r	SXTN	Von Party zu Party	Leben am Limit
Ujnh5fJ49HuvVpxq	Natalie Imbruglia	Pigeons and Crumbs	Left Of The Middle
UjoiliEQvJeKba58	Lena Katina	Never Forget	This Is Who I Am
Uk5NaEfloLrWACqY	Paradise Lost	Remembrance	Icon
Ul6VcTcJMTCJxVyq	Discharge	Society's Victim	Why?
UlMK4pZN2gqS9u0N	Harmonia	Watussi	Musik von Harmonia
UmDzBGnHsnAS179B	Christina Aguilera	Intro (Back to Basics)	Back To Basics
UmdmjyVEBFK5Usbf	Pink Floyd	Summer '68	Atom Heart Mother
UnSBlXnb8nZ1lq5l	Os Mutantes	Tecnicolor	Tecnicolor
UnUPS3407BuZfaGw	Marvin Gaye	I Met A Little Girl	Here, My Dear
Uo9JPtyTTWxTVLQ1	Bonobo	Grains	Migration
UoUExbO73LEJHkQy	Russian Circles	Harper Lewis	Station
UoUOF7Sj916oXLZi	Giselle	Silk	Silk
UoqWPyXGsXquXP53	Matchbox Twenty	Bent	Mad Season
Uowmni6gvpAYycFn	Pet Shop Boys	Hey, Headmaster	Very: Further Listening: 1992 - 1994 (2018 Remastered Version)
UoxmLNXFFS1n5k7U	Kate Bush	Eat the Music	The Red Shoes
UpUgWZhPp9JKw1RC	Otis Redding	Cigarettes and Coffee	The Soul Album
UpYOum3iNypkzGUe	Echosmith	March Into The Sun	Talking Dreams (Deluxe Version)
UpzJl6oGaUQ1j2ch	Half Moon Run	She Wants To Know	Dark Eyes
UqJqbYzD9GQkSypU	Brian Eno	St Elmo's Fire - 2004 Digital Remaster	Another Green World
UrEvxJVtb6dvTIj2	Paloma Faith	Love Me As I Am	The Architect (Zeitgeist Edition)
UrScqV99XpEKvgBw	Maria Rita	Cria	Samba Meu
UrbTK8HawH3eKXGg	Foo Fighters	DOA	In Your Honor
UrlrHNpEtMX6z4qv	Paysage d'Hiver	Die Baumfrau	Steineiche
UsQQYy8jwDN7FOKO	Savage Garden	Tears of Pearls	Savage Garden
UsVozVtLCJkWxrUc	Incantation	Unheavenly Skies	Diabolical Conquest
Usia4RUVOeQM5YtA	Giant Rooks	Bright Lies	New Estate
Usppprp4thMn6zAc	John Legend	She Don't Have to Know	Get Lifted
Usy1B96bUQGLjrjx	The Beatles	Michelle - Remastered	Rubber Soul (Remastered)
Ut82g3WK99JM8w1Q	CHVRN	delirium	Delirium
UtCgFQH0M7cPkidc	Ella Fitzgerald	Black Coffee	Ella Fitzgerald - First Lady Of Song
UtTaxshyBhUAAsCj	Sundara Karma	Be Nobody	Youth is Only Ever Fun in Retrospect
Uu8x8wBwOp5mE9oX	Zé Neto & Cristiano	Cadeira de Aço	Cadeira de Aço (Ao Vivo) - Single
UuHmYC46LcxTJptN	Pitbull	Rain Over Me	Planet Pit (Deluxe Version)
UuRsypDImZHKvl4L	The Flaming Lips	Space Oddity	Space Oddity
UujSMDp5gUMWPv6D	Eric Clapton	Sweet Home Chicago	Sessions for Robert J
UvGdptFCT3fHbnpf	CROOKS UK	Above Me	Are We All the Same Distance Apart
UvMV15cZSzzGvlJe	Scientist	Your Teeth In My Neck	The Scientist Rids the World of the Evil Curse of The Intergalactic Vampire
UvaXt6se6oaBOpJT	65daysofstatic	Dance Dance Dance	We Were Exploding Anyway
UvvGWYEw4VkvSPBe	Trivium	Cease All Your Fire	Silence In The Snow (Special Edition)
Uw1iDeGqs19i8qH6	John Frusciante	Skin Blues	Niandra LaDes And Usually Just A T-Shirt
Uw4FG6kDpdNq3chq	Sectioned	Toothgrinder	Annihilated
UwNjn0hGc5etuEww	Entombed	Crawl	Clandestine
UwgcEPBJpmAtk8fZ	Yung Lean	Blinded	Unknown Memory
UxD5GLJZuZwH2hos	Gillian Welch	The Way It Goes	The Harrow & The Harvest
UxaB2FVdnR7IwApj	Amon Tobin	Chomp Samba	Bricolage
Uxtp9VQrOPIyf0o1	Ryan Adams	Gimme Something Good	Ryan Adams
UyOmUqLqz6cYNgL2	Sufjan Stevens	Tahquamenon Falls	Michigan
UyXMaspsByTEefaT	Laura Pausini	Nel modo più sincero che c'è	Primavera in anticipo
Uyaftm9AHsaOXcOl	The Offspring	All I Want	Ixnay On The Hombre
UyqwIKfoa3Nvb0O1	Eva Cassidy	True Colors	American Tune
Uz2dhECcawPTjjlY	Flying Lotus	Siren Song	You're Dead!
UzonlzkG9bRhDKTN	Delain	Lullaby	The Human Contradiction (Deluxe Edition)
UzwkkBkgqupa1rnb	John Frusciante	Mistakes	PBX Funicular Intaglio Zone
V08y4AUzkqXdtdIs	Nile	Annihilation of the Wicked	Annihilation of the Wicked
V09A0qNXk9aPa1HQ	Muse	MK Ultra	The Resistance
V0GNLi901GIS2NMK	Sent By Ravens	Never Be Enough	Mean What You Say
V2ZdRrEjHBfDH4NB	The Moody Blues	Nights in white satin - Single version	Days Of Future Passed (Deluxe Version)
V2gZMcXmPM2LxutX	Dälek	Asylum (Permanent Underclass)	Absence
V2vA5RTBtmPl4CvF	Justin Nozuka	Nest	Ulysees
V35uTCmYV21CCTVy	Anitta	Musica de Amor - Ao Vivo	Meu Lugar
V48yQwisRAss8eB6	Marco Mares	Flaquita	Flaquita
V4z0a3t5zCJ5AEbQ	Tyler, the Creator	Radicals	Goblin (Deluxe Edition)
V5cDNRj1C5k7sgCB	Regina Spektor	Birdsong	Birdsong
V5iiETEmlAGsktrP	Of Mice & Men	You're Not Alone	Restoring Force
V5nMNIb3FoPDwJsj	Jonas Monar	Die Andern	Alle guten Dinge
V5z2dqM6VORUVaUW	Carpenters	(Want You) Back In My Life Again	Made In America
V6ExCTd15bgBM1IS	Little Dragon	Killing Me	Nabuma Rubberband
V6LDT6QJdSX8IOUB	Papa Roach	One Track Mind	Time For Annihilation: On the Record & On the Road
V7FqzLN20jGmG1kJ	Juice WRLD	Scared Of Love	Goodbye & Good Riddance
V8JngnPdxNaPN4Xb	Miranda Cosgrove	Daydream	Sparks Fly (Deluxe Version)
V8iUw2kfEJpyCCty	Phil Collins	A Groovy Kind Of Love	Love Songs (A Compilation Old and New)
V8obdyehmNDlZuIP	danilla	Senja Di Ambang Pilu	Telisik
V8tR06OFI9rRMpXh	Breaking Benjamin	Close to Heaven	Dark Before Dawn
V9FxqMlQQuPyW4xg	Pixies	Dead	Doolittle
V9xZCMOqodcaMBms	Dawn Richard	Not Above That	Not Above That - Single
V9ybctLUiOeBiq1N	Bad English	Price Of Love	Bad English
VA5jhgtOxOvM2ifs	Steve Miller Band	Take The Money And Run	Fly Like An Eagle
VAGbVYpDCZe8KuYm	Papa Roach	Come Around	Who Do You Trust?
VAHT6rVt7DfxBzhE	For All Those Sleeping	I'm Not Dead Yet	Cross Your Fingers
VBIQTyHlzahRvISE	Astrud Gilberto	Dindi	The Astrud Gilberto Album
VBeREebkSJ1oFXY9	Kings of Leon	Trunk	Because Of The Times
VBf0xJJNsyOPVzbc	Iron Maiden	Montsegur	Dance of Death (2015 - Remaster)
VC2TYH8ikohiYvOP	Imagine Dragons	Dream	Smoke + Mirrors
VC2zuFtulEdBvxZR	Kane Brown	Short Skirt Weather	Experiment
VC96BZuLwxZVyKNu	Jeanette	Porque te Vas?	Serie 3X4 (Karina, Massiel, Jeanette)
VCtnK3EDSFPawSd7	Placebo	Jackie	MTV Unplugged (Live)
VCvtBlp2JaXDoHYJ	Wolves in the Throne Room	Subterranean Initiation	Celestial Lineage
VD5sC8Vbck6IgkX3	Phil Collins	That's Just the Way It Is	...But Seriously (Deluxe Edition)
VDEMZWzLAuYbtuox	Joni Mitchell	Little Green	Blue
VDd4yepMvv0JgoCv	Telma Costa	Eu Te Amo	Vida
VEZkdZg9Tgpd1s22	Balance and Composure	Afterparty	Light We Made
VEmWTrLvZHBqvi9F	Donnie Trumpet & The Social Experiment	Sunday Candy	Surf
VF1RU45FsMfbNhtb	Sarah Jarosz	Mile On The Moon	Build Me Up From Bones
VFKGg5XXpQpbTCgo	Moondog	Bird's Lament	The Viking of Sixth Ave.
VGHfmeT3G196fp28	The Notorious B.I.G.	Intro	Ready To Die The Remaster
VHVJlg9f8UnvKJux	Daniel Avery	Projector	Song for Alpha
VHapkzIKNII6em3O	VIXX	To Us	Shangri-La
VIha7ZHfbSteIrlQ	Bazart	Grip (Omarm Me)	2
VIknslOJ85ylmtbI	Brandi Carlile	Losing Heart	The Story
VJehFK0Q9d2SqDUL	Izzy Bizu	Skinny	A Moment of Madness (Deluxe)
VJhWQtnRhu8NVSuX	Queen	It's a Hard Life	The Works (Deluxe Remastered Version)
VKIwLN9gtbYSCTSc	Leven Kali	Joy	Joy
VKw3nzd9xylTCBZc	Suvi	Bleeding for Your Love	Bleeding for Your Love
VLGObkVKbKOWW5Ry	Menores Atos	Paixões, virtudes e o incondicional	Animalia
VLQI0kdW1BMBOHtR	Bob Marley & The Wailers	Bend Down Low	Natty Dread
VMVA0DhhknA4Q0Dj	Dream Theater	Only A Matter Of Time	Live At Budokan
VN31GEGK47IAli4Y	C-Murder	Down For My Niggaz	Trapped In Crime
VNMuKipkD9OKcbmH	Ramones	Poison Heart	Mondo Bizarro
VNavIarDxPTE6VLm	Jasmine Thompson	7 Years	7 Years
VNpv3Asav2ALH7NR	Melanie C	Be the One	Northern Star
VOOUpIPgI0zBYdBt	Kansas	Carry on Wayward Son	Leftoverture
VPT4olSly49ZNqlh	gugudan	Could This be Love	Act.1 The Little Mermaid
VQSUDDIVj2L1U4mb	Kim Wilde	Chequered Love	Kim Wilde
VQgq8Wmtur2wj9Zp	Rush	Chemistry	Signals
VQiQfWi5r11JGSYI	El Guincho	Stena Drillmax	Hiperasia
VR4lH2MoOi4yEOxf	Pictureplane	Esoterrorist	Technomancer
VRaUoCR4d1gKWTPk	XXXTentacion	looking for a star	Revenge
VRbp0FJ1Tz5RWB9J	Dream Theater	Fatal Tragedy	Metropolis Part 2: Scenes From A Memory
VRvpwgO7xbfUqlEN	Beyond Creation	The Great Revelation	Earthborn Evolution
VSsmOKrLPw6MPqZd	Jenn Ayache	Drama	+001
VSvgdhqiAapsTxex	Teams	Based Love	Dxys Xff
VT3mPpvZkjxW3LoZ	Kelela	Rewind	Hallucinogen
VTInm3LmhA96XZCQ	flower face	Angela	Baby Teeth
VTKlqhhFNVWYX5yx	Johann Sebastian Bach	Brandenburg Concerto No. 3 in G Major, BWV 1048: III. Allegro	The 50 Greatest Pieces of Classical Music
VTPZdXAEsuFmDRXj	The Rentals	Friends of P.	Return Of The Rentals
VTcg0xrzQQfSBb4Y	Maurice Ravel	Boléro, M. 81	Ravel-Set: Karajan/Boulez/Abbado/Ozawa/Argeric
VURVBtiMUfmKOqWZ	Swedish House Mafia	One	One (Your Name)
VUZXrM0WHfN2w986	Sorority Noise	No Halo (Rearranged 2018)	YNAAYT
VUnI9XZ8eQvNFxHa	Perfume Genius	Not for Me	Not for Me
VV2fjj2YlyTmoXoa	A Day to Remember	Homesick	Homesick
VV48v1pNzBHgy9E7	My Chemical Romance	The Sharpest Lives	The Black Parade
VWBEQkkxdSt2pxV5	FEMM	Unbreakable	Femm-Isation
VWhLXV3Khaj1F091	Scorpions	Speedy's Coming	Hot & Heavy
VWi0TDOiDugPTEhA	Victoria Beckham	This Groove	Ryder Musik (Special Edition)
VWrGCBMDcIXzoGl8	The Jacksons	Lovely One	Triumph
VWrUykeicslfUToY	Crystal Castles	Char	Amnesty (I)
VX7r1VqWjJ2r7NxG	Judas Priest	Deal with the Devil	Angel Of Retribution
VXP7WP5J5S2GXoZW	Lana Del Rey	The Other Woman	Ultraviolence (Deluxe)
VXfpzId7trQ2uW6t	Selena Gomez & The Scene	Intuition	A Year Without Rain
VYCuFUNsEtDzFp3n	Emeli Sandé	Sweet Architect	Long Live The Angels (Deluxe)
VYPcjZYIHcj9pPL8	The Police	Don't Stand So Close To Me - Remastered 2003	Zenyatta Mondatta (Remastered 2003)
VYbISPsWqHO29xaI	Panic! at the Disco	London Beckoned Songs About Money Written by Machines	A Fever You Can't Sweat Out
VZMyDREHEPzdKaQr	Joss Stone	Some Kind of Wonderful	The Soul Sessions
VZSP8RYP8MQbiO9U	Roberta Flack	Ballad of the Sad Young Men	First Take
VZfMSxAS3d9ZB4Ur	BROCKHAMPTON	LIQUID	SATURATION III
VZhGCL8OdRxe5YUF	Biffy Clyro	Friends And Enemies	Ellipsis (Deluxe)
Va3XP9NtYp3wbq4o	TAEMIN	Under my skin	TAEMIN
VapulU9nMVOtKcVy	Shakira	Loca por Ti	Shakira. (Expanded Edition)
VawyAqwzKnr0TUGt	Satyrian	The Dark Gift	Eternitas
Vb75CjToOYjhX1rw	Alkaline Trio	Time to Waste	Crimson
VbXmIoUlIQHuMq2d	Bring Me the Horizon	Drown - New	That's The Spirit
VcQIFXEYksEaSUs5	Blaenavon	Catatonic Skinbag	Catatonic Skinbag
VcmlfBqjLWDEQWtU	Lifelover	Nackskott	Pulver
Vco2SHBO36jGIj8g	Pearl Jam	Release	Ten
VcxIufj7LKsp3fMB	Iggy Azalea	Team	Team
Vd29DezmXIlS6Bzp	Randy Houser	Runnin' Outta Moonlight	How Country Feels
Vd9XChKIKSjEbqdw	Pixie Lott	Birthday	Young Foolish Happy (Deluxe Edition)
VdBtiCRMwoSXQw64	Atheist	Life	Unquestionable Presence
VeGRBJgeHwFdtuqC	Kashmere Stage Band	Kashmere	Texas Thunder Soul 1968-1974
VeegGr9iYGsNzrW0	Dream Theater	Wait for Sleep	Images And Words
VfVsbIDxnEBVizbG	Nina Simone	Mood Indigo	Let It All Out
VfeOavwmab3va5Zd	You Me at Six	Losing You	VI
Vfex02ZrRoSkCuap	Kendrick Lamar	untitled 01 | 08.19.2014.	untitled unmastered.
VfsoBIcUHv2qVmL1	Grateful Dead	Uncle John's Band	The Very Best Of Grateful Dead
Vg6KqlcygXFSS7ns	Alex Britti	Una Su 1.000.000	La Vasca
Vghb4BqufmXDlXpL	Richard Clayderman	Ballade pour adeline	Essential Love Songs
VhGJd1ULpvsii48G	HELLO VENUS	Venus	KPOP - Girl Power Vol. 3
VhMlrjDwhpeKqGNK	Social Distortion	Don't Drag Me Down	White Light White Heat White Trash
VhWDau9cWKU6YbKe	Running Wild	Riding the Storm	Death or Glory
VhZivBtS5v0WO0rf	Sevdaliza	Sirens of the Caspian	The Suspended Kid
VhsvhMx5LrCQMcF9	Plutão Já Foi Planeta	Anna	A Última Palavra Feche a Porta
Vi7t0EQtm2rKoCTS	Fruit Bats	Absolute Loser	Absolute Loser
ViN25YCLvU4jrjya	JinSang	egyptian pools	Meditation - EP
VifIUu9Lgm0W2YaC	Frankie Rose	Into Blue	Herein Wild
VjcWHfYXoB29L7RM	Slipknot	The Devil In I - Live	Day Of The Gusano (Live)
VlkLhITEkmO9UnIU	Enter Shikari	Today Won't Go Down In History	Take To The Skies
VlyPBH0EpsKX3zWB	Minutemen	The Glory of Man	Double Nickels on the Dime
Vm5b1SyAdaiTqk0d	Autechre	ilanders	Oversteps
Vm758gFGKwQxydoP	The Rolling Stones	Money	The Rolling Stones
VmmkAb0DwU646WYI	BROCKHAMPTON	THUG LIFE	iridescence
VmuTs5431yNhxVek	The Ronettes	So Young	Be My Baby: The Very Best of The Ronettes
VmxxBAFrV9Q9s0Sh	Lite	Bond	Past, Present, Future
VoB8XsfM4nwSGndF	Enslaved	Heimdallr	Yggdrasill
VoHtMh3XQuGv56mS	Mother Falcon	Marigold	You Knew
VoKCj5LTuo2JVxh5	Trivium	Fugue (a Revelation)	Ember to Inferno
VoSxpNn6JFWUG9q7	Natalie Imbruglia	Goodbye	White Lilies Island
VohpFbg8Ig9C8ieY	ASIAN KUNG-FU GENERATION	Yoru wo Koete	Best Hit AKG 2 (2012-2018)
Vp7csx25Xod2eJll	Yoko Ono	You're the One	Milk And Honey
VpSMYnDWYN4EC09e	Bishop Briggs	Hallowed Ground	Church Of Scars
VpaMhb19XEcglAWU	Aztec Camera	Walk Out To Winter	High Land, Hard Rain
Vq1DPuvdTYhy93mg	AFI	Kiss and Control	DECEMBERUNDERGROUND
Vre1Z9chMNxPGjZt	Ceremony	Citizen	Zoo
VrgVI5kw5yeYFsI9	Mariah Carey	All in Your Mind	Mariah Carey
VroeQr3IvqGChWHN	Matt Nathanson	All We Are	Some Mad Hope
Vrs10XvV6sZvMhDq	UVERworld	CHANCE!	All Time Best
VrwvPV6BuMESsbFB	Leon Bridges	Smooth Sailin'	Coming Home
Vs5RNE0k4x2gQXSG	Arctic Monkeys	Plastic Tramp	Fluorescent Adolescent
VsOH6OeBlFk4eHzv	Comethazine	WINE & DINE	Bawskee 2
VsjSAsuU0RbSZviP	Jimmy Eat World	Chase This Light	Chase This Light
Vstrjcw5lxtwM9fR	Marilyn Manson	The Fall of Adam	Holy Wood
VsxLM8TmxzkwrqjN	The Innocence Mission	Look Out From Your Window	Sun on the Square
Vt05ZOa2QXO48LLc	Seaway	London	Vacation
VuedXLqzH4IdHMJs	Keyakizaka46	Ambivalent	Ambivalent (Special Edition)
VunyImbESbnY9WrD	Peter Gabriel	Don't Give Up	So (25th Anniversary Deluxe Edition)
VuswjrFaLItbf6z5	Barry Ryan	Eloise	Greatest Hits
VvUwpA8Yc9ZqbKH3	Betty Who	The Valley	The Valley
VvjYtABVAOZC4bC3	Bad Religion	Sorrow	The Process Of Belief
VwRynDNYBux8umfv	Sly & The Family Stone	Que Sera, Sera (Whatever Will Be, Will Be)	Fresh
Vwlfvr7Uf9Fb7bZo	Jorge Aragão	Só por um Momento	Ao vivo 2
VwnvNKZtjqGOjVC5	Marilyn Manson	Irresponsible Hate Anthem	Antichrist Superstar
Vx7tI8MTw8qs2ytA	Taking Back Sunday	A Decade Under the Influence	Where You Want To Be
VxCLixc0kKDcJHm2	The Royal	State of Dominance	Deathwatch
VxFwLrsZvAq97Zc7	Tonight Alive	Fake It	What Are You So Scared Of?
VxUHZnN1wNo0ylTz	Pinegrove	Portal	Skylight
Vxoaj94sLm3AKmCO	Ludmilla	Hoje	Hoje
VyBVCdny5qClFTED	Grateful Dead	Sugar Magnolia	The Very Best Of Grateful Dead
VyLvtk9WRIaVFTwH	Motörhead	On Parole	Motörhead 40th Anniversary Edition
VyhPFV3CfWzmp7rV	Debelah Morgan	Dance With Me	Dance With Me
VzCqluhehzPSk7L6	Skrillex	Kill Everybody	Scary Monsters and Nice Sprites EP
VzmcxiIkBq8AmSbL	Semisonic	Never You Mind	Feeling Strangely Fine (20th Anniversary Edition)
W01wDGd8M3Yd6aRl	FlyByNo	A Kora Tale	Endless Legend (Original Video Game Soundtrack)
W0BQaWkhTFn2N391	Woods of Ypres	Shedding the Deadwood	Pursuit Of The Sun & Allure Of The Earth
W0PEKyYVy9qLWTyT	Cynic	Textures	Focus
W0ZuNqaCc4uhxLzy	Pestilence	Dehydrated	Consuming Impulse (Re-Issue)
W0ah8pt4wj3E1RVY	12 Stones	World So Cold	Anthem For The Underdog (Bonus Track Version)
W0xsDy4ySjemX9mg	Dragged Into Sunlight	Volcanic Birth	Hatred For Mankind
W16PBV1tqeT01fnO	System of a Down	Chic 'N' Stu	Steal This Album!
W1KQe9A1SdbULx79	Luke Combs	This One's for You	This One's for You Too (Deluxe Edition)
W1KTa5HKhR5BFVj3	Foo Fighters	Arlandria	Wasting Light
W1bGYsTGIt8QvHmv	Epica	Unchain Utopia	The Quantum Enigma
W1sYqlg7KDRucqz6	Alice in Chains	Rainier Fog	Rainier Fog
W2Cxn8hSP9QmIEvG	Echo & the Bunnymen	Bombers Bay	Echo & the Bunnymen
W2KmP7Ka8b1HPBVU	Nick Cave & The Bad Seeds	Midnight Man	Dig, Lazarus, Dig!!!
W2N2RNyhgo91cpGC	Ana Carolina	Vox Populi	Estampado
W2gvnydb2w7Axv9l	Ladytron	Blue Jeans	Best of 00-10 [Deluxe Edition]
W4MHHFZ3irZIB2Ka	As Blood Runs Black	My Fears Have Become Phobias	Allegiance
W4cv2Em8hegoO5Sj	Enjambre	Elemento	Enjambre Y Los Huéspedes Del Orbe
W4fowDznFozv7Jdj	DAY6	놀래! Whatever!	MOONRISE
W4xU6MFkMZuxRQbK	Altered Images	Don't Talk To Me About Love	Bite
W5lQpdn5vDWlwSxi	Tiffany	I Think We're Alone Now	Tiffany
W68UdecNTgs6slU9	Lipstick	Simples Assim	Roquenroll
W6l3uBiMIPJIrT0F	Moloko	Day for Night	Catalogue
W6w4H1d4COv8Ocrr	Falling in Reverse	I Don't Mind	Coming Home (Deluxe Edition)
W713bbs4KmkQo9qC	Ciara	Love Sex Magic	Fantasy Ride
W71Vl3d5LYKagASI	The Early November	I Want To Hear You Sad	For All Of This
W8CpYEYsHleUIeph	Duran Duran	A View to a Kill	Greatest
W8XLPXvELVFip7wR	Jonathan Davis	The Secret	Black Labyrinth
W93eI0Khboh8VDof	Stitched Up Heart	I Can't Breathe	Never Alone
W94d5iot98XxM6Ll	Pale Honey	Get These Things Out Of My Head	Devotion
W9f53wbi1YRXWgpK	Tamar Braxton	My Man	My Man - Single
W9xPUiK69J44JZKQ	Lauren Aquilina	If Looks Could Kill	If Looks Could Kill
WA3Jvew7iBp3Z9fn	Opeth	Face of Melinda	Still Life (Remastered)
WAAO3L8esReiXxJP	Band of Skulls	Bodies	By Default
WAbTyx902fLAd8Q5	Mandy Moore	Can't You Just Adore Her?	Wild Hope
WAkX7I2j7uqcuQRs	Jimi Hendrix	...And the Gods Made Love	Electric Ladyland
WBO04pT29aHe3LV3	Oxxxymiron	Переплетено	ГОРГОРОД
WC6vuF9ei2Jkyxd1	Ulcerate	There Are No Saviours	Shrines of Paralysis
WCBcAmaO3enT3XCx	Toby Fox	Song That Might Play When You Fight Sans	UNDERTALE Soundtrack
WCSu3Qv2iRfcJWTu	BTS	Skit: Soulmate	Skool Luv Affair
WCbiSRVvcd4ZA9gq	David Bowie	All The Young Dudes - Live, Glastonbury, 2000	Glastonbury 2000 (Live)
WCc5vlSCcJUSLIO5	Mount Kimbie	Four Years and One Day	Love What Survives
WCjuQtE6PEwXqndV	Feist	Tout Doucement	Let It Die
WCrDlDnKjHsGjcQV	Mika	Boum Boum Boum	No Place In Heaven (Special Edition)
WDvyKH5za1tQUhdG	Phish	Sparkle	Rift
WE8Rph9q1wRRN3Go	Angels & Airwaves	Everything's Magic	I-Empire
WEI65woIC6f5z2vt	You Me at Six	Kiss and Tell	Take Off Your Colours (Bonus Track Version)
WEK5g585TRDSKDpM	Timber Timbre	Beat the Drum Slowly	Hot Dreams
WEnOw3jebyykcgNz	Smallpools	Mother	THE SCIENCE OF LETTING GO
WFjrKlcL6yrcLiil	Saje	Lost Tonight	Lost Tonight
WGAMB5bAACU9Y8Te	Melanie Martinez	Lights - The Voice Performance	Lights (The Voice Performance)
WGZSmjoZtvxCvO9i	Bolt Thrower	Salvo	Those Once Loyal
WH9mp9uhGMheA6eI	Underoath	Reinventing Your Exit	They're Only Chasing Safety
WIgaRTONCZJ8WFlL	Wanessa	Filme De Amor	Wanessa Camargo
WIqtiSJw7dRnNpgl	In Flames	In Plain View	Siren Charms
WIzRklMUpOE4do6O	Charles Aznavour	Parce Que	La Bohème
WJG5SORB5hieD1Kn	Queens of the Stone Age	Do It Again	Songs For The Deaf
WK5j523kDESfo2bJ	Boris Brejcha	Dark Planet	Feuerfalter Special Edition
WKxeleVWebt75oEd	Rebecca Black	Heart Full of Scars	Heart Full of Scars
WL83hZeAWHlAf726	Eartha Kitt	I Want to Be Evil	That Bad Eartha
WLRmiGIxqFg8vtAy	Blackfield	This Killer	BLACKFIELD II
WLSzLf66GHkYhwNK	U.S. Girls	Curves	Gem
WLkrjlyxO5bNueft	Frank Zappa	Can't Afford No Shoes	One Size Fits All
WMOwOfxVSjaPkBVr	Fugazi	Version	Red Medicine
WMcaHClPNE6NXCeM	Madonna	La isla bonita - Remix	True Blue (Reissue)
WMdDysF3kcP9zHp5	Gilberto Gil	Tempo Rei	Raça Humana
WMpJqKcFME7mN2eS	mi amigo invencible	Nuestra Noche	Nuestra Noche
WMrk2Wt2dkUsQJyp	Willie Nelson	Highwayman	Nashville Rebel
WMyvg6ILs5LHF8k6	Tokyo Police Club	Centennial	Elephant Shell
WN6EHznQF0B2KPlr	múm	Toothwheels	Smilewound
WN775HvkYsVjq36d	Patti Page	Old Cape Cod	16 Most Requested Songs
WNg4cGCietVlmT4X	Marilyn Manson	Coma Black	Holy Wood
WO1VU9w97zcvl705	Xavier Wulf	Check It Out	Check It Out
WOaFj05xgiEosId0	Elton John	Stinker	Caribou
WOfcbPlR3Cc0kg5U	Jason Derülo	Blind	Jason Derulo
WPIDLretR7JZCfNr	Broadside	Damaged Kids	Old Bones
WPOGw9II1nfOwyvK	Mew	156	Frengers
WPqt0qwyo1VACRRq	Elvis Presley	Stuck on You	Elvis' Golden Records, Vol. 3
WQ4H69CEfI5nTVjE	Satyricon	In the Mist by the Hills	The Shadowthrone
WQPGU9lsvFwTmTZr	The Score	Only One	ATLAS
WQleu3ByNoMvHNF8	Powerwolf	Killers With The Cross	The Sacrament Of Sin
WQshuIEjh6Xdm6PX	The Distillers	Seneca Falls	Sing Sing Death House
WRiBPRMGbKS5JDBp	Arcade Fire	Rococo	The Suburbs
WS1lihs0AGHJrzrM	Derek and the Dominos	Bell Bottom Blues	Layla And Other Assorted Love Songs (40th Anniversary / 2010 Remastered)
WS9bmEr4ZSav6HWe	Guru	Lifesaver	Jazzmatazz Volume II: The New Reality
WSZvrfQzePsFVOAd	Ximena Sariñana	No Vas A Venir	No todo lo puedes dar
WSxC4KdxVjNCKDc2	Any Other	Something	Silently. Quietly. Going Away
WTI2aTMu4DMwi2ZP	Taco Hemingway	4 AM in Girona	Café Belga
WTTPrDMEGPuvfivo	Trade Wind	I Hope I Don't Wake Up	You Make Everything Disappear
WTVL9Oo2vMO72qSu	The White Stripes	I Think I Smell a Rat	White Blood Cells
WTqeDmf2gp1DypWE	Gilbert O'Sullivan	Get Down	I'm a Writer, Not a Fighter
WTqlPKpaN3xkolVv	Hawthorne Heights	Rescue Me	Fragile Future (Bonus Track Version)
WU243cH7cbn7vuio	Selena Gomez	Disappear	Wizards of Waverly Place
WU5aUcwn1Vsx3ENb	ABBA	Felicidad	"Oro ""Grandes Exitos"""
WU74yJyuTArWnj9z	Hivi!	Satu-Satunya	Satu-Satunya
WULxxVTA14xMTWWj	Broken Bells	The Changing Lights	After the Disco
WV9SqLLipdWuiclo	Alcest	Faiseurs de mondes	Les voyages de l'âme
WVAC5cTrIq40ub08	Oliver Francis	jellyfish	Essentials
WVxEMVN8mzyLwOrC	Bruno Mars	Show Me	Unorthodox Jukebox
WWSE7HeEEyDjq8Dw	Code Orange	The New Reality	Forever
WWoDprgmcJzbGDS7	Metronomy	Do the right thing	Not Made For Love
WWrRFxhvTW5pC12I	The Murlocs	Withstand	Manic Candid Episode
WXBxVtE1T7OhxhgT	Katy Perry	Circle the Drain	Katy Perry - Teenage Dream: The Complete Confection
WYXzxJGpKJVVOcIO	LikesBerry	Danser pour toi	Danser pour toi
WZDCWMKaHejlGBcg	Carla Bruni	Moon River	French Touch
WZYgOhfQWg0faGWq	Chelsea Wolfe	Boyfriend	Unknown Rooms: A Collection of Acoustic Songs
WZZeL7EcL2UXOcRt	Hippo Campus	Warm Glow	warm glow
WZlXPrtefFZDVGc4	Motörhead	Shut It Down	Iron Fist (Deluxe Edition)
WZufWxPELH3aI4nm	Lady Gaga	Venus	ARTPOP
WaC4Fli3NEQo9KFR	Jessica Simpson	I Think I'm in Love with You	Sweet Kisses
Wal4FW7naMJHHoTt	Pitbull	Feel This Moment	Global Warming: Meltdown (Deluxe Version)
Wb6UqwYGWPRLOMTV	Motion City Soundtrack	The Conversation	Even If It Kills Me
WbLS9B2I6wAAItJR	Born of Osiris	Follow The Signs	The Discovery
WbMKm9eeZKVwctQx	Elvis Presley	Love Me (Second 'Sit Down' Show) - Live	The Best of The '68 Comeback Special
WbU6jALTMWuCd8dX	Shangela Laquifa	Werqin' Girl (Professional)	Werqin' Girl (Professional)
WbejgNyvLLjkNPO1	M83	The Highest Journey	Digital Shades Vol 1
WcHIceKXU2Vy4hNN	Mree	Into The Well	Winterwell
WcUZRqjhfy76ju4S	Nightwish	My Walden	Endless Forms Most Beautiful (Deluxe Version)
Wcsw4XACazYLK6kW	Richard Hawley	Tonight	Lady's Bridge
Wd18cGcL1uiDZ4wd	Paul Simon	You Can Call Me Al	Graceland (25th Anniversary Deluxe Edition)
Wd6i5Twqgr8sY16W	Deep Purple	Chasing Shadows	Deep Purple
WdEBf0CPYZDsmqB6	Cannibal Corpse	Unnatural	Evisceration Plague
WdJn5xYrt2ADctla	Blur	The Universal - 2012 Remastered Version	The Great Escape [Special Edition]
WdVIBcNlKUe3k36U	Adam Lambert	Pop That Lock	Trespassing (Deluxe Version)
WeGkXvTqGdt2xgvr	Straylight Run	Existentialism On Prom Night	Straylight Run
WeKqbV1llnKyh9VG	Death Cab for Cutie	St. Peter's Cathedral	Codes and Keys
WeLuZqtvUiDvLZEM	VIXX	Circle	Eau De Vixx
WesmxmPASKbV6weJ	Pixies	Another Toe In the Ocean	Indie Cindy
Wfd0WpDuEV56vIMm	Tó Brandileone	Pensando Bem	Eu Sou Outro
WgbtO4CEQ24CWEH0	Queen	Delilah	Innuendo
Wgm9FvlM2JZsYk9t	Michelle Branch	Goodbye to You	The Spirit Room (U.S. Version)
WgtWK4BUHNsrU3sR	Flying Lotus	Heave(n)	Until The Quiet Comes
WgxN5HUYK4P6s6ah	Paulina Rubio	Fire (Sexy Dance)	Pau Factor
WgxWNGBcj7YTlmfw	Kids See Ghosts	Fire	KIDS SEE GHOSTS
WgyFFzqilElsiSlh	Wolves in the Throne Room	Sleeping Golden Storm	Celestite
WgysWGs9JAJ5AOkc	Justin Moore	If Heaven Wasn't So Far Away	Outlaws Like Me
Wh2R5KG2dUjc0Vo2	Yuck	Southern Skies	Southern Skies
Wi0PevmHqfXyanSz	Pink Floyd	A Saucerful of Secrets	A Saucerful of Secrets
WiWnJPxx1iyYrhzv	Echo & the Bunnymen	Seven Seas	Ocean Rain
Wiilit8LmUkliZja	BRAZA	Free Som	Liquidificador
WisbnjBDPZtMTJsT	Simple Plan	Everytime	Still Not Getting Any
WjAQfT9y9XGE2fAS	Armin van Buuren	In And Out Of Love	Armin Anthems Top 100 (Ultimate Singles Collected)
WjwNErlMVre3Ki9G	The Ghost Inside	Slipping Away	Get What You Give
WkrQ3bIQ9sXVMYCl	Therion	Raven Of Dispersion	Vovin
Wl1OEb2x0azfWoBk	Helios	It Was Warmer Then	Yume
WlIe6AmtEvsiZwrB	Wild Nothing	Flawed Translation	Indigo
WlbMwCSHTEc1frGa	Avril Lavigne	Alice	Goodbye Lullaby (Expanded Edition)
Wlsl682TOX0f3eXr	Max Frost	$Dreams	Intoxication
WluewnZClNNS5xoE	Delain	Breathe On Me	Interlude
WmJjljvPBG58uqQU	Cartola	Sim	Raizes Do Samba
WmUu4mwQ1L184aBX	Foster the People	A Beginner's Guide to Destroying the Moon	Supermodel
WmtRWWUJK8FpUrRP	Queen	Let Me Entertain You	Jazz (Deluxe Remastered Version)
Wn1GWhYlIOfbNRJ9	Mr.Kitty	Mother Mary	ETERNITY
Wn9s3fqhCPEu5niG	DeadLock	Earthlings	The Re-Arrival
WnBwENZ98N2ORcCA	Oasis	Bonehead's Bank Holiday - Remastered	(What's The Story) Morning Glory? (Deluxe Edition) [Remastered]
WnCADnhzWhN64Auk	Welshly Arms	Sanctuary	No Place Is Home
WnPnQuSIyqeO56D3	Gilda	Paisaje	Corazón Valiente
WnXysNgD7d8kDES0	Mudvayne	Have It Your Way	The New Game
WnoKj4KyXl3tTXvV	Filipe Ret	Neurótico de Guerra	Vivaz
Wo4WEW0PxIMtZO9m	An Autumn for Crippled Children	Starlit Spirits	Try Not to Destroy Everything you Love
WoDo7cTs3tHH62X0	Kerli	The Lucky Ones	Utopia
WoKCkDEyqyV9HrTK	Giulio Caccini	Amarilli mia bella	Cecilia Bartoli - Arie Antiche: Se tu m'ami
WobfxEyY41PHPu0o	Oh Wonder	Body Gold	Oh Wonder
WpCcJXRIHyPrv2g7	Rammstein	Ohne dich	Reise, Reise
WpI7Zt9uU5XXQ2Xc	Chevelle	Send the Pain Below	Wonder What's Next (Expanded Edition)
WpeEeDBbh55a1wSF	Stan Getz	Só Danço Samba	Jazz Samba Encore!
WqKFibUWYbKpYiml	Night Lovell	WHERE'S MY MONEY	GOODNIGHT LOVELL
WqLn6w24Ufv4b6wl	INOJ	Love You Down	Ready for the World
WqMYzCEEorHtumjB	Eefje de Visser	Scheef	Nachtlicht
WqP09A66KueLFDDm	The Dillinger Escape Plan	Hollywood Squares	Irony Is A Dead Scene
WrKEOftLjIO55IYT	Human Tetris	Things I Don't Need	Things I Don't Need
WsKMCk6stloJLoDA	Kelis	Song for the Baby	Flesh Tone
Wsbyr660U4jyFBJR	Triple H	365 FRESH	199X
WsdYNJNSNJAeVq7A	Raja Kumari	Meera	The Come Up
WsytnMOh4ZZU5UdJ	The Replacements	I'll Be You	Don't Tell A Soul [Expanded Edition]
Wtjh06acfgzzI9Z5	AnnenMayKantereit	Marie	Schlagschatten
WtnttyF3upyyVOBh	Jimi Hendrix	Night Bird Flying	Experience Hendrix: The Best Of Jimi Hendrix
WuEy5vWMQy7uT55o	Arvo Pärt	Pari intervallo	Arvo Pärt: Anima
WvfI9nwOhK7dOlpJ	JP Nataf	Mon Ami D'En Haut	Plus de sucre
WvvOHdH6KUYmPpCK	Blümchen	Herz an Herz	Herzfrequenz
WvxgvW82Ru7h7rAj	Maren Morris	A Song For Everything	GIRL
Ww8ewwgNMjJ40rIu	Blondie	Look Good in Blue	Blondie (Remastered)
Ww95DLD5iRm9Ilqy	Carla dal Forno	Give Me Back My Man	Top Of The Pops
WwXnsKABqqrHLj2m	Sonbird	Wodospady	Głodny
WwfzSlGCtHcACFgV	Ghali	Habibi	Album
WwoORE93OverCfYL	Sly Fox	Let's Go All the Way	Lost Hits Of The 80's
WwswyNN2sNkTAKo9	Richie Havens	Freedom	Paris Live 1969
WxGj1qUm1IfHFRwn	Metro Station	Control	Metro Station
WxQJGBA27xc0zec2	American Head Charge	A Violent Reaction	The War Of Art
WxziyDQYt1pqX1i8	Metallica	The Struggle Within	Metallica
WyMaf2bio9jVjs3L	Have a Nice Life	Earthmover	Deathconsciousness
Wys5YD8xP699h8Bb	Mazzy Star	Still Cold	Among My Swan
Wz6FmmXH5vVXDq1b	Uriah Heep	The Park	Salisbury
WzYDok8KBzFayUKM	The Fray	I Can Barely Say	Scars & Stories
X0OP4ap7frgQmeyb	Lil Xan	Watch Me Fall	Watch Me Fall
X0PIltQAfBnIbcZr	Kate Bush	King of the Mountain	Aerial
X0wCIzOj7Fm3MLG7	I Monster	Everyone's A Loser	Neveroddoreven
X1KT1homZZlZ3wFW	Bicep	Rain	Bicep
X2FA9znmJxAvZcAP	Willis Earl Beal	Too Dry To Cry	Nobody knows.
X2cwMBHd3t8VZZpK	Sigur Rós	Untitled	(Untitled)
X3G8vdWV7HdCPc9r	Kyuss	Capsized	Blues For The Red Sun
X3Ob2U7s2c2z6gex	Bee Gees	Man In The Middle	This Is Where I Came In
X5XrxNXzHnBHtDun	Zoé	Love	Rocanlover
X823aG57xSDtY4Ss	Garbage	Man on a Wire	Not Your Kind of People
X8vSm0ZEqG7hgJIS	Maria Bethânia	Loucura	Mortal Loucura (Single)
X9A3cxBHBSYPmh7w	Duda Brack	Dez Dias	É
X9CYiEVdpub4XsvV	Judas Priest	Killing Machine	Hell Bent For Leather
X9zyiDeDOr6k8iUd	Chingy	One Call Away	Jackpot
XATU09ZEQzs7Rnnl	Yo La Tengo	Stupid Things	Fade
XAUhMv9Gkoa3bYSe	Craft Spells	Changing Faces - aimai Remix	Midnight Render (Nausea Rebuild)
XAzb4ECuva9WbbZ6	Amaranthe	Amaranthine	Amaranthe
XB0TCqJj7jyRcPuq	El Columpio Asesino	Toro	Diamantes
XBF6pjiL7JfxF64G	Tony Bennett & Lady Gaga	Cheek to Cheek	Cheek To Cheek (Deluxe)
XC93UUSiMBOHPIJI	Inner Wave	American Spirits	III
XCP9012NbkULKwNT	The Rolling Stones	Love in Vain	Let It Bleed
XCVTwcoTJYkfVkoY	The Menzingers	The Freaks	The Freaks
XDPaJwx4RuskEE0f	Smash Into Pieces	Merry Go Round	Rise and Shine
XDVEs7HKCuaFsqJj	Underoath	A Divine Eradication	Best Of Underoath
XDuoUn4JYD64Myiv	In Flames	Dismiss the Cynics	Reroute to Remain (Reissue 2014)
XEAoCVLZU1E4ZuP3	Wallows	Pulling Leaves off Trees	Pulling Leaves off Trees
XEDh6PKERoQu0Pjh	Joan Osborne	St. Teresa	Relish
XEFxRP8JPqs9PPP7	Anelis Assumpção	Inconcluso	Amigos Imaginários
XEXHspGvxfvIMDnz	George Harrison	Art of Dying	All Things Must Pass (Remastered)
XEZ5kIxhoctAyfI6	Imogen Heap	The Walk	Speak for Yourself (Deluxe Version)
XEbyzfafxVpCCLK2	Desiigner	Panda	Panda
XFADVTaWQt89VoZC	Soen	Stray	Lykaia
XFNL6vBTnCbEGpX1	Led Zeppelin	Kashmir - Live: O2 Arena, London - December 10, 2007	Celebration Day
XFau9z97mjW9J0Gy	Jessica Pratt	Poly Blue	Quiet Signs
XG9oFnhMU2mcwajc	The White Stripes	The Big Three Killed My Baby	The White Stripes
XGAODFqrUeuHMyNZ	Mayhem	Psywar	Esoteric Warfare
XGCNQiwMMWBT9cuh	Aaron May	I'm Good Luv, Enjoy.	CHASE
XHiSXsf5E2vVKVKE	Geri Halliwell	It's Raining Men	Scream If You Wanna Go Faster
XHmFZ09F2rfVqwF9	Pale Waves	Drive	My Mind Makes Noises
XIFUDCiXv38XEWiX	Kings of Leon	Beautiful War	Mechanical Bull (Expanded Version)
XIGDSPp1GNqEePCN	Simonami	Nós Um	Então Morramos
XIOr1KrGv2RfU3Lm	Wye Oak	Before	Shriek
XJ1GHHTZxs8ZGYnj	Thrice	The Melting Point Of Wax	The Artist In The Ambulance
XJ5j8wnwLb7fygMr	Céline Dion	A New Day Has Come	A New Day Has Come
XKZ3JB78LsPoq0iT	Enslaved	Vertebrae	Vertebrae
XL9ttv6KtHJ4vyhO	Supertramp	Give a Little Bit	Even In The Quietest Moments
XLv1mSJsVYH7WEIQ	Snail Mail	Thinning	Habit
XM5wc5wC96WJ3NVM	Jedi Mind Tricks	Razorblade Salvation	Servants In Heaven, Kings In Hell
XM9MeCwtsg4ghEFs	Jars of Clay	Flood	Jars Of Clay
XMZ74eiXt2y91Mow	Scanners	Salvation	Submarine
XMh2kQAD6ArDk0lr	Lady Gaga	Fashion of His Love (Fernando Garibay Remix)	Born This Way (Special Edition)
XMheSKVIrxIQMREI	Steel Pulse	Chant A Psalm	True Democracy
XNHucWSkd38dIArA	Depeche Mode	Strangelove - Live 1988	101
XO0Gy724CMw8GaUM	Kyla La Grange	Big Eyes	Cut Your Teeth
XPFzFOeACul0PT1n	Lady Lamb	Deep Love	Deep Love
XQOxtM6Bv92ThoIM	Mount Kimbie	Made to Stray	Cold Spring Fault Less Youth
XQd8G30JCAayCOh4	Prince	Baltimore	HITNRUN Phase Two
XR4D4XmWbL9yakwZ	Carlos Gardel	Por una Cabeza	Los Exitos De Sus Peliculas
XRs0d5l2y78JSxrZ	Nujabes	Counting Stars	2nd Collection
XRsaK04oXUPDTgkV	Vavra Bence	Szótlanság	Szótlanság
XS1GVnWJZ2VsxAfw	Down	Losing All	Nola
XSv4IxPQzFBulAkd	Bruce Willis	Save The Last Dance For Me	If It Don't Kill You, It Just Makes You Stronger
XTBLI9bNiPrfLGoF	Billy Currington	Let Me Down Easy	Enjoy Yourself
XTf1aYv68GcuXGkA	Rhye	Hunger	Woman
XUCl9nxSssD42GLz	The Lonely Island	Finest Girl (Bin Laden Song)	Popstar: Never Stop Never Stopping
XUOH9UXpy34kSahA	Babylon Zoo	Spaceman	The Boy With The X-Ray Eyes
XUvQGftTPUDANXxz	Bad Brains	I Against I	I Against I
XUyKQp3dyqTuoNwE	Leonor Andrade	Strong for Too Long	Strong for Too Long
XVnqWLIDkXJLpeW0	Atlas Genius	Through The Glass	When It Was Now (Deluxe Version)
XVvZnNmrN2yypVFs	Lacrimosa	My Pain	Testimonium
XW3ZgDjYvsoX7ooQ	Alicia Keys	Doesn't Mean Anything	The Element Of Freedom
XXFd7xa1Z18SLhcq	Bad Religion	I Love My Computer	The New America
XXO54K1MEAzcrnsq	Neko Case	Twist The Knife	Furnace Room Lullaby
XY6kfpQ5EjYx5r15	Motionless in White	Carry the Torch	Reincarnate
XY7drfpdm9Kf3n4d	Kelela	Send Me Out (Girl Unit Mix)	Cut 4 Me (Deluxe)
XYjXXTiXi1wkLWJR	RuPaul	Jealous Of My Boogie	Champion
XZMCfhkY6qtrFZN2	Chandra	Kate	Transportation
XZUkw7UiLw0DeTOv	Mary Mary	Shackles (Praise You)	Go Get It
XZu7yMb8A0aIFOSu	Red Hot Chili Peppers	We Turn Red	The Getaway
Xa6wZxNStKhHx1BN	Billy Talent	Cut the Curtains	Billy Talent
XaAxQzFRIoidiOmw	The Acid	Red	Ashes, Passion & Acid Tablets
XaSIVXJxj6TDiZw6	Nils Frahm	Snippet	Felt (Special Edition)
Xb32dtzFvLVRzhYO	Incubus	Glass	S.C.I.E.N.C.E.
Xbid35SMfNBNWeAk	The Drums	Rich Kids	Abysmal Thoughts
XcSFviCQcVcoru7x	Loreen	If She's The One	Heal
XcSyp1NsVoIdE8NM	The Great Discord	Army of Me	Army of Me
Xd3b163CSICfuVbZ	My Chemical Romance	Kiss the Ring	Number Four
Xd3lDy6XyV6qW35V	Kylie Minogue	Stop Me from Falling	Golden
XdVUFXt4kWo8GD8b	k.d. lang	Wash Me Clean	Ingénue (25th Anniversary Edition)
XeJMkfNefEnvmyYo	Yeah Yeah Yeahs	Kiss, Kiss	IS IS
XeeKTcoeaPYvUz3M	Local Natives	Airplanes	Gorilla Manor
XerZE5sDVP07zHnM	At the Gates	Der Widerstand	To Drink From The Night Itself
XfWPZPFRkwy5N5OK	Gabriella Cilmi	Save the Lies	Lessons To Be Learned
Xg2oDTvwyffmbDVD	tUnE-yArDs	Gangsta	W H O K I L L
Xg9IKthG5fmGzyST	The Kills	Ticket Man	No Wow
XgGAriqwtJYI9dD7	Fino Coletivo	Vou Que Vou	Massagueira
XgHmmhdsq9G2wu96	Omnium Gatherum	Driven By Conflict	The Burning Cold
XgOnYkgeDz3Sd0Kw	Hollywood Undead	Young	Swan Songs
XgV58s0tFFYQOS7l	Elvis Depressedly	Thou Shall Not Murder	New Alhambra
XgeedjcPw5TCpZDB	Explosions in the Sky	Be Comfortable, Creature	Take Care, Take Care, Take Care
XhQiW4s0dhNef2H5	Depeche Mode	Pipeline	Construction Time Again (2007 Remastered Edition)
Xhu64v4SCFhtycKo	Tim McGraw	Down on the Farm	Not A Moment Too Soon
XjD8BvzVZ6XbyY37	Geraldo Azevedo	O Amanhã é Distante (Tomorrow Is A Long Time)	O Grande Encontro
XjDAW8WjD4Hf3sTP	Raul Seixas	Metrô 743	As Profecias
XjQZQeg7sJg41lNR	Britney Spears	Freakshow	Blackout
XjrCcpfyMwX5qSaQ	Allie X	Paper Love - Acoustic	Paper Love (Acoustic)
XkeEozFJeYtkywVD	Throbbing Gristle	Convincing People	20 Jazz Funk Greats (Remastered)
Xkt46vu5kX4H4C7Q	The Head and the Heart	Honey Come Home	The Head and the Heart
XktugHTyr5plB8f4	Ceres	Viv In The Front Seat	We Are a Team
Xkx0xgFLulIXnmnJ	Cradle of Filth	Nymphetamine Fix	Nymphetamine Special Edition
Xl6SUI3LHa3jCaTq	Okkervil River	We Need a Myth	I Am Very Far
XlXk8zYceh9S2Xcw	Hurray For The Riff Raff	Blue Ridge Mountain	Small Town Heroes
XlZwp5b3d1ewzeOM	Judas Priest	One Shot at Glory	Painkiller
XlolXoPUYrRe2vaZ	Prince	319	The Gold Experience
XmCrBstiddSXAW7Y	Bon Jovi	I'm With You	What About Now (Deluxe Version)
Xnb2g6IhONdd5bQ6	Protomartyr	Maidenhead	Under Color of Official Right
XnbO54Dn4UPriwTb	Blonde Redhead	My Plants Are Dead	Penny Sparkle
XneOXXZcaCVsSuTy	Flipper	Ever	Album - Generic Flipper
XoDkGUHgmpVgEkfW	Sam Sparro	Happiness - The Magician Remix	Return to Paradise
Xp7riCgsSDBH2GWi	Djavan	Oceano	Djavan
XpBLhGkdl9hBWXTZ	Iron Chic	My Best Friend (Is A Nihilist)	You Can't Stay Here
XpTfpiJsvjXkK2uA	Beach House	You Came To Me	Devotion
XpUOxQ8DPq3uT2oG	Craft Spells	Ramona	Idle Labor
XpfqjEDHABwecCEe	Matchbox Twenty	Back 2 Good	Yourself Or Someone Like You
XqJk8H5dpZyexRD5	Sheena Easton	Morning Train (Nine to Five)	Greatest Hits
Xs0mAmXiMARLlgNg	ScHoolboy Q	Fuck LA	Oxymoron (Deluxe)
Xs9QVJjvrUfysFgk	The Moody Blues	In The Beginning	On The Threshold Of A Dream
XsI8kBk9IBE4zA2s	Britney Spears	Passenger	Britney Jean (Deluxe Version)
XsLVhtAZYAGyU9TM	Jim Sturgess	Girl	Across The Universe
XsOQdYxpTVAAXDyB	Corinne Bailey Rae	My Love	The Love E.P.
XsjkGcnoc1VoAqxP	The Verve	One Day	Urban Hymns (Deluxe / Remastered 2016)
XskinVicWZuFCiHk	Marco Armani	È La Vita	I successi
Xsn45OVRvTp8sLih	Biffy Clyro	Machines	Puzzle
XspOY1uDjDph8fJb	Take That	Get Ready for It	III (2015 Edition)
XstboCzUM7d2lpvM	Riverside	Discard Your Fear	Love, Fear and the Time Machine
XtEgXAANLRIc7RMm	fifi rong	Awake	Awake
XvhdohqZjnkSplwE	Birdy	Not About Angels	Not About Angels
Xvl7dNu8EFHBjMPc	Ida Maria	I Like You So Much Better When You're Naked	Fortress Round My Heart
Xw6Y6qiJSnxrpLEA	Girls' Generation-TTS	겨울을 닮은 너 Winter Story	Dear Santa - X-Mas Special
XwICWsErA3Jqr8zd	Beartooth	Infection	Disease
XxHlcqd14zUl27sB	Gang Starr	Full Clip	Full Clip: A Decade Of Gang Starr
XxbWaP3M3hV0oZ1x	Our Last Night	Castle In The Sky	Let Light Overcome
XxiMx87wy4EZZXhC	Sufjan Stevens	Lonely Man of Winter - Doveman Mix feat. Melissa Mary Ahern	Lonely Man of Winter
XxtWm402gPrx45JM	Christina y los subterráneos	Voy en un coche	Que Me Parta Un Rayo
Xxv9egxd82oCbCIk	The Temptations	The Way You Do the Things You Do	Meet The Temptations
XyBGVJ5FnlKM4MWc	Agora Fidelio	Palatina	Le Troisième Choix
XyGYoILN64JOsKYB	Paradise Lost	Perfect Mask	Symbol Of Life
XyYUK22MNZA7eFHN	Backstreet Boys	Downpour	Unbreakable
XyxTw8us7ASDlBhB	Lynn Anderson	Rose Garden	Rose Garden
XzKI5YFUGcWVhPSp	Jonas Brothers	Much Better	Lines, Vines and Trying Times
XzNzAffA1PxK9jXs	Rauf & Faik	Детство	Я люблю тебя
XzTOWllUxcUYbJaj	The Lumineers	Cleopatra	Cleopatra
Xzpc3XmT0qJsl3Hf	Samael	Moongate	Reign of Light
Y037pdL1ZrnrbBjh	Eddy Grant	Gimme Hope Jo'anna	The Biggest Reggae Hits
Y08V5qGr2GtCbxPX	Toy-Box	Tarzan & Jane	FanTastic
Y0HXGXSuieokwB23	The Neighbourhood	Reflections	Hard To Imagine The Neighbourhood Ever Changing
Y147dMwTVZxomRyS	Delta Spirit	Patriarch	Into The Wide
Y1DNp71eiqbflCUK	Toad The Wet Sprocket	All I Want	fear
Y2453AJtvRHgPIv5	The Vamps	Can We Dance	Meet The Vamps
Y2DmbilZLKMAjxbm	Hooded Fang	Wasteland	Gravez
Y2LFpvsH3nRdyySb	Emicida	Volúpia	Sua Mina Ouve Meu Rep Tamem
Y2m4UPJQmT8sybBw	U2	Raised by Wolves	Songs Of Innocence
Y3UkgwteqedusUjK	Bodyrox	Yeah Yeah - D Ramirez Vocal Radio Edit	Yeah Yeah
Y3q16Fx6YyoveTd9	Rebelution	Feeling Alright	Courage to Grow
Y3uizboue7dK9TRq	Björk	Future Forever	Utopia
Y44RACH2ctI7Eo7V	Justice	Safe And Sound	Woman
Y4eMep7RqOPaYfFl	The Virgins	Impressions of You	Strike Gently
Y4jJEkrX3Ym4VtEE	Bauhaus	Watch That Grandad Go	Singles
Y5KuJaWFKOqg6YI6	Atreyu	Becoming the Bull	Lead Sails Paper Anchor
Y6FNahjycLnr7M2P	YaNeY	Zen	1992
Y6SBSRcHNa6sELAU	Marilyn Manson	Personal Jesus	Lest We Forget - The Best Of
Y6Y35PTI0QmfIkW1	Ivete Sangalo	Cadê Você?	Acústico Em Trancoso (Ao Vivo)
Y722vCfq53x0toL6	Tsjuder	Outro	Demonic Possession
Y7k1y1ieO6XUUbyL	Pitty	Rato na Roda	Chiaroscuro
Y8DU49f9VsUXi2gq	Wilco	Side with the Seeds	Sky Blue Sky
Y8F7T3nS7upMzHQ8	My Bloody Valentine	Honey Power	Tremolo
Y8R5BpnNHJmjgO8w	Cherry Glazerr	Pieces	Stuffed & Ready
Y9Ou3KL4ABNVACkC	Esben and the Witch	No Dog	A New Nature
YBGANR5f7Hl3dDkW	Tiga	Louder Than a Bomb	Louder Than A Bomb
YBV228QQDjtpqvKa	Zach Hill	House of Hits	FACE TAT
YBh5RPi2buFZB7jN	Between the Buried and Me	Bloom	The Parallax II: Future Sequence
YBnRQGFsQ0oQ363W	The Story So Far	Closure	Under Soil and Dirt
YC4Jcr0Mpa4ATQks	The Walkmen	The Rat	Bows + Arrows
YCCO39sq8eRAMnJs	Max Giesinger	Lieber geh ich	Die Reise
YDiJfkrG41MOwfPM	Nat King Cole	Aquellos Ojos Verdes	A Mis Amigos
YE7kmhY5oHfzCHsl	XXXTentacion	Depression & Obsession	17
YEC2ppg7aemXb6oR	Halsey	Haunting	BADLANDS (Deluxe)
YEGh41PUWjqeZgKA	The Kelly Family	An Angel	We Got Love (Deluxe Edition)
YEHh79g2xBD0ASyL	Las Ligas Menores	La Paciencia	Fuego Artificial
YFHz1odL8C1aRBnx	Machine Gun Kelly	Golden God	bloom
YFzjDdmMf3UQnZvs	The Clash	Should I Stay or Should I Go	Combat Rock
YG8LkHPAOO6NO1I4	Homesafe	Sadistic Society	One
YGYD7MvP7DWUHNLI	Band of Skulls	Tropical Disease	By Default
YHEaZwHuTyp5BhA6	The Prodigy	Light Up the Sky	No Tourists
YHN7tHSb3iRsYWkP	Akdong Musician	Anyway	PLAY
YHeh8ZTEv3Q86BVb	Usher	Burn	Confessions (Expanded Edition)
YHkD8Y5ceAUFhuJK	Michael Jackson	Thriller - Single Version	Thriller 25 Super Deluxe Edition
YHqx641tn3T3vuNZ	Bloodbath	Blood Vortex	Nightmares Made Flesh
YHupaKUf3ndWCU0v	B.B. King	How Blue Can You Get?	Live At The Regal
YIIJnxhpBgSXv4U6	Yeah Yeah Yeahs	Our Time	Yeah Yeah Yeahs
YIf3vr0ksbKnxLHk	Cro	Einmal um die Welt	Raop
YIibvLCUbpmXBhGj	Him	Venus Doom	Venus Doom (Deluxe Version)
YIsQZjI2l8mnfVgv	Primitive Man	Caustic	Caustic
YJ6ZyonZVISPNoXW	Deathstars	Opium	The Greatest Hits on Earth
YJEIiJwFkYxnTc7p	Quantic	Sol Clap	Magnetica
YJa45Vn2J5zK00Id	Elenco de Soy Luna	Eres	Soy Luna
YJcYD4qL2CCtvVjA	Sarbel	Yassou Maria	Sahara Euro Edition
YJxETbIBBKLKOL29	King Charles	Gamble For A Rose	Gamble for a Rose
YK65S2OD88LgUxdh	Criolo	Até Me Emocionei	Ainda Há Tempo
YK7VYFAyghVgs3vO	The Beths	Not Running	Future Me Hates Me
YKAaTc2sdiHm6IrY	Blondie	Slow Motion	Eat To The Beat
YKrj55PnnD9AiL9m	Doja Cat	Nunchucks	Purrr!
YLCafCtIjwWE6dhH	Depeche Mode	Strangelove	The Singles 86-98
YLMjXnE6SVNEFIWS	Tove Styrke	Even If I'm Loud It Doesn't Mean I'm Talking to You	Kiddo
YM3IfzrctdSSlDrg	Demilich	Inherited Bowel Levitation - Reduced Without Any Effort	20th Adversary of Emptiness
YMBz5IBqmQEL1YYJ	Aretha Franklin	Do Right Woman, Do Right Man	I Never Loved a Man the Way I Love You
YMyrwfTOH7iB77uy	Bikini Kill	Tell Me So	Pussy Whipped
YMzeVpupOPXITL7Q	Straylight Run	Still Alone	The Needles The Space
YNGtvAPPX6sEwkDo	Kiiara	Gloe	Gloe
YNPvgsWt98xOOj7L	Chevelle	Tug-O-War	This Type Of Thinking (Could Do Us In)
YNkhVnuRK4bK4IiQ	Black Flag	The Swinging Man	My War
YNzwnxHqyvESDONT	Beck	Steal My Body Home	Mellow Gold
YO210DDrjtLTJE6g	Anathema	Ghosts	The Optimist
YOAIazOdvN0PeiJO	Years & Years	King - Acoustic	Communion (Deluxe)
YOefg02Pzfktb3nO	Divididos	Spaghetti Del Rock	Narigón del Siglo, Yo Te Dejo Perfumado en la Esquina para Siempre
YPEYb5TDfgkiPtlo	No Resolve	What You Deserve	Unity
YPaYhXNEVLMj4K8k	The Melodians	Rivers of Babylon - Long Version	Rivers of Babylon: The Best of The Melodians 1967-1973
YPjUTQkQFselFzBB	David Gilmour	On an Island	On An Island
YQ1dxKGwpNsGAjpo	Carpenters	Solitaire	Horizon
YQ8V9yH6Beot5H3k	Son House	John the Revelator	Father Of The Delta Blues: The Complete 1965 Sessions
YQB5k7C8XTojLujU	Rita Lee	Alô! Alô! Marciano	Rita Lee Em Bossa 'N Roll (Ao Vivo)
YQapD2Kv24QqbRjT	Sturgill Simpson	Brace For Impact (Live A Little)	A Sailor's Guide to Earth
YQga6eE5ZzEoTGtJ	Frank Sinatra	One for My Baby (And One More for the Road)	Ultimate Sinatra
YQxdpYvPyEFyqJ1O	James Blunt	Goodbye My Lover	Back To Bedlam
YRD32BROZNLcb725	Amberian Dawn	Lost Soul	The Clouds of Northland Thunder
YRDosAWoKtA4gZa5	Pretty Lights	Yellow Bird	A Color Map of the Sun (Deluxe Version)
YRFrAPumSSMf3v5z	Nina Nesbitt	Chewing Gum	Modern Love EP
YRIN8Rv2y358v05v	Blackfield	Epidemic	BLACKFIELD II
YRLbR1PmeXaiDM8n	Powerwolf	Sanctified With Dynamite	Blood of the Saints
YRiE21D12epvf8Uo	Fenne Lily	For a While	For a While
YSbc6HSHCArRFHEx	Bathory	Valhalla	Hammerheart
YSjgeZwCqXMO5NwA	NEEDTOBREATHE	Brother (feat. Gavin DeGraw)	Brother
YT1ZsHvpwaukvRQv	Sun Rai	San Francisco Street	Pocket Music
YTGQQ12GC9gof0Kd	Bad Religion	Chaos From Within	Age Of Unreason
YTb03MZRh9mNH8bQ	Neon Indian	Local Joke	Psychic Chasms
YTgIO6pLIVRIIcU4	Sade	Flow	Lovers Rock
YUEZUauASnaaxsTX	Poets of the Fall	Moonlight Kissed	Clearview
YUH9OrTMyDk6yVXF	Jeremy Soule	The Bannered Mare	The Elder Scrolls V: Skyrim: Original Game Soundtrack
YUNWPpKuOHKk5b5E	Ben Lee	Float On	John Tucker Must Die (Music From The Motion Picture)
YURpAW4QastKAfGd	Roxy Music	Would You Believe?	Roxy Music (Remastered)
YUdjyyU0jmOhDYFU	Autechre	The Plc	Quaristice
YUiLKRNbZ2PXUM33	No Doubt	Leftovers	Everything In Time (B-Sides, Rarities, Remixes)
YUzFQCFZzDeY72Sa	Throw The Fight	Bury Me Alive	Transmissions
YVwxQ0aF0ALZKMiL	Battle Beast	Lionheart	Unholy Savior
YWXOmJqXGVUXiGKj	Simon Curtis	Brainwash	Super 8-Bit Heart
YWZGij1HUQepzJuI	SISTAR	Bad Boy	Give It To Me
YWedaXd6GgybPnmX	Annihilator	King of the Kill	Feast
YWntluX3i2RPYSsD	Rancore	Mãe	Seiva
YXft20HEJJcQxErp	Korn	B.B.K.	Follow The Leader
YY9vdY3ycCTqFhL4	Them Crooked Vultures	Reptiles	Them Crooked Vultures
YZsxIgCdzWoNdn2Z	Electric Light Orchestra	Dreaming of 4000	On the Third Day
YZyEP4KFF9LpBuiV	YESEO	Million Things	Million Things
YaAiYlVpWYLFO7YV	Lesley Gore	It's My Party	I'll Cry If I Want To
YbCMnOKdG10N6Psm	Noel Gallagher's High Flying Birds	Let the Lord Shine a Light on Me	Noel Gallagher's High Flying Birds (Deluxe Edition)
Ybd39MbtGTmtgr4k	Tindersticks	She's Gone	Tindersticks
YbudfO7j3SlsGnCb	Electric Light Orchestra	Long Black Road	American Hustle (Original Motion Picture Soundtrack)
YcGZsjJmNl4IaHYP	Ramin Djawadi	SEVEN NATION ARMY	Westworld: Season 2 (Music From the HBO Series)
YeeTVGeug89EtBos	The Wytches	C-Side	All Your Happy Life
YejFcfIPtodWeKqw	Akdong Musician	Will Last Forever	WINTER
YepgVH17DmBp8ws4	Rouge	Filme De Terror	Blá Blá Blá
YfaMn8HVS8IVqTK1	Rob Zombie	Reload	The Matrix Reloaded: The Album
YfgPsHpO7OrYU9fH	The Wedding Present	Spangle	Watusi
YgVNhYhduxzV6eHo	James Vincent McMorrow	Gold	Post Tropical (Deluxe Edition)
YgxXUxW2CkaNLsQ3	Warrant	Sometimes She Cries	Dirty Rotten Filthy Stinking Rich
YhNeuJiF70tsdR18	Elisa	No Hero	On
YiPcwd4uz9S23qCi	Klaas	Close to You	Close to You
Yiy09Gb9JaNPUEje	Lynyrd Skynyrd	I Ain't the One	(Pronounced 'Leh-'Nérd 'Skin-'Nérd)
YjdlousNFTSSFdM7	Cavetown	Another One Of Those Days	Lemon Boy
YjzcinFmdXVLyg2P	Gang of Four	Natural's Not In It	Entertainment!
YkB0ReVl4rsAawTK	U2	Sleep Like a Baby Tonight	Songs Of Innocence
YkOqpZgHhI4X6KWt	The Rasmus	Shot	Hide from the Sun (Bonus Track Version)
YkkDY2C9mZwQAREy	The Rolling Stones	Heart of Stone	Hot Rocks (1964-1971)
YkmFs1dL5ALLeiDJ	Saulo Duarte e a Unidade	Manda Ela Comprar Um Iglu	Saulo Duarte e a Unidade
Ykpm9MuRdJwU6u1f	Exit Eden	Heaven	Rhapsodies In Black
Yl2c52gxOqI3Zaz1	Yelle	Je Veux Te Voir	Pop Up
YlbcipxEkIGsPGcl	The Future Sound of London	Herd Killing	Dead Cities
YlhJ9L3Q4US34mrk	System of a Down	Mind	System Of A Down (Bonus Pack)
YmGZoRwOpTobLpaX	David Bowie	In The Heat Of The Morning	Spying Through A Keyhole
YmgZ1KD1DjRqjey3	Elton John	Whenever You're Ready (We'll Go Steady Again)	Don't Shoot Me I'm Only The Piano Player
YowoW4qGtMl46Oh4	Barasuara	Menunggang Badai	Taifun
YppWsOzRTs7XtsNI	Exaltasamba	Anjo Meu	Pagode Do Exalta Ao Vivo
Yqth3f5DVRv7BOnk	Wet Baes	Dancing In The Dark	Dancing in the Dark
YrmBaYrzmHvYeDpS	Play	I Must Not Chase the Boys	Replay
Ys7Y3f20RME5bzrG	Girls Aloud	Waiting	The Collection - Studio Albums / B Sides / Live
YsUUSu40os5xr1qJ	Engenheiros Do Hawaii	Números	Acústico (Ao Vivo / Deluxe)
Ysr3x6dHD9lKPnr0	SSQ	Synthicide	Playback
Yt5S8BgnxqxD22eB	Dillon Francis	We Make It Bounce	Money Sucks, Friends Rule
YtjKRApQyqJOBUT4	St. Beauty	Caught	Running to the Sun
YuEWqlNYMoW0Whb8	Brand New	Bought a Bride	Daisy
YuXjySdPB2jAlHsW	Laura Nyro	Poverty Train	Eli And The Thirteenth Confession
YuzA5gSJM6h8NFNc	Kyary Pamyu Pamyu	インベーダーインベーダー	なんだこれくしょん
YuzdU3ZYnmRDYV7r	AFI	Medicate	Crash Love (Deluxe)
Yv7Tc8AyNIlMwKWp	Beyond Creation	Chromatic Horizon	The Aura
YvJD01IGlM2bLU1h	tUnE-yArDs	Wooly Wolly Gong	W H O K I L L
YvtpnHinHdtJdWH5	B.A.P	Rain Sound	ONE SHOT
YwMY4jAC5RQ87jPQ	Nils Frahm	Talisman	Encores 2
YwjjhazGevWRPNIN	Booba	Friday	Trône
YwrnRiwjq87UtZG0	John Lennon	Mind Games	Mind Games
YwuhW4ISUImPqank	Gabriel O Pensador	Eu E A Tábua	Quebra - Cabeça
Yx8KBNp2ZnuF74kD	Aqualung	Left Behind	Strange & Beautiful
YxqpkU1qXXH3WNtQ	Beach Fossils	Desert Sand	Daydream / Desert Sand
Yy0XZrueEVJi5xp7	Gabrielle Aplin	Anybody Out There	Light Up The Dark
YymUEjFvaDNw3UC8	Teenage Wrist	Swallow	Chrome Neon Jesus
Yz81cIyFUJsJqfRM	Paluch	Nowa Polska	Czerwony Dywan
YzQCGAF88jVzJCzw	The Last Ten Seconds Of Life	Live on Broadway	Machina Non Grata
Z0ZcsAh2kAjpnKf6	Josh Rouse	Love Vibration	1972
Z0jf3GwBSrEBeaet	The World Is a Beautiful Place & I Am No Longer Afraid to Die	Rage Against the Dying of the Light	Harmlessness
Z1buSmXy0nYdvi41	Trent Reznor and Atticus Ross	In the Hall of the Mountain King	The Social Network
Z28SOeCInx3nzHVP	Sum 41	Pull the Curtain	Underclass Hero
Z3T9ptfOXTQNv5LM	Seether	Because of Me	Karma and Effect
Z4ksxV9kJZi75J82	Dirty Projectors	No Intention	Bitte Orca
Z4uhWfW19inP3r8c	Javiera Mena	Cerca	Espejo
Z59JxjON24DBiIU9	Can Bonomo	Defol	Aşktan ve Gariplikten
Z5D0IbALU7xJYIsk	Ethereal Shroud	Desperation Hymn	They Became the Falling Ash
Z5blxf9F1KtIuCbN	Cathedrals	In the Dark	Cathedrals EP
Z5wNl7F63cc4PY9G	The National	Terrible Love	High Violet (Expanded Edition)
Z653kShrtCA5o8Oc	Led Zeppelin	Fool in the Rain	In Through The Out Door
Z7TmytFnoM2PfIMR	The Black Angels	Entrance Song	Phosphene Dream
Z7g2qBYN3XTc1koU	The Moody Blues	Lovely to See You	On The Threshold Of A Dream
Z7xZ26uNlNaMYqzm	Feist	I Wish I Didn't Miss You	Pleasure
Z8Jr9zvEOyGsVHYo	Rita Lee	Ja te falei	Balacobaco
Z8TDrjbCjHt0Gcz3	Macklemore & Ryan Lewis	Can't Hold Us (feat. Ray Dalton)	The Heist
Z9IogtTgXNKJJVcn	Asking Alexandria	Right Now	Punk Goes Pop, Vol. 3
Z9UsnhphVXkcNQcf	Antônio Carlos Jobim	Captain Bacardi	Wave
Z9VXsQzQVwW2nB8t	Hans Zimmer	I'm Going Home	Interstellar (Original Motion Picture Soundtrack)
Z9buo48YjTcqqNrW	Stereophonics	She Takes Her Clothes Off	Performance And Cocktails
ZAhe7paix9QRtCRO	LFO	LFO (Leeds Warehouse mix)	Frequencies
ZAiD6EbvgEtbpfCR	Ed Sheeran	Sofa	5
ZB4EiZPVttA4uuRI	Don Diablo	Cutting Shapes	Past.Present.Future.
ZBfLG7Eia5rgo1jI	Archive	Bullets	Controlling Crowds (Parts I-III)
ZC9qCPxDOJtTrA5I	Jonathan Coulton	Still Alive	Artificial Heart
ZCyJpMQ0Y3rlfxxt	Fresno	Velha História	O Rio a Cidade a Árvore
ZDpyhC775FSPUU1P	Queen	Flash's Theme	Flash Gordon (Deluxe Remastered Version)
ZDwodGlVLDreAqCY	Wykked Wytch	Sweet Dreams	Memories Of A Dying Whore
ZEN26n2In0hcIaQx	Legion of the Damned	Legion of the Damned	Malevolent Rapture
ZEPAxLqBswUS8otc	The Kooks	Time Above the Earth	Junk Of The Heart
ZEexJX2SztZYrOkD	Roger Waters	Déjà Vu	Is This The Life We Really Want?
ZEtvHYEnk0sJMbo4	Oh Land	Hot 'n' Bothered	Earth Sick
ZF3d8dvP3iuyargg	Wye Oak	Holy Holy	Civilian
ZFv7pTlhVNwqk3GO	The Offspring	Take It Like a Man	Ignition
ZGS0vwwK1sc9VLIM	Silverchair	Petrol & Chlorine	Freak Show
ZGUZDESRMRodXyWw	Dark Polo Gang	Caramelle	Twins
ZGyLR4Xbyos615Uc	Patrick Watson	Bollywood	Love Songs For Robots
ZHIKHfLyTuRzAcDU	Martinho Da Vila	Canta Canta, Minha Gente	Série Acervo - Acervo Especial
ZHTT4bb1vDuRPhYv	I Am Waiting for You Last Summer	Mists Roll Away	In Eternal Lines
ZHWJJCcskphC1H8K	Beach House	10 Mile Stereo (Cough Syrup Remix)	B-Sides and Rarities
ZHe24wKy4lSTSpOf	Howard Shore	The Road Goes Ever On... Pt. 1	The Lord Of The Rings: The Fellowship Of The Ring - The Complete Recordings
ZHnPgdI5mr4SyWCo	Vanguart	E o Meu Peito Mais Aberto Que o Mar da Bahia	Beijo Estranho
ZHyA8gmdsY9rvn7x	Enigma	The Roundabout	Le Roi Est Mort, Vive Le Roi!
ZIBXdQ5DxrjQhzhH	Beck	Beercan	Mellow Gold
ZIOOZ63seRv5NgS2	Lolawolf	Baby I'm Dyin'	Baby I'm Dyin'
ZIi4jPUIy7Y8Cl6T	Last Dinosaurs	Shallow Boy	Yumeno Garden
ZImXeKPWr5JpI2eY	Danzel	Pump It Up	Pump It Up!
ZImnDJyB863xs87Z	Tyler, the Creator	Transylvania	Goblin (Deluxe Edition)
ZJUbdebKRQPyl2h4	Pet Shop Boys	Undertow	Super
ZJdq9idlcehA8STa	Barbra Streisand	Don't Rain on My Parade	The Essential Barbra Streisand
ZJmwXuYHqbkJ4cNH	Kesha	Hymn	Rainbow
ZKXTWdDMiiTm2C4j	Sonic Youth	Saucer-Like	Washing Machine
ZKaHu72uzAqTyIkt	Baroness	The Sweetest Curse	Blue Record (Deluxe Version)
ZLx6Z7ykKmM2mQgZ	Grave	Plain Pine Box	Out of Respect for the Dead
ZMPwCflu8N47hDXS	Genesis	Follow You Follow Me	And Then There Were Three (2007 Remaster)
ZMouLbGN0LNuzmBT	BerryGood	Sorry Sister	FREE TRAVEL
ZN5dkZG3VQVBD9AH	Blanco White	Lie Alone	Colder Heavens EP
ZNPRvnMJuxBHBuao	Orgy	Dissention	Candyass
ZNQ41BxfLmmUCxDz	Zero 7	Throw It All Away	The Garden
ZNYZ3s3y1Jz6OY3d	The Flying Lizards	Money	The Flying Lizards
ZOFgTotsnvBaAV4q	Wintersun	Loneliness (Winter)	The Forest Seasons
ZOPoCoFQsHTbU3pk	Filipe Catto	Depois de Amanhã	Tomada
ZOvDKE78T2nGKfX6	Natalie Imbruglia	I Won't Be Lost	Counting Down The Days
ZQAuPCB6xMkz7f0N	The Bilinda Butchers	half open	Goodbyes
ZQEoGQMD6Fu7HOA8	Declan McKenna	Basic	Brazil
ZQF9ZwwPslcrSNQ3	Cage the Elephant	Instant Crush - Unpeeled	Unpeeled
ZQki8qio7CdYxs7H	Nina Nesbitt	The Moments I'm Missing	The Moments I'm Missing
ZR4UokUqcWBT4ERU	Usher	DJ Got Us Fallin' In Love	Raymond v Raymond (Expanded Edition)
ZR9nSYK344NlVExh	Circa Waves	Me, Myself and Hollywood	What’s It Like Over There?
ZSABo5aNa9ROh7Ql	WhoMadeWho	Dynasty	Through the Walls
ZSEP3aLCH5iHcE1p	The Underdog Project	Summer Jam 2003	Summer Jam 2004
ZSHyAOUQhFy9DWMH	Bastille	The Driver	VS. (Other People’s Heartache, Pt. III)
ZSiAHiay6ZLlgjeP	Justin Bieber	Children	Purpose (Deluxe)
ZT2Q1pX0l15Xb5wA	Miami Horror	Another Rise, Another Fall	All Possible Futures
ZTEB2aGePWr3WqkF	Westkust	On the Inside	Westkust
ZTLk2rms83zXex6H	Rotting Christ	Enuma Elish	Theogonia
ZTauWWtnYiqLBGbv	$uicideboy$	T.R.U. (TOTALLY ROTTEN UNDERGROUND)	My Liver Will Handle What My Heart Can't
ZTwBpf2GObCaBp9k	Saint Mesa	Lion	Lion
ZU6uSutMsslC0uYG	Good Tiger	Snake Oil	A Head Full of Moonlight
ZWRfLvdtnUbOpRYF	NX Zero	Milianos	Norte
ZWbE3A6VF42VL6RT	Joe Cocker	Unchain My Heart	Unchain My Heart
ZWbdAzR0PveJEena	Eminem	Soldier	The Eminem Show
ZWcaJtUuOf86TyRr	Matt Bianco	Half a Minute	Uplifting Pop
ZWmmC552HlNczZrV	Delaney Jane	Bad Habits	Bad Habits
ZXWct312iySKsSfV	Killswitch Engage	Eye of the Storm	As Daylight Dies (Special Edition)
ZY0cQcEnv1XL0qXB	Bonobo	Sleepy Seven	Animal Magic
ZY7Xo5rkihCuBulJ	Johnny Cash	Bonanza	Ring Of Fire: The Best Of Johnny Cash
ZYHltJkRsbjg9kF1	Bladee	freeze	Gluee
ZYSL88GotwXaZHJk	New Order	Ultraviolence	Power, Corruption & Lies
Za106I1ZTfta0XrU	Joan Baez	Never Dreamed You'd Leave In Summer	Diamonds & Rust
Za28qfh56Te2QPBF	PRISTIN V	Get It	Like a V
ZaY3EYP42PUDItZW	Angus Stone	Wooden Chair	Broken Brights
Zabepjs4yDmOZ7Dw	Depeche Mode	Two Minute Warning	Construction Time Again (2007 Remastered Edition)
ZajPRFe0OXjQdDit	John Mayer	Assassin	Battle Studies
ZaqvcTRD01QNTLHk	Síntese	Ritual	Trilha para o Desencanto da Ilusão, Vol. 1: Amem
ZbYcwj5pFmhxu4qP	Escape the Fate	Alive	Hate Me (Deluxe)
Zc3JtoGse5aG4nBT	Julianna Barwick	Pyrrhic	Nepenthe
Zc6b09vNBmgWDQAE	Manowar	Black Wind, Fire and Steel	Fighting The World
ZcfNBTDan64hEbj3	Jake Owen	Barefoot Blue Jean Night	Barefoot Blue Jean Night
ZdGRNs3vRWGKyZWy	Alessia Cara	I Guess That's Why They Call It The Blues	Revamp: The Songs Of Elton John & Bernie Taupin
ZensOBiFD8dQR0mP	The Kooks	Walk Away	Always Where I Need To Be
ZfBBcqIzmEYbTH5v	UB40	Food For Thought	Signing Off
ZfXF9WHqPg4eqvdG	21 Savage	good day	i am > i was
ZfaLwOqkxDjobnL3	Cults	Keep Your Head Up	Static
Zfpfoy3m8p6Xom7Z	Justin Bieber	That Should Be Me	My World 2.0
ZgOb2pT8HPyeCQOz	Alexisonfire	A Dagger Through The Heart Of St. Angeles	Alexisonfire
ZhZqkvr2DOPrgeJL	Thompson Twins	Doctor! Doctor! (Original Mix)	Dance Vault Remixes
Zhr2inoVZZqNikU8	Vance Joy	Little Boy	Nation Of Two
ZiGYp5KdaNEdplEB	Whitney Houston	I Have Nothing	The Bodyguard - Original Soundtrack Album
ZiKvBZMekiLsXq22	Darren Hayes	Insatiable	Spin
ZiLqLrnZuXae7X58	Hank Williams	Lost Highway	40 Greatest Hits
ZiOgTDOTGMq1t8oz	Stevie Nicks	Whole Lotta Trouble	The Other Side of the Mirror
Zjv7x4l1KexQa0TT	Kaiit	Natural Woman	Natural Woman
ZjyL4bDG2X8OVUnC	IAMX	Mile Deep Hollow - Single Rework	Mile Deep Hollow EP
ZkaxILkDxiDd4L3E	Tim Hecker	Palimpsest II	Harmony in Ultraviolet
ZlQqLVeZSSqAEPRw	Blur	Girls & Boys	Blur: The Best Of
Zm3pSVYvApmD7Ioa	Snail Mail	Pristine	Lush
ZmXdRrIlHv7zdsNj	Mazzy Star	that way again	Still EP
ZmdJLhQm8gtsOkjW	Clap Your Hands Say Yeah	Over and Over Again (Lost and Found)	Clap Your Hands Say Yeah
Zn1KLgKc7mz88kHc	Maxo Kream	Pop Another	Punken
ZnCDMdd8R6RYhPHP	Grailknights	Pumping Iron Power	Knightfall
ZnEHKIvoWJqsBBfL	Boards of Canada	White Cyclosa	Tomorrow's Harvest
Zo0nfkqHXaYuLx31	Deftones	Prince	Diamond Eyes
Zp7WcZPGBRxowbAy	The Ocean	Loopholes	Fluxion
ZqCOBh678uPi48hO	Josef Salvat	This Life	In Your Prime - EP
ZqZ4BRrdGZysH32t	Kendrick Lamar	Wesley's Theory	To Pimp A Butterfly
ZqbASeCG7zMrpYtH	Enjambre	Cámara de Faltas	Enjambre Y Los Huéspedes Del Orbe
ZqkKQJ0LkofetMs4	One Direction	A.M.	Made In The A.M. (Deluxe Edition)
ZrFhrCdXm2zbUzmh	Rory Gallagher	I Fall Apart	Rory Gallagher (Remastered 2017)
ZrZrhHxhPL6eO7Bv	Zaz	Éblouie par la nuit	Zaz
ZrcWgoTaZGRTFtL5	Dimmu Borgir	Sorgens Kammer	Stormblast 2005
Zs6psISBXqzaJ1zT	Sarah McLachlan	Ice	Closer: The Best Of Sarah McLachlan (Deluxe Version)
ZsbivHCiYbZcppuH	NakamuraEmi	N	NIPPONNO ONNAWO UTAU Vol. 5
Zsu0MGsKn8KZeNsn	Wicca Phase Springs Eternal	LAKE OF FIRE	Secret Boy
ZuIm3FRGBkvUkq6I	Bright Eyes	Arc of Time (Time Code)	Digital Ash In A Digital Urn
ZuujS0YWGIbArbP0	Dying Fetus	Weaken The Structure	Wrong One to Fuck With
ZvF8PoBAaY4woN8H	Megadeth	When	The World Needs a Hero
ZvywPkiyyyN0sDXn	Sleeping at Last	Lullaby	Lullaby
Zvz7icGgqqZRaFId	Rich Homie Quan	Flex (Ooh, Ooh, Ooh)	Summer Sampler
Zw3wuV2iohaJKKFX	Saosin	Changing	In Search Of Solid Ground
Zw6QF3Jq5kMrcQZ3	Eels	Guest List	Beautiful Freak
ZwCriSKFExUG0GyZ	Johnny Cash	Give My Love to Rose	American IV: The Man Comes Around
ZwWNb5Wu3bRfqvca	Barasuara	Seribu Racun	Pikiran dan Perjalanan
ZwZkSOgEIm0N2yTM	Matmos	For the Trees	The Civil War
Zwq0iMA0iOLqNgST	Nina Nesbitt	Is It Really Me You're Missing	The Sun Will Come up, The Seasons Will Change
ZwuSaBkbDgnUu5Rw	The Feeling	Never Be Lonely	Twelve Stops And Home (Deluxe)
ZxDSDSwjJzORtgWS	Ludacris	Get Back	The Red Light District
ZxqUvOHNEzzZ2r4m	George Harrison	When We Was Fab	Cloud Nine
Zy19Mi4Zp2afOGmR	Hozier	Foreigner's God	Hozier (Expanded Edition)
ZzasiCwa3T1f1Tje	Japan	Ghosts	Tin Drum
a00Q1WxDaI5cvshD	Tamaryn	I'm Gone	Tender New Signs
a04jxXrU5bXrtWLc	Bosse-de-Nage	Sword Swallower	Further Still
a1BL4PzksjOC9lP7	Gucci Mane	St. Brick Intro	The Return of East Atlanta Santa
a26dr7KytwNGy4nk	Irina Rimes	Visele	Despre El
a38NmSOaS9UwdkWs	Tanukichan	Perfect	Sundays
a3H5gy7mnwJW9u4y	Marshmello	BoUnCE	Joytime
a3Y6icfzdfdI2072	McFly	Walk in the Sun	Motion In The Ocean
a3ggxtkETAgzcCJA	starry cat	you're the reason i believe in ghosts	Starry Cat
a3yLMxFv65RrAOPl	Queen	Keep Yourself Alive	At The BBC
a4n91alnnV6qEJMq	The Spinto Band	Oh Mandy	Nice and Nicely Done (Deluxe Edition)
a56Yb9uPaJSQLMMh	Creedence Clearwater Revival	Someday Never Comes	Mardi Gras
a5HYM1UMPftFNEro	Regina Spektor	Jessica	What We Saw From The Cheap Seats (Deluxe Version)
a5JYvOuC8lApWBPz	a picture of her	No Exit	C
a5OczTk7N77LtLPB	Squirrel Nut Zippers	Low Down Man	Perennial Favorites
a5r8cd6niEy3pDzq	Steven Universe	Something Entirely New	Steven Universe, Vol. 1 (Original Soundtrack)
a6117Ta4k25MTxjx	William Basinski	dlp 1.1	The Disintegration Loops (Remastered)
a6ZpHMC1YYPAUhrv	Tindersticks	Were We Once Lovers?	The Waiting Room
a6ukZifuQVAkirmV	Becky G	Zoomin' Zoomin'	Play It Again
a77EZ0G4JemYTsro	What So Not	High You Are	High You Are (Remixes)
a7el3DDxBUumFVIe	Gloria Estefan	One Day at a Time	One Day at a Time (From the Netflix Original Series)
a81gFgpx06hK2GHp	Blue Öyster Cult	Cities on Flame with Rock and Roll	Blue Oyster Cult
a8QnY3CWASBBBkgN	The Black Angels	Bad Vibrations	Phosphene Dream
a8qtyk3XPlzIyJLC	Zeca Baleiro	Heavy Metal Do Senhor	Top Hits
a8xJOuJDOIe1eke2	Theory of a Deadman	Drown	Savages
aA4XDBKkg9IQ8w50	Rednex	Wish You Were Here	Sex & Violins
aAQidhsBRTe4Rrto	John Grant	Grey Tickles, Black Pressure	Grey Tickles, Black Pressure
aAvkM3uOOTQv2cm4	Funkadelic	Let's Make It Last	Cosmic Slop
aB5MGbb1KGWRgl2N	Morphine	Empty Box	Live At The Warfield 1997
aBL0ON8XwEg2utpJ	Silvana Imam	Tänd Alla Ljus	Jag Dör För Dig
aBowCbxF6RkH9dEa	Cailee Rae	It's on You	It's on You
aC84ymdCxIKd6pW3	Ten Foot Pole	Scars	Setlist
aCMjR0vM29ooJ5uV	Pavement	Platform Blues	Terror Twilight
aCO73NIyjc2L2Xem	Human Tetris	Warm Memory	Memorabilia
aCUiFnWxPVX1hRuz	James Blunt	Love Me Better	Love Me Better
aCixcmcrBASu2gzT	Teleradio Donoso	Eras mi persona favorita	Gran Santiago
aCpAz7Mm9EZjXKfK	Tori Amos	Sugar - Live	To Venus And Back
aD1VdAWXO2sE8vxg	A Perfect Circle	Thinking of You	Mer De Noms
aDTtWVDnhhouXcWp	Limp Bizkit	Why	Gold Cobra (Deluxe)
aEchp8v0yA0FtIvx	Vast	Lost	Nude
aEiRVX9CqdqoYi3n	Women	Penal Colony	Public Strain
aFJPTi9uPnCcCdjY	Ramin Djawadi	Blood of the Dragon	Game Of Thrones: Season 5 (Music from the HBO Series)
aFoWokJODNSCHlro	My Morning Jacket	Victory Dance	Circuital
aFuj6IbQXYMvKV0g	Bambara	Dark Circles	Shadow on Everything
aGL0Ks0Y23HwAHjs	Black Veil Brides	Sweet Blasphemy	We Stitch These Wounds
aGc4BpRD7USo9Wjz	Melanie C	Understand	This Time
aGenGqyAioKQzm71	Wolfmother	Dimension	Wolfmother
aGf4DOFlGPDJdbKz	The Pogues	Dirty Old Town	Rum Sodomy & The Lash (Expanded)
aH1chdvjw95c4Ryt	Matthew Dear	What You Don't Know	Bunny
aHC0wLnfqzNDKfXq	Dua Lipa & BLACKPINK	Kiss and Make Up	Dua Lipa (Complete Edition)
aHItERfW7uqMixLw	Always Never	It's Over	It's Over
aHe8LNDwkAZVz4hv	Imagine Dragons	Battle Cry	Smoke + Mirrors (Deluxe)
aI7Q3mrQFMBoyPjh	Lady Pank	Zostawcie Titanica	Tacy Sami
aIHkRpvDISfojoSC	Hot Flash Heat Wave	Glo Ride	Glo Ride
aIfXZE9pyNZEvVPM	Gradur	Terrasser	L'homme au bob
aJKazDWkBw3hCtdY	Liverpool Express	You Are My Love	Tracks
aJTG9Juq6TPXAn1I	My Morning Jacket	I'm Amazed	Evil Urges
aJpJRGGCpxjnd9uJ	NCT DREAM	덩크슛 (Dunk Shot)	The First - The 1st Single Album
aKI4n02KJsrClkBa	R.E.M.	(Don't Go Back to) Rockville	Reckoning
aKMJnMJhmDppXRKQ	Crystal Castles	Ornament	Amnesty (I)
aKntDDowLlErakhZ	Threshold	Hollow	Dead Reckoning [Expanded Edition]
aLvxWFUG2iTvVdEB	Indochine	Kimono dans l'ambulance	13
aM1ZylFgbEbPhp2J	Natiruts	Groove Bom	Natiruts Acústico no Rio de Janeiro
aM6lNuipz7wQ14vx	Canserbero	Pensando en Ti	Vida
aMuGWbGYJL3st6GC	Ween	Tried And True	Quebec
aP6UiMYSNiXkYrPM	Jamiroquai	Love Foolosophy	A funk odyssey
aPGEFVR3wfeLWgA8	City and Colour	Death's Song	The Hurry and the Harm
aQIoH8pOP8OsaxcC	The Kooks	Junk of the Heart (Happy)	Junk Of The Heart
aQSASn7RGl5BNB1a	Placebo	36 Degrees	Placebo
aQtUa94cM9h8Jb4g	Brent Faiyaz	Poison	Poison
aQuqy0i8EHfHPmOe	Xiu Xiu	Hello From Eau Claire	The Air Force
aR0wo7I5yDjrpid9	Lazerhawk	Overdrive	Redline
aRCGx4nhV5PviN9S	Depeche Mode	Halo - 2006 Remastered Version	Violator (2006 Remastered Edition)
aRN83J2U5Rm9oSvg	Primus	Professor Nutbutter's House Of Treats	Tales From The Punchbowl
aRUvABrOeGztnPXz	Homeshake	Cash Is Money	In the Shower
aRdz1ELD4wD8s8DX	Red Hot Chili Peppers	Naked in the Rain	Blood Sugar Sex Magik (Deluxe Edition)
aRg4LxwmC7yvhYji	Pantera	Slaughtered	Far Beyond Driven
aThnNfVlc9IWCFd9	Yeah Yeah Yeahs	Dragon Queen	It's Blitz!
aU9WaAPSeOF83CkN	King Gizzard & The Lizard Wizard	The Fourth Colour	Polygondwanaland
aUbD6C3U0E8e4t3t	Matanza	O Bebum Acabado	Odiosa Natureza Humana
aUzEAFfkaenUIZyG	Portico Quartet	Knee-Deep in the North Sea	Knee-Deep In the North Sea
aVHznuhucfKdV3BY	Story of the Year	Miracle	Wolves
aVXgBl00M7PFpRWh	Vistas	Calm	Calm
aW8rSML6wUSrZyMt	Bon Iver	00000 Million	22, A Million
aWkKbJ0uZ3rvCXYR	Moxiie	FVRS	Fvrs
aWqOLbdKQVy7fMGx	especia	L'elisir d'amore	GUSTO
aX8BTfDuZV4SzyW0	Luis Fonsi	Sola	Sola
aXsCVzcs27GoblcA	Luca Schreiner	Over You	Over You
aYEaTM5ZcdDu7h2N	Elliott Smith	No Name No. 5	Either/Or
aZLdLKFzw3qwAyri	The xx	VCR	xx
aZQqgibQmvEDIxZa	In Flames	Free Fall	Reroute to Remain (Reissue 2014)
aZrvQTMg7rCXR9Mx	The Dumplings	Oddychasz	Sea You Later (Edycja Specjalna)
aava9gRPcQ7mO6A3	Dark Tranquillity	One Thought	Character
abYcacgA2sm0daCN	Jill Scott	Watching Me	Who Is Jill Scott? - Words and Sounds, Vol. 1
abvAmtUQR8Y6wkip	Beto Guedes	Nascente	The Essential
abvIaI26YYhHPVwm	Pantera	The Badge	The Crow Original Motion Picture Soundtrack
accjhFQnHg1gZwQs	Pond	Goodnight P.C.C.	Tasmania
aceXMM0MhtZEMp9J	The Antlers	Epilogue	Hospice
acfOFFvtMHnkfqSG	The Monkees	A Little Bit Me a Little Bit You	The Best Of The Monkees
acjhg2hVGkR27zLX	Spiritualized	Always Forgetting With You (The Bridge Song)	The Space Project
ad0fOnpjwvGhtLqm	Gwen Stefani	What You Waiting For?	Love Angel Music Baby
ae4gTp2329gBuzdd	Sufjan Stevens	Lonely Man of Winter	Lonely Man of Winter
aeyhSNlz7VfE6wBP	Marduk	The Black...	Dark Endless
afmSDk2caOd8CCfx	B*Witched	Rollercoaster	C'est la Vie: The Collection
ag7wQWpT7m7tqyCl	Laura Jane Grace & the Devouring Mothers	Apocalypse Now (& Later)	Bought to Rot
ag8ZUUnjQRaX6eCx	Motorama	Sometimes	Calendar
agF7GNHr5zQChv9b	Jordin Sparks	Young and in Love	Jordin Sparks
agJzBRCgZxsHMFe1	Pinhani	Ne Güzel Güldün	Zaman Beklemez
agQRGRGsrciJHywA	Pallbearer	Heartless	Heartless
ah4k9wIAii5ZYefA	AFI	The Lost Souls	The Art Of Drowning
ahG5rLCZkoeswOyr	Muse	Escape	Showbiz
ahs9pXb2YTj5hx29	Billie Holiday	Good Morning Heartache	The Lady Sings
ai9RiaIwL4heOeyG	Whirr	Junebouvier	Pipe Dreams
aiTcinX9660OVlG3	Imaginary Future	I Knew This Would Be Love	Fire Escape
aiYjIzQKIlo90ddq	Placebo	Brick Shithouse	Without You I'm Nothing
aiitiMQSSlvJDqpD	Owen	Empty Bottle	The King of Whys
aiqSAbP4IMaOvHxj	Rise Against	Broken Mirrors	Endgame
ajY2DyuWBZwq1ljE	Modern Baseball	Re-Done	Sports
ajugVzaPifYPebiB	Cutting Crew	I've Been In Love Before	The Best Of Cutting Crew
ak6x8Hu0EPXMaNA5	Black Marble	Limitations	A Different Arrangement
ak9tLVJdRicqd54g	Drowning Pool	Regret	Drowning Pool
akCadU3h1HTA4D2T	The Blaze	Opening	DANCEHALL
akyl6Y3wuZVxWvvZ	Eminem	Yellow Brick Road	Encore
alKUXvCYBFzkFXxV	Ronan Keating	Life Is a Rollercoaster	Ronan
alLiFpkto84bTls1	Radiohead	Glass Eyes	A Moon Shaped Pool
amfj6mY9IDwjljuT	Ween	The Mollusk	The Mollusk
an1sxulm4vBcc5az	Testament	The New Order	The New Order
angkRVGHTyMrz6I0	The Strokes	Hard to Explain	Is This It
apIpt4mxGncZKNSv	The Beach	Bite My Tongue	Bite My Tongue
apKie7ES4VWZn0ix	The Birthday Party	The Friend Catcher	Hee Haw
apiiHI5RubJLhV7m	Birdy	Standing in the Way of the Light	Fire Within
aqNG1JrdAABhxBrA	Flávio Venturini	Espanhola	Bis - Flavio Venturini
aqf3MfFiPlMsoNdC	Sandy & Junior	Love Never Fails	Sandy & Junior
ar5wWQPVWasoHI9C	lil tjay	Brothers	Brothers
arFact5frY7Il4l3	Mylène Farmer	Sans Logique	Ainsi Soit Je
at8RA9hndRumOFQD	Etta James	If I Can't Have You	At Last!
atOPJOcBxoTaNZAK	London Grammar	Strong	If You Wait
atbVc1L7CNJTbM14	Myrath	Through Your Eyes	Legacy
atbhcVg8HAYhGrnx	Sitcom	Still Life	Be the One You Love
atdFGYF4KsvFap5z	New Order	We All Stand	Power, Corruption & Lies
athZShpJEYgE5Dqx	Arch Enemy	Stolen Life	War Eternal
ausIejFCXCHSe3mn	Angra	Lullaby for Lucifer	Holy Land
avNXrFuXcjRVyDVO	The Raveonettes	She Owns the Streets	Observator
avTefuLjqVTOchyR	Brooks & Dunn	Brand New Man	Reboot
avqg3c2IqMZN6nas	Pentagram	You're Lost, I'm Free	Relentless
avvaMT48CG8kcJ5m	TV on the Radio	Ambulance	Desperate Youth, Blood Thirsty Babes
awEmTXDvAQ1bkwbw	Panic! at the Disco	Nine in the Afternoon	Pretty. Odd.
awu3Sk6GcajXpgKo	Blondie	Maria	Blondie 4(0)-Ever: Greatest Hits Deluxe Redux / Ghosts Of Download
awz8VZr24UlrPQu3	Breaking Benjamin	Dark	Dark Before Dawn
axubrXOqsop1FpkW	Oceans Ate Alaska	Entity	Lost Isles
axvpCJsqDIBG7164	Wanessa	De Férias Com O Ex	De Férias Com o Ex
ayH8E72NTuOu1SPE	Tori Amos	Professional Widow - Armand's Star Trunk Funk Mix	A Tori Amos Collection: Tales Of A Librarian
ayscvFYQiw8A9qL6	BTOB	Way Back Home	I Mean
az0tkpW6rJUzES6I	Anathema	Wildfires	The Optimist
azLOHkh51WAbtzRa	Sophie Ellis-Bextor	Runaway Daydreamer	Wanderlust
azsUSW5ji21khs0S	Everything But the Girl	Downhill Racer	Temperamental (Deluxe Edition)
b06N3VdGxGtqNJpe	Marco Mengoni	Mille lire	Atlantico
b0ZircMC00oin2og	Vagabon	Minneapolis	Infinite Worlds
b15HwJMw75Oti8qV	Ea Kaya	4 AM	4 AM
b1EmQGbIP5iA7b77	Humberto Gessinger	Tudo Está Parado	Insular
b1FMg1NFyfjPm7dn	Deep Purple	Demon's Eye	A Fire in the Sky
b1FOyCr8Futqw0lf	Dixie Chicks	Baby Hold On	Taking The Long Way
b1gYQ76OfuIJDx4D	Wardruna	Løyndomsriss	Runaljod – gap var Ginnunga
b1zUVHW2rTsC0niU	The Police	Canary In A Coalmine	Zenyatta Mondatta (Remastered 2003)
b2IercF7lOU1dj4f	Lapalux	Sum body	Lustmore
b2d2F0KkUlAWna5t	Trespassers William	Lie in the Sound	Music From The WB Television Series One Tree Hill (change in 1 track bundle status)
b35FyntYBrV84iaN	Los Hermanos	O Pouco Que Sobrou	Box Los Hermanos
b480cZP9cTdB8T12	Fernanda Abreu	Speed Racer	Sla Radical Dance Disco Club
b4AlyvmSpX8EKBtX	Melanie C	Here It Comes Again	Reason
b4GbTZpgeOIE32k0	Jennifer Lopez	Feel The Light	"Feel The Light (From The ""Home"" Soundtrack)"
b58NG6ZlayiJZflq	Mountain Man	Window	Magic Ship
b6GvzyVKuN6hPCcg	The Rolling Stones	Shine a Light	Exile On Main Street (2010 Re-Mastered)
b6pUONQ1cQW50iMp	Brian Culbertson	On My Mind	Secrets
b7B9HWNmMTN5h2hZ	Titãs	Disneylândia	84 94 - Volume 1
b8Jb95SRVnl7DL7v	Xiu Xiu	Hives Hives	Knife Play
b8g7a7SBTTU1EDDz	Teen Suicide	lonely boy goes to a rave	dc snuff film / waste yrself
b8oIPzxrJUZkeXhS	Sleater-Kinney	Stay Where You Are	Call the Doctor (Remastered)
b8qdr9JEkvClBKB7	Brandy	Almost Doesn't Count	Never Say Never
b8qlPORztQLRaoPl	Unearth	Incinerate	Extinction(s)
b8rSxomJMbzjH1QM	The Band Perry	Hip to My Heart	The Band Perry
b8sfXTZOsfAAa4AN	Metallica	Sad but True	Metallica
b92O1HDFfA7MKEqA	Peter Gabriel	Kiss Of Life	Peter Gabriel 4: Security (Remastered Version)
b94gCxshy0dXbZoA	Touché Amoré	Sesame	Parting the Sea Between Brightness and Me
b9AQbQu1Gx9jchbd	Ponto de Equilíbrio	Árvore do Reggae	Reggae a Vida Com Amor
b9kmI9TuST3JDKzv	The Vaccines	No Hope	Come of Age (Deluxe Version)
bAGXPZfeQaHMpURx	Running Wild	Preacher	Gates to Purgatory
bAl6GqgGi7fFZqU6	The Dear Hunter	Red Hands	Act II: The Meaning of, And All Things Regarding Ms. Leading
bB0eeg7XN1TEjNrE	Elliphant	Love Me Badder	Living Life Golden
bBgjksPVwpGiRKGr	Blue Lagoon	Break My Stride	Club Lagoon
bBm6R74Occ0T9WFv	Flume	Change	Flume: Deluxe Edition
bBquA6LRnsrO0Orj	Trivium	Kirisute Gomen	Shogun (Special Edition)
bCKvKdnDqolBYsE1	Janet Jackson	Alright	Best Of Number Ones
bDImq3tOXw447l4o	Vulfpeck	Soft Parade	Hill Climber
bDb6BHAZBiOswRXL	Phoebe Bridgers	Motion Sickness	Stranger in the Alps
bDcDcHWitglRzpjs	Katatonia	Teargas	Sanctitude
bDmecyTaV0HUL74I	Alizée	Jeune fille	Gourmandises
bEvqT5kD0osBlAwd	Papa Roach	Reckless	The Paramour Sessions
bFOJfWoxOjDW4XlV	Red	Faceless	Until We Have Faces
bFfPn9KwgSd09j8b	Porno for Pyros	Tahitian Moon	Good God's Urge
bGIPmBYilP8udbgg	The Adicts	Angel	27
bGJ1fPLmmLZElMwP	Len	Steal My Sunshine	You Can't Stop The Bum Rush
bGOsJLprj3lrJs1X	Leprous	Chronic	Coal
bGl7grA0FI4vR4R5	As I Lay Dying	The Plague	The Powerless Rise
bGntq2M7i3og37wz	Mika	Big Girl (You Are Beautiful)	Life in Cartoon Motion
bHHxTEIjL3PuReYE	Bish	Help!!	プロミスザスター
bHJlWxI4J5w3CN2D	Ozzy Osbourne	Diary of a Madman	Diary Of A Madman
bHhyWHrpLNSK7CCC	Eisley	The Valley	The Valley (Deluxe)
bIM5Q201HcVYT3PK	Andrew McMahon in the Wilderness	Monday Flowers	Upside Down Flowers
bJXqTWW3IhEc1QRe	Matthew Good	Weapon	Avalanche
bJbd5isjj4wqId0B	The Smashing Pumpkins	Eye	(Rotten Apples) The Smashing Pumpkins Greatest Hits
bJmutNf4pJb3JNJ9	Iggy Pop	Real Wild Child	Blah-Blah-Blah
bKLAO03gUUZ1rfT4	SoBs	Eastbound	Telltale Signs
bKU8R1YmN96mDFKs	Ainulindalë	A Year Of Silence	Whom the Moon a Nightsong Sings
bKxJHUbk5MmT4UqK	Goldmund	Threnody	The Malady Of Elegance
bLmTpCdQ2pvzsb6l	The Cure	Strange Attraction	Wild Mood Swings
bMY5UhoJzK554rK8	TransViolet	Future	Future
bMmqOt28D3vYEnSU	BTOB	Color Your Days	Remember that
bN5ba7NPC3zGyI6e	The Strokes	Tap Out	Comedown Machine
bN9egN6fJRxGWe4C	Little Simz	Sherbet Sunset	GREY Area
bOI4UsGCA3FhjMRH	Ladytron	Cska Sofia	604
bOYCcpbUP5L6fzh3	Jagged Edge	Let's Get Married	J.E. Heartbreak
bOgcWhux4B9dVecb	Cocteau Twins	Smile	Lullabies To Violaine - Volume 2
bOw9ut5CxATBFXzm	Stars	Hold on When You Get Love and Let Go When You Give It	The North
bPYhJWYCPySRkHKC	Mogwai	Stanley Kubrick	Ep+6
bPdK3pYsPQvRaTf4	God Is An Astronaut	Route 666	The End of the Beginning (2011 Remastered Edition)
bPsteBFRiBgUi5tH	Beyoncé	Best Thing I Never Had	4
bQ73YjpQvHdreWOe	Taylor Swift	Out Of The Woods - Karaoke Version	Taylor Swift Karaoke: 1989
bQuFUmXyiMRof0KO	Sandy e Junior	Em Cada Sonho (O Amor Feito Flecha)	Era Uma Vez... (Live)
bQvewFp4galdxvFq	The Go-Go's	You Can't Walk In Your Sleep (If You Can't Sleep)	Beauty And The Beat
bQz00TdWrcSsbZOd	Depeche Mode	Condemnation	Songs Of Faith And Devotion (2006 Remastered Edition)
bR7sn2qJU5j5irG5	Greeicy	Error	Error
bRF8pBKpzCRAsn6t	Engelbert Humperdinck	Release Me	Release Me
bRfjJJUAMnmoNHGh	Alan Jackson	Livin' On Love	34 Number Ones
bRrNAKvE5CreT3GG	Jack Johnson	The News	Brushfire Fairytales (Remastered) [Bonus Version]
bSPICnBZJQyZ8E4x	OBK	La vida duele	20 - Nuevas versiones singles 1991/2011
bSkN1CylTQ1mc0S7	Matt and Kim	Daylight	Grand
bT75PhG3NdF7PZ1W	Paolo Nutini	Someone Like You	Caustic Love
bTZAQWb0rLzftxrJ	Kamelot	Under Grey Skies	Haven
bTcxdTd00Ed7eFgw	Placebo	Where Is My Mind? (Xfm live version)	Covers
bU8ldLxKSMFmkJdT	Talking Heads	Uh-Oh, Love Comes to Town	Talking Heads 77 (Deluxe Version)
bUwq9R146ZWcAK3u	El Ten Eleven	My Only Swerving	El Ten Eleven
bVGPPAanYoqw1ElE	ATB	Long Way Home	Addicted to Music
bVLvgquuk6mwc1Zp	Alejandro Sanz	Tiene Que Ser Pecado	El alma al aire Edicion 2006
bVkNV9YcmvfE2x2d	Night Club	Survive	Scary World
bVxU4bkXQcooOUxF	Yves Montand	Les feuilles mortes	Chante Prevert
bWKX11QKBmnybgKC	Nicks Vieira	POXA CRUSH	Poxa Crush
bWWdx7UWIoiACEdg	Oskar Linnros	25	Vilja Bli
bWpIS4YhMBK5KxjL	Against the Current	Fireproof	Gravity
bWuofLm0XpcWnEnS	Anacondaz	Рокстар	Выходи за меня
bX5M3qUMGBUjjMqT	Yung Bans	Out	Yung Bans Vol. 2
bXEQUkwhMeCgyAUs	Powerwolf	Fire & Forgive	The Sacrament Of Sin
bXKybqsyy7KDlYtN	Filipe Ret	Os Deuses Me Chamam	Vivaz
bXUtXEansZmn31Bl	Elvis Presley	Reconsider Baby	Elvis Is Back
bY10EPWCJ9dl6baS	September	Ricochet	Love CPR
bY1z9WCAB0ymqD22	Neil Diamond	Girl, You'll Be a Woman Soon	The Bang Years 1966-1968 (The 23 Original Mono Recordings)
bYIE2wsyipy49tFj	Black Box Recorder	The Facts of Life	Life is Unfair
bYqZW9G7sBuJXwUa	I Am King	Impossible	Impossible
bYvzL9r2329xog6m	Lionel Richie	Truly	Lionel Richie
bZOe91GTFbo16Eqh	Johari	Void	Terra
baMIxwzJb7u5qTLN	Malevolent Creation	Remnants Of Withered Decay	The Ten Commandments
baN3c1PKr6M9Vb6Z	Incubus	Stellar	Make Yourself
bbI3jFRHtMWPKwJo	Lori Meyers	Alta Fidelidad	20 Años, 21 Canciones
bbVpQclTUoGuvvP0	Zayn	Talk to Me	Icarus Falls
bbqpHOxoSblhGnX6	Tim Hecker	Shipyards of La Ceiba	Radio Amor
bcXs6aKaTCvO33i9	Burial	Wounder	Burial
bcezPilJO8OYJLdW	Mili	Ga1ahad and Scientific Witchery	Miracle Milk
bcfXyBVTHa8cK1Gi	Silverchair	Steam Will Rise	Neon Ballroom
bcfmgB53YEYuYVyY	The Chariot	And	Et Tu, Brute ?
bdw1UJJiVDwzWxTA	Love And Rockets	No New Tale to Tell	Earth Sun Moon
be5ULvKwfaKpUOA3	Belchior	Voz da América	Belchior - iCollection
beG9rSyZQEchmGPZ	Taylor Swift	Drops Of Jupiter (Live)	Speak Now World Tour Live
beYu2TN89KrdfD2x	Xandria	Keep My Secret Well	Ravenheart
beufDWK6CE4eDuD0	Danny Kaye	Wonderful Copenhagen	Danny Kaye Sings Selections From The Samuel Goldwyn Technicolor Production Hans Christian Andersen (Original Motion Picture Soundtrack)
bfAJnlVNbnSeVHK7	Dagny	Love You Like That	Love You Like That
bfIPnBrrD16nvc0h	Finch	Project Mayhem	What It Is To Burn
bfZ29kKH6bnC6TaU	Sara Bareilles	Beautiful Girl	Beautiful Girl
bffvNF2nWIRx5BWs	Emancipator	Merlion	Dusk to Dawn
bfrMWPVsRglKR83D	The Shins	Young Pilgrims	Chutes Too Narrow
bh015Iz4RVf1KBWQ	Tyler, the Creator	Deathcamp	Cherry Bomb
bh2cTu0WT4xkT7Bf	Battle Beast	Endless Summer	No More Hollywood Endings
bhC2irBn6eOqLnqY	SE7EN	Scared	SCARED
bhTLRMfKnCUFzExH	David Bowie	The Man Who Sold the World	The Man Who Sold The World (2015 Remastered Version)
bhUzZjcw4Ja2yPfU	PJ Harvey	All and Everyone	Let England Shake
bi878sdqYHuvH8kB	Ray Charles	Unchain My Heart	Love To Hate
biFqaKzSGxmYyfgX	Grimes	Kill v. Maim	Art Angels
bjOD9cPE8aINcfxK	The Score	Under The Pressure	Pressure
bkDQIyAFj2CIiL8r	Preta Gil	Cheia de Desejo	Todas as Cores
bkWIzj3kIoGXyBZz	Paul McCartney	How Kind of You	Chaos And Creation In The Backyard
blZ9zSQBqOMxcPhN	Vanessa Carlton	Hear the Bells	Hear The Bells
bmGCAfAjJGc5HG0r	A Day to Remember	I Remember	What Separates Me From You
bmUo44WgvLNmEOoG	Ximena Sariñana	La vida no es fácil	No todo lo puedes dar
bnOxKlH33gGRva6m	Green Day	Waiting	Warning
bnnkS6qAnxJlz8VJ	The Mission	Bridges Burning	Gods Own Medicine
bnomEQbVPsiOUMbs	Audiomachine	So Say We All	Volturnus
bo5vKAMfEMFmj4IF	Spice Girls	Walk Of Life	Too Much
boEUnEUEkZ9N0Bcu	Donna Summer	Once Upon a Time	Once Upon A Time
boLtFF3Jejg1Pm5q	Dio	Rainbow in the Dark	Holy Diver
boQoVaKvCyKOjpbk	MARUV	No Love	Black Water
botiD7zE4uDh9IwJ	Los Hermanos	Sapato Novo	4
bozS7S1Bd397C0iE	Selah Sue	Fear Nothing	Reason - Deluxe Edition
bq3DFXzQdCgL5Yx1	beatboxbandit	One Last Thing	Chillhop Raw Cuts 2
bqZzl4bUlrvoBWhv	Two Steps from Hell	None Shall Live	Battlecry
bqdc8C3NQUOudxWK	Carpenters	Maybe It's You	Close To You
bqhTTyfHjZm37yCv	Nicky Jam	El Amante	Fénix
bqjM8SupQNqUaPBE	Fugazi	Bed for the Scraping	Red Medicine
bqk4aDgA8YXkshM1	The Slits	Spend, Spend, Spend	Cut
br8LGoIoLZ7AXJNR	Cloakroom	Sickle Moon Blues	Time Well
brBpKsxXpkxKWOIM	The Who	My Generation - Stereo Version	My Generation
brLdKgZoZL3MFDxD	Chico Buarque	Casualmente	Caravanas
bsizTBFio63TNrJO	The Alan Parsons Project	Games People Play	The Turn Of A Friendly Card (Expanded Edition)
bt05OEJoJtVqMAlZ	Pussy Riot	Organs	xxx
btvTYZbEkPT017Tm	Mogwai	You're Lionel Richie	Hardcore Will Never Die, But You Will
bu12l8MrV8lV8LNK	Feels	Awful Need	Post Earth
bu1VAGtGFvEdQ4xC	The Andrews Sisters	Boogie Woogie Bugle Boy	20th Century Masters: Best Of The Andrews Sisters (The Millennium Collection)
buHeO5K8Osr4o2xQ	EXID	Think About	HIPPITY HOP
buL8XwkXo77c2rgc	Robin Schulz	Show Me Love	SUGAR
buj0BUAyzLrx5hGN	Enrique Iglesias	Rhythm Divine	Enrique
bvLm90ppTqGEo6e9	Patrice Rushen	Remind Me	Straight From The Heart
bvQOW9z5bt67w4i7	Neneh Cherry	Black Monday	Broken Politics
bw5Mrk31wgy8PikG	The Swell Season	I Have Loved You Wrong	Strict Joy (Deluxe Edition)
bwcGtV1nV8WPfuEO	Joji	yeah right	BALLADS 1
bwrsbEP5ebgcQTO7	Thin Lizzy	Massacre	'Live And Dangerous'
bwscgLmAUxV6fjer	Miranda Lambert	Dry Town	Crazy Ex-Girlfriend
bwzZkvE0ihEkS0UE	Miami Horror	Dark Love	The Shapes
bxDwTve1BPQ32mGN	Móveis Coloniais de Acaju	Bem Natural	C_MPL_TE
bxV5qfy1L4hXsKxT	Autopsy	Embalmed	Severed Survival
bxdnwFPMNVQYHPWo	The Kills	Monkey 23	Keep On Your Mean Side
bxk6WOp7BpL0wppg	Bombay Bicycle Club	Swansea	Flaws
byXORiSPZADaSCxL	John Williams	Ahch-To Island	Star Wars: The Last Jedi (Original Motion Picture Soundtrack)
byZ4FrDQ0vQ82QBX	AOA	With Elvis	AOA 1st Album ANGEL'S KNOCK
bypsB2K6ADXUTBfl	Chelsea Wolfe	Static Hum	Hiss Spun
bz6QqJ0JTB1oHkOV	G.R.L.	Don't Talk About Love	G.R.L.
bzHwDeJj9UjIcofm	Sleaford Mods	When You Come up To Me	Eton Alive
bzKC3quTf7xliRmN	dodie	She	Human
bzqg8Cq18O1nJIiQ	Simian Mobile Disco	Hotdog	Attack Decay Sustain Release
bzyMAj2zih80Su8W	Eyes Set to Kill	Not Sorry	Eyes Set To Kill
c0DOx4e1YPc1Gdhn	Mac Miller	ROS	GO:OD AM
c0QsAKW6CrKULjVQ	lil skies	Boss Up	Life of a Dark Rose
c0VQUnEe2miJhKSn	CupcakKe	Mistress	Audacious
c0oTPqvKZKkIyvkx	Ladytron	Deep Blue	Velocifero
c1NfTE4ELlK56buS	Jóhann Jóhannsson	Transmutation At A Distance	Arrival (Original Motion Picture Soundtrack)
c1RfCbcaU8UjIl5C	Mr.Kitty	XIII	Time
c1U1QpDeVb5657Jb	Björk	An Echo a Stain	Vespertine (US Internet Release)
c1VjMYXO17ZsIoPx	Jennifer Lopez	I'm Real (Murder Remix)	J.Lo
c2TVWgfugYp9lHcR	Korn	Everything Falls Apart	The Serenity of Suffering
c2fPDlCAAF6AK7sq	Systema Solar	Yo Voy Ganao	La Revancha del Burro
c2ver6lYpL1yWUI9	The Getaway Plan	Where The City Meets The Sea	Other Voices, Other Rooms
c31h1TkpfspcVM0N	Cock Sparrer	England Belongs to Me	Shock Troops
c3pVu5Vh7lXpomUr	Banda Neira	Yang Patah Tumbuh, yang Hilang Berganti	Yang Patah Tumbuh, Yang Hilang Berganti
c3rvoc9eNmJ8bNCj	Palmy	คิดมาก	PALMY 5
c44tYj67oU0cFHe4	Os Paralamas Do Sucesso	Saber Amar	Arquivo II 1991 - 2000
c4NvI7LVw2G9lIV8	Rouge	Ragatanga (Asereje)	Rouge
c4oeRmbmqozrYQ0M	Saosin	The Stutter Says A Lot	Along The Shadow (Deluxe Edition)
c5NmembXHyw9yNxs	Thee Oh Sees	Minotaur	Floating Coffin
c5qNyFeeXepXU6Mx	Cher	Save Up All Your Tears	Love Hurts
c6xpIU8h8Tqt020P	The White Stripes	Effect and Cause	Icky Thump
c7w6n6KAUo9Psh4U	Kent	400 slag	Du & jag döden
c88PmdhhS7mXgRZQ	The Civil Wars	I've Got This Friend	Barton Hollow
c8CxxTCEAD99pd7w	Síntese	Pro que vier	Sem Cortesia (Vagando na Babilônia / Em Busca de Canaã)
c8J37j3zl9dxOzP9	Manu Gavassi	Muito Muito	Manu
c8PgsLUYYNVTQEtI	The Chemical Brothers	Star Guitar	Come With Us
c9MIKOu6DMVQmW73	Adam Green	Cigarette Burns Forever	Minor Love
c9W6h4NmedTuTQgP	The Cure	Never	Mixed Up
c9azALt30ol36Sfr	Iron Maiden	Childhood's End	Fear of the Dark (2015 - Remaster)
cAxcW63QKdgQEr6l	Dream Theater	Endless Sacrifice	Train of Thought
cB0Q4iGuS9IQ5Ido	Christina Aguilera	Here to Stay	Back To Basics
cB6Xtcs569wQnxxl	The 69 Eyes	Wasting The Dawn	Wasting The Dawn (Remastered 2006)
cBHUZNr249XTmxwL	Gold Fir	Fatal Fantasies	Fatal Fantasies
cBLLRWdFVuEX3FeJ	the GazettE	99.999	NINTH
cBbuwK42P6TivY32	The Sundays	Another Flavour	Static & Silence
cBrElDA4dxCJ3C6l	Gilberto Gil	Superhomem, A Canção	Realce
cBxt9mrvcgPWB7Ph	Paradise Lost	The Enemy	In Requiem
cCTOkAC3enFtOUMh	Gloryhammer	Angus McFife	Tales From The Kingdom Of Fife
cD7UWcobaN8mLqyb	The Byrds	Oil in My Lamp	Ballad Of Easy Rider
cDBVsXA8aI7P5QiL	Blur	Popscene	Modern Life Is Rubbish [Special Edition]
cDUDWICCP4YvwXYU	Jorja Smith	Beautiful Little Fools	Beautiful Little Fools
cDgtmqxPaNaZQeV4	Third Eye Blind	Can't Get Away	Out Of The Vein
cEAm0nZDHEs4tiXo	alt-J	Dissolve Me	An Awesome Wave
cEJHrKsbqXW3uLkT	This Mortal Coil	Waves Become Wings	It'll End In Tears (Remastered)
cEbpmBXZQ16JLcYn	Rise Against	The Dirt Whispered	Appeal To Reason
cEkzeQ2Yqmmi1NuR	Thiaguinho	Caraca, Muleke!	Outro Dia, Outra História
cEnxd5Ltx3EgedgS	Мы	Être À Moi	Ближе
cEvDgA1voE4yaxb1	Boards of Canada	Sixtyten	Music Has The Right To Children
cGLi5tm4WpRJwL8g	AFI	Totalimmortal	AFI
cH0LL6St3qiZRfaO	Little Mix	The Cure	LM5 (Deluxe)
cH1YE9vFx7jk1rfv	Between the Buried and Me	Desert of Song	The Great Misdirect
cHN1hiQQJOz93Msc	I Am Waiting for You Last Summer	Solar Wind	Edge Party
cHitdXIBiJZdPJEW	Noah and the Whale	Paradise Stars	Last Night On Earth
cHl5TI3jKBcNuuIA	Bivolt	Olha pra Mim	Bivolt no Estúdio Showlivre (Ao Vivo)
cHskexca51Qry0Tw	The Flying Burrito Brothers	Dark End Of The Street	The Gilded Palace Of Sin
cHtHcdeinkUAOF8L	Dälek	Forever Close My Eyes	From Filthy Tongue of Gods and Griots
cIR5GlaQRMsrcCMK	Inna	More Than Friends	Party Never Ends
cIskT8L3XmYmrBmS	Jamiroquai	Emergency on Planet Earth	Emergency on Planet Earth
cItkoIyGIr9LrIJS	Beirut	Elephant Gun	Elephant Gun
cJaHOM5cdGW2klUa	Tim Buckley	Love From Room 109 at The Islander (on Pacific Coast Highway)	Happy Sad
cJuKNBNeeYlQ7Vds	DJONGA	Geminiano	Heresia
cKFTcdU3JUGDWb2B	Arcade Fire	Everything Now (Todo Ya) - Remix por Bomba Estéreo	Everything Now (Todo Ya) - Remix por Bomba Estéreo
cKIYRmQBNTGxx8er	Big Time Rush	Show Me	Elevate
cKSvVxApROAbGJRx	Bryce Vine	Sour Patch Kids	Lazy Fair
cLg3AIgxxlI1U0sy	Thievery Corporation	Mandala	Radio Retaliation
cLkKPegusNN2b7T2	Prince	3121	3121
cMHzioKLJ3XhWhrc	Modest Mouse	Whenever You Breathe Out, I Breathe In (Positive Negative)	Building Nothing out of Something
cMXaDXpguB78WKz4	Teenage Cool Kids	landlocked state	Denton After Sunset
cNQFW3pirJTrHbQY	Morrissey	First of the Gang to Die	You Are the Quarry
cNTb3CpXBs0mvUC3	Jota Quest	Palavras De Um Futuro Bom	Jota Quest Quinze
cNylkOoSfpQ0Nnax	Townes Van Zandt	For The Sake of The Song	Townes Van Zandt
cOTFYq3WJs2aamwL	Dot Hacker	Floating Up The Stairs	How's Your Process? (Work)
cOWHM7Mdr9hqTYp8	Chelsea Wolfe	Fang	The Grime And The Glow
cPa09lVKwJ1DNaA7	Hanson	Dancin' In The Wind	Underneath
cPkE9eyJLx6GBoL2	Katatonia	Stalemate	Discouraged Ones
cQ0zoRvoRgcnzEjR	Leathermouth	5th Period Massacre	XO
cQ290rikR8d5JKMs	Márcio Greyck	Impossível Acreditar Que Perdi Você	O Mais Importante
cQ2962d0RaXKUsCN	Katharine McPhee	Everywhere I Go	Katharine McPhee
cQQ53HScKnKwPW2k	Xuxa	Feliz	Xegundo Xou da Xuxa
cQsZfwVrJQcFDRbT	TAEMIN	Love	MOVE - The 2nd Album
cQshYcYPsUiNA7Tp	Mýa	Fallen	Moodring
cQu2iSKTkfzWu3qe	Linkin Park	Rnw@y	Reanimation
cRFIidG8QXsT3ZuD	The Killers	Heart of a Girl	Battle Born
cRZcFdDKBzLxQwtG	Beyond Creation	Social Disability	The Aura
cRbAoi8NLm9rrnlZ	Hands Like Houses	No Parallels	Unimagine
cRdN7qxblxmiwGba	Drag Me Out	I'm Sorry	I'm Sorry
cS31IowR78ysCs7E	Brand New	The No Seatbelt Song	Your Favorite Weapon
cSJ3rv6DiHqyBJot	Caesars	Jerk It Out	Love For The Streets
cT5V6t1fbrGBBVLa	Empyrium	Der Nix	Weiland
cTKycnG91soC0EQP	Elton John	Bitter Fingers	Captain Fantastic And The Brown Dirt Cowboy
cTR9zROwHv8WuPDb	Gustavo Cerati	La excepción	La Excepción
cTvlGd7IXjcUxW09	Dishwalla	Until I Wake Up	And You Think You Know What Life's About
cUNaYKXkpKqYKVf7	Hooverphonic	Eden	Blue Wonder Power Milk
cUT2zCZ1hBxr9H0z	Mount Kimbie	Before I Move Off	Crooks & Lovers
cUaqk07LqH7mddcu	Aly & AJ	Speak for Myself	Into The Rush
cV2axTtnrRZsQKSw	Hatari	Ódýr	Neysluvara - EP
cVMgVJIpEkhFiQlR	Azealia Banks	Idle Delilah	Broke with Expensive Taste
cVYwfz0gxp4WGbz4	Thrice	Cold Cash And Cold Hearts	The Artist In The Ambulance
cXObHyfRP9zXpzul	Lisa	Empty MERMAiD	LiSA Best (Day)
cXTVGLCOksWefM7q	Tori Kelly	Falling Slow	Unbreakable Smile
cXimRhwBB8HEPiE4	Milton Nascimento	Olho d'água	Clube Da Esquina 2
cXxuXZwzAetR1tDQ	Avenged Sevenfold	Save Me	Nightmare
cYboSOMMLKKWXrn0	Mark Ronson	Daffodils	Uptown Special
cZ8e4ORu3ST8sM0I	Sparklehorse	Someday I Will Treat You Good	Vivadixiesubmarinetransmissionplot
cZXcA0XJNGeXkzgu	Billy Joel	Only the Good Die Young	The Stranger (Legacy Edition)
cZxw2bGGvryL8kB8	Pacificadores	Eu queria mudar	Pacificadores 2
caWnywsQKdyH9BmU	Chico Buarque	Querido Diário	The Essential Chico Buarque
cavk0sXOTxs3FLJk	Cólera	Direitos Humanos	Pela Paz em Todo Mundo
cciNyHBq9rkjKLyy	Baleia	Hiato	Atlas
cd2mZcSgcOnNNMpB	LUNA SEA	BELIEVE	EDEN
cd6olQ8uvmtJq3C4	Sia	Moon	Colour The Small One
cdlDm0Ljwooja2H9	Elvis Depressedly	Big Break	New Alhambra
cdp2w9xlOKFj02pH	Autechre	Altibzz	Quaristice
cdrlQKi8EptnYz7f	Marília Mendonça	A Gente Não Tá Junto - Ao Vivo	Realidade - Ao Vivo Em Manaus
cdtYnXLkjKctKcZz	Miami Sound Machine	Words Get In The Way	Primitive Love
ceHoFk2UITZ172aw	Noisia	Collider	Outer Edges
ceMurvtSAArJ0yAA	The Birthday Massacre	Promise Me	Nothing And Nowhere
ceXwFzD28XT3KHwP	Kylie Minogue	Never Too Late	Step Back in Time: The Definitive Collection
cecbkoxOOnVb2ZJ9	Wanna One	Awake!	1¹¹=1 (POWER OF DESTINY)
cf6sJ8Tl2Co4BtzM	Imagine Dragons	Summer	Smoke + Mirrors (Deluxe)
cfX4i7whBCN74mup	Miley Cyrus	On My Own	Bangerz (Deluxe Version)
cfa1O9W6VdSgQyhw	XXXTentacion	What Are You So Afraid Of	SKINS
cfiDkgCBCwzQWOYt	Sparks	Thank God It's Not Christmas	Kimono My House
cfnCDKI8VbHs2jd9	The Damned	Feel the Pain	Damned Damned Damned
cgKjyAYHpM5QoXSd	Conor Maynard	Can't Say No	Contrast
ciiX4dklkSIbwmqg	Rome	L'Assassin	Nos Chants Perdus
cj0qWQxGkV9zaMRi	Cate le Bon	Find Me	Crab Day
cjNWhVdO6mb2H3dX	3 Doors Down	Be Somebody	Seventeen Days
cjYyE8UAC9o9oPfm	Falamansa	Xote dos Milagres	Deixa Entrar...
ckBvgQf8v5qLUuYo	Helios	The Toy Garden	Eingya
ckVFnF7AkRKT9Iip	XTC	Grass	Skylarking
ckaKt1njaJekt91k	Josh Gad	In Summer	Frozen (Original Motion Picture Soundtrack / Deluxe Edition)
ckwv1SbW0SEktBLn	Nils Frahm	Ode	Solo
cl1d5Fr8rliarHpy	Alanis Morissette	Crazy (James Michael Mix)	The Collection (Standard Edition)
cldjlH1SMgV9I10R	Hans Zimmer	Davy Jones	Pirates of the Caribbean: Dead Man's Chest (Original Motion Picture Soundtrack)
cmZEB268vbVbUhGy	Spoon	Rent I Pay	Everything Hits at Once: The Best of Spoon
cmwsqSdRME6aLNYH	Junior Boys	Bits and Pieces	Begone Dull Care
cn5TczLB4jQm39AL	Hoobastank	Disappear	The Reason
cn5cIXow0ir00qNa	Whirr	Feel	Sway
cnFslNvlfALL7ZJC	Des Rocs	Used to the Darkness	Let The Vultures In
cnIfyMxPhA53V89i	Sandy e Junior	Não Dá Pra Não Pensar	Sandy & Júnior
cnP4lKPZu8jfUWHP	Frank Sinatra	Summer Wind	Strangers In The Night (Expanded Edition)
cnZGAtU1SnrKddra	Johnny Cash	All over Again	The Essential Johnny Cash
cnyZUM6yigWZ8lcW	My Bloody Valentine	Loomer	Loveless
coP1B7rV2E1ZgSqt	Dendemann	Ich dende also bin ich	da nich für!
cobqPU5dWFN2g6ky	Nickelback	If Everyone Cared	All the Right Reasons (Special Edition)
cop99EBSranLGdjs	Bloodhound Gang	Asleep at the Wheel	One Fierce Beer Coaster
cqO02dSdiVvPKzx8	Sleigh Bells	You Don't Get Me Twice	Bitter Rivals
crCZy21TXQWbFkGy	Lizzo	Worship	Coconut Oil
crFzyeqFkSb4K0TO	Andrea Bocelli	La Vie En Rose	Pasión
crrB8KOjPTgtV2ad	Motionless in White	Creatures	Creatures
crs60EtFSRAxDkzH	Nick Cave & The Bad Seeds	Death Is Not The End - 2011 Remastered Version	Murder Ballads (2011 Remastered Version)
ct7bVVlVkBhAFLYM	Owl City	Verge	Mobile Orchestra
ctZd9CAMpqy9XjVf	Paris Hilton	High Off My Love	High Off My Love
ctlsoJYATG0HAqko	Ennio Morricone	Once upon a time in America (Deborah's theme)	Ennio Morricone
cudXzRRb1vbS8Kdx	Khruangbin	Maria También	Con Todo El Mundo
cut5UFvCdLIYnXEr	Our Last Night	The Middle	The Middle
cvc9vgjLRH1He6KJ	Melvins	Zodiac	Bullhead
cvxuj49cKp4aRh4r	McFly	Love Is on the Radio	Love Is On The Radio
cwhv5CpgKslLAmUr	Luan Santana	Pra Você Lembrar de Mim	Ao Vivo
cwiZYNfqsd4SyuTA	Anitta	Fica Só Olhando	Meu Lugar
cwtOkntn5tcz5MYO	The Wrens	Happy	The Meadowlands
cwx9veaKUEzw6evL	Jamiroquai	Space Cowboy	The Return of the Space Cowboy
cx7Nqp8UVV51mYMC	St. Lucia	Gun	Hyperion
cyRMqYRBDcRleNsa	The Chameleons	Intrigue in Tangiers	What Does Anything Mean? Basically (2009 Remaster)
cyT9Tv23GrgnAcpw	Hollow Coves	We Will Run	Wanderlust
cyVqOKOMyHHkrR27	Zero 7	Out of Town	Simple Things
cyqzXkXOOKIB9zdc	Mika	Touches You	The Boy Who Knew Too Much
czGR7pTsV6UyfZyc	Darkspace	Dark 3.14	Darkspace III
czggisdgwcizxCV9	Agridoce	Ne Parle Pass	Agridoce
czvd0Ao7P0KV1uMB	India	Mi Mayor Venganza	Pura Salsa
d0MOmuVVM9KBQiiC	Lacrimosa	Alleine zu zweit	Elodia
d0aswhzYC2ZqMzud	Metallica	Enter Sandman - Live In Mexico City	Live S**t: Binge & Purge
d0cUXIetpuWjoETL	Madonna	Gang Bang	MDNA (Deluxe Version)
d1Wqi6ncXRfhEpOn	Kat DeLuna	Unstoppable	INSIDE OUT
d1fYUEnvKW7E7jVc	Raça	Um Charme	Um Charme
d2mh4hWjfW0rmHvz	Os Mutantes	Mágica	Mutantes
d35iXg7GmGpOTuuT	Miles Kane	Kingcrawler	Colour Of The Trap
d3XJODyFgcy3ZPiY	Robert Miles	Children	Dance Vault Mixes - Children
d3XsHNV1UNoNx5gc	Patio Solar	Al Sur	Temporada
d3Z8kIYMeLbiZWYR	Easy Star All-Stars	Time Version	Dub Side Of The Moon
d3aQlD9eyXSIDM3p	Tyler, the Creator	Cowboy	Wolf
d3rnBgVE8tAWRUgC	The War on Drugs	Eyes to the Wind	Lost In The Dream
d41q23C3RzLCuhyi	John Mayer	Split Screen Sadness	Heavier Things
d41rVa4fkK2uBVTh	Edan	Fumbling Over Words That Rhyme	Beauty & The Beat
d4RdoOUWkxPBJtkB	Birdy	Save Yourself	Beautiful Lies
d4toJom4WfS3zx8h	Maggie Lindemann	Pretty Girl	Pretty Girl (Cheat Codes X CADE Remix)
d4v7MgW4JZhlsrE8	Vàli	Hoestmelankoli	Whom the Moon a Nightsong Sings
d4v8YU6YvDVqCZkc	Ensiferum	By the Dividing Stream	Two Decades Of Greatest Sword Hits
d5B55Bk3l9LxTKZo	K. Michelle	Talk to God	KIMBERLY: The People I Used To Know
d6UsE8dg3m9NgAOk	The Queers	Punk Rock Girls	Summer Hits No. One
d6zTS27fzoySRhTd	Hoobastank	Running Away	Hoobastank (Expanded Edition)
d7LUnjrh9V7ORJSu	Car Seat Headrest	Hey, Space Cadet (Beast Monster Thing in Space)	How to Leave Town
d7NgZeGLMUMtG8kK	Cellar Darling	The Hermit	This Is the Sound
d7QHDkDK4cXrIuLu	Dixie Chicks	Travelin' Soldier	DCX MMXVI Live
d7Y8U8RXZSdKGYk0	Pulp	Party Hard	This Is Hardcore
d7ivSqjtaFDGHu2p	Wim Mertens	Close Cover	The Belly of an Architect
d83HsVAIrEFaAJ5D	Donna Summer	Now I Need You	Once Upon A Time
d8GT82qTPHbJFsqN	Ramona Rey	Skarb	Ramona Rey 2
d8riXUibMsxBq7eA	Flatsound	Intro	I Clung to You Hoping We'd Both Drown
d8syBjdNDWoy87As	Blur	Best Days	The Great Escape [Special Edition]
d9gqQrTy6u3fml8j	Air Formation	Cold Morning	Daylight Storms
dAVSHlWNfvQTLyU7	The Clash	Lose this Skin	Sandinista!
dAZsHUJ3OPr4Wwz4	T. Rex	Ride A White Swan	T. Rex (Remastered)
dBGg6kM6ZrBfA5ZH	Françoise Hardy	Tous les garçons et les filles	Quelle merveille! (Remastered)
dBKSiW5Jh7FqUqTS	Mustasch	Lawbreaker	Silent Killer
dBN1jkuchsGU5X5r	Actress	Marble Plexus	R.I.P.
dBSALjcI00vCQNYT	León Larregui	Birdie	Voluma
dBmY626rpQspSGuB	Mac DeMarco	No Other Demo Heart	Another (Demo) One
dCARCidUqQ5k2Bm8	Butcher Babies	Lilith	Lilith
dDGHGXWwkKHGnLau	Ralph	Cold to the Touch	Cold to the Touch
dDHKN9U5bWG7dqmb	En Vogue	Giving Him Something He Can Feel	Funky Divas
dDiwF9ctvCCELTE4	SXTN	Bongzimmer	Leben am Limit
dDyJBl7FGVK0IaSE	My Chemical Romance	Disenchanted	The Black Parade
dE5BHELZHqUhNa79	Cold War Kids	We Used to Vacation	Robbers & Cowards
dFJF4Ip54UdVAAQl	Judas Priest	Rocka Rolla	Rocka Rolla
dFJdDlSyWECT25PV	James Brown	Get Up (I Feel Like Being A) Sex Machine	20 All-Time Greatest Hits!
dFSAqmJvCkZAMEHH	Eric B. & Rakim	Microphone Fiend	Follow The Leader
dFTPlYByIaC04qVY	The Allman Brothers Band	Ramblin' Man	Dreams
dFaoGkAXWhAzWF0V	Elis Regina	Só Deus é Quem Sabe	Elis Regina
dFw4uIKeFCx32If9	L7	Mr. Integrity	Bricks Are Heavy
dGRO6FY1BRlU9az4	CLUB KURU	Ribbons	Giving In
dH1yAwifW0fSu1p1	Nancy Sinatra	These Boots Are Made for Walking	The Mexican - Music From The Motion Picture
dH77BneQXfLdLRHP	The Rolling Stones	Angie	Goats Head Soup (Remastered 2009)
dIME7mg1G2WHUAcE	Ishome	Tetra 94 (Part 2)	Confession
dJ7NGiyfZ0jsw48q	Dissection	No Dreams Breed In Breathless Sleep	Storm Of The Light's Bane
dJI2bNwz6Ei3mtko	Ken Laszlo	Tonight	The Best of Ken Laszlo
dJxMJaQj015mf6dN	Destroyer	Downtown	Kaputt
dK4L2hw63zomOqRL	Joan Baez	Here's To You	Live
dKZS5hhjbx9OA0gI	New Radicals	You Get What You Give	Maybe You've Been Brainwashed Too
dKlkQ3xm3H2SSX3T	The Drums	If He Likes It Let Him Do It	Portamento
dKs6Vloq5HG3ezq7	Candy Claws	Fallen Tree Bridge (Brave Rainbow Rider)	Ceres & Calypso in the Deep Time
dLDFtW8U2pTHfXHJ	Ian Brown	The Dream And The Dreamer	Ripples
dLE3N9WRWNP4VHNY	Sarius	Dziecko wojny	Wszystko co złe
dLlehvbOL1agzTXY	Elton John	Don't Let the Sun Go Down on Me	Caribou
dMNhmXKjExE2uAAZ	Frank Turner	1933	Be More Kind
dMyLFaAgwgkbDgiT	Cher	I'm In the Middle	Gypsys, Tramps & Thieves
dNAiNjvdqjA56Ufi	Smokey Robinson	Quiet Storm	A Quiet Storm
dNNLQ7dklc6Kyf0a	Chris Cornell	Seasons	Singles - Original Motion Picture Soundtrack
dNSoebAJGqJyMF3v	Marjorie Estiano	Alegria Maior Não Tem	8
dNz8emMxgHK6j9Aw	Starley	Call On Me	Call On Me (Remixes)
dOZLy4CMYHUeZbGT	The Wanted	Drunk on Love	Word Of Mouth (Deluxe)
dOf1myAN4Zyashbu	Luis Miguel	Te Necesito	33
dOq6K4nqJhdHl8Gk	Glass Candy	Candy Castle	B/E/A/T/B/O/X
dP8f73PZPrKWgoZA	Metric	Collect Call	Fantasies
dPa2ZmGsMqympPA0	Arctic Monkeys	Do I Wanna Know?	AM
dPePGjewuupFHrpG	The Saturdays	Not Good Enough	Wordshaker
dPmrxbN2pr8pOhlk	Nightwish	Élan	Endless Forms Most Beautiful (Deluxe Version)
dPrbQWyErvxpbuIw	Uncle Acid & the Deadbeats	Curse In The Trees	Blood Lust
dR5hiDFUu6S57TbA	Broken Bells	Holding on for Life	After the Disco
dRAADFtskK7RKp9N	Helium Vola	Je Chante Par Couverture	Helium Vola (Special Edition)
dRcbqPR2dCz1EWw7	Ladyhawke	Morning Dreams	Ladyhawke
dSKY3nYW6KpsdsAD	Kyla La Grange	Make Me Pay	Cut Your Teeth
dSYM3UaIQUnP1mMp	Bersuit Vergarabat	Diez Mil	De La Cabeza Con Bersuit Vergarabat (Live In Buenos Aires / 2001)
dTAdQFSFKnrrgpxD	Boogarins	6000 Dias	Manual
dTGcbDK0JoYGWrBr	The Gathering	In Between	Home
dTHD4GbtN7FekfSD	Ry x	Berlin	Dawn
dTiuvSmZgLD5d9Q7	Einstürzende Neubauten	Prolog	Haus der Lüge
dU1VXsiyUrucXuRj	The Shins	Pink Bullets	Chutes Too Narrow
dUC5YiCc94PvRn6p	The Grass Roots	Let's Live For Today	20th Century Masters: The Millennium Collection: Best Of The Grass Roots
dUqPap0gTdTYmVGG	Forth Wanderers	Unfold	Slop EP
dUv1pNGCxdgjiADT	Disco Hue	Can't Be Mine	The Yearbook
dV2YtC4fFKvlhUc4	Metallica	Where The Wild Things Are	Reload
dWKGYuzneNFSaBVt	Gino Vannelli	People Gotta Move	Powerful People
dWVCy0Oic16LcymK	El Cuarteto De Nos	Habla Tu Espejo	Habla Tu Espejo
dWX8hGdDWhMdpwKY	Netzwerk	Send Me an Angel	Send me an angel
dWoAt8vpq9BABlIH	Amy Winehouse	Back to Black	Back To Black
dXK1MBFB8xrq9EQf	Angra	Live and Learn	Hunters and Prey
dXK297H4Frcx689S	White Lies	Denial	FIVE
dXL57RDsxQpelf1N	Zeca Baleiro	Meu Amor Meu Bem Me Ame	Vô Imbolá
dXhWKWGLtImCpBuZ	Tortoise	Almost Always Is Nearly Enough	TNT
dXx9T9mSffPjbvNU	Jerry Rivera	Amores Como El Nuestro	Oro Salsero
dYQnx33lmLPebLWl	GWSN	Shy Shy	THE PARK IN THE NIGHT part one
dYqf5QnXZlG6z4LK	The Presidents of the United States of America	Feather Pluckn	The Presidents of The United States of America: Ten Year Super Bonus Special Anniversary Edition
dYrxagyHkRPKGXW3	Sinéad O'Connor	I Am Stretched On Your Grave	I Do Not Want What I Haven't Got
dZ3f6u3YVSi6nHez	globe	Stop! In the Name of Love	15YEARS -BEST HIT SELECTION-
dZ78PEKlaMMKloOy	Stephan Eicher	Combien De Temps	Hotel S
dZkwm3mNKgcnwEM2	Twenty One Pilots	Message Man	Blurryface
dZvLP1oOKVbj8iHm	MGMT	Pieces of What	Oracular Spectacular
daYUAS48wMELACAL	Leighton Meester	Entitled	Heartstrings
dbBe5QIybmgQqaIi	NCT 127	Fire Truck	NCT #127 - The 1st Mini Album
dbBeaHqh4nvqhjlU	Simple Minds	Mandela Day	Street Fighting Years
dceR6NFMjNf3ppZg	The Damned	Smash It Up	Machine Gun Etiquette
dddRSAzGZZfhrXeO	21 Savage	Whole Lot	Issa Album
deBXMEPJpKzvqPo8	Lil Pump	Gucci Gang	Lil Pump
deZ1GXaWJR0MBxFZ	SXTN	Die Fotzen sind wieder da	Leben am Limit
dep4VtnWjkTwbDna	Paradise Lost	Gone	Believe In Nothing (Remixed & Remastered)
df1K1mbXTgX9fXGl	Ace of Base	Beautiful Life	The Bridge (Remastered)
dfHiLJCoCPdURReM	Amy Winehouse	Half Time	Lioness: Hidden Treasures
dfiGMYi6lD7BeBW3	Prefab Sprout	Couldn't Bear To Be Special	Swoon
dgAYJMlpDgfFYJdX	Macha y el Bloque Depresivo	Continentales	Macha y el Bloque Depresivo
dgRHo2PdKc1PJcwk	Blank Banshee	Infinite Login	Blank Banshee 1
dgbJdoKcROoCwgWy	Cornelius Brothers & Sister Rose	Too Late To Turn Back Now	The Story Of Cornelius Brothers & Sister Rose
dgp8eb2ACOrV3li2	Jeff Beck	Play with Me	Wired
dgsMDwMphLDW5h3N	Elderbrook	Could	Simmer Down
dgy1pto0JzRwSgEK	Compay Segundo	Chan Chan	Antologia
dhxGnut2Tv3H7eK8	Dark Tranquillity	When the World Screams	Atoma
di9bJvJ3S6ts9wyE	Coldplay	Every Teardrop Is a Waterfall	Mylo Xyloto
diMTvkLN0lKzdQFH	Donell Jones	Where I Wanna Be	Where I Wanna Be
djBAikmNLW3qu0M3	Johnny Cash	The General Lee	The Dukes Of Hazzard
djHn5riOawShC3Co	Santigold	Shooting Arrows at the Sky	The Hunger Games: Catching Fire (Original Motion Picture Soundtrack / Deluxe Version)
djW5pI4XOcVN2ydD	Hilary Duff	Where Did I Go Right?	Metamorphosis
djteuweFLXIYsYvt	Saiko	Amor Que No Es	Sigo Quemando Infinitos (En Vivo)
dkmG8Yw9m5mtbrI5	Crystal Gayle	Don't It Make My Brown Eyes Blue	We Must Believe In Magic
dlP7acilJOdgUUBV	Cover Drive	Twilight	Bajan Style
dlhQEIwWmkqYsXFB	Angus & Julia Stone	A Heartbreak	Angus & Julia Stone (Deluxe)
dmEk2RcKRvLs8Tvc	Snow Patrol	Empress	Wildness (Deluxe)
dmMqCuv4GVxK8LYg	Jack Harlow	Sundown	Loose
dmTpBfGDATt7k7Xx	Dikembe	Even Bother	Mediumship
dmo4pqOdOl1zShtt	Darkthrone	Soulside Journey	Soulside Journey
dnWE5NcEL9P6lh67	Queens of the Stone Age	River in the Road	Era Vulgaris
doTZ8XgWGQL3JaI3	Ira Losco	Hey Now	No Sinner No Saint
doUiLcUAhLqrvC2Q	Lorde	Sober II (Melodrama)	Melodrama
dp8biSIE7MNvvsGL	John Maus	Do Your Best	Love Is Real
dq0nGjPSyRebrKQm	Frank Zappa	Nine Types Of Industrial Pollution	Uncle Meat
dqJamOgts6cLmoPD	Peter Green	Just for You	In the Skies
drA9gwq7wLwRSHWS	Arctic Monkeys	The Bad Thing	Favourite Worst Nightmare (Standard Version)
drubvR3FjEs8AUZF	Röyksopp	Senior Living	Senior
ds0eRDSA55dHlJ9H	Creedence Clearwater Revival	Need Someone To Hold	Mardi Gras
dsRt34fCsLOMMKMB	Autechre	Reniform Puls	Draft 7.30
dsZ9d0zfgo1U8buA	Ea Kaya	Tied Up	Tied Up (Kidnap Remix)
dslUp8QjcNUA0Ioz	Best Coast	The Only Place	The Only Place (Deluxe)
dtLctsWLfkSHFwDt	Intervals	Sweet Tooth	The Shape of Colour
dtWO8AcxSGGO4ymE	Chuck Berry	Sweet Little Sixteen	One Dozen Berry's
du8ExHdf8y53qfeS	Matthew Dear	Deserter	Asa Breed Black Edition
dunNc9mzHAIYTJoh	The Dresden Dolls	Coin-Operated Boy	The Dresden Dolls
duoLAyjVpRFhPjHM	Truckfighters	Gargarismo	Gravity X
dupNCoeOKtVcU9ZR	Stone Temple Pilots	Still Remains	Purple
dvBUzrJdSoOE7n5b	Falco	Junge Roemer	Junge Roemer
dvhol9hwaEiZKucA	Amon Amarth	Arson	Fate of Norns
dvp503Pcem3TEqzR	Bruno Mars	Finesse	Finesse (Remix) [feat. Cardi B]
dw61WvGU01aJ3X5m	Glee Cast	Run the World (Girls)	Glee: The Music, Volume 7
dw8IkK4rPlDamYsd	Tyler Carter	Georgia	Leave Your Love
dwo9CZ4cYlYrsiZH	Emerson, Lake & Palmer	Lucky Man - 2012 Remastered Version	Emerson, Lake & Palmer (Deluxe Version)
dwpODe8SVpfU7u1W	Julia Holter	Horns Surrounding Me	Loud City Song
dx9zci4xuPgDSDuk	311	Too Much To Think	MOSAIC
dxsmPnBfNLPdQYc3	Memphis May Fire	The Haunted	The Hollow
dy1qrpXlqJrdl5im	Julia Holter	Boy in the Moon	Ekstasis
dyvSQUjJVyLwWihf	Pet Shop Boys	One In A Million	Very
dz8iyRAzhhEDJRJR	Prefab Sprout	Cue Fanfare	Swoon
dzHqHSexhR2NFKVR	Vashti Bunyan	Don't Believe	Some Things Just Stick In Your Mind (Singles And Demos 1964 To 1967)
dzI6Y66aZ8U62zH5	Father John Misty	Misty's Nightmares 1 & 2	Fear Fun
dzSxjboeKbp4FpSG	Peggy Lee	I Go To Sleep	Then Was Then Now Is Now!
dzxepb8xJQb2nwkQ	Sufjan Stevens	Drawn to the Blood	Carrie & Lowell
e0B5VfnoESm695pb	The Allman Brothers Band	Dreams	Dreams
e1TNM1HzChHMJ2MB	Lily Allen	22	It's Not Me, It's You
e2GO6tUUAQZmIbgd	The Young Punx	Juice and Gin	Mashpop and Punkstep
e2TUfiK9wKHaylb5	Sheryl Crow	What I Can Do For You	Tuesday Night Music Club
e2aHTq8MGDbVHgO0	Limp Bizkit	Ready To Go	Ready To Go
e2hrbpU3TMmRYAOv	Primitive Radio Gods	Standing Outside a Broken Phone Booth With Money in My Hand	Rocket
e2zoorChCJMhQFQZ	Alestorm	Over the Seas	Captain Morgan`s Revenge (10th Anniversary Edition)
e3PT8Gi89KAobs8D	5 Seconds of Summer	Amnesia (Live)	Meet You There Tour Live
e3VS5Gyg4TxlER2V	Gorguts	Nostalgia	Obscura
e42BDZS0sZlTx5mu	Mary J. Blige	Take Me As I Am	The Breakthrough
e44FxXQgIlJmtoPx	KANA-BOON	眠れぬ森の君のため	僕がCDを出したら
e4U2Hmwm9h0NvXik	Shania Twain	Any Man of Mine	The Woman In Me
e4gdrmCa9mPyReKD	Opeth	Slither	Heritage (Special Edition)
e55oRU788XzFHbQN	A Banda Mais Bonita da Cidade	Ótima	A Banda Mais Bonita da Cidade
e580FNBIp1iKiCE2	The Maine	This Is the End	Can't Stop Won't Stop
e59PGVX4HKOyequs	808 State	Pacific 202	Ninety
e5Kt45S1JTk53ir5	Raise Spirit	The Temple	The Temple
e65qHaAwMmtxdldI	Delia	1234 (Unde Dragoste Nu E)	Deliria
e6Ec6fthABkE2N8F	Judas Priest	Evil Fantasies	Hell Bent For Leather
e6WKXXMuC8atO6ZM	Fox Academy	Vampire Banquet	Luxury Beverage
e70dbP4owsoEaPDG	Limp Bizkit	Nookie	Significant Other
e7Zrt4JuoMfM1EZl	Nirvana	Molly's Lips (Live at Pine Street Theatre)	Bleach: Deluxe Edition
e7zYmicD4RTy1fMj	One Last Wish	Burning In the Undertow	1986
e8DmUUguFOszBWWp	Martha Reeves And The Vandellas	Nowhere to Run	Dancing In The Street
e8UAUMqcUea8w94M	Parquet Courts	Sunbathing Animal	Sunbathing Animal + Content Nausea
e8lwRwb4BJW30zhl	Japanese Breakfast	Till Death	Soft Sounds from Another Planet
e9Ap0DvsoklMMkN2	Isabella Taviani	A Vida Vive Sem Você	A Vida Vive Sem Você
e9WnQvGcAFs2FDyC	Amon Amarth	Friends Of The Suncross	Once Sent From The Golden Hall (Bonus Edition)
e9hFdGfKFyxPuQvq	Daya	Safe	Safe
e9v6XWPgG8iUE78k	The Black Eyed Peas	YES or NO	MASTERS OF THE SUN VOL. 1
eABMD16TVN5rb4KT	O-Town	These Are the Days	02
eCYQUO51t9TVMBQK	Sheppard	Coming Home - Oliver Nelson Remix	Coming Home (Oliver Nelson Remix)
eD0LakhcKp3W8zFl	George Michael	Move On	Older
eD9xjvDGjyxZ2PEc	Belo	Vi Amor no seu Olhar	Tudo Novo
eDvb89jn5GhhpAm0	Mayra Veronica	Mama Mia - Radio Edit	Mama Mia
eEG83AadWO9Fbqom	Sabaton	40:1	The Art Of War (Re-Armed)
eEUQBXm8oqYyRO9h	IAMX	The Power and the Glory	Alive In New Light
eEvpCRTIM0ch3r2Z	Chico Buarque	Sempre	A Vida Tem Sempre Razão
eEweWjVgVuhJTMps	Kevin Morby	If You Leave and If You Marry	Harlem River
eFEY5JiDF3ZLpXBZ	Nine Inch Nails	Less Than	Add Violence
eFufCMPCSjzIAdk0	Soundgarden	Superunknown	Superunknown (Deluxe Edition)
eGKQsMMDiZJEGmBY	Death	Flattening of Emotions	Human
eGRPey7sjdh0awxB	Gossip	Pop Goes the World	Music For Men
eGdSduVcqH0jldUr	Yes	Owner of a Lonely Heart	90125 (Deluxe Version)
eH1juQdTcnCzxcEX	Tom Tom Club	Wordy Rappinghood	Tom Tom Club
eHMkOyZCcsFVtyzB	Broken Bells	Your Head Is On Fire	Broken Bells
eIrMCPlKoV8cKiQY	Dead Fish	Didático	Um Homem Só
eIw06KYUHqdDOf5P	Tina Turner	Whatever You Need	Love Songs
eJQOgKLgS60fQRse	Nine Inch Nails	26 Ghosts III	Ghosts I-IV
eJer89NHNtFOyJ07	Fugazi	Nice New Outfit	Steady Diet of Nothing
eK1Ovvm4LiTZRmEv	Sabaton	Smoking Snakes	Heroes (Bonus Version)
eLEfh6yeuQd0KIJg	TOPS	Cutlass Cruiser	Sugar at the Gate
eLSm1SD8kJq2jq6j	Deerhunter	Revival	Halcyon Digest
eM4oZDIgh73UgazN	Ladyhawke	Love Don't Live Here	Ladyhawke
eM4zVjzJGzzQHqhb	Aaliyah	Intro	Age Ain't Nothing But A Number
eMEDvHi2Ld847jEB	Gary Numan	Here in the Black	Here in the Black – Live at Hollywood Forever Cemetery
eMVTHC67JjlQXHFU	The Young Veins	Security	Take a Vacation! (Deluxe Edition)
eMY7Q96FiKPZJOUk	Van Halen	Runaround	For Unlawful Carnal Knowledge
eNf9oepTdvnskrFR	Sleater-Kinney	The Last Song	Sleater-Kinney (Remastered)
eOojErxvVmAq2pGb	Sorority Noise	Nolsey	Joy, Departed
ePrUn8VGQsK1u5cs	Cher	Waterloo	Dancing Queen
ePyJTAgehh3zHvD1	Roo Panes	Different Child	Little Giant
eQ5dRWXYy8e2pKeV	Jadu Heart	Heroin Song	The Gloom That Looms
eQlvolLO1ZGfK39G	The Searchers	When You Walk In the Room	Needles & Pins
eRjUjFJqA4fW1qji	Behemoth	If Crucifixion Was Not Enough	I Loved You at Your Darkest
eRmoTvyBe3H4hfnF	Fenix TX	Phoebe Cates	Lechuza
eRusfEpLB2iPbMJj	Hollywood Undead	Bloody Nose	PSALMS
eRvFibBaTQ5OlkPz	Frank Turner	I Knew Prufrock Before He Got Famous	Songbook
eRzxCfYiuSb4nMaY	Kerli	Army of Love	Army Of Love
eTArPT9xEh7dgm2j	Mariah Carey	Make It Look Good	Me. I Am Mariah…The Elusive Chanteuse (Deluxe)
eTJ5dZRD9hQ9cS7F	Marlango	Semilla Negra	Selection
eTTmWAi6wdU98EZl	David Guetta	Love Is Gone	Pop Life
eU30OjpKt9zzV6R6	Lil Xan	Saved by the Bell	TOTAL XANARCHY
eU78Be3V2ZLc6rWg	John Williams	Theme From Schindler's List	Williams On Williams (Music from the Films of Steven Spielberg)
eUMBOqY1UX7I3qYN	Tracy Chapman	Bang Bang Bang	Greatest Hits
eUl1TqatACm1jecD	In This Moment	Black Widow	Black Widow
eUlhn79wHyJlbiyQ	The Score	Who I Am	ATLAS
eUy9o6l6WAzA0mL7	Thee Oh Sees	The Dream	Carrion Crawler / The Dream
eV4l4AtG8S2B01x3	Simply Red	Your Mirror	Symphonica in Rosso (Live at Ziggo Dome, Amsterdam)
eV8PSJ5kxg39h4tV	Iron Maiden	Wasting Love - 1998 Remastered Version	A Real Live Dead One
eVUv9DOM0WpREOlI	Mazzy Star	Umbilical	Among My Swan
eVitSt9LTOmeDCe1	chelmico	Honey Bunny	EP
eW2fJtSB5huU5PoW	Sookee	Hüpfburg	Mortem & Makeup
eW9pPDn8unCH2wkh	Adore Delano	I Adore U	I Adore U
eXcxpB6wWsvYpP4S	Dashboard Confessional	Turpentine Chaser	The Swiss Army Romance
eXhFtuk6SuV9mllS	Xandria	Blood on My Hands	Neverworld's End
eY4WBa0s0gvNNhNL	Powerwolf	Christ & Combat	Blessed and Possessed
eZ2QKVsVCY5fyZqF	Phantogram	Fall in Love	Voices
eZCpRHu3aS2liPVu	SOHN	Tempest	Tremors
eZMsXaWDGQ33sndK	Devendra Banhart	Long Haired Child	Cripple Crow
eZNhgoDWuI1TJK6g	Alex Anwandter	Que se Acabe el Mundo, por Favor	Rebeldes
eawvJhfISkbW9xCJ	Arctic Monkeys	Why'd You Only Call Me When You're High?	AM
ebsr6NShYvKqDsgl	The Cardigans	For What It's Worth	Long Gone Before Daylight (Remastered)
ebxey19CqlX1AJzM	The Drums	I Hope Time Doesn't Change Him	Encyclopedia
ec6JoJjf20KvmU34	Boa	NO.1	VALENTI
ec7LiGY9ESGY0Jor	LIL TRACY	Tattoos	Sinner
ecAahfaVW2Ma47DI	Titãs	Os Cegos do Castelo	Acústico MTV
ectPdOvyeE2AGOd0	Frankie Cosmos	Hereby	Vessel
ecu1uPiN39lE6cZR	Ludovic	Boas Sementes, Bons Frutos	Servil
edioHpaAIzCdwvO6	Aerosmith	Uncle Salty	Toys In The Attic
edlSXuGQagrwQYef	Stanley Myers	Cavatina	Soft Classical Music for Sleeping
ee6JXRVCPjiKrepN	Los Daniels	Desesperado	José José, Un Tributo 1 & 2
eeEcN8NwihuVwbYb	Unknown Mortal Orchestra	Dawn	II
eeTTLpbLVk7jxrms	The White Buffalo	Highwayman	Highwayman
eedafZNzG5YlrYjV	The Chemical Brothers	Orange Wedge	Surrender
efeP6vhgGuhCRV0T	Donny Hathaway	Jealous Guy - Live Version	Live
eg81Yjs1SEAhV8ln	Black Label Society	Believe	Catacombs of the Black Vatican (Deluxe)
egGT8x3SdNoW45A3	Lovelyz	WoW!	Lovelyz 2nd Album (R U Ready?)
egQZuFN4P7l95iEU	Barenaked Ladies	It's All Been Done	Stunt (20th Anniversary Edition)
eh6M16G9mXtASoEY	Jessica Simpson	I Wanna Love You Forever	Sweet Kisses
ei1Li9X9N8Mu1sah	The Residents	Smelly Tongues	Meet The Residents
eiWW0dbgirD2VdbF	Wavves	Nine Is God	The Music of Grand Theft Auto V, Vol. 1: Original Music
ejSk2vYK6mo05cng	Beck	Paper Tiger	Sea Change
ejYZs3VCMP2WEw6Q	BRAZA	Jaya	BRAZA
ejuYpVOnAT6pdvOV	The Story So Far	Rally Cap	Under Soil and Dirt
el7xxtaxRWLsRCN0	Ty Segall	Mrs.	Melted
emD2fMHWUOKjqJyU	Belchior	Velha Roupa Colorida	Dois Ases
emJNaBns0WKvqCRe	Gorillaz	Little Pink Plastic Bags	The Fall
emOTaSmHGoza1bJF	Swans	You're Not Real, Girl	Children of God/World of Skin
enm2nmqHe8NyEeuF	Diane Coffee	Soon To Be, Won't To Be	Everybody's a Good Dog
eodVeUIBYM886o8W	Interpol	Lights	Turn On The Bright Lights
eojI9Oxpa7xJwa1h	Sylvan Esso	Kick Jump Twist	What Now
eon7lwdaC4UU5WF3	Kanye West	Lift Yourself	Lift Yourself
eotWvNVVxCzQyGs8	Ed Sheeran	Bibia Be Ye Ye	÷ (Deluxe)
ep31bbKcqsUDR1Cm	George Michael	As	Ladies And Gentlemen... The Best Of George Michael
epJnfU47uQhM8Dtl	Super Junior	Wonder Boy	SUPER SHOW 5 - SUPER JUNIOR The 5th WORLD TOUR (Live)
epU5woIvtxh7x14t	Cleaners From Venus	Julie Profumo	Songs For a Fallow Land
epUPV6Hmt7p96Z3U	Municipal Waste	Amateur Sketch	Slime and Punishment
eqINJGVWxSgQvGOd	Uriah Heep	Sweet Lorraine	Your Turn to Remember: The Definitive Anthology 1970 - 1990
esCrzkhcUgU1TIn9	Type O Negative	All Hallows Eve	World Coming Down
esKsaW5wbDeeX8j3	The Smashing Pumpkins	One Diamond, One Heart	Oceania
esemxDGswO2PsXYh	SHINee	JoJo	SHINee WORLD IV – The 4th Concert Album
esezBQxT4oZwZVUU	Lord Creator	Kingston Town	Ska & Reggae Classics
etNEBz8F62yig7ZJ	311	Don't Tread On Me	Don't Tread On Me
ettmP9hcOWIUIOnA	iamamiwhoami	drops	Kin
ev5h0gSqTzuhThJP	Wintersun	Sadness and Hate	Wintersun
ev6NpEP35NWJApAQ	Adam Lambert	Nirvana	Trespassing (Deluxe Version)
ev8BH8kJZ6doXyLb	Chris Rea	Driving Home for Christmas	The Works
evKTOc5UnhNZ5Com	Have a Nice Life	Deep, Deep	Deathconsciousness
evmDTkpGVZ8fli3s	Helmet	Milquetoast	Betty
ewC5c1y2YlwR8FuT	Carbon Based Lifeforms	Gryning	World Of Sleepers (2015 Remaster)
ewsl6tqteOOzXo3q	Matt Corby	Big Eyes	Into The Flame
ex0MYXa9HZU0Kys1	Lamb of God	Again We Rise	Sacrament
ex4I92BINn9f9RKb	Set It Off	Wolf In Sheep's Clothing (feat. William Beckett)	Duality
ex4OLWDIUFGVAiiy	G.R.L.	Show Me What You Got	G.R.L.
exGaEji2EjGU5lXB	The Meters	Stormy	The Meters
exwZtPyPm587VBKG	Kelly Key	Então Beija	Do Meu Jeito
eyIMobLbzhExde7I	Murcy	Wii Turn Up (Wii Menu Remix)	Wii Turn Up (Wii Menu Remix)
eyJANYgffN1L2zlu	Israel Houghton	Others	Love God. Love People. (The London Sessions)
eycCpxDG3s2h8uqL	Thundercat	Boat Cruise	The Golden Age of Apocalypse
eyiL8jXhtdKzeD6R	Beach House	Sparks	Depression Cherry
eyoaxysQrEl4vWRK	Lykke Li	I Follow Rivers - The Magician Remix	I Follow Rivers (The Magician Remix)
eyqylWttUwtTnwBx	Jaloo	Pa Parará	#1
ez6C2gbivMpcHf2z	Cavetown	Lemon Boy	Lemon Boy
ezIt1OXJP7hkGedv	Gloria Trevi	Yo Soy Su Vida	Yo Soy Su Vida
ezd9XLexeLakyr2H	John Frusciante	Unchanging	The Will To Death
f0KiTNtBSITC9Otf	Peter Gabriel	Games Without Frontiers	Peter Gabriel 3: Melt (Remastered Version)
f0otT22Ib5qW7Vml	Radiohead	Ill Wind	Ill Wind
f0pxNsW75CUZHqsG	Bella Thorne	Paperweight	Jersey
f16In5RT65kumIKM	Palaye Royale	Clockwork	Boom Boom Room (Side A)
f17S9vnTmqnjbdjs	Tesla	Signs	20th Century Masters: The Millennium Collection: Best of Tesla
f1El6qG5Cjqrkslf	T-ARA	Tic Tic Toc	Absolute First Album
f1lBONsKdeRks8LL	KT Tunstall	Funnyman	Drastic Fantastic
f1sSsuxCJsfO3iJf	Emily A. Sprague	Your Pond	Water Memory
f2J0JMZakb7Xbxyk	SHINee	You & I	'The Story of Light' EP.1 - The 6th Album
f2dBYUEkBuKyMkdF	Dope	Now or Never	Life
f2qd0T5pkcKiecJe	Anathema	Judgement	Judgement (Remastered)
f2zhK4MufPeuSC4G	Simple Plan	Ordinary Life	Get Your Heart On - The Second Coming!
f3MV82NDZaUDvAqB	SMASH Cast	Let Me Be Your Star (SMASH Cast Version) [feat. Katharine McPhee & Megan Hilty]	BOMBSHELL
f3c3crmpT7QCu2x1	The Magnetic Fields	I Don't Believe You	i
f3xdR9oEkBKQNayf	Burzum	Enhver til sitt	Fallen
f6D8Q1UOj9CiNrRq	Widowspeak	The Dream	Expect the Best
f6XLiMNcIfzycZph	Of Mice & Men	Away	Cold World
f6Za9kvFnzwyCFKd	Boys Don't Cry	I Wanna Be A Cowboy	Boys Don't Cry
f6uZlyP5QUrdfLHl	Autopsy	Pagan Saviour	Severed Survival
f7cEpbJqKUyjAk8j	Pillar	Call To Action	Confessions
f7dYeIecQg2vPr34	Au Revoir Simone	A Violent Yet Flammable World	The Bird Of Music (Bonus Track)
f7wq42rSWgolvi4w	Crywolf	Weight	Skeletons
f7yurSJM1RkgvnFy	Joni Mitchell	Dreamland	Don Juan's Reckless Daughter
f82kCGrrzP5Yh6Qs	Magdalena Bay	Redbone	Redbone
f87VuyyZBMlzKCEu	Duran Duran	Come Undone	Duran Duran [The Wedding Album]
f8ShIOVdUVpQ0eit	Jamie O'Neal	All By Myself	Bridget Jones's Diary (Music From The Motion Picture)
f8XDIT7gNWle2TpN	James Blake	To Care (Like You)	James Blake
f8sI74oHn08VWP79	Christopher Cross	Sailing	Christopher Cross
f9Afw6PjBpor8gtX	Devendra Banhart	Won't You Come Over	Mala
f9bUDlf2WNVHMFwG	Asia	Go	Astra
f9z9YysUS94SD0D9	THE ORAL CIGARETTES	CATCH ME	UNOFFICIAL
fA4TLE2x9rFoamM1	Prince	Delirious	1999
fA7B2cQ2YCI6ZT7L	Chelsea Cutler	Hell	Sleeping With Roses
fA9xe9jJclzBQ2on	Bryan Adams	Summer of 69	Reckless (30th Anniversary / Deluxe Edition)
fAAwfXul3Cp16HwS	Kllo	By Your Side	Backwater
fAdGfsWVOJigYhLC	Placebo	Summer's Gone	Without You I'm Nothing
fBjUOOTgz9NBQdBe	berhana	Janet	Berhana
fBttX61Ro7rl3Wkg	Glee Cast	I Won't Give Up	Glee: The Music, The Graduation Album
fBuQZ19jGbfpODLp	The Sound of Arrows	Stay Free	Stay Free
fC5oMlzXE7Bju7Zh	Cannibal Corpse	Heads Shoveled Off	Red Before Black
fCSun4QsfO089sJZ	Shakira	Loba	She Wolf (Expanded Edition)
fCsMBhAKIR23er8r	Anthrax	Armed and Dangerous	Spreading The Disease
fDTVWQwYdXlKF27m	The Wanted	Rocket	The Wanted (Special Edition)
fEDy5mhoLB8Qzd2I	Social Distortion	Ghost Town Blues	Somewhere Between Heaven And Hell
fG6oWoUK0LxuyyuE	Gary Clark Jr.	Take Me Down	Deepwater Horizon Original Motion Picture Soundtrack
fGTZ7Nl7a8mDEwSO	Black Sabbath	Under the Sun	Vol. 4 (2014 Remaster)
fGh0Usll1AkEPWe4	Dark Tranquillity	Clearing Skies	Atoma
fGniCmwF4drUgP8p	Wolfmother	Love Train	Wolfmother
fGzmpsiijB9s2dGF	All-4-One	I Swear	All-4-One
fHETcGYPFPkWl5yh	Katie Von Schleicher	Life's A Lie	Shitty Hits
fI7MER1FdMhlah83	Radiohead	Bullet Proof...I Wish I Was	The Bends
fIBllAKPOXbsQtjA	David Bowie	She's Got Medals	David Bowie
fIovfPJPOL6WcL8v	A$AP Rocky	Hun43rd	TESTING
fIs82n32GIzRGfrQ	Angra	Reaching Horizons	Freedom Call
fJG2ESj0iqkBCiwQ	Global Communication	8:07	76:14
fJGuElEABUmYxkHI	Nelly Furtado	Night Is Young	The Best of Nelly Furtado
fJKgUsdA35rhHcqJ	Wanessa	Era Uma Vez	W
fJaVbYxGfjyWW1VV	Matchbook Romance	The Greatest Fall of All Time	Stories And Alibis
fJhOrZcuFoca6CIr	Robbie Williams	The Impossible	Under The Radar, Vol. 3
fJrIkNnlOcg71yDN	Syl Johnson	Is It Because I'm Black	Is It Because I'm Black
fJtISy8oWgXi3wwh	Gilberto Gil	Aqui E Agora	Refavela
fK6wijJubggXpBfc	Mindless Self Indulgence	It Gets Worse	How I Learned to Stop Giving a Shit and Love Mindless Self Indulgence
fKMyHXI9jMOpY658	Arctic Monkeys	Dance Little Liar	Humbug
fKRV7FJF5POPasKH	Destroy Rebuild Until God Shows	I'm The Rehab, You're The Drugs	D.R.U.G.S.
fKhzVeUSWITbWSox	Noel Gallagher's High Flying Birds	The Good Rebel	Noel Gallagher's High Flying Birds (Deluxe Edition)
fL2riNLB25EQon2X	Rouge	Dona da Minha Vida	Les 5inq
fLyvtRcRozsxjog7	Bronze Radio Return	Come with Us	Come with Us
fM9gzs5hnQR0yAiG	Gesaffelstein	Control Movement	Bromance #1 - Single
fMPtLsUMc27KWuWc	Pet Shop Boys	Love Is a Bourgeois Construct	Electric
fMQbg39kJSgjvxAQ	The Front Bottoms	Just Stay	Just Stay
fNWCfCGe5qQohlpN	Sirenia	Seven Sirens and a Silver Tear	An Elixir For Existence
fNZCVqWmauROhrmP	Kaleida	Coco	Tear the Roots
fNk8Y6uKy3uYeTv1	Kacey Musgraves	Silver Lining	Same Trailer Different Park
fO1MUH1nbfaq7y5Q	Panic! at the Disco	Movin' Out (Anthony's Song) - Live	All My Friends We're Glorious: Death of a Bachelor Tour Live
fOfSlSZzwKfbnh6n	Hoobastank	Escape	The Reason
fOrDQrXRkF9wG0JQ	Opeth	Patterns in the Ivy	Blackwater Park
fPYzK8yEYuy3thcS	The Monochrome Set	Eine Symphonie Des Grauens	Compendium 75-95
fPsHJeHxjZPsALmb	The Doobie Brothers	Here to Love You	Minute By Minute
fQTZ7nOrICndZiMu	Fall Out Boy	Tell That Mick He Just Made My List of Things to Do Today	Take This To Your Grave
fQh0Z8DF0QU0mgZ4	Giovani Cidreira	Rosa Sol	Japanese Food
fQrmEm90xsPF283O	Panic! at the Disco	(Fuck A) Silver Lining	Pray for the Wicked
fR6DLkaWfAT6YWil	Arch Enemy	Saints and Sinners	Anthems of Rebellion
fRMJgtiXyl81FQGA	Bring Me the Horizon	It Never Ends	There Is A Hell Believe Me I've Seen It. There Is A Heaven Let's Keep It A Secret
fRNDGc3ymRc9lMff	Imagination	Just an Illusion	In the Heat of the Night
fRXMwIeShq5FQapM	Rancore	Canto Gritando	Liberta
fRZaWVTM1NaubR5P	Bastille	Good Grief - Don Diablo Remix	Good Grief (Don Diablo Remix)
fRacbojVDroL3usO	Lali	Histeria	A Bailar (Versión Bonus)
fTGAzmE6KEQRbn1K	Feist	Secret Heart	Let It Die
fTju4hW2AsGoDVPD	Tonight Alive	Come Home	The Other Side
fTlDp8RwS0Y2vbQa	Gabrielle	Bordet	Mildt sagt
fULu6xDMJOyIxeLf	Gal Costa	Você	Gal Estratosférica
fV343QyhCaKUzCeQ	We Are the In Crowd	Manners	Weird Kids
fVw6y0rR7FfpM0xG	Archgoat	The Luciferian Crown (Venom Of God)	The Luciferian Crown
fW8bqgXvbQVpp8rh	Linkin Park	Roads Untraveled	LIVING THINGS
fWfMlU7lpVsJniy4	New Hope Club	Fixed	Welcome to the Club
fZ60ddjJfE9upHNN	Mozes and the Firstborn	Sad Supermarket Song	Dadcore
fZQXpY6Fvpilc900	Maria Gadú	Tecnopapiro - Ao Vivo	Tecnopapiro (Ao Vivo) - Single
fZR3uMEppQfeEDia	Sia	Chandelier - Piano Version	1000 Forms Of Fear (Deluxe Version)
fZf3eawZAk4ZZjv7	Coma Alliance	CA2	Weapon of Choice
faqWt9mHug3pmNue	Pedro the Lion	sunrise	Phoenix
fb0ZLl3dxiqbpGT2	Machine Girl	Ghost	Plays Ghost
fbOVlfMz0Ca7Gnqz	Blur	Chinese Bombs	Blur
fbxMw3cx2KIS0KWa	Ellie Goulding	Figure 8	Halcyon
fbzUFYcYQsKsarGO	Dark Princess	We Can Not Fly So High	The World I've Lost
fcaLatWhqrbZlBpa	For the Fallen Dreams	Hypnosis	Six
fcddp3UQLkuH9rZR	Jackie Shane	Comin' Down	Any Other Way
fcoAkVf09mBCWBGE	Don Broco	Superlove	Automatic
fdGkrI01Ldm92y7t	MC Miker G & DJ Sven	Holiday Rap	Soleil 80, vol. 1 (Toute la chaleur des Années 80)
fdIrMjSrVL2JlSzO	School of Seven Bells	I L U	Disconnect from Desire
fdttOPdm1wxYngin	Kate Voegele	Middle of the Night Mind	Canyonlands
fe7ecXDIulghG1JD	2Pac	California Love (remix)	All Eyez On Me
feB4VWckEeFAYROf	Peter Sarstedt	Where Do You Go To My Lovely	The Lost Album
felPRvsplGz0NdMs	Jessie J	This Christmas Day	This Christmas Day
ffTYmL9TnRTBmw0j	Within Temptation	Frozen	The Heart of Everything
ffrr19LJScn4TwaI	Duster	Inside Out	Stratosphere
ffuRWwoVSsQrNnRj	Forever the Sickest Kids	Phone Call	Underdog Alma Mater
fgZNtaMxRETh50Wb	GFOTY	Lemsip	GFOTYBUCKS
fh1ToBftPVjt51H1	Christine and the Queens	Comme si - Edit version	Comme si (Edit version)
fh1qNjGsjXIPDYtL	Jai Waetford	Get to Know You	Get To Know You
fh6RxKu0lPrw5RhK	Kerli	Butterfly Cry	Love Is Dead
fhRWfc0ThRYFT0hQ	Ivan Lins	Madalena	Cantando Historias Ivan Lins
fi5YrspvvYd5E0ub	K.Flay	Giver	Every Where Is Some Where
fi5n8ebWgobH5tkJ	The Birthday Massacre	Looking Glass	Walking With Strangers
fiSW39IPNV9xZRgb	Adam Lambert	Ghost Town	The Original High (Deluxe Version)
fiSZ2ynZsymu3JFm	Heart	Wait For An Answer	Bad Animals
fidWfmxpObBgikpc	Misfits	American Psycho	American Psycho
fjqoS7lqsRrROtSd	Limp Bizkit	Lonely World	Results May Vary
fjsQ3dViuKbmTRrd	David Gilmour	Smile	On An Island
fk65oTcgif8mWbwn	michael oakley	Left Behind	Introspect
fklHHZdMiLHSckMS	Therapy?	Isolation	Troublegum
fldONFJGGYFZdCSO	Bahamas	Stronger Than That	Bahamas is Afie
fllWmN283qDZ5n64	Alexandre Desplat	End titles	Isle Of Dogs (Original Soundtrack)
fm7yhW8ylsNHEiBN	Silvio Rodríguez	Y mariana	Silvio
fmBK2iToAcxCKVDA	Loreena McKennitt	Huron 'Beltane' Fire Dance	Parallel Dreams
fmQnpuZusMyYyW0C	Mecano	El Blues del Esclavo (Version Tango)	Descanso Dominical/Une Femme Avec Une Femme
fmx4vckmH0azZ8tQ	The Velvet Underground	One Of These Days	VU
fn7Bh0jSaaZLvYc9	Gustav Holst	The Planets, Op. 32: II. Venus, the Bringer of Peace	Holst: The Planets, Op. 32 - Ravel: Boléro, M. 81
fnKWlxwLsOmN9hrg	Oasis	Don't Look Back in Anger	(What's The Story) Morning Glory? (Deluxe Edition) [Remastered]
fo1H40LvsK9gx0L8	Madison Beer	Say It to My Face	As She Pleases
fo8G4CGz5Nrg2UTl	Bloodhound Gang	You're Pretty When I'm Drunk	Use Your Fingers
foXboRhnMqlwJDvq	65daysofstatic	Drove Through Ghosts to Get Here	One Time For All Time
fpwmYBhILrgf4bGA	Venetian Snares	Senki dala	Rossz Csillag Alatt Született
fpzFex5EAvl92CFt	Turma do Pagode	Beijo Roubado - ao vivo	O Som das Multidões
fqSiJ2TfAyuIxjc0	Modern Talking	Atlantis Is Calling (S.O.S. for Love)	Back for Gold
fqdqn65iYblvQBxC	Rachael Yamagata	You Won't Let Me	Chesapeake
fr2Aug40bR9rwvme	Converge	Churches and Jails	Beautiful Ruin
frEqbF4JlWgs0dqv	Seal	Bring It On	Seal [1994]
frMavdeEyegQ8Tuq	Big Country	Look Away	The Seer
frSRkpYb2enWFSIh	Robyn	Send to Robin Immediately	Honey
frWrCV62OGeNpmFR	Yes	Starship Trooper	The Yes Album (Deluxe Version)
fs27Tx6FDldpCqqO	Blackbear	Weak When Ur Around	Dead
fsgfz7JRDT75EXgM	Scott McKenzie	Twelve-Thirty	The Voice of Scott McKenzie (Expanded Edition)
ftpGCWKIsTJtkuzc	Angel Du$t	Park	Pretty Buff
fu9rBg3xD7V15jsj	Devin Townsend	Flight	Casualties of Cool
fugcFMzFtrzhbiaE	At the Drive-In	Chanbara	In / Casino / Out
fumXsmK1ZhOxGXVJ	Virgin	Dżaga	Bimbo
fuuNKKCChI2nDNvx	Malevolent Creation	Decimated	Decimated
fvtswfmWfAJ2yqZx	Jennifer Lopez	Walking on Sunshine	J.Lo
fw00XPJzsur0Otkb	Now, Now	Thread	Threads
fwAhLluNd4RL27KZ	Camera Obscura	Do It Again	Desire Lines
fxSZeVtb8QXMbBgt	Information Society	World Enough	World Enough
fyOU6i1g9rKhX9lb	Sunn O)))	Báthory Erzsébet	Black One
fyQyjwU2vsgFEl1r	EXO-K	HISTORY	Mama (The 1st Mini Album)
fysP9BMzTho3Nnng	John Frusciante	The Past Recedes	Curtains
fz1aCgn15jwOkkrR	AFI	A Deep Slow Panic	Burials
fz9If9FRc5gJXnjv	If I Were You	Defeated	Inner Signals
fzQ2WvY4NJLZgQq7	Peter Bjorn and John	Living a Dream	Darker Days
fzWADyPMAdW1T6yw	Tommy Edwards	It's All In The Game	It’s All In The Game: The Best Of Tommy Edwards
fzne11iMG84oP2Lz	John Frusciante	Wishing	The Will To Death
fzxhZEs5bRMj3sUr	Aranda	Satisfied	Stop The World
g05yezyL0g2YpJYl	The Story So Far	How You Are	The Story So Far
g0OKQtCU4YrT468h	At the Gates	Neverwhere	The Red In The Sky Is Ours (Deluxe)
g3IWRs8B76hME4fm	Alexi Murdoch	Orange Sky	Four Songs
g3QurFGQ6IFgsiRI	Marisa Monte	Beija Eu	Mais
g3VbDUQbStZbE07o	Radiohead	Paranoid Android (Remastered)	OK Computer OKNOTOK 1997 2017
g3n7qsKcS74DZhc7	Father John Misty	When The God Of Love Returns There'll Be Hell To Pay	Pure Comedy
g3rwjEp7I7omCNNE	boy pablo	Losing You	Soy Pablo
g4L8HFH5c5h21fIG	The Byrds	Chimes of Freedom	Mr. Tambourine Man
g4gxKdTrEpEDucKM	Sebalter	Hunter of Stars	Hunter of Stars
g4mKXVUXhDZ7kk29	Moderat	Les Grandes Marches	Moderat
g5Y3fz7C9EnMXdMA	Lana Del Rey	Blue Jeans (Gesaffelstein Remix)	Blue Jeans Remixes
g7J6nIVSNDxmA4aW	Max Cooper	Harmonisch Serie	Harmonisch Serie
g7dgCIjAnL8JU8iV	Days of Jupiter	Bleed	Secrets Brought to Life
g9ZLqrtFklLIwpAW	Javiera Mena	Sufrir	Mena
gA6G8oX37ssKmIL9	A Rocket to the Moon	Not A Second To Waste	Not a Second to Waste
gADr3cegyMGVlTsY	Angie McMahon	Pasta	A Couple Of Songs
gAVXFGakgQwhUwee	Blackbear	Ain't Love	Deadroses
gB4s1l5AhO7gJKQu	Flyleaf	Cassie	Flyleaf
gB5tVNVEMKQLsTYC	Annie	Anthonio (Berlin Breakdown Version)	Anthonio
gBFmuIxwoFxOnL0L	UNKLE	Burn My Shadow	War Stories
gBvZCvMpSSKuimfi	Oingo Boingo	Who Do You Want to Be	Good For Your Soul
gCQIfw3VYakZjELZ	Jess Glynne	All I Am - Acoustic	All I Am (Acoustic)
gD8uvsWwDz1jDyMI	Queen	Hammer To Fall - Remastered 2011	Greatest Hits II
gFg3ezCO8HGRN69w	Kasabian	Glass	48:13
gFhvYxsB8FnUp4Lp	Kvelertak	Bronsegud	Nattesferd
gFuFumXX8wzZ6rPP	Xuxa	Doce Mel (Bom estar com você)	Xou da Xuxa
gG8SHsGc7uKrMH0c	Bellini	Samba Do Brasil	Festival
gGEsFK8GywTMmGYS	Desiigner	Overnight	New English
gGvTHJ3CyAa082Dk	Parachute	Meant to Be	Overnight
gHBhsdU5oXE7xwJc	Turma do Pagode	Luz, cama e ação - ao vivo	O Som das Multidões
gI45zhQX6skjy3xj	Lady Antebellum	Wanted You More	Own The Night
gIEVlZSsLqTBe2ku	El Canto del Loco	Crash	A Contracorriente
gISCNNxJAXEBd159	Rush	Afterimage	Grace Under Pressure
gIbQVJSWeIIIRKVX	Eyedi	Best Mistake (E)	Mix B
gInWJxe0SIMlNYYg	Celtic Frost	Winter (requiem, Chapter Three: Finale)	Monotheist
gJ4fzQ7YL9nUeDRe	Amorphis	Her Alone	An Evening with Friends at Huvila (Live)
gJBEh44JWAlYZgaM	Arkells	American Screams	Rally Cry
gJNbEHcdlLkxG5IY	Manowar	Carry On	Fighting The World
gKMvqO3btqFJ7L2Y	Mariah Carey	Oh Santa!	Merry Christmas II You
gKSgjtnh6rbIfqSq	Soilwork	Spectrum of Eternity	The Living Infinite
gL9VkGgGyUv3bmL7	Glen Hansard	I'll Be You, Be Me	This Wild Willing
gLCpeB5a3uumARLF	Porter	Vaquero Galáctico	Atemahawke
gLewFtUTBHWxC7qS	The Vaccines	Everybody's Gonna Let You Down	Melody Calling
gMEPV6kFdHfiA1jK	Guided by Voices	The Rally Boys	The Rally Boys
gMLePF6hs6Jkv6Rm	Lukas Graham	You're Not the Only One (Redemption Song)	3 (The Purple Album)
gMVOnFnTZJXXQgtN	Bowery Electric	Next To Nothing	Bowery Electric
gMbzEdSzWCzwuNH8	Tegan and Sara	I Know I Know I Know	So Jealous
gMdQONPf9JdWb6MS	Ozzy Osbourne	Mama, I'm Coming Home	No More Tears (Expanded Edition)
gMqwmr34unR4CqRV	Shortparis	Весело	Пасха
gN3HJyEplNIpIQ22	Meghan Trainor	NO	NO EXCUSES
gNOQLfmb3QbIuXDY	Department of Eagles	Teenagers	In Ear Park
gOfiqPMAdU9kS703	Misfits	Astro Zombies	Collection
gPvB7NzUMFOWdB7f	The Staple Singers	Respect Yourself	The Very Best Of The Staple Singers
gQ9ce0TOzXtxfAhh	Jason Derülo	Talk Dirty	Talk Dirty
gQwglXv6knKfQQgn	Craft Spells	Still Fields (October 10, 1987)	Nausea
gRFKOLZKWuiOodgT	Miley Cyrus	4X4	Bangerz (Deluxe Version)
gS1vEYz8UgKRCsfS	Harry Styles	Meet Me in the Hallway	Harry Styles
gSDEde5fekD0MWlk	Dua Lipa	New Rules	Dua Lipa (Deluxe)
gTsNkCDS3o4XGtUM	311	Don't Stay Home	The Essential 311
gTzDqR6qb88s7Fkl	YUNG BAE	Kado	Bae
gUEzP7371oFCauFw	The Cure	At Night	Seventeen Seconds
gUHRIdKS7624cY2P	Luke Sital-Singh	Killing Me	Time Is a Riddle
gUbkWthGY0ub4mGA	Communions	Forget it's a Dream	Communions EP
gV3OjndzQAEtIxRo	Motorama	Kissing the Ground	Many Nights
gV5IddD5QYMygm11	Lilys	Day Of The Monkey	Eccsame the Photon Band
gVqLKphzBjL5F7JY	Marilyn Manson	In the Shadow of the Valley of Death	Holy Wood
gVqbLjeGFEI7o4yl	Jade de LaFleur	Shotgun	Shotgun
gWJf35SZd7IROlmd	Amon Düül II	Gulp A Sonata	Yeti
gWSt6UGfKat5L6pY	Calum Scott	No Matter What	No Matter What
gWofl1aute0K51Ud	Ween	So Many People In The Neighborhood	Quebec
gX0rgtPnKPOD9qhT	Mariah Carey	To Be Around You	Emotions
gX5SsJssDtTrNyyd	Wonder Girls	John Doe	REBOOT
gXFQFfCS2YjzlP4N	Humberto & Ronaldo	Solteiro Sim	Barretos 60 Anos
gXJE1QpcIkscz0Ma	Jonas Brothers	Just Friends	Jonas Brothers
gXNjgcQrLSxe4tQF	Betty Davis	He Was a Big Freak	They Say I'm Different
gYIV9MmKc976LKsX	Gentle Giant	Free Hand	Free Hand
gZ8BePdLaZWY9QvO	John Frusciante	Ah Yom	The Empyrean
gZdDX4tF8kHTRn65	Björk	In the Musicals	"Selmasongs: Music From The Motion Picture ""Dancer In The Dark""`"
gadbmFD3ed72REmk	Glenn Frey	You Belong To The City	Above The Clouds - The Collection (Deluxe)
gbKOtlNFe2jrXGL8	Pat Benatar	Wuthering Heights	Crimes Of Passion
gcFfKAX8vSRWOtqk	The United States of America	Where Is Yesterday	The United States Of America
gdHmkEd0uy5HzhlM	Obscura	Perpetual Infinity	Akróasis
geEuUG41A8bqT5N6	Scattle	Knock Knock	Hotline Miami: The Takedown EP
geGgEPDfZD2FuxXP	Foghat	I Just Want to Make Love to You	Foghat
geQkpn7w6zJMWdJ6	The Stranglers	Always the Sun	10
gfB4JEoAJ33BvjF4	Shakira	Estoy aquí	Pies Descalzos
gfEKM1V8FIZoTWFL	Yelle	Dire Qu'on Va Tous Mourir	Complètement fou
gfZ44wiAt0Xnkt1c	Lust for Youth	Display	Compassion
gfuSUYpsLqpiGSqp	While She Sleeps	False Freedom	This Is The Six (Deluxe)
ggOUNtVmUIah47Pt	Luiz Lins	Jamais	Jamais
ggqXwlrKr9xZL0fW	Dream Theater	I Walk Beside You	Octavarium (U.S. Version)
gh75Z0LfzWSjhaZi	Iron Maiden	Strange World	Iron Maiden (2015 - Remaster)
ghxNiRSoZNQNtSup	Gehenna	The Shivering Voice of the Ghost	First Spell
gi3cLeN4YmYmYD7r	DJ Bobo	There Is a Party	There Is a Party
gjRZoJZDL4hriKYJ	Deerhunter	Hazel St.	Cryptograms
gkbdyrUW75YF5iWF	Snow Patrol	You Could Be Happy	Eyes Open
gkiGC27Div9Gy9gG	TTNG	Badger	Animals
gkkIBMfgjiHDsO9f	The Cure	Secrets	Seventeen Seconds
gl3cJltvbLjeFxFk	Trevor Something	Overdose	Ultraparanoia
glA5bmVvtrApuc4q	Katerine Duska	Won't Leave	Embodiment
glgqke0nogUZSew1	Ekkah	Homesick	Homesick
gljnpe8gsuV3aDeV	Huey Lewis & The News	The Power of Love	Greatest Hits: Huey Lewis And The News
gn3nIryi8ZIv7bIL	Every Move a Picture	Signs of Life	(The Rebel Sounds of) Frisco Disco #2: Every Move A Picture / The Kohl Heart
gn756NRDuHsxjbxy	Apparat	Useless Information	Walls
gnOx9AoROvJp16cK	Eraserheads	Alapaap	Circus
gnojycdXU2agRIHc	Real Friends	I've Given Up on You	Put Yourself Back Together
goM5NQMp5PKbqJ7x	Garth Brooks	The Dance	Favorite Country Love Songs
goidmgsPXFgc7B5R	Glass Candy	Warm in the Winter	Warm In The Winter
gpBbrlL5zHQqXlzf	Simply Red	A New Flame	A New Flame (Expanded)
gpIN5l2aCYFISRh3	Flight Facilities	Clair De Lune	Down To Earth
gq7X9o3uJG3wxXdi	Sylvester	Dance (Disco Heat)	Mighty Real: Greatest Dance Hits
gqH8vk608iBD1P1C	Dance Gavin Dance	Shark Dad	Instant Gratification
gqI0nkItVlQKVp5O	John Coltrane	Body and Soul	The Very Best Of John Coltrane
gqVkVxcKKKG26UeO	Janelle Monáe	Electric Lady (feat. Solange)	The Electric Lady
gqlD12cEuaj1dgyu	Django Django	In Your Beat	Marble Skies
grcS1wbNsPEBGL8t	Kraftwerk	The Model	The Man Machine (2009 Remastered Version)
grjWXvZiLQEHMKp3	Do Make Say Think	Hooray! Hooray! Hooray!	Winter Hymn Country Hymn Secret Hymn
gsLgKCKPvyxdq7uK	Enya	Evening Falls	Watermark
gsreA31ea6Prv9yT	Grupo Limite	Yo Sin Tu Amor	Por Puro Amor
gsutEDk1S7I7IwgP	Jewel	Morning Song	Pieces Of You
gt3mYJNA5LSce4ci	Cake	Rock 'n' Roll Lifestyle	Motorcade of Generosity
gtER2AzI2ryJT5bz	Eleni Foureira	Tómame	Tómame
gtF9QHVWOp6RKsYg	Fall Out Boy	Sugar, We're Goin Down	From Under The Cork Tree
gtKG576bqLR4uA7m	AFI	Halloween	All Hallows EP
gtqbaqjcwGxJ0Ddz	Sabaton	White Death	Coat Of Arms
guGliIEGHFZ9TnFA	Fuel	Million Miles	Natural Selection
guJkxm02xMtCEavI	Yorka	Miedo	Humo
guPi24zR8PJkRFGH	JPEGMAFIA	Thug Tears	Veteran
guZt5KggjFtPgSr2	El Guincho	Pelo Rapado	Hiperasia
gulMT0CvnMtXNiqh	Hammock	Breathturn	An Introduction to Hammock
guybcrNDTkTwUdMb	Porcupine Tree	Lazarus	Deadwing
gvCrByDB90ESZdBg	James Horner	Scorched Earth	AVATAR Music From The Motion Picture Music Composed and Conducted by James Horner
gvGhFo6yA2faaqhT	Oliver Francis	the mud	A Million Miles an Hour
gvSYClIBV3zWxFOf	The Band	The Night They Drove Old Dixie Down - Remastered	The Band (Expanded Edition)
gvdQQmKOy7BMoFwE	Seether	Truth	Karma and Effect
gvrb8Iqzd77Ur6k3	Equilibrium	Unbesiegt	Sagas
gvyzKcTPtTBFN8HP	Pepe Aguilar	Miedo	No Soy de Nadie
gwA1T2AdIcltCeUF	Bastille	Haunt - Demo	All This Bad Blood
gwKMRFe39PPpYCk2	Kimbra	The Good War	Primal Heart
gwQesBfalyqw1Wdn	Blu Cantrell	I Can't Believe	So Blu
gwqVyuUyVo6b8rlw	Ben Frost	Theory of Machines	Theory of Machines
gxQO19RYsBXtamwN	Celtic Frost	The Inevitable Factor	Into the Pandemonium (Bonus Track Edition)
gyXgfQKk3xIuMn6n	Justin Bieber	All That Matters	Journals
gyzHsPTCnaH4Vx8J	Stella Donnelly	Mosquito	Beware of the Dogs
gzBilUKgHBLjK0Hi	Converge	On My Shield	All We Love We Leave Behind (Deluxe Edition)
gzLpz2H0AmLPMV0T	Niagara	Pendant que les champs brûlent	Flammes
gzsNK8DSccCn9mzK	Tarja	Boy And The Ghost	My Winter Storm
gzyMTcgZy5KwbSGQ	Maluma	Cuenta a Saldo	F.A.M.E.
h01wejjkd9PjMJmD	Maquinas	quarto mudo	Lado Turvo, Lugares Inquietos
h1UAGyt5SIIZISad	Box Car Racer	Watch The World	Box Car Racer
h1q4YxtYWzPtoxJV	Eddy Arnold	It's a Sin	The Essential Eddy Arnold
h22S1JLaI5GwRXV6	Troye Sivan	WILD	Blue Neighbourhood (Deluxe)
h33uCNxGy7kzXvYD	Chico Buarque	Homenagem Ao Malandro	Caravanas Ao Vivo
h3JkS4lufiqfx4H2	Arca	Piel	Arca
h3hN1VXfBIn211Pd	Johnny Osbourne	Ice Cream Love	Fally Lover
h3lUvTgJdtxvHe5k	Vhs Collection	Sign	Sign
h4BowZF6cccx9YlU	Kudai	Calendario	Nadha (US Version)
h5gpvQjTqmGo3wem	Nouvelle Vague	Dance With Me	Bande à Part
h6Bkk9kvY7NzBvfQ	As It Is	Horoscopes	This Mind of Mine
h6TdqYYRKpfrTwsn	The Flatliners	Indoors	Inviting Light
h6eeOKF9hvuF6me9	Bleed from Within	Our Divide	Uprising
h6o0wscN3MNvHWsE	Candlemass	House of Doom	House of Doom
h7M8JDhAzmwA75ro	Elliott Smith	Pretty Mary K	New Moon
h7TXwZR8TRp2aTfy	Parquet Courts	What Color Is Blood?	Sunbathing Animal
h8RCkWOfYJQNTHEt	Leonard Cohen	Take This Longing	New Skin For The Old Ceremony
h8TZh7cCfYSiCYbV	Supergrass	I'd Like to Know	I Should Coco
h8ZTDJKHAyYgMSHx	Nothing But Thieves	Painkiller	Nothing But Thieves (Deluxe)
h8aLIvzoAJ3ybaqH	Do As Infinity	Alive	ALIVE
h8kFtfHIVjE0N5Zu	Nick Lowe	I Love The Sound Of Breaking Glass	Jesus of Cool (Reissue)
h91CVT6hpy8BHkZI	Joost	Ome Robert	Ome Robert
hAJame0Q8Im4e6RG	Bring Me the Horizon	Follow You	That's The Spirit
hAjVyAJjJeXj6zUU	The Sword	The Sundering	Gods Of The Earth
hB82dCGIpGp0mhfy	Michael Jackson	Can't Let Her Get Away	Dangerous
hBLhDvIZ6S4VU3Ya	Metallica	...And Justice For All (Remastered)	...And Justice for All (Remastered Deluxe Box Set)
hBd8MLEhDcKof1RF	Maria Bethânia	Brincar De Viver	Simplesmente Bethania
hBkKFMiqWNVS8szS	Kaiser Chiefs	Bows & Arrows	Education, Education, Education & War
hBqDds6gdVRmA5HA	Dirty Projectors	Beautiful Mother	Mount Wittenberg Orca
hC5U5tMqzu8UtQge	The Oh Hellos	Soldier, Poet, King	Dear Wormwood
hDn8NQfZsLjyCQTm	NEFFEX	Play	Play
hEpcXjNhOJnGViRf	Lee Hi	Breathe	SEOULITE
hEtFLkqquz5sVeuT	Cemeteries	Nightjar	Barrow
hEy120usewJykO5K	The Wood Brothers	Keep Me Around	The Muse
hF3bV1ws7s5ds49Z	Céline Dion	Nature Boy	A New Day Has Come
hFsDiPlpRuY6M6Oa	Arch Enemy	Bloodstained Cross	Khaos Legions
hFyZ5XhMYVw65GN9	The Beautiful Girls	Let's Take the Long Way Home	We're Already Gone
hGMz3PBRD9IJU7x0	Menahan Street Band	The Contender	Make The Road By Walking
hGboq1hyagj5eirz	Loreena McKennitt	Breaking of the Sword	Lost Souls
hGw83TJlxx4Qzz8E	At the Drive-In	Shaking Hand Incision	In / Casino / Out
hHXNwJIIqYMLMrF9	The Drifters	There Goes My Baby	Up On The Roof: The Best Of The Drifters
hIEzZ8NCNNFdoCZ4	Michael Bublé	You Don't Know Me	It's Time (U.S. Version)
hIdD6H9PRYjq83ln	Blind Pilot	The Story I Heard	3 Rounds and a Sound
hIobrPQIFUreQibd	Roxette	It Will Take a Long Long Time	Have A Nice Day
hJ8v9focfSnyWUkb	Fafá de Belém	Foi Assim	Maria de Fátima Palha de Figueiredo
hJmmkGEbJ5dx8gzv	Jim James	I Just Wasn't Made For These Times	Tribute To 2
hK7lSBsIu9Trjsiy	Astral Doors	New Revelation	Testament of Rock
hK8eHfDMLBfjtBIR	Antônio Carlos Jobim	Mojave	Wave
hK90MIlTIUxASdrV	Howard Shore	Gilraen's Memorial	The Lord Of The Rings: The Fellowship Of The Ring - The Complete Recordings
hKElxMyzEVpytG4E	Red Hot Chili Peppers	Dance, Dance, Dance	I'm with You
hKiRdLfYNzuzG95Q	A Sunny Day In Glasgow	The Best Summer Ever	Scribble Mural Comic Journal
hL3m3I4DvO86zjYs	Deafheaven	Language Games	Roads to Judah
hLXLP5F4xBeq7Alz	Screamin' Jay Hawkins	Monkberry Moon Delight	Screamin' the Blues
hMBQp8FCNoNFiA6l	ASTR	Operate	Operate (The Chainsmokers Remix)
hN8Hrpaw5ObtGDoE	O Teatro Mágico	Camarada d'água	Recombinando Atos (Ao Vivo)
hNBmplVvAwsGkeCN	Yeah Yeah Yeahs	Turn Into	Show Your Bones
hNHnwSPwxp8Z7IY3	Björk	I Miss You	Telegram
hNPII41mRaGZumVx	Disclosure	Intro	Settle (Deluxe)
hNPvamPY2RDL4XwX	10cc	Life Is A Minestrone	The Original Soundtrack
hOmxnIoRnTcCaRAc	Wisin & Yandel	Algo Me Gusta De Ti	Líderes
hOpYbvaHCX788otq	Manic Street Preachers	Ready For Drowning	This Is My Truth Tell Me Yours
hP05XX7VvrgQwET1	Empire of the Sun	Two Vines	Two Vines
hPLslLmO660okcc4	Gabriel Garzón-Montano	My balloon	Jardín
hPrdxI3FfPFBElN2	Marisa Monte	O Que Me Importa	"Memorias Cronicas E Declaracoes De Amor ""Textos, Provas E Desmentidos"""
hQm6r2BukHiTFYFP	Motörhead	Turn You Round Again	Another Perfect Day (Deluxe Edition)
hQn985sHASnX5CUY	Sabotage	Rap É Compromisso - Instrumental	Rap É Compromisso (Edição Comemorativa)
hRMeYCFIbdsOST2m	The Cranberries	Fire & Soul	Roses
hROLmpegC9KSvwbY	Howard Shore	Give Up the Halfling	The Lord Of The Rings: The Fellowship Of The Ring - The Complete Recordings
hRny0RAgvxB0Q8Sw	James Hersey	Miss You	Miss You
hRvjE32LocA4VxGM	The Lemonheads	Speed of the Sound of Loneliness	Varshons 2
hS2znJTUra2WC4sv	Tove Styrke	Burn	Kiddo
hSRu836hzGXHDalh	Szpaku	W Krainie Czarów	Atypowy
hShQ860obiR7jXCp	Charlie Brown JR.	O Mundo Explodiu Lá Fora	Imunidade Musical
hU5auxUq1oIhjWin	Five Finger Death Punch	M.I.N.E (End This Way)	The Wrong Side of Heaven and the Righteous Side of Hell, Vol. 1
hU7yckCKoiTkHjwi	Alejandra Guzmán	Mirala Miralo	Libre
hUAManEWdt48ZT1o	Clara Nunes	Juízo Final	Meus Momentos
hULqjj5XbRVgdr84	Mumford & Sons	Rose of Sharon	Delta
hUX2rxUzweCf1Q6s	Two Door Cinema Club	Next Year	Next Year (Remixes)
hUfq3w0cRzw5cmOg	Handsome Ghost	Better Off	Welcome Back
hWUFXhbgf1jKAcOW	Iron Maiden	Tears of a Clown	The Book of Souls
hWwLyENI8gJUq7uz	The Cranberries	Dreaming My Dreams	No Need To Argue
hWy8KQvExPZuvk3s	The White Stripes	Bone Broke	Icky Thump
hX06Kd6PrrAxDBnB	Dream Theater	Ytse Jam	Once In A Livetime
hX5kpRioXesaHjqr	Failure	Segue 3	Fantastic Planet
hXBGOXUayEPVvA9c	Guy Mitchell	Heartaches By The Numbers	Guy Mitchell
hY1VDwQkNQyJzWTm	Bonobo	Kerala	Migration
hYYG21vNgRwf6F1d	Violeta Parra	La jardinera	Cantos Campesinos
hYippqM5UfSyk2jv	Prince	Gett Off	Diamonds And Pearls
hYyk7Inc18yvUfWV	Halestorm	Mayhem	Into The Wild Life (Deluxe)
hZ3h3IN7A4hUbeWT	KT Tunstall	Someday Soon	Drastic Fantastic
hZ56Ror6mfRSOR5T	Soda Stereo	Cuando Pase El Temblor - Remasterizado 2007	Nada Personal (Remastered)
hZAqXn3HJQYg7kDs	Thantifaxath	Eternally Falling	Sacred White Noise
haLdI9oIx6c6GEDt	Donna Summer	Lucky	Bad Girls
haTjdUlLYh5TRL5A	Kuusumun Profeetta	Ei aurinko milloinkaan laske	Jatkuvasti Maailmaa Pelastamaan Kyllästynyt Supersankari
haobVgss6klmt7SQ	Jeff Rosenstock	Hey Allison!	We Cool?
hb3xTU3DA893ihQk	Vanum	War	Ageless Fire
hbmP7Bs3h1s8U9g9	2Pac	Ballad Of A Dead Soulja	Until The End Of Time
hbvMu60fzTn54U7k	Agnetha Fältskog	The Last Time	I Stand Alone
hce5DKqD7T6UOcIv	Alvaro Soler	Animal	Eterno Agosto
hdD66ZknDbV446VT	Jesse Royal	Modern Day Judas	Lily of da Valley
hdOS2ZcJXyqLtdkm	Sandy e Junior	O Mundo Que Se Vê	Identidade
hdvYzCba1UBlQ4d8	The Hives	The Hives-Introduce the Metric System in Time	Veni Vidi Vicious
heG2pOBbOfC0G1KZ	Sodom	Intro	Code Red
heOHJENCKXXCKM0e	Marisa Monte	Pelo Tempo Que Durar	Infinito Particular
heW1ZGGNCmr4ztzU	Glee Cast	Teenage Dream	Teenage Dream (Glee Cast Version) [Acoustic]
hecj00yfnGVxT8GB	Blondie	The Hardest Part	Eat To The Beat
hecj0XKqhuEsOUFE	Gilberto Gil	Lente Do Amor	Luar
heoiH2KVtICYJWOp	The Flamingos	I Only Have Eyes for You	Flamingo Serenade
hfVXoVKHX7sxlvwl	Burzum	Gebrechlichkeit II	Filosofem
hg6FOXvrISEpwQnh	Kllo	Dissolve	Backwater
hgIJdGJSHcxaD6rd	João Bosco	De Frente Pro Crime	Caça A Raposa
hgY9F8IWzvvZV9xO	Alanis Morissette	Numb	Live At Montreux 2012 (Live At The Montreux Jazz Festival, Montreux,Switzerland / 2012)
hgmA13e78Emn4c9d	Caetano Veloso	A Tua Presença Morena	Ofertório (Ao Vivo)
hhSQ7drD1SqFcL1T	Iron Maiden	The Prisoner	The Number of the Beast (2015 - Remaster)
hhpFVe329vIvG0lw	Algernon Cadwallader	Black Clouds	Algernon Cadwallader
hi7uuNrlNhOwKPpV	Ling Tosite Sigure	abnormalize	i'mperfect
hiSuC1GSQl9oscb2	Soundgarden	Like Suicide	Superunknown (Deluxe Edition)
hiTENBGkx9RdohaO	Carter Burwell	My Dear Anne	Three Billboards Outside Ebbing, Missouri (Original Motion Picture Soundtrack)
hinWqnleXFK29w7W	José González	Crosses	Veneer
hj3tRa0glz6hf6Wz	Psyclon Nine	Lamb of God	INRI
hjPxjiwpwiontaDk	Alice Gray	Pink Cadillac	Pink Cadillac
hk0FIs65TEKZDRaK	Ladytron	Another Breakfast With You	604
hkECjY8PfY1VYY8S	EURINGER	Problematic	EURINGER
hlQx7ci7BvCDdc86	Toby Fox	Dogsong	UNDERTALE Soundtrack
hlXjzMEKTvozulON	Efdemin	Oh, Lovely Appearance Of Death	New Atlantis
hmAeB9VAUaJTmqRc	The Offspring	Amazed	Ixnay On The Hombre
hmW92Y9XjK7o63XW	Billy Currington	Don't It	Summer Forever
hmn0W8bgOtqFai6U	Maysa	What are you doing the rest of your life?	A Woman In Love
hnG8IBGI5bH6kOsF	The Human League	Do or Die	Dare!
hnRD5wPoIeTJs0Cz	Hooverphonic	Electro Shock Faders	Blue Wonder Power Milk
hoF2Tj3zVworjhDY	Rita Coolidge	(Your Love Has Lifted Me) Higher And Higher	Anytime... Anywhere
hoHjUAkEvtJusUlW	Déyyess	Escher Heart	Escher Heart
hpcJb9EAHymfJtkl	Paramore	Escape Route	Paramore: Self-Titled Deluxe
hq6ofGKCsWAX4XUp	Muse	Forced In	Hullabaloo Soundtrack
hqG3ZE10gZugYbkf	Tori Amos	The Power of Orange Knickers	The Beekeeper
hqNYqK8WPzqxi3ZZ	Chambao	Pokito a Poko	Chambao Caminando
hqgKVxnBHf8t686i	Bloodbath	Chainsaw Lullaby	Chainsaw Lullaby
hqxxeEcHAZvtSpEW	Red Vox	Foot In The Door	Kerosene
hr8vahjE7uMAop2h	La Dispute	Anxiety Panorama	Panorama
hrIe6eUsbZFS1A7F	Snow Patrol	Please Just Take These Photos From My Hands	A Hundred Million Suns
hrT8tMLHCq5ocGHy	Sneaker Pimps	Half Life	Splinter
hrek0SJ8DcHEzo0d	Shining	I nattens timma	VII - Född Förlorare
hsAJm29MZq9KfiuV	Artesia	Le haut bois	Llydaw
hsOwP26rl4jFlhsS	Grace VanderWaal	Escape My Mind	Just The Beginning
hsSep8DAcfWb2YY6	Soilwork	The Wolves Are Back in Town	Verkligheten
hsfBxVKJjDRMDPmX	The Vibrators	Stiff Little Fingers	Pure Mania
htTyJzo0hQT3OBTh	Sufjan Stevens	Chicago (acoustic version)	The Avalanche
htZdj59ynRkq2M1J	Michelle Gurevich	Russian Ballerina	Russian Ballerina
htn2TgYwJeeeimHn	Engenheiros Do Hawaii	Ilusão de ótica	10.000 Destinos - Ao Vivo
htn9V7zLY5FJNyer	Hilight Tribe	Free Tibet - Vini Vici Remix	Free Tibet (Vini Vici Remix)
htqwrYELLQpry8hQ	Ladytron	Kletva	Velocifero
hu4lEsb46ldjAIPv	Wanessa	Amuleto Protetor	Total (Com Faixa Bonus)
hujmlhwtNNEisQgj	Real Estate	Out of Tune	Days
hveBajmwORL0GXfh	Paul Carrack	Sunny - Remastered	The Singles Collection 2000 - 2014 (Remastered)
hvgMFXaQg6571jcH	The War on Drugs	Brothers	Slave Ambient
hwWvK8qMWZiz193s	I Monster	Who Is She?	Neveroddoreven
hwoZuSZOQA48sIso	Moby	At Least We Tried	18 & 18 B-Sides
hxEnf6riU328VDp7	Primus	Eleven	Sailing The Seas Of Cheese
hxGBTxhSf7o6b1fz	Christina Aguilera	Blank Page	Lotus (Deluxe Version)
hxKAY2pAtxaioSWj	Beach House	Myth	Bloom
hyAOwBgnAOL7f66Q	Laura Pausini	Entre Tu Y Mil Mares	Lo Mejor De Laura Pausini - Volvere Junto A Ti
hyuPDrMEiPJSDreA	Karol Conká	Você Não Vai	Batuk Freak
hzB6Jnll0o1qR2tq	Post Season	Long Shot, Lost Cause	Post Season
hzaGn3jqxOiVvsME	Virgin	Szansa	Ficca (Reedycja)
hzeKGdEgTUl6tR8Y	Lisa Mitchell	Pirouette	Wonder
hzs6vWsOEZXtFhhe	M83	Kim & Jessie	Saturdays = Youth
i0HBECAxXAP1Lsbd	Bad Religion	Voice of God Is Government	How Could Hell Be Any Worse? (2005 Remaster)
i19hxqFBrvPDNqqF	Trampled by Turtles	Wait So Long	Palomino
i1SIVTXAFnv0ouOz	happysad	Mów mi dobrze	Mów mi dobrze
i2TKUAC4U1cFtSUa	Lenny Kravitz	I Love the Rain	It Is Time For A Love Revolution
i2h3nplLnvefTsxW	Norma Jean	1,000,000 Watts	Polar Similar
i3XyxzUqUKTKnYAG	Bebe Rexha	Knees	Expectations
i3gUK5ghOZoNfsjO	Gerry & The Pacemakers	You'll Never Walk Alone	You'll Never Walk Alone (The EMI Years 1963-1966)
i3rmnzm3aWNCu1wP	Letrux	Hypnotized	Letrux em Noite de Climão
i47dGeEN2xBpvQ70	2Cellos	Smooth Criminal	2Cellos
i4OHqjO07NNG5BZy	The Whitest Boy Alive	Burning	Dreams
i4RqIicZcx9FNadZ	The Weeknd	Heaven or Las Vegas	Trilogy
i4SJJjolN8YH7FGT	Ramones	Out of Time	Acid Eaters
i4pLKarsOTcPR9rb	Cassadee Pope	Cinematic	From The Vault
i5eyyg51Bqn5Emjh	Good Charlotte	Hold On	The Young and The Hopeless
i5pSYtOHdfQlF07t	Graduating Life	Carry a White Flag	Grad Life
i5wUuL5G3rtfunSY	Yann Tiersen	I've Never Been There	Cascade Street
i6GDfQmdAYYAqMvx	Lady Antebellum	Lookin' for a Good Time	Lady Antebellum
i6nt8FnwDC964QtH	God Is An Astronaut	Elysian Fields	A Moment Of Stillness (2011 Remastered Edition)
i6o9MqibS28LLSeN	Ariana Grande	My Everything	My Everything (Deluxe)
i7kfmiAR8MfCvd8m	Memphis May Fire	Sleepless Nights	Unconditional: Deluxe Edition
i87WnfmeIHgDwlMR	The Browning	Skybreaker	Geist
i8Mj4u2PEZm0So05	Tom Vek	Someone Loves You	Leisure Seizure
i8lIyiFzhb5iKBT5	Asobi Seksu	Red Sea	Citrus
i8smFKIIpeOfPoJ4	Corinne Bailey Rae	The Scientist	Fifty Shades Darker (Original Motion Picture Soundtrack)
iB3U5eO2LIxm7cj1	Santana	La Fuente del Ritmo	Caravanserai
iBKEh3FGdpwe56s3	Big Thief	Pretty Things	Capacity
iC2hjAVlHa4bjiY1	Tears for Fears	Mr. Pessimist	Elemental
iCJ48pYSeCRohDrJ	Lea Michele	Love Is Alive	Places
iChfD2M03EUdi0xE	Adept	Forever And A Day	Silence the World
iD8rTiUcP8HIjfnU	Pearl Jam	Black	Ten
iDYEP4YOYdBf5o0c	Mazzy Star	She's My Baby	So Tonight That I Might See
iDZwo3Y4UTjBuFJP	The Hollies	Gasoline Alley Bred	Moving Finger
iDvDkJR7sjYhZROu	Schammasch	Diluculum	Triangle
iEOc5UkEhb9n73Lm	Bill Evans	What Are You Doing The Rest Of Your Life?	From Left To Right
iEOu66qARkRNQIh9	Love	Live and Let Live	Forever Changes (2015 Remastered Version)
iEbpQ84KI5zwjbTY	Bury Tomorrow	Lionheart	The Union Of Crowns
iEtYMUDeOTIhkJL3	Cyndi Lauper	Someone Like Me	Hat Full Of Stars
iG2ef3gvUPRnU1HD	The Prodigy	Diesel Power	The Fat of the Land - Expanded Edition
iGBEpL6uXBm9encc	Eddie Vedder	Far Behind	Into The Wild (Music For The Motion Picture)
iGDJUIpqJ2lQr2Lm	Aṣa	Jailer	ASA (Asha) [Deluxe Edition]
iGVQ9qSpp8tvj2bf	Earl Sweatshirt	Grief	I Don't Like Shit, I Don't Go Outside: An Album by Earl Sweatshirt
iGbjPObKOlxD8o7s	Christina Grimmie	Anybody's You	Side A
iGdvzetEaNrITd15	Stars	Ageless Beauty	Set Yourself On Fire
iHRt8u88DH1Dq7SP	Chris Brown	Loyal	X (Expanded Edition)
iHcGCqLwMcQ676gy	Biltre	Pissaicou	Bananobikenologia
iI5bYXYOPkG23iFO	Touché Amoré	Social Caterpillar	Is Survived By
iIAPvAXz3sN4Fscf	Matisyahu	Youth	Youth
iIFClkedrRRMlPzL	Carnal Forge	Parasites	Gun to Mouth Salvation
iIMjsIc6UoKiXbUw	Paul McCartney	Too Much Rain	Chaos And Creation In The Backyard
iIP5VH4NSykV9T8x	Sonny Boy Williamson	Don't Start Me To Talkin'	Down And Out Blues
iIjSqT8C6ZxYDuN0	Jeff Buckley	I Know We Could Be So Happy Baby (If We Wanted To Be)	Sketches for My Sweetheart The Drunk
iIqrXA6PydukFi8e	Tom Zé	Papa Perdoa Tom Zé	Vira Lata na Via Lactea
iJECx2PKzm9YuKdd	Five	It's The Things You Do	Five
iJshEhVT9RkdI1tn	Mura Masa	I've Never Felt So Good	Soundtrack To A Death
iJxIlJwzo8ojOvMh	GOT7	따라와	Got It?
iJyeRvosG2zzZVuS	Heart	Secret	Brigade
iK2528ShQVATZD7f	Liza Minnelli	Cabaret	Cabaret
iKyAR0QERFip8FDH	IAMX	Say Hello Melancholia	Metanoia
iL41JdAqCd3JmcMo	Elis Regina	Casa No Campo	Elis
iL86Cz3UJwRFWRVD	Killing Joke	The Death & Resurrection Show	Killing Joke
iLEntlMBGZfqIWIi	Flora Cash	Nothing Lasts Forever (And It's Fine)	Nothing Lasts Forever (And It's Fine)
iMLAVA8LZTpDhqk9	Triptykon	Aurorae	Melana Chasmata
iNmzxJl00Ynckskz	Tim Maia	Você	Tim Maia 1973
iPZca7FLXozJtOWa	Rush	The Necromancer	Caress Of Steel
iPj5BJZukA47syaQ	Mothers	Nesting Behavior	When You Walk A Long Distance You Are Tired
iQ4AtWkAvHFHjBct	Psychedelic Porn Crumpets	High Visceral	High Visceral, Pt. 1
iQQ1UXP7LVjIj7i5	All Saints	Pure Shores	Hit Love Songs
iQTrMhGnQQzSIhgw	The Cure	The Exploding Boy	The Head On The Door (Deluxe)
iQXH6jMveMeVgxwM	Susan Egan	I Won't Say (I'm In Love)	Disney's Greatest Volume 1
iQXfEHS4vBzOvOXK	The Used	Hospital	Lies For The Liars (Explicit Version)
iQyZijLhpKEiD7EE	Los Hermanos	Todo Carnaval Tem Seu Fim - Ao Vivo	Los Hermanos Na Fundição Progresso - 09 De Junho De 2007
iRDpgulsikdHNmL6	Bone Thugs-N-Harmony	Budsmokers Only	E. 1999 Eternal
iSKsGnSLJ8Cr5apj	Otis Redding	Ole Man Trouble	The King of Soul
iSXyuQGOP2l7Kmly	Simple Minds	The American	Acoustic
iSad3oV9tVAOQvnF	Keith Urban	Wasted Time	Ripcord
iSt3QuDWi3qtqxpf	José José	Gavilán O Paloma	Reencuentro
iT2g9xeIHCSXJlvg	O.S.T.R.	Chevy Impala	Chevy Impala
iT4I07OUBhTcApOd	Violadores del Verso	Pura Droga Sin Cortar	Vivir para Contarlo
iT5Vg9GxAowfS1j5	Switchfoot	Let It Happen	NATIVE TONGUE
iT9iz69XiOI3zRiI	Robin Bengtsson	I Wanna Fall In Love Again	I Wanna Fall In Love Again
iUBCw0tQPww4pBx5	a-ha	Manhattan Skyline	Time And Again: The Ultimate a-ha
iUjrDDWbmkGP2Nhv	State Champs	Mind Bottled	The Finer Things
iVpQ5ySaQfWR6wqP	Aerosmith	Amazing	Get A Grip
iVsHZZhadwP3QM8B	Pale Waves	Last Christmas - Recorded At Metropolis Studios, London	Last Christmas (Recorded At Metropolis Studios, London)
iW2R02mdhKgCkekH	Kaiser Chiefs	Things Change	The Future Is Medieval
iWFj17LZwynfIeQf	The Dave Brubeck Quartet	Take Five	Time Out
iWYyJqFE5EvHrL3M	Bobby Vinton	Mr. Lonely	The Best Of Bobby Vinton
iWdhKlRqvMUNJOmQ	Clap Your Hands Say Yeah	Upon This Tidal Wave of Young Blood	Clap Your Hands Say Yeah
iWupbDWLUss59IAo	Twin Shadow	To The Top	Eclipse
iX47tAtqpRt2nFEO	Dead Can Dance	Bird	A Passage In Time
iYQ4nSFoAVzRzVhe	The Partridge Family	I Think I Love You	Come On Get Happy! The Very Best Of The Partridge Family
iYrDEjFIZ5cCtb5n	RÜFÜS DU SOL	Innerbloom	Bloom
iYwMg0rLRuUNt3Ew	Angra	Streets of Tomorrow	Angels Cry
iZ47o3mKwAebUSnh	Solange	I Decided	Sol-Angel and the Hadley St. Dreams (Deluxe)
iZ7GYfPvhPQeyAwY	The The	This Is The Night	Is This It
ia6MOjJdZLBlbxmP	Cher	Dangerous Times	Cher
ibMP0aG2gSZUVPdO	Dan Croll	Home	Sweet Disarray
ibpcxyHvTMnfx5M6	Injury Reserve	Whatever Dude	Live from the Dentist Office
ibwH6xR1egmMImbs	Tom Waits	Midtown	Rain Dogs
ic7PCgSKN9hYUSyB	Mrs. GREEN APPLE	春愁	Love me, Love you
idPLWgYIkcigRqOa	Manu Gavassi	Sim, é sobre você.	CUTE BUT PSYCHO
iepW1QpfWz0ZwTAV	Stevie Wonder	I Wish - Single Edit	Number 1's
ifRPWxZtPZ6P2rPL	Хелависа	Поверь	Люцифераза
igSa9pgHwNn8dzK2	Porcupine Tree	Prepare Yourself	The Sky Moves Sideways (Remaster)
igUZKMdundk65wXH	Title Fight	Hypernight	Hyperview
ignNbBJsIlIeQNje	Delta 5	Try	Singles and Sessions 1979-1981
ihIPmfWNPZjO5lEq	Woodkid	Ghost Lights	The Golden Age
ihh3K888bIKfq4vg	Snail Mail	Full Control	Lush
ii3iDONilcXXUode	Slipknot	All Hope Is Gone	All Hope Is Gone
iinhvTlCvkymxrn2	Johnny Hates Jazz	Shattered Dreams - Remastered	Turn Back The Clock
iisCbnEEPUGug9wL	The Dumplings	Everything is a Circle	Alternative Indie
ijD2zJ2yzdEYSkhF	The National	Beautiful Head	The National
ijL8jOJcRDAPzznn	Marissa Nadler	Waking	Strangers
ijXwL9OLY0165I7z	Nick Hakim	Pour Another	Where Will We Go, Pt. 1 (EP)
ijlvKADNT1S4ZF2O	The Strokes	Red Light	First Impressions Of Earth
ijrqGUk1HzidUTxw	Odesza	Show Me	A Moment Apart
ikRredZN07sr19bU	Against the Current	One More Weekend	In Our Bones
ilgxxjD4vmViKS0W	Devil Sold His Soul	Hope	A Fragile Hope
imCSIpfMpFfM68qZ	Sectioned	Through the Trees	Annihilated
imZW8jm3RT6VEBAZ	Imagine Dragons	Underdog	Night Visions
imoBSsvNg3JUkQnd	Nina Nesbitt	Just Before Goodbye	Nina Nesbitt
imwzoNsMpAbZ7pmH	Queen	Keep Yourself Alive - Remastered 2011	Queen (Deluxe Remastered Version)
imyMbYferHzCkeM8	Jorge Ben	As Rosas Eram Todas Amarelas	Ben
inBJRVhVI115ouCf	Eric Church	Desperate Man	Desperate Man
io5SpEq5ZWLFVyOG	Animal Collective	Man of Oil	Meeting Of The Waters
ioIcVtTIT7M5w1Wr	Sandy & Junior	Em Cada Sonho (O Amor Feito Flecha)	Era Uma Vez... (Live)
ioWQsK6JZW0idikA	Bonobo	Hatoa	Days To Come
iovM1BawBG5xqSDD	PINK GUY	She's So Nice	Pink Season
ipDOM62QzRsNxUOH	Emis Killa	Rollercoaster	Rollercoaster
ipfD6n5mwFEZzAeM	The Cardigans	Hey! Get Out Of My Way	Life (Remastered)
irDYZ9JSM0hINNxH	Jack Stauber	Koi Boy	Pop Food
irY9SySCtNykwlJa	Sonic Youth	Shaking Hell	Confusion Is Sex (Plus Kill Yr. Idols)
irnXFBQtGe5XzQqQ	Miike Snow	Devil's Work	Happy To You
isXod6lpzpvfBkGd	Elis Regina	Murmúrio	Tarde Tranquila
isdzGMd0B1e3TxOU	Luan Santana	Um Beijo	Ao Vivo No Rio
isgB2lA8MuLtgHMY	Pet Shop Boys	Love etc.	Yes
ishK1BTkLBkQomBj	DAY6	어쩌다 보니 Somehow	Shoot Me : Youth Part 1
islu6cWIWc9zIWW1	Horrendous	Soothsayer	Idol
itSY2C7KhPGc5mrS	Waveshaper	66 MHz	66 MHz
itbhMrrvPvMpAUMn	Mogwai	Superheroes of BMX	Ep+6
iuFRkbpj2KxFPwId	Randy Newman	Monsters, Inc.	Monsters, Inc. (Original Motion Picture Soundtrack)
iuHbnYvYNECSlmEa	Deathstars	Syndrome	The Greatest Hits on Earth
iuLn5ZVWf4KBJYiu	Big Red Machine	Deep Green	Big Red Machine
iuW0Tt4HiZVR3lJ3	The Cure	Bloodflowers	Bloodflowers
iugC8h9e4JyJ24ie	Ariel Pink	Exile on Frog Street	pom pom
iujX5K5bdx92kePp	Ween	Roses Are Free	Chocolate & Cheese
iv4YaA13iyQ6a2cA	The Field	Over the Ice	From Here We Go Sublime
ivAz0nLd0ACToP2V	Fleet Foxes	Oliver James	Fleet Foxes
ivKpW6LvDCpztiVc	Steps	Story Of A Heart	Tears On The Dancefloor
ivbHSoLWJ3QBKql5	Converge	Towing Jehovah	When Forever Comes Crashing
iwXfZMnpBhPtgKwj	Gloria Trevi	Bipolar	De Película
iwjIGftuqv0eUGNw	Red Hot Chili Peppers	Skinny Sweaty Man	The Uplift Mofo Party Plan
ixBoLyz9KXQ8M9Dq	Balue	Good Reason	Wavy Daze
ixEqAeb2x98C0mOF	Frank Ocean	Provider	Provider
ixYvysvpxiy6Ke72	Johnny Hates Jazz	I Don't Want to Be a Hero	The Very Best Of Johnny Hates Jazz
iy7e6b5n23MfllKs	Queen	Las Palabras De Amor (The Words Of Love) - Remastered 2011	Hot Space (Deluxe Remastered Version)
iyNWilhAG0a3k0R1	Gucci Mane	Back On	Everybody Looking
iySVyADdWDEsM60S	Tove Styrke	... Baby One More Time	... Baby One More Time
iyoidfDE4jIht7Rq	Gepe	Samoriseva	Hungría
iyxKHmSwk4upK59f	Queen	Ride the Wild Wind	Innuendo
iyypWzisJ4TkGF7Q	The Maccabees	Young Lions	Wall Of Arms
iz3YHY6tODI03xhi	Culcha Candela	Hamma! - Single Edit	Das Beste (Deluxe Version)
izDMR5h9pAl44gKH	Lebanon Hanover	einhorn	The World Is Getting Colder
j04wbsnfPDdLG1yM	Opeth	Häxprocess	Heritage (Special Edition)
j09HIxv0r1Wu3DTK	Roger Waters	Mother	In The Flesh - Live
j2XiWOY3CUtCZ4m9	Green Day	Are We the Waiting	American Idiot (Deluxe)
j2gJrWAahHvwzXV4	Jimmy Eat World	Sure And Certain	Integrity Blues
j3DatktUwIzbWSDy	Daniela Mercury	Do Carinho	Feijão Com Arroz
j4gEb0Kv7ezCxOCK	AlunaGeorge	Heartbreak Horizon	I Remember
j52C7IWtCjHQmYOD	BEXEY	Villain Tears	Villain Tears
j5QrFmGMsNnktS9P	Sing Street	The Riddle Of The Model	Sing Street (Original Motion Picture Soundtrack)
j5TF5AOiAxBadwMX	Tati Zaqui	Esta Noche	Esta Noche
j6g7V0va8XKqcIjP	Fifth Harmony	Squeeze	7/27 (Deluxe)
j6sPrMF6OtFSu1rL	Led Zeppelin	Baby Come On Home	Coda (Deluxe Edition)
j72tS2mSBr5edkxQ	Indische Party	Ingin Dekatmu	Analog
j8nFJWJFOneBMnn6	Marilyn Manson	Evidence	EAT ME, DRINK ME
j9tXsE4ZEJKYQSFL	Feist	Get Not High, Get Not Low	Pleasure
jA5WvgKmF8EynYqR	Tally Hall	Ruler Of Everything	Marvin's Marvelous Mechanical Museum
jAAzK2WwKAzlk1Uz	SKI MASK THE SLUMP GOD	So High	STOKELEY
jATIvJWDjD3J2RCM	21 Savage	all my friends	i am > i was
jAUYtsKlKjD8ZCJz	Blur	On the Way to the Club	Think Tank
jAj4iC3Z9CAn93eZ	Toro y Moi	How's It Wrong	Anything In Return
jB0eid5pRWbNTgyB	Pitty	Desconstruindo Amélia	Chiaroscuro
jBWO08HDiKs3bGzu	Travis	3 Times And You Lose	The Boy With No Name
jBjCWiIWOW0jIfBk	The Byrds	I'll Feel a Whole Lot Better	Mr. Tambourine Man
jBplpJQcwYiyhKqn	Janelle Monáe	March of the Wolfmasters	Metropolis: The Chase Suite (Special Edition)
jBrToWq5vPMW9tAt	Red Velvet	7월 7일 (One of These Nights)	The Velvet - The 2nd Mini Album
jCV9RNKVFqXk8twj	Real Estate	Green Aisles	Days
jCYEHfZDZ6qGK5aE	Chris Brown	Don't Be Gone Too Long	X (Expanded Edition)
jCsFmNpyC60TPOJ8	Olly Murs	Grow Up	Grow Up
jCvNnsqnBO4k2TdK	Within Temptation	Mercy Mirror	Resist (Extended Deluxe)
jDSfFjMoT383SaA3	Julia Holter	Words I Heard	Aviary
jEWIj8C5fOBjmU0Z	Karol Conká	Bate a Poeira	Bate a Poeira Parte II
jEmItt68LJ6FpVrI	Shade Empire	Ruins	Omega Arcane
jF4Czp9NiGNsToi2	Girls	Hellhole Ratrace	Album
jFMxU0fzllSDYgeL	Yumi Zouma	Better When I'm By Your Side	Yoncalla
jFko8CM2jEtdb8qn	Peter Bradley Adams	The Longer I Run	Leavetaking
jG1CB11ylso0AdZ7	Johnny Cash	Home Of The Blues	Johnny Cash at Sun
jGY3bg0d0iW3GBtT	Art Blakey	Amuck	Orgy In Rhythm
jGjGSX5T8iArwZPj	Kvelertak	Nattesferd	Nattesferd
jGwvkEBpgHkzK4FM	Modest Mouse	Dashboard	We Were Dead Before The Ship Even Sank
jHCVQg1KPWp9jEgD	Coldplay	Fix You (Live)	Live in Buenos Aires
jHTZwi0UUuf2C2Zx	Steely Dan	Third World Man	Gaucho
jHcM9lXJqxrzwKhC	Wolf Parade	We Built Another World	Apologies To The Queen Mary
jIUWmcXQ80Xn31CI	Lady Gaga	Million Reasons	Joanne (Deluxe)
jJ6eMUPmEXsOwtOS	Coldplay	White Shadows	X&Y
jJFSoKCVKxgM1wqu	Zendaya	Love You Forever	Zendaya
jJTyOckRu1WYNk1W	Sunrise Avenue	Destiny	On the Way to Wonderland - Gold Edition
jJUHwWiUC6nLzn4p	Dream Theater	The Answer Lies Within	Octavarium (U.S. Version)
jJecc84eUKPiBO3e	Crystal Castles	Chloroform	Amnesty (I)
jJprKWgJSErIWw3E	Blouse	White	Blouse
jKW9kcLuohKhHPLO	Lane 8	Stir Me Up	Little by Little
jL1PGaDU5zvpZIZk	Lee Ann Womack	A Little Past Little Rock	Greatest Hits
jLEl86eajnOjnrwh	All That Remains	Whispers (I Hear You)	The Fall Of Ideals
jLt1zKcx5y5YM6R5	Pedro the Lion	Yellow Bike	Phoenix
jN0Udh0JRsRjcolX	Bachman-Turner Overdrive	Takin' Care Of Business	Bachman-Turner Overdrive II
jN3tIjHpB4t9ilqc	Judee Sill	Soldier of the Heart	Heart Food
jNQVI254qWEotBEw	Charlie Brown JR.	Só Por Uma Noite	Bocas Ordinárias
jO4KlsmqrANpSyOv	Fresno	Diga, parte 2	Infinito
jPAUILIclYTv7TcG	Ozzy Osbourne	Road To Nowhere	No More Tears (Expanded Edition)
jPkHPF8ciw1nLCPX	Red Hot Chili Peppers	Taste the Pain	Mother's Milk
jPnGekiV1IADNima	Smog	Hit the Ground Running	Knock Knock
jQFT10trz26JdtwD	Pedro LaDroga	Vampiro Joven	Vampiro Joven
jQYLaYeOnQt0E839	Idles	Stendhal Syndrome	Brutalism
jQYwMX9zSuZxe3tJ	hyukoh	Gondry	22
jQyCF2yrqDI878UU	Dio	When A Woman Cries	Dream Evil
jReZjxRp2qpEMyhf	Soilwork	Rejection Role	Figure Number Five
jTu1oCtfsLEsvI4a	David Bowie	Future Legend	Diamond Dogs (2016 Remastered Version)
jUGjh936OAuxkPs1	Bronski Beat	Smalltown Boy	The Age of Consent
jUh2m3eBJHO6JWCa	Queen	Friends Will Be Friends (Remastered)	A Kind of Magic (Deluxe Remastered Version)
jVE4jDGpWd0EezOo	Rihanna	American Oxygen	American Oxygen
jVKxtaprPBQH2y4Z	Hailee Steinfeld	Hell Nos and Headphones	HAIZ
jVMI6YkQ9YHnPXMB	Cult of Luna	Vicarious Redemption	Vertikal
jVoqwIjGN4Su2HLW	Anette Olzon	Shine	Shine
jWQODe7jJ7CElZA0	Dead Fish	Sua Bandeira	Ao Vivo
jWqafp5BLZ2Hn1IR	Wallows	Scrawny	Nothing Happens
jXGJbQFcfWsHLsSk	Goldfrapp	Beast That Never Was	Silver Eye
jXY89PK5tf2HXMyp	Leon Else	My Kind of Love	13 Reasons Why (Season 2)
jXsHuFPMDpUJiHcd	In Flames	Whoracle	Whoracle (Reissue 2014)
jXwopYooh38JdGsL	Sam Evian	Cherry Tree	Cherry Tree b/w Roses
jXyOhAsVqcNSpMHf	Lovelyz	How to Be a Pretty Woman	Lovelyz8
jYPNwmsb4xDAfRKb	The All-American Rejects	My Paper Heart	The All-American Rejects
jYaDlk288Yxe3kMX	Bronski Beat	I Feel Love	The Age of Consent
jZYlPJAVhYGf6PTd	Sabrina Claudio	Confidently Lost	Confidently Lost
jZfcQW4j46BN4TBr	Benjamin Biolay	Bien avant	Trash yéyé
jZhqaXgAiPMNkuMC	Whitney Houston	Million Dollar Bill	I Look To You
ja8uOz3HUUIoDbKr	Green Day	Stop When the Red Lights Flash	¡DOS!
jaJzmmNr1sWLN3nx	Dungen	Gör Det Nu	Tio Bitar
jaxgJipkU6fItTSi	Christian Death	Cavity - First Communion	Only Theatre of Pain
jbPhzvhwQYEYiy6F	WETTER	who	Who
jbS1nCb7FIZJjdqT	Riverside	Hybrid Times	Anno Domini High Definition - EP
jbzGbgLgSFAs9ocN	The Calling	Stigmatized	Camino Palmero
jc13KzuUPRSNrx15	Megadeth	1000 Times Goodbye	The World Needs a Hero
jc7UO1VvduMbWWmu	Sleep Token	Nazareth	Nazareth
jcnc03s1vhtVxagb	aimyon	Marigold	Momentary Sixth Sense
jd7Q4dRKSCcKriAn	Kero Kero Bonito	Graduation	Bonito Generation
jdEiUtnpuu23cMdI	Björk	The Modern Things	Post Live
jdSKj4AkgLZUYpKe	Elliott Smith	Placeholder	New Moon
jdaSJssrvjSUyaYl	The Bravery	Swollen Summer	The Bravery
jdhsFTWkAgAa8AW2	Kyla La Grange	Walk Through Walls	Ashes
jdotQSuPL3oyn3IF	R5	I Want U Bad	Louder (Deluxe)
jedSAFuflOCD6G1u	Opeth	Prologue	My Arms, Your Hearse
jg6DDDHAzmCRkmLx	Lush	Blackout	Split
jgZQDCMnMcAa296l	Chromatics	WHITE LIGHT	Cherry (Deluxe)
jhT8aWvbNi3x0rGp	Miss Caffeina	Ley de imposibilidad del fenómeno	Imposibilidad del fenómeno
jhYbWxh4cTHT9DNA	Wayne Shorter	Infant Eyes	Speak No Evil
jhtLKjkXXUMQi6LG	Charlie Brown JR.	Os cortes	Camisa 10 joga bola até na chuva
ji0fO07X4be5g3r9	Angel Stanich	Mátame Camión	Antigua y Barbuda
jiDUuP4ZFZzZ7FsA	Anna Nalick	Wreck Of The Day	Wreck of the Day
jiGhGgc9N0S7wkn0	Wax Tailor	Only Once	Dusty Rainbow from the Dark
jj54uH9K3Fzvqtma	Ariana Grande	Honeymoon Avenue	Yours Truly
jkAejP0afvWmr7FF	Delta Rae	I Will Never Die	After It All
jkMWRK1XOS1dLQJn	Brooke Candy	Rubber Band Stacks	Rubber Band Stacks
jkpkc18FAXsP3CBQ	Elvis Presley	Anyplace Is Paradise	Elvis
jlEBaB64Yrr1nbMI	Pastora Soler	La Tormenta	La calma
jlhgaiS3FgGIuOo8	Duke Ellington	Take The Coltrane	Duke Ellington & John Coltrane
jlpWL2EFvIMLVPYn	Fresno	Maior Que As Muralhas - Acústico	Maior Que As Muralhas
jmeQncDfJyTx3MqJ	Commodores	Just To Be Close To You	Hot On The Tracks
jmfgWY1PwgfnT4h0	Marina Lima	Acontecimentos	1991 O Dono Do Mundo Nacional
jmqBf2Ypj2zoMVLU	Dennis Lloyd	Nevermind	Nevermind
jnYpdVCd2xL3UxXB	Daron Malakian and Scars on Broadway	Angry Guru	Dictator
jnhkLKdeL9RyjxTS	Jasmine Thompson	Old Friends - Jonas Blue Remix	Wonderland EP
joKTVker1m2rei1C	Lucy Hale	You Sound Good to Me	Road Between
jpOpFL7WM44XP0ya	Arctic Monkeys	Temptation Greets You Like Your Naughty Friend	Brianstorm
js74S8K3XJwDPadb	Suran	Calling in Love(feat.Beenzino)	Calling in Love
ju5ICGSDCpBZ5FrE	Chico Buarque	Juca	Chico Buarque de Hollanda
jugq0634ActnnD1x	Ace	How Long	Five-A-Side
juoLoztvRPrfYmjH	Duke Dumont	Ocean Drive	Ocean Drive
juuVazcnlBwv3c8b	Balmorhea	To the Order of Night	Constellations
juxL6GajrMsX6GhI	The Clash	The Crooked Beat	Sandinista!
jv8XkyHDEZ9MHesB	Sortilège	Gladiateur	Sortilège
jvJk7pqom2xBkwyq	The Avett Brothers	February Seven	The Carpenter
jveaGFCF5DLLzUGj	Take That	Patience	Beautiful World
jvxHeGqmE2iltyUq	Wye Oak	Plains	Civilian
jvy9KWvYW5DmkEkD	Love and Death	Meltdown	Between Here & Lost
jwDDYgvz3OSD79wf	FIESTAR	Whoo! (With Eric Benet)	Whoo!
jwEuB9n3WFOAFEJ5	Invent, Animate	White Wolf	Stillworld
jwHNT97GGxCV4ZPC	I Hate Myself	...and Keep Reaching for Those Stars	Ten Songs
jwoeW9hH4aUb6Aeq	Muna	If U Love Me Now	About U
jxcIvzsI3kfwq7nc	Animal Collective	Untitled	Spirit They've Gone, Spirit They've Vanished
jxf3CpmhCJR6KdW3	Mick Jenkins	PULL UP	Pieces of a Man
jxkqDWpwcLm6yBH4	Alice in Chains	Shame in You	Alice In Chains
jzDBJsGThhoF19rQ	Jethro Tull	The Whistler	Songs From The Wood
jznaBggs140GlHGH	Lorde	Green Light	Melodrama
jzq1MjCEw9xBVvIo	Portugal. The Man	How the Leopard Got Its Spots	"Waiter: ""You Vultures!"""
jzwK8ASEiHPamXBm	Information Society	Lay All Your Love On Me	Information Society
k08gQq3xxjtgN8t1	Gui Boratto	Scene 2	Pentagram
k0X0JerQZgivQeCN	Sufjan Stevens	Eugene	Carrie & Lowell
k0aIqi3nSGHYDDbF	Jay Rock	Rotation 112th	Redemption
k1QUIXIOykIDcsG2	Alanis Morissette	Can't Not	Supposed Former Infatuation Junkie
k1WYdPP3kNSqvCSu	Kate Boy	Midnight Sun	One
k1lbvRNvoZoMvRKx	Good Weather For An Airstrike	Stop Everything! It's Snowing	A Sense Of Uncertainty
k2DddATWJWf3z6Ih	Henrique & Juliano	Aquela Pessoa - Ao Vivo	O Céu Explica Tudo (Ao Vivo)
k2kGxVAFnVBywxwj	Eric Benét	Femininity	True To Myself
k31RUdREKdKFS747	Tigers Jaw	Carry You Over	Studio 4 Acoustic Session
k3FPwF5E4hLTlXRr	Rawthang	Scorned	Scorned / Ai (Rawthang Remix)
k41wndTFswPlBiG9	MC Livinho	Hoje Eu Vou Parar Na Gaiola	Hoje Eu Vou Parar Na Gaiola
k4ejQkimaU7REQYT	Rico Nasty	Smack A Bitch	Smack A Bitch
k4zHM5e4EmOV2TNi	Austin Mahone	Dirty Work	Dirty Work
k54A8KHcznXLy22A	Camp Cope	Animal & Real	How to Socialise & Make Friends
k54gTyUJ6zmbmtZc	Children of Bodom	Aces High	Hatebreeder
k5IP53hCRO1JFjR0	Mr Twin Sister	Koh-I-Noor	Salt
k5O4fLTsul5NNzpz	Mariah Carey	We Belong Together Remix	The Emancipation of Mimi
k5S6lNIEQNErXRAw	TransViolet	Don't Put It On Me	Kaleidoscopes
k5gaHDivros6gF9X	Bayside	Already Gone	Killing Time
k5utxZAsb5b5hRcU	Him	Heartache Every Moment	Deep Shadows And Brilliant Highlights (Deluxe Re-Mastered)
k68WuDMJJvrWeeXX	OneRepublic	Wherever I Go	Oh My My
k6FDKDlKluvBgKZb	Queen	Keep yourself alive (live at the Rainbow)	Bohemian Rhapsody (The Original Soundtrack)
k6vicslMKbDQOjIh	Hooverphonic	Vinegar & Salt	The Magnificent Tree
k6vpOoh2CeE5m4GG	Lillian Axe	Nobody Knows	Deep Red Shadows
k7Nh93qJae1HAoRo	Rosa de Saron	Muitos Choram	Acústico
k8VKJGoODL2CjrA7	Laura Nyro	Beads Of Sweat	(Accompanying Herself On The Piano) CHRISTMAS AND THE BEADS OF SWEAT
k8ZN7PZk7Aym3voY	JOÃO MAR	Rapunzel	No Cantinho Aqui de Casa
k8jF8vmCF7S0MDQx	Wicca Phase Springs Eternal	I Wake Up in Pain	Suffer On
k8omNdZLaeCfZ3FS	M. Pokora	Les planètes	PYRAMIDE
k9EmVfPi8IvSeQCd	Gal Costa	Presente Cotidiano	India
k9ol4zweC9fIE8fK	Rotersand	Waiting To Be Born	Random Is Resistance
kAMGFuW84UdVWePm	Alceu Valença	Espelho Cristalino	Vivo! Revivo! (Ao Vivo)
kAvvkZTDd5xpmxyT	Michael Jackson	Don't Walk Away	Invincible
kBRce6XeE9zEPzbX	Paul Cardall	Gracie's Theme	New Life
kBpAO75NCHn8s5jL	Legião Urbana	Sereníssima	Legiao Urbana V
kBwRVb68o1yRCtxG	George Ezra	Angry Hill	Did You Hear the Rain?
kC2I0Bq5XV7AQRkM	Kenny Wayne Shepherd Band	Blue on Black	Trouble Is...
kCD5rbZ8QPWodvlI	Calum Scott	You Are The Reason	Only Human (Deluxe)
kCYzwg9x3Gufrfh5	LABOUM	3 Strike Out	Fresh Adventure
kCjoZhap3XdiCWsC	Against the Current	Wasteland	In Our Bones
kDc3qplXRZClxisC	Jorge Ben Jor	Rosa, Menina Rosa	Samba Esquema Novo
kEF6uTgXzyAEuWCT	Ils	Feed The Addiction	Bohemia - Remixes & Exlcusives
kFA0hCUEWER9tgZF	Michael Jackson	Dirty Diana	Scream
kFOZox4AAlGfbqrl	Chic	I'll Be There	I'll Be There (feat. Nile Rodgers)
kFRmXstvdQB0RooN	Halestorm	I Am the Fire	Into The Wild Life (Deluxe)
kGlATk0zOkic5LNn	Jóhann Jóhannsson	Sapir-­Whorf	Arrival (Original Motion Picture Soundtrack)
kHfP0hOte6XuMZfd	Drop Nineteens	Kick The Tragedy	Delaware
kI17P9xI7vwoCKoM	MCCAFFERTY	Becky	Beachboy
kII5vIXskpk7zeIq	Sigur Rós	Vaka	( )
kIuHn9e3K0yqKmUo	Solar Quest	The Open Path	Orgship
kJ1oyIEM2if8hWZG	Coldplay	Fix You - Live	Live in Buenos Aires
kJ8NGe33c8Jldned	Austin Mahone	Next to You	The Secret
kJi48WgEphq8EU3L	Drowning Pool	Sermon	Sinner
kKezaUNKA6buoF07	Aseul	Intro	New Pop
kKg3iaSKjyAkNM42	slowthai	Drug Dealer	Nothing Great About Britain
kLWiPkoBWys5Hw8g	Mark Mothersbaugh	Planet Sakaar	Thor: Ragnarok (Original Motion Picture Soundtrack)
kLhE1m7zDJWehqwK	Caetano Veloso	Eclipse Oculto - Remixed Original Album	Uns
kNYOW0Df5fZzJok4	Chrome Sparks	Cosmic Claps of Love	Sparks EP
kNdrcfWT6KzJZjIF	Superjava	Everland	Javaland
kNmffv0WNcty1KRc	Elliott	Drive on to Me	False Cathedrals
kNr3kfrT3rc78X5l	Tsjuder	Necromancy	Kill for Satan
kNvcNfhpp0e9KDQe	Eric Hutchinson	OK, It's Alright With Me	Sounds Like This
kODK41pxGfEtrrGO	Avey Tare	K.C. Yours	Cows on Hourglass Pond
kOvv2IRcUdCKsWX5	Beyoncé	Blue	The Lion King: The Gift
kOz5ey3aMxy7boyX	Death in June	Snipers Of The Maidan	Essence!
kPRuHJPp4SUEEWTm	Will Smith	Switch	Lost And Found
kPRy8BqnCfS2oxwF	Homesafe	Get It Right	One
kQSTu8Qt47sS6Hsy	Steve Hackett	Horizons	Genesis Revisited: Live at the Royal Albert Hall
kR3goARYKL6Yadin	Ray LaMontagne	You Are the Best Thing	Gossip In The Grain
kR9McLnQBm73xzGg	Metá Metá	São Jorge	Metal Metal
kRGfQ0X5BQQkKoPr	Daughter	Medicine	Wild Youth
kRchjKgKuHX86vOv	Motion City Soundtrack	Pulp Fiction	My Dinosaur Life
kRpM4sDe296nGdQX	The Allman Brothers Band	Jessica	Dreams
kRvLtVHHwfnJ7vxn	Onlap	The Awakening	The Awakening
kSXJOChkzkEpN9H7	Belik Boom	Avada kadabra	Best of Belik
kSbWbtucGj8mNRzK	Fit for a King	Anthem of the Defeated	Dark Skies
kSrEcV4JCpZwDR1T	Caroline Loeb	C'est la ouate	C'est la ouate
kTi1WF4m26YVNsVu	Iceage	Wounded Hearts	You're Nothing
kU8zk2nribAcsKo4	King	In The Meantime	We Are KING
kURnZLQoMwAiYjrO	Nabiha	Not Coming Up For Air	Not Coming Up For Air
kUkkODkkxLsJpnKg	Tessa Violet	I Don't Get To Say I Love You Anymore	Halloway
kUpKZvqw7TMafVOq	Blackstreet	No Diggity	Another Level
kVAqNushjm7xPaZz	Ashlee Simpson	Love Makes the World Go Round	Autobiography
kVJrgk5VyxX9Nprz	Jethro Tull	Cross Eyed Mary	Aqualung (Special Edition)
kVMJmuozaAY9qUZa	Raleigh Ritchie	Time in a Tree	Time in a Tree
kVdFXGdey3S6xJqL	Stereolab	Golden Ball	Transient Random-Noise Bursts With Announcements
kVsT1dMKiqecVBuY	Shania Twain	You're Still the One	Come On Over
kWChxi2arkGmOwSB	New Order	Sugarcane	Lost Sirens
kWJr1xnTogSnfUjw	Thursday	Tomorrow I'll Be You	War All The Time
kWrR2AarJP1iXQyV	evalyn	A Pill to Crush	Salvation
kXDZPyj1HsCLUYeQ	Teenage Fanclub	Neil Jung	Grand Prix
kXSocZt6URw19O4m	Major Parkinson	Night Hitcher	Blackbox
kXgSpOX4yeTohHtS	Kirsty MacColl	A New England	The Stiff Years
kXvJMrHKByHGRJOW	Bob Marley & The Wailers	Crazy Baldhead	Rastaman Vibration
kYQFmjSBdqxS0pHf	Sevdaliza	Bebin	Bebin
kYWRnW9YUQqGdhIr	Grace Jones	All On A Summers Night	Fame
kYfCb26Tr5KHGNMa	Dads	Bakefast at Piffany's	American Radass (This Is Important)
kYhneXgc9yWuCykx	Gin Wigmore	Kill Of The Night	Gravel & Wine
kYkF4YYPiyKeEp1C	Nat King Cole	Unforgettable	Unforgettable
kZXTmnVP8x2hXi1g	Sondre Lerche	Reminisce	Pleasure
kZqix9HNuP0fgwZF	Ed Sheeran	All of the Stars	x (Wembley Edition)
ka22IxAAHD2NOEMJ	Bon Jovi	Lay Your Hands on Me	Bon Jovi Greatest Hits - The Ultimate Collection (Deluxe)
kai5nqDde3oSoKoJ	Oh Hiroshima	Ellipse	In Silence We Yearn
kb1drEW9Bmb4X2Ds	Lebanon Hanover	no one holds hands	Why Not Just Be Solo
kb7H6FbRLXnCra6z	Moby	Porcelain	Play & Play: The B Sides
kc935wucfFk69M3h	David Holmes	I Heard Wonders	The Holy Pictures
kcTWhD6uAo52JrV0	Nico Santos	Safe	Safe
kcpClnJJUUy4tJUB	Pavement	Stereo	Quarantine The Past: The Best Of Pavement
kdEOHRDp47fXjlr2	New Order	Perfect Kiss	Low-life
kdKxhkBtHVavNfiU	Pennywise	Revolution	All Or Nothing (Deluxe Edition)
kdUbSwoKGapZ95eu	Imperial Triumphant	From Palaces of the Hive	Abyssal Gods
kddQjiYkXzZbVrGN	A Day to Remember	I'm Made of Wax, Larry, What Are You Made Of?	Homesick
kdp8XvaqEYgwDfYU	Kylie Minogue	Whenever You Feel Like It	Fever
kdwkjRMmRlvRRUZx	Joyce Manor	Heart Tattoo	Never Hungover Again
keFgdEki3kOHJCpk	Twin Atlantic	Heart And Soul	Great Divide (Deluxe Version)
keI4135yoBWBdkKS	One Last Wish	Hide	1986
kenT6uby8feJsEJU	The Cinematic Orchestra	Ode to the Big Sea	Motion
kfPkWkX08izMZFi8	Aly Ryan	Wear Your Love	Wear Your Love
kfZxBoyOwuapCBNd	Kanye West	Can't Tell Me Nothing	Graduation
kfa8gLijGSx507Vp	Ex Deo	The Roman	The Immortal Wars
kg8fP9etq3U3fFjx	Cat Power	Say	Moon Pix
kgJpzAll4gUiem8r	Bebe Rexha	Shining Star	Expectations
kgQDYWvh50tgBPZa	The Kills	Rodeo Town	No Wow
kgT09p8VkYSVAXa4	Skream	Dutch Flowerz	Skream! (Expanded Edition)
khHTeeI6eGbaD3Ph	Nile	Call to Destruction	What Should Not Be Unearthed
khsvA860kSBZiyjt	Bon Jovi	Shot Through The Heart	Bon Jovi
kht831Et4Dbp6TIz	The Jesus Lizard	Elegy	Down
khymRW0B0p6aUuSm	Black Flag	Rise Above	Damaged
ki6QDi6UjuC4FoLN	Enrique Iglesias	Addicted	7
kikH93xwI4lQRlRS	One Direction	Better Than Words	Midnight Memories (Deluxe)
kisc1hml7Lb0pkPd	Tokyo Machine	FIGHT	FIGHT
kjLVZo2gmkj2CUMJ	A Day to Remember	Out of Time	What Separates Me From You
kkFKnqYD8BwoHz5D	Slowdive	Waves	Just For A Day
kkc39SmO3aNGbtx3	Fenech-Soler	Stop And Stare	Kitsuné Maison Compilation 9: Petit Bateau Edition
klt3UvIIfQmaj0Bd	Paradise Lost	No Reason	Believe In Nothing
klvnvCQeSesb2sKa	Mogwai	Travel Is Dangerous	Mr. Beast
kmYheGIWdIJk8idW	Xiu Xiu	Dear God, I Hate Myself	Dear God, I Hate Myself (Original Version)
kmfEYMjEwILu1uWM	Escape the Fate	Let Me Be	Hate Me (Deluxe)
kn3eQbZUHj9jDvWz	Mr Twin Sister	Sensitive	Mr Twin Sister
kofCEetOZo7Lb9Sg	The Maine	Identify	Pioneer
kofPoBh8Aw42LFGE	Uffie	Sadmoney	Tokyo Love Hotel
kpQ76lrMBdTXlBnW	Zara Larsson	Don't Let Me Be Yours	So Good
kpo4xkFEvbx9ho9X	The Maccabees	Good Old Bill	Colour It In (Deluxe)
kqFP2Ke09xbMlqJs	Take That	Man	Progressed
kr14nUpQZ1GR6YwV	Fun Boy Three	The Lunatics (Have Taken Over the Asylum)	Fun Boy Three
ks4DR3VD6XAcC6aI	Joep Beving	Into The Dark Blue	Into The Dark Blue
ksOL6QlyOpTHsM6S	Eden	Gold	vertigo
ksf8RYBjhfQGcEUt	Toby Fox	Thundersnail	UNDERTALE Soundtrack
ktUYE4DXz1AXckgs	Dr. John	Right Place Wrong Time	In The Right Place
ktvDsuP6w4sJH2JG	Ludmilla	Pegada	A danada sou eu
kvK6TNtc2dGwp7o2	Death	Sacred Serenity	Symbolic (Remastered Version)
kvVt020zvdZAJ7Dt	The Gathering	Broken Glass	Souvenirs
kvZYXknSk2G2pbMf	Keane	In Your Own Time	Strangeland (Deluxe Version)
kvcLq2kow8lysxDs	The Raconteurs	Broken Boy Soldier	Broken Boy Soldiers
kvpJnRX6kwlaAm0p	JPEGMAFIA	Macaulay Culkin	Veteran
kw9CuTAqnMdoBLvJ	zimbra	Cronograma	O Tudo, o Nada e o Mundo
kwSmPYUxr6JVJF84	Doris Day	Whatever Will Be, Will Be (Que Sera, Sera)	With A Smile And A Song
kwSqKLtWXIw7dExE	Franz Ferdinand	Ulysses	Tonight: Franz Ferdinand
kwfAHZAtvKS78X17	Possuído Pelo Cão	Air Mail Surgery	Possessed To The Circle Pit
kwhjTQTm33lNLxgH	Ace of Base	Voulez-Vous Danser	The Sign (US Album) [Remastered]
kxICAqZXmKFepJUF	Naked Eyes	Promises, Promises	Best Of
kyf3DVxqEukIKxr9	Aphex Twin	XMAS_EVET10 [120][thanaton3 mix]	Syro
kyi0drTSTxao6tNe	Luedji Luna	Um corpo no mundo	Um Corpo no Mundo
kzURsyjBMGPfXwqx	Zaz	Nos vies	Effet miroir
kzcUWQF9Hi1VkD23	Sara Bareilles	Not Alone	Kaleidoscope Heart
l0jg4smRKLjvqbVA	*NSYNC	The Two of Us	Celebrity
l0w4xTzjY3h1tbi0	Jordin Sparks	Right Here Right Now	Right Here Right Now
l12Aa5zz1bulSu23	Strike	Fluxo Perfeito	Nova Aurora
l1LBGSY2s620v1uk	The 1975	Inside Your Mind	A Brief Inquiry Into Online Relationships
l1mUyBwlNMAcPxd0	The Vaccines	All In Vain	Come of Age (Deluxe Version)
l2FLoiTRKXdyH3jm	Aphex Twin	Formula	Windowlicker
l37cVEDES82eQsD9	Britney Spears	Gimme More	Blackout
l3Q3mL1u1SdjvME9	Lagum	Telefone	Telefone
l3ZaYBL5pHoIn3u8	Anna von Hausswolff	An Oath	The Miraculous
l3hSiU6bzp8CG4Wp	Mr.Kitty	Insects	Life
l3nRNCf13nhrJQCC	Department S	Is Vic There?	Substance
l3xmztZLKLeJkLgt	Operation Ivy	Bad Town	Operation Ivy (2007 Remaster)
l4sXFIWhDOrdjv84	Slaves	Warning From My Demons	Beautiful Death
l4xmXeBkN0CUuIQv	Deerhunter	Cicadas	Weird Era Cont
l5Gq2tAbpBcjpHjT	Ariana Grande	Break Free (feat. Zedd)	Anti-Valentine
l5W3IeiDmDlXrt25	Frank Zappa	I Have Been in You	Sheik Yerbouti
l5lTIHCodNPwK8XK	ITSOKTOCRY	Eyes on M3	PASTELGORE
l6ND3l6MnAea5OfZ	The Field	Is This Power	Looping State Of Mind
l6dR8Bnl6wELFM91	Belo	Intriga Da Oposição	Belo - 10 Anos de Sucesso (CD2)
l6n7s6HeDbBuaTIf	Christina Aguilera	Mi Reflejo	Mi Reflejo
l77gvMb3jTXBm2YC	Matt Nathanson	Come On Get Higher	Some Mad Hope
l7qkdaD1i3DURG32	Toby Fox	Ruins	UNDERTALE Soundtrack
l8A90cHfbXmMuyRt	Owl City	The Real World	All Things Bright And Beautiful
l8LkTQkojqBR1aiW	No Doubt	You're So Foxy	Everything In Time (B-Sides, Rarities, Remixes)
l8jkCwzynd8cFW06	Jessie J	Said Too Much	Sweet Talker (Deluxe Version)
l90eoHoZ3sI8dDZv	Scorpions	All For One	Return to Forever
l949D1UQAvijQiUZ	SYML	Better	Hurt for Me
l9Tib6V6S4Dffe0m	Cannibal Corpse	Stripped, Raped and Strangled	The Bleeding
lA6zw3vdfDVODQSs	Judy Kuhn	Just Around The Riverbend	Pocahontas
lA7x9OQQPbk5dYGj	Baroness	Sea Lungs	Yellow & Green
lAX41Yy1M3L22dtZ	damso	60 Années	Lithopédion
lAqJT67LHqQS6UiL	Alizée	Toc de mac	Mes courants électriques
lArcpnObfVmc1OAd	Eraserheads	Ligaya	Anthology
lBBXT8sSMcKEBpfI	Rita Lee	Miss Brasil 2000	Babilônia
lBMuBeWhPZh9Nkpt	Black Raven	Red Light (Spells Danger)	Rock In Threes!
lBi4UCZrZhOYdVvB	High Sunn	Ramen Waitress	Hopeless Romantic EP
lBjdeEN0SjC0gxhg	Gülşen	Dan Dan	Bangır Bangır
lCakQALXWZSghMkq	Augustana	Hey Now	Can't Love, Can't Hurt
lClfBSIUdEXQgLZv	Ride	Time of Her Time	Going Blank Again (Expanded)
lDAnfyDH4CvnG5Zf	Supergrass	Caught by the Fuzz	I Should Coco
lEFOKqNbs8sUtOT9	Jamie Cullum	Don't Stop The Music	The Pursuit
lEXSux1ZUEjPFeW9	Lynyrd Skynyrd	Gimme Three Steps	Pronounced' Leh-'Nerd 'Skin-'Nerd
lFt5kQ64gDRKDwq7	She Wants Revenge	Not Just A Girl	Valleyheart
lFwoNPComBWXKoy1	Mahmundi	Calor do Amor	Mahmundi
lGY9g9IQzhyBpLYL	Mitchel Musso	Hey	Mitchel Musso
lH1ocbPMv0HSUi1c	Megadeth	Train of Consequences	Youthanasia
lH33YM3Sy4kK3j6M	Rocío Dúrcal	Me Gustas Mucho	Mis Mejores Canciones
lH6MmvwEGAhkD4ED	Moby	7	Play & Play: The B Sides
lHJY1X3qDrYWVSBZ	Raven-Symoné	Backflip	This Is My Time
lHK8CogJRBjuEK1m	Dead or Alive	Something In My House	Rip It Up
lHqjf2DMFroMTf3Q	Boards of Canada	Uritual	Tomorrow's Harvest
lHtCKaNzZMT7Bauz	Echo & the Bunnymen	Stars Are Stars	Crocodiles
lI4WSeabbrlK4BFh	Maxïmo Park	Girls Who Play Guitars	As Long As We Keep Moving
lIt2ccDfWQK0iI0t	Izzy Bizu	What Makes You Happy	A Moment of Madness (Deluxe)
lJ0P6hsqJ3spnLMH	Badly Drawn Boy	Once Around the Block	Once Around The Block
lJLU6s4DMwegBIuj	Emancipator	All Through The Night	Safe In the Steep Cliffs
lJNFRMtEweJcdgDh	Sevendust	Medicated	All I See Is War
lK0ylUKuiVm0We4E	Incubus	The Original	Halo 2, Vol. 1 (Original Soundtrack)
lKJc2DDZnJvdIGcQ	September	Cry For You	Cry For You
lKJnqf0X8U7vJFGT	My Chemical Romance	Emily - Rough Mix	The Black Parade / Living with Ghosts (The 10th Anniversary Edition)
lKV1ejXR2L7GqF4f	Birdy	Take My Heart	Beautiful Lies
lLLaMUOFl7atjXzt	Sarah McLachlan	Fumbling Towards Ecstasy	Fumbling Towards Ecstasy (Legacy Edition)
lLN6g4FDpvzDXJl0	Suzi Quatro	Stumblin' In - 2017 Remaster	If You Knew Suzi… (2017 Remaster)
lLdUeA8iY3WciodG	W.A.S.P.	The Last Command	The Last Command
lLeji3uYRILLHfUe	Rita Lee	Pé De Meia	Atrás Do Porto Tem Uma Cidade
lLfKM4dOcwvjBz9C	Big Star	Watch The Sunrise	#1 Record
lLoGpllpP6pr445E	Bengü	Kuzum	Altın Çağ
lMBFCNXTRpilOCwa	Maria Bethânia	Álibi	Alibi
lMeEMcn3RbJebB7C	Bastille	The Silence	All This Bad Blood
lNLAvnGSYGlAGSJV	Aesop Rock	Cycles To Gehenna	Skelethon [Deluxe Version]
lOA7Jr4jBwgqM5c3	The Brobecks	The Nerve	Violent Things
lOFgSHkzsp0Xhuwz	Raça	Bom Rapaz	Saboroso
lOFidX8Jxs0ViNRG	The Grass Roots	Wait A Million Years	20th Century Masters: The Millennium Collection: Best Of The Grass Roots
lOJwrPgzFr21cxjK	Tyler, the Creator	Find Your Wings	Cherry Bomb
lOlc5YLc3ateiAmN	King Geedorah	The Fine Print	Take Me To Your Leader
lP765nl3Ds3RsvRo	Aventura	El Perdedor	K.O.B. Live
lPiG8gbPafVh0SOD	Pitty	A Sombra	Chiaroscuro
lPuRn0W8QGV3waIC	Hardline	Hot Cherie	Double Eclipse
lQ5Ao6DK3PYAzzoq	CHVRCHES	High Enough to Carry You Over	Every Open Eye (Special Edition)
lQAYJSIRqX2DBNtg	Seafret	Play With Guns	Give Me Something
lQUJvukizipWC574	Gunship	Honour Among Thieves	Dark All Day
lQWEHNbWiknD8yYs	Angsa & Serigala	Biru	Ruang Waktu
lRh6XFFfD7VmAhFU	Foo Fighters	White Limo	Wasting Light
lS5Z7Yf23WvPxJkI	Leoniden	1990	Leoniden
lSTqO4bmcyTwF2kK	Natalia Kills	If I Was God	Perfectionist (Deluxe Version)
lT1mNgqhOlIxt5lv	The Agonist	The Tempest (The Siren's Song; The Banshee's Cry)	Lullabies Of The Dormant Mind
lTF94dslpvnGIa2T	Ladytron	Horrorscope	Ladytron
lTfwEl35vUc3Hw1h	A*Teens	Firefly	Teen Spirit
lTnSI4DXSRIrKijS	BRAZA	Hoan vs Hozin	BRAZA
lU0m0JOKlp4UgwF9	Bersuit Vergarabat	La soledad	La Argentinidad Al Palo
lUEe1bAmzyswYRKq	Oasis	Sad Song	Definitely Maybe (Remastered) [Deluxe Edition]
lUbDazuReTSu6TyX	Assemblage 23	You Haven't Earned It	Storm
lUkLcw49tAyXQ3sN	Devil Sold His Soul	Crane Lake	Blessed & Cursed
lV5FirW7hGo2RBPa	The Killers	Here with Me	Battle Born
lVlN2OTey5gKDv5U	Blutengel	Send Me An Angel	Demons of the Past
lW8tADQazCyj0XeG	Greyson Chance	Hit & Run	Somewhere over My Head
lWN0txucZNvYP5td	Kanye West	Freestyle 4	The Life Of Pablo
lWf389lVtajfPXfE	Joey Pecoraro	Band in the Box	The Strange and Impossible
lXoQnPc4WjMDg9tU	The Runaways	School Days	Waitin' For The Night
lY4qGppTFjktynIW	Scissor Sisters	Night Work	Night Work
lYQ0AemEMRkbt8li	Maxwell	Whenever Wherever Whatever	Maxwell's Urban Hang Suite
lYRbqYLm1IcfI2tH	Manic Street Preachers	Empty Souls	Lifeblood
lYYaBzvALQ0ZNcsR	Slipknot	Vermilion Pt. 2	Vol. 3: The Subliminal Verses [Special Package]
lYpNXS17S3BVo2lV	Sarah Blasko	Spanish Ladies	Spanish Ladies (From Turn)
lZSQvnrUSxVIYNn2	Junior Boys	So This Is Goodbye	So This Is Goodbye
lZWv197Exi4my8uq	Betatraxx feat. Marina & The Diamonds	Electra Heart	Electra Heart
lZbFqSTJpFpXvofN	peterpan	Walau Habis Terang	Sebuah Nama, Sebuah Cerita
lZuTBRyWraGdP8QS	Frankie Cosmos	Vessel	Vessel
laguswJtrqr5eaVC	Iwan Rheon	Bang! Bang!	Bang!Bang!
latkO2enZdR2t7LL	Zucchero	Wonderful Life	All The Best
lcn4wPRuozpNitzx	John Wayne	Aliança	Aliança, Pt. II
ld0r2fGTPU8pUzpX	Prince	1999 - Edit	4Ever
ldue2k1eVOVofdlO	The Knife	Listen Now	Deep Cuts
le0a61Jf7TXjE0in	Jungstötter	Black Hair	Love Is
leYFuBX5356RVcJQ	Maluma	Mala Mía	Mala Mía
lerzvWRlm5eIo63q	DJ Luck & MC Neat	A Little Bit Of Luck	A Little Bit Of Luck
lfDSzOSkpulrDN5d	A.A. Bondy	A Slow Parade	When the Devil's Loose
lgN9SuiAOAsnsbgr	Black Sabbath	A Hard Road	Never Say Die! (2013 Remaster)
lgYNNvIGLVNgS7GI	Rush	The Color of Right	Test For Echo
lgj96upYCkkM7xk4	Lucky Daye	Roll Some Mo	Painted
lgyUUbP9SkoZla1t	Dominic Fike	She Wants My Money	Don't Forget About Me, Demos
lh8R2dOH0RTEKG7e	Tori Amos	Siren	Great Expectations
lhAAsKqPo9CBpCfo	Insecure Men	I Don't Wanna Dance (With My Baby)	Insecure Men
liHbVR1A9GKOyDX0	SAINt JHN	Some Nights	Some Nights
liV3IcPslu8LJYFk	Big K.R.I.T.	Classic Interlude	4eva Is A Mighty Long Time
liugCPDXGe12SMjq	Britney Spears	If U Seek Amy	Circus (Deluxe Version)
ljB2sgtAyNFLBsvN	Death Plus	420	Garden
ljOkn3HLORs3Hcgj	Bury Tomorrow	The Eternal	Earthbound
ljj26QYEJcJX4m0Z	Xandria	Call of the Wind	Neverworld's End
ljwHKPtFjOQlgcSn	Hate	Sadness Will Last Forever	Solarflesh
ljxbPRmRkMdVhaH1	The Zolas	Why Do I Wait (When I Know You've Got a Lover)	Swooner
lk7oRMPWR10H5iOB	Zen Café	Todella kaunis	20 Suosikkia / Todella kaunis
lkSYBptyqNdXbOBK	Rotting Christ	Aealo	Aealo
llbxlng6c0iAn9ik	Alice Cooper	Luney Tune	School's Out
llmdBr61L7LfpmgR	Juanes	La Paga	Un Día Normal
lmh4GcqNZWiM61qu	SOHN	Hard Liquor	Hard Liquor
lmx8hofKGbp7YhXp	Rihanna	Final Goodbye	A Girl Like Me
lmxV7UbqW09Nc2wb	Ravenna Golden	Polite	Girl Gone Wild
ln7XH844MFewx54f	Methyl Ethel	No. 28	Everything Is Forgotten
lnFKLY40a8wDRvog	Tim Hecker	This life	Konoyo
lnSMbyE5IE67Iq42	Brandy	Truthfully	Never Say Never
lnZKR1oTOCESG5zU	Make Them Suffer	Old Souls	Old Souls & Lord Of Woe
lnlERmLHi1f1J2dV	fromis_9	Clover	To. Day
lnoIDTOBIMIILzX9	Fernanda Brum	O Que Sua Glória Fez Comigo	Da Eternidade
loHZtfAmjOHPfm27	Sopor Aeternus & The Ensemble of Shadows	The Broken & Shattered Moon	The Spiral Sacrifice
lobkBaqaP03LpX5H	Valter Lobo	Oeste	Mediterrâneo
lot6gLYA59Mn53bz	The Last Shadow Puppets	In the Heat of the Morning	The Age Of The Understatement
lpFtqZBO36bJvAa9	Blue Öyster Cult	Celestial the Queen	Spectres
lpT51J2X5PB7vVaE	Grouper	Towers	The Man Who Died in His Boat
lpbuq0yOzNKwVGJi	Tei Shi	Nevermind the End	Saudade
lq2q0kjjJ36crq24	Garbage	The World Is Not Enough	Absolute Garbage
lqGmEh8rzGXM4Z60	Novo Amor	Weather	Woodgate, NY
lqhNT0flYsfRt40T	Chris Andrews	Yesterday Man	Pirate Radio
lqvAkWoz0xl6sdZW	Elvis Costello & The Attractions	(What's So Funny 'Bout) Peace, Love And Understanding	Armed Forces
lr4NVmH6OD6FlR2C	Alanis Morissette	Crazy	The Collection (Standard Edition)
lrEymwv2MmVUgJTO	Rihanna	Half of Me	Unapologetic (Deluxe)
lrLUUC8FrKCARfCg	The Smashing Pumpkins	My Love Is Winter	Oceania
lrZxL0bnPBJohrJi	The Zombies	I Want Her She Wants Me	Odessey And Oracle
lrf3h2SZgmuSflgm	Soundgarden	Zero Chance	Down On The Upside
lsudfeEGosAqzZI0	Immortal	The Call of the Wintermoon	Diabolical Fullmoon Mysticism
ltZ7TJG6yGDNXzd4	Makthaverskan	Enough	Makthaverskan
ltiNQlpq74ozeUfx	Red Hot Chili Peppers	Storm in a Teacup	Stadium Arcadium
ltuqdl7RA2AnWOCR	Nelly	Hot In Herre	Nellyville
lu49ZGXrDxDznfm6	The World Is a Beautiful Place & I Am No Longer Afraid to Die	Getting Sodas	Whenever, If Ever
luKiswcWXx4yRQ0R	Oasis	Waiting for the Rapture	Dig Out Your Soul
lucRuYES8hIpEqN5	DIIV	Dopamine	Is the Is Are
lv9qo6razyeNcMvG	The Killers	Some Kind of Love	Wonderful Wonderful
lwRWyW7W8kgTUtwq	Shania Twain	She's Not Just a Pretty Face	Up!
lwjCqRX8vexafTOd	Aimee Mann	Dear John	The Forgotten Arm
lx5TLpzdQGsheGnh	Elle King	Kocaine Karolina	Love Stuff
lxBjUaQk69np1sOj	daoko	まだゆめをみている	GRAVITY <改>
lxCACkLHofS7imn9	Radiohead	Untitled	Kid A
lxIk6SqJ6HQVNgbr	Eisley	Marvelous Things	Room Noises
lxMVvMEW8La21pWQ	Electric Light Orchestra	So Serious	Balance of Power
lzF03M4H0QnKBXZn	Big Time Rush	Boyfriend	BTR
lzgQLpXrGUArelxV	Smallpools	DJs & Porsches	THE SCIENCE OF LETTING GO
lzlyaLL4NZTvth9S	Carolina Liar	Show Me What I'm Looking For	Coming To Terms
lzmqvOHMGPiirgGS	David Bowie	Be My Wife - 2017 Remastered Version	Low (2017 Remastered Version)
lzv3p4nMYfuhjEza	Beck	Lonesome Tears	Sea Change
m03JSJArgnUvRkjV	Banda Eva	Nabucodonosor	Beleza Rara - O melhor De Banda Eva
m0dEoCeugkhJNEoe	A Blaze Of Feather	Valkyrie	A Blaze of Feather
m0dN1gfQpORBXC6R	Janet Jackson	Where Are You Now	Janet
m0jJb93u5Q0BxXOc	A Tribe Called Quest	Midnight Marauders Tour Guide	Midnight Marauders
m0z9Ta1oY0tcMuOw	Erkin Koray	Cemalim	Istanbul 70: Psych, Disco, Folk Edits by Baris K - Vol. I
m1yHJx08PIwviZwm	Noah Kahan	Catastrophize	Hurt Somebody
m26rC3RtYEtOpJ0u	B1A4	Intro - Time	GOOD TIMING
m2h2BBXGBwq6iykm	Jacob Banks	Prosecco	Village
m3BDp0WO1IA8gapw	LUNA SEA	Déjàvu	IMAGE
m3gopfX6etVD3fmw	Sabrina Carpenter	Sue Me	Singular Act I
m53MAiqMF9Sp7jPf	Local Natives	Cubism Dream	Gorilla Manor
m55suftS64OqGs5B	HMLTD	Satan, Luella & I	Satan, Luella, And I
m5VnZKdJGPhzq2MM	Suede	Animal Lover	Suede
m5frr7I41gKgIsgp	Com Truise	Futureworld	Galactic Melt
m6RhrAaZd67WuSOi	Björk	Pneumonia	Volta
m6wDD2TJe6r4Y6gP	Rouge	Fantasma (Demon)	C' Est La Vie
m7BeikdE73aJDNm5	Demi Lovato	Quiet	Here We Go Again
m7gADmFpdvANqa6k	Ride	Kaleidoscope	Nowhere (Expanded)
m7wg6EHAqjK6AP5p	Porcupine Tree	Normal	Anesthetize
m8kgaB6kDdrkXThs	Leonard Cohen	Who by Fire	New Skin For The Old Ceremony
m8oqnIEeRk8v9eL9	Foo Fighters	February Stars	The Colour And The Shape
m9ZCSq3BhsrYje87	Voivod	Pre-Ignition	Nothing Face
m9w7OcJ2dqRSoosM	Anthony Hamilton	Charlene	Comin' From Where I'm From
mAb9hLbSHoj33VQ8	Mount Eerie	Goodbye Hope	Dawn
mB0a1FsImdPG2NCh	Vérité	Phase Me Out	Phase Me Out
mBWF5tEgoTIH7wTK	Betty Harris	There's A Break In The Road	Soul Party - Sun Records
mCHoVnVlkRQzlSC8	Bixiga 70	Ventania	III
mD2GtGWpt7tm5tWV	Fickle Friends	Wake Me Up	You Are Someone Else
mDGMGTcpm3ujiTzZ	Killswitch Engage	Always	Disarm The Descent (Special Edition)
mDUPLPyuMCbspZI2	Tom Odell	Supposed to Be	Long Way Down
mDZ54xwbRmbQiKOK	Moritz Krämer	Um raus zu sein	Ich hab' einen Vertrag unterschrieben 1
mDbAUfW15RTdmOTX	FELIX SANDMAN	MISS YOU LIKE CRAZY	EMOTIONS
mDxQC8jH10alFtZT	The Power Station	Some Like It Hot - 2005 Remaster	The Power Station
mE9QjziJAflanWbh	Queen	I Can't Live With You	Innuendo (Deluxe Remastered Version)
mEBVYMOzVEZcws0D	Kings of Leon	Dusty	Youth And Young Manhood
mEU5Tub6cekNIUVc	Haircut 100	Love Plus One	Pelican West Plus
mFH9EuL7pjB9tmxZ	Escape the Fate	The Webs We Weave	Dying Is Your Latest Fashion
mFVnWasYyY6jolgH	Aphex Twin	Goon Gumpas	Richard D. James Album
mFrBhZ1Qlf8REPxP	Aztec Camera	Release	High Land, Hard Rain
mG0mL0C1sq0y9wHE	G-Eazy	The Plan	The Beautiful & Damned
mGLRdmS40lxuTIBt	Frank Zappa	What's The Ugliest Part Of Your Body? - Reprise	We're Only In It For The Money
mHU9ULMCZOXn0vdm	Oh Pep!	Hurt Nobody	I Wasn't Only Thinking About You...
mHZxu8lThvzmatkp	Frank Zappa	Wowie Zowie	Freak Out!
mHiIhYAiXxNFdpSV	John Legend	Aim High	Love In The Future (Expanded Edition)
mHtW3xpHpijTAJ6a	Dr. John	I Walk On Guilded Splinters	Gris Gris
mINOuy0ubZuxiz1r	Massive Attack	Psyche	Heligoland
mJ0guutXfHp8C62b	System of a Down	Mr. Jack	Steal This Album!
mJ5EBXzR6Qor6iAg	Queens of the Stone Age	Skin on Skin	Lullabies To Paralyze
mJEYm5FN4l1eJxQb	Janet Jackson	Funny How Time Flies (When You're Having Fun)	Control
mJJ2NzoZMDEmx9xi	EXID	Night Rather Than Day	Eclipse
mK7vPTu71ytAChLp	Black Atlass	Pain & Pleasure	Pain & Pleasure
mKd9jP6q6gEezlQu	Beach House	Wishes	Bloom
mLOYQMMMpyUVTCYt	Cauby Peixoto	Conceição	20 Super Sucessos Cauby Peixoto
mLZSZ3rgUowMErLn	Pond	Man It Feels Like Space Again	Man It Feels Like Space Again
mLZr4Ms9tkh0XCK6	Jennifer Rush	The Power of Love	The Power Of Love: The Best Of Jennifer Rush
mLlZNVAQ9R2CnqNy	Leftfield	Release the Pressure	Leftism 22
mLnuSDmDv9xpCbDd	Santana	The Game of Love	Shaman
mLvpbHOHaEwIv967	George Michael	Praying For Time	Listen Without Prejudice / MTV Unplugged (Deluxe)
mMfdAAzLQl2EmnS4	Linkin Park	Don't Stay	Meteora (Bonus Edition)
mN5wv2NEPKC6P8od	Bullet for My Valentine	Spit You Out	The Poison (Deluxe Version)
mNP02lm9TrvMjgSI	Emperor	Ancient Queen	In The Nightside Eclipse (20th Anniversary Edition)
mNY7qscv5JHM2pTl	zimbra	Breve	O Tudo, o Nada e o Mundo
mNt1L5N3AKO0QlhK	American Football	Five Silent Miles (live at The Blind Pig, Champaign, IL, 1997)	American Football [Deluxe Edition]
mO4eAVdWoYXELw2H	Band of Horses	Even still	Why Are You OK
mOE0FELwQ7CBHKI9	Night Verses	Vantablonde	From the Gallery of Sleep
mOHb9wV1eIQarLHe	Vanessa da Mata	Rebola Nêga	Segue o Som
mOJxv3jrKsalfHZ0	Hateen	Obrigado Tempestade	Obrigado Tempestade
mPrTOa9e5ZllvH8O	Sam Prekop	Showrooms	Sam Prekop
mQQexN2jZzGa3WCD	Cierra Ramirez	Faded	Discreet
mQiXBoBK6Bq1p46O	The Jam	The Dreams of Children	Setting Sons (Deluxe)
mQmxqfpDo9SPBO6L	Alcest	Voix Sereines	Shelter (Deluxe Edition)
mQwhIpOa3maW1MVg	Lisa Shaw	Grown Apart	Cherry
mQwiiryXir6fsErT	Muse	Panic Station	The 2nd Law
mR0HHeNgtIvxHygv	Chico Buarque	Realejo	Chico Buarque de Hollanda Vol. 2
mS2DJ1a3dByaclIi	Blur	Come Together	Leisure
mS77mmYTILW93w4I	CLC	Like	No.1
mSLLmz7iFCtTPYlQ	Little Joy	No One's Better Sake	Little Joy (US Edition)
mSQ3XEiwlnAzPCN7	Helado Negro	Fantasma Vaga	This Is How You Smile
mTO7HdtUqVycC47Q	Johnny Rivers	The Poor Side Of Town	Greatest Hits
mTrUxHgS9FfJ8qGr	ZHU	Stay Closer	THE NIGHTDAY
mU1KfJEX8Ly8YAWO	Etta James	It Hurts Me So Much	Tell Mama
mUnXZmIBXB6tBEsz	Polvo	Lazy Comet	Today's Active Lifestyles
mUoG7JeJG8HlRiNc	Totally Enormous Extinct Dinosaurs	Don't You Forget About Me	Don't You Forget About Me
mUwYWuajZhy3MTmM	Primus	Tommy The Cat	They Can't All Be Zingers
mVcD43BU6dWJlB4i	Lô Borges	Paisagem da Janela	Club Da Esquina 1
mW3QTRFGMRpk78RP	Nas	Cops Shot The Kid	NASIR
mXB6NigvPB9jYwIZ	Set Fire to Flames	Your Guts Are Like Mine	Telegraphs in Negative / Mouths Trapped in Static
mXfj5KtF8brL0ktD	Lush	Heavenly Nobodies	Lovelife
mXmKrNtnsFLtRLHa	Led Zeppelin	D'yer Mak'er	Houses Of The Holy (Deluxe Edition)
mYYCMpw7MVJxR2Wt	The Breeders	No Aloha	Last Splash
mYbxCy9uBs0lRWyq	Katatonia	Day - Live	Sanctitude
mZRgvScBgX3wtwCM	Galantis	In My Head	Pharmacy
ma0gFRJc2lN2HcGH	Nilüfer Yanya	Baby Blu	Miss Universe
maPmvYldS97runEi	Oasis	Bag It Up	Dig Out Your Soul
mas1tN4UHGAvc3JC	Gorgoroth	Introibo ad Alatare Satanas	Quantos Possunt ad Satanitatem Trahunt
mbA7Jz2HsW3WzPQg	Emma Ruth Rundle	The Distance	The Distance
mbQaXTestBJcVt6c	Reuben	Freddy Kreuger	Freddy Kreuger
mc0Ig612SdSCNYRY	Natiruts	Vento, Sol, Coração	Natiruts Acústico no Rio de Janeiro
mcNbkeQaDjo6CYuz	Hannah Montana	Every Part Of Me	Hannah Montana 3
mcQM5G3GMffWXzOu	System of a Down	She's Like Heroin	Hypnotize
mcoFK4Q4wyaJQ5iW	Yeah Yeah Yeahs	Dull Life	It's Blitz!
mcsBMuPgB2GmS9XU	Mac Miller	Party On Fifth Ave.	Blue Slide Park
mdCsm7CFipESXIv1	Emina Jahović	Alisa	Dalje
mdgYYER2bPK0gMOg	Blutengel	Here Comes The Rain Again	Demons of the Past
meWpkqLU1DR82m94	Ava Max	My Way - SWACQ Remix	My Way
mecwZwZuoSBF7zYs	As I Lay Dying	The Darkest Nights	Shadows Are Security
mewHMFxN7cB2on6B	Flying Lotus	Parisian Goldfish	Los Angeles
meyRuHSugFCQytN3	King Dude	Holy Christos	Sex
mfNc2QhbGuu9FDGS	Fangoria	Quiero ser santa	El paso trascendental del vodevil a la astracanada. Antologia de canciones de ayer y de hoy
mgfs7A2PgnzcxK1v	H.E.A.T	Everybody Wants to Be Someone	Freedom Rock
mgjqZmWcBEdrt3eP	Piso 21	Quítate La Pena	Quítate la Pena
mgpqUBhB0r3sKs3Q	No Mercy	Where Do You Go	My Promise
mhhlipNkUzjN5WV9	Beach House	The Hours	Bloom
mhs0vZrFAuq0WkXR	2Pac	I Get Around	Strictly 4 My N.I.G.G.A.Z...
mhul34hlsA4XGYiH	Explosions in the Sky	Tangle Formations	The Wilderness
miGoravjm57LPxYg	Albert Collins	Cold, Cold Feeling	Ice Pickin'
mjRbLS3t7yeWpqUN	Portishead	Numb	Dummy
mjmulGjYy1ogo7PP	Blur	Ambulance	Think Tank [Special Edition]
mkZMjWVvydJtj0Nw	Beyoncé	Schoolin' Life	4
mku4H6zuJ8yxxACr	Gemma Hayes	Wicked Game	Wicked Game
mlHenRzB3gMOjCLj	Darci	Come Around	Come Around
mlJ6PgeUP9C9dJ4K	Counterparts	Swim Beneath My Skin	You're Not You Anymore
mo6LF6YNB4ySSZj5	Hazel-e	Pop My Butt (feat. Asia Lynn)	#girlcode
mo9bFoNGXVok32K5	India.Arie	Summer	Testimony: Vol. 1 Life & Relationship
mog1os72QLHlgW36	Amon Tobin	Bridge	Permutation
mokkHmNUUHUlx9Bi	BTS	Begin	Wings
moyPkcbe09viAuV0	Periphery	All New Materials	Periphery
mpRnXB9IPlU7qkAT	Goldfrapp	Faux Suede Drifter	Silver Eye
mpX16vGfsts7yzHP	Los Fabulosos Cadillacs	Matador	Vasos Vacíos
mpd8nWUscKpDz9Yt	Jess Glynne	Gave Me Something	I Cry When I Laugh
mpg2q3J0wVb1GeJ2	La Bouche	Fallin' In Love	Sweet Dreams
mqEG5rNU4mgIHxqq	The Aquabats	Giant Robot-Birdhead	The Aquabats! vs the Floating Eye of Death! and Other Amazing Adventures, Vol. 1
mqidFs9AjDQ8coD5	RBD	Rebelde	Flamenco Guitar Tribute To Rbd
mrCWd4wEqSDtZpWG	The Vamps	Shades On	Night & Day (Night Edition)
mrHLgE4mZFfQ8K3Y	The Subways	Mary	Young For Eternity
mrL476gnmst6Gjfg	Incubus	Promises, Promises	If Not Now, When?
msU39doBcQ7sSTqH	Týr	Songs of War	Hel
msmaXj6ztPcW5q0N	Talk Talk	Have You Heard the News?	The Party's Over
mssxr6bHcLrXov7a	La Oreja de Van Gogh	Vestido azul	París
mtWOmBYkCcG4BRQV	Brian Wilson	Vega-Tables	Smile
mu3SWuD9vWkLwlX7	Bayonne	I Know	Drastic Measures
muNKL9lLnw7adwcH	Stacie Orrico	So Simple	Beautiful Awakening
muOGkG0bSl7qaS1Z	$uicideboy$	KILL YOURSELF	My Liver Will Handle What My Heart Can't
mumfFTrnPMaTm4u0	Sam Hunt	Single for the Summer	Montevallo
mvuQ6mRf2Nv3g3aR	Syd Barrett	Love Song	Barrett
mw6a1mcqf3nGLD9i	King Gizzard & The Lizard Wizard	Inner Cell	Polygondwanaland
mwLjpMXA8cVhCtTz	Cocteau Twins	Alice	Lullabies To Violaine - Volume 2
mwYQMc8FgUTV5Bmo	Necrophobic	From the Great Above to the Great Below	Mark Of The Necrogram
mx5od0xKI15BvzIi	Sabaton	Panzerkampf	The Art Of War (Re-Armed)
mxTapJ9Mu83ASNiQ	Hollywood Undead	City	Swan Songs
myRhzdJFW6KUWj5V	Rita Lee	Tempo Nublado	Build Up
myY0UlrN8xZmnuoz	Kylie Minogue	Made of Glass	Giving You Up
mz7vVCHrbCJXqmj4	Enter Shikari	Dear Future Historians…	The Mindsweep
mzQScWWlAbKHI7Rb	Angra	Wuthering Heights	Angels Cry / Holy Land
mzbUtcwlqLbaxePQ	Boris Brejcha	Sad But True	FEAR
n0T1qwXEnVt2coEX	Buzzcocks	I Don't Mind	Singles Going Steady
n0VEZINbgUOEp1jq	Xuxa	Hey DJ	Sexto Sentido
n0XeTUFDqvKwq9ov	Joe Pass	Cloe	Intercontinental
n1Wy5Iz2eNm3XPsn	Bucks Fizz	The Land of Make Believe	80s 100 Hits
n1fapLzHMsuetH6h	Chayanne	Me Enamoré De Ti	No Hay Imposibles
n1tnSfg3WWlTtzXH	Armand van Helden	My My My	Nympho
n2gcjzcamAGcX2zc	Marcy Playground	Ancient Walls Of Flowers	Marcy Playground
n32K8BxcNKOSGlUG	Alessia Cara	I Don't Want To	The Pains Of Growing
n337VTB5d04w7q0n	Onlap	Whispers in My Head	The Awakening
n36aAWNnnYpe8l1e	Dinosaur Jr.	Water	Green Mind
n3HgGAIBadbP8ceN	Coal Chamber	Friend	Dark Days
n3sVdHCovwsURq2P	Part Time	Virgo's Maze	Virgo's Maze
n42hIzaDq0YCyf6U	Snowman	Niezmiennie	The Best Is Yet To Come…
n4JrOkRysTahDyyM	A Day to Remember	Have Faith in Me	Homesick
n4P9GzU5ga60N5oP	Craig Finn	Blankets	I Need A New War
n4rABMASJ1zROt5b	Susan Tedeschi	You Got The Silver	Hope And Desire
n53YzeCcWxYUy6zW	Madonna	Celebration (Benny Benassi Remix Edit)	Celebration (double disc version)
n5Wbk2xaanaZicuz	The Raveonettes	If I Was Young	Pretty In Black
n6BkmeSZsH22vnPm	John Mayer	Great Indoors	Room For Squares
n74xddJ3ud7ROzLR	Brett Dennen	Ain't No Reason	The Definitive Collection
n7Tg0UZ5TgnZ1LTV	Guillemots	Get Over It	Red
n7fW0gsuVnl729dS	As It Is	Still Remembering	okay.
n7ztaEdEONz8579H	Metronomy	Trick Or Treatz	Pip Paine (Pay The £5000 You Owe)
n8G1zHht9dBL2X5Z	MAMAMOO	I love too	MEMORY
n8brmwq3EOUPf0DY	Mariah Carey	Boy (I Need You)	Charmbracelet
n8f3Ggus0FD7DTuo	Arctic Monkeys	Library Pictures	Suck It and See
n8xvKt17lWgyprS9	Melt-Banana	Schemes of the Tails	Fetch
n91w39l4hF6FcYdG	Big Thief	Watering	Capacity
n9a6Q6iaPIsz1kqf	João Gilberto	Chega de Saudade	Brasil
n9oe1nmpKvkV3E6M	Ryoji Ikeda	Data.Matrix	Dataplex
nADwkyZDkKizRlqO	Belinda	Gaia	Carpe Diem
nAS0qD3vZ7ekGIfI	John Maus	Pets	Screen Memories
nATEWfU09W7gFBMX	Stereophonics	Rainbows and Pots of Gold	You Gotta Go There To Come Back
nBdPVhqwb0wwqZo7	Kidcrash	The Ground Eats You	Jokes
nCRwxIVfPkkOuRtw	Cher	Real Love	Living Proof
nDIqoLn0PsylIbpk	Ani DiFranco	Both Hands	Ani DiFranco
nDarbiVtsaHmiI75	Ingrid Michaelson	Light Me Up	It Doesn't Have to Make Sense
nDxZJo6HwY0Op0GW	The Skatalites	Rock Fort Rock	Ball Of Fire
nEDQ9xA29qLPLOKM	Portishead	Humming	Portishead
nETVg0jyX7d0az9M	The Clash	I'm Not Down	London Calling
nEchofwGXxIZzv4p	British Sea Power	Thin Black Sail	Valhalla Dancehall
nEe3B0Zk4TRcjsJt	Balue	West Coast Bros	Quiet Dreamer
nF8R01cxMxtWmLgn	Florence + the Machine	Are You Hurting the One You Love?	Lungs (Deluxe Edition)
nG0YNdNS2zrJN4Rg	Anthrax	Metal Thrashing Mad	Fistful of Metal
nGDODC1ni8KSFs3S	Jamie Lynn Spears	How Could I Want More	How Could I Want More
nGZhprdUvUM3JaUL	Nile	Beneath Eternal Oceans of Sand	Amongst the Catacombs of Nephren-Ka
nGvcA2E17oa2vdNS	Dreams We've Had	Perfectly Out Of Place	Perfectly Out Of Place
nH2S1ksqiG9WoYnf	Blur	Colin Zeal	Modern Life Is Rubbish
nHCDyywOBly6TijJ	Kero Kero Bonito	Dump	Time 'n' Place
nHKP2Hrs77h9JyBb	Wallows	Ground	Spring EP
nHQtMLCCqk6O0Rvz	Hammock	Blankets of Night	Kenotic (10th Anniversary Deluxe Edition) [Remastered]
nHmx9OEQu7ydkzYQ	The Soft Boys	Insanely Jealous	Underwater Moonlight
nIGre1Noh6z9ASqL	Slint	For Dinner...	Spiderland
nILB8rWJQjmbZySI	SLSD	Lugar Nenhum	Olhos Abertos, Bocas Fechadas - EP
nILbsQmMPLjDAINz	Sibylle Baier	Girl	Colour Green
nIMUCm9agWr9oLwv	Remy Zero	Prophecy	Villa Elaine
nIcPv3NKMN22CiWF	The Crystals	He Hit Me (It Felt Like a Kiss)	Da Doo Ron Ron: The Very Best of The Crystals
nIn0PfPxmGfarnyu	Mount Eerie	Who?	Lost Wisdom
nJ1d2gM99jxik8cG	Invent, Animate	Agora	Stillworld
nJJxhLt1q0Eyd2XC	Beast in Black	Oceandeep	From Hell with Love
nL5OISo1ClBQrJ2y	Milky Chance	Stolen Dance	Sadnecessary
nLWa3GoWCE5lAJSb	Mikky Ekko	Time	Time (Spotify Exclusive)
nMUaWFvnUnuI9Ac1	Deaf Havana	Heaven	RITUALS
nMdBpusgXsxGcfdZ	Dean Blunt	Make It Official	The Redeemer
nN3O8VNYQCYjMekm	Steps	After The Love Has Gone	Steptacular
nN7xNQVoHjcoSpC2	Hands Like Houses	The House You Built	Unimagine
nOH4zvXsKu4BspFh	Joss Stone	Arms of My Baby	Introducing Joss Stone
nPDuwlTGLMy2pVIc	Chenoa	Absurda Cenicienta	Absurda Cenicienta
nPUnaSw2di6dN2RB	Johann Strauss II	The Blue Danube	Strauss, J.: An der schönen blauen Donau (The Blue Danube)
nPxMaxP8fMxl6qmK	Frankie Cosmos	Leonie	Zentropy
nR8ZAw5ZsGriuFGK	Inna	Ra	YO
nRKxeMZ7lPmyhLRC	Ólafur Arnalds	Film Credits	Living Room Songs
nRMEuBumDTScsiGv	Boa	Energetic (Radio Edit)	BoA (Deluxe)
nRNVhcp9YtVXYq5h	These New Puritans	Drum Courts - Where Corals Lie	Hidden
nROgbxPk7lgXPE0X	Gal Costa	Volta	India
nRPftBFrdAiW8Lj6	R.E.M.	7 Chinese Bros.	Reckoning - Deluxe Edition
nRocxGEqZFYlfgNV	Alessia Cara	How Far I'll Go	Moana (Original Motion Picture Soundtrack/Deluxe Edition)
nSEJQ4sZ3ypfoluJ	David Bowie	Valentine's Day	The Next Day
nSMAjBGtbR6MVJwx	BRENNAN SAVAGE	Waste Of Time	Badlands
nSfM5WsmOPzwpMnC	Natasha Bedingfield	Not Givin' Up	Pocketful Of Sunshine
nUeujbG1fzIjEeRm	Elis Regina	Cinema Olympia	Ela
nVJ46U5XJp6vVBAT	Britney Spears	I'm Not A Girl, Not Yet A Woman - Metro Remix Radio Edit - 2009 Remaster	The Singles Collection
nVUZNjJPFDVOyVVK	Anna Burch	In Your Dreams	Quit the Curse
nWLYOvar0i992XYK	Manu Chao	Mr Bobby	Próxima Estación: Esperanza
nWamstGAwBbfV6Zn	Creedence Clearwater Revival	Bootleg	Bayou Country
nXnslafha5exl2wG	Bright Eyes	Lime Tree	Cassadaga
nXvv4prUv9neoDTH	Cheryl Cole	Parachute	3 Words
nXzCXxOF61QR74iW	The Smiths	Shakespeare's Sister	Louder Than Bombs
nY793S0Nmnw3WVah	Jack Johnson	Cocoon	On And On
nYIltGMJloIMEpka	Iron Maiden	Prowler	Iron Maiden (2015 - Remaster)
nZBEv5uKLVIkwFYZ	K.Will	Day 1	ONE FINE DAY
naYyqlV896qcW9Ib	Pearl Jam	Hail, Hail	No Code
nb6LuREzlRpr5aLi	Matuê	De Alta	De Alta
nbRSgR24dEWGfdhh	Fantasia	Bump What Your Friends Say	Fantasia
nbWQ6SOuRoBpS9Cw	Charles Mingus	Bird Calls	Ah Um
nbkyUSWlmSZ7BJlR	Nando Reis	Luz Dos Olhos	"A Letra ""A"""
nc4SARK6P3qrsRSj	Little Jinder	Du vill ha sex med mig	Groovy Swedish Beats
ncSSmL3hiZR8Km1L	Engenheiros Do Hawaii	Vida real	Acústico (Ao Vivo / Deluxe)
ncVC39967S2luyxl	The Moody Blues	Dawn: Dawn Is A Feeling	Days Of Future Passed (Expanded Edition)
ndXBIsqaPi7IiFQY	James Morrison	Under the Influence	Undiscovered
neJbL20BpMe1HT7l	Reel Big Fish	Take On Me	The Best Of Us For The Rest Of Us
nfBTxeGY09zLP6Eh	The Buggles	The Plastic Age	The Age Of Plastic
nfHK3hrKteXZB6oF	SOHN	Lights	Tremors
nglKi37XDOu1v7tn	Sleeping With Sirens	Go Go Go	Madness (Deluxe Edition)
ngzBocDgeJXBDlyI	Natasha Bedingfield	Size Matters	Unwritten
ni6EeaNJ4FeZnn1Z	Ieuan	Boys That Dance	TECHNICOLOUR Vol. 1
niEffBEGRADgYdQN	OutKast	Funky Ride	Southernplayalisticadillacmuzik
niNxIWxw3NO1yW1s	blink-182	Josie	Dude Ranch
niRBN14d2jkTn4Tj	Marissa Nadler	You're Only Harmless When You Sleep	For My Crimes
niSzJNsME53hGC3M	Lady Gaga	Ev'ry Time We Say Goodbye	Cheek To Cheek (Deluxe)
niUYgqkjIOwLEtPb	NCT 127	Cherry Bomb	NCT #127 CHERRY BOMB– The 3rd Mini Album
njJJOYIrieErTAZH	Joey Bada$$	500 Benz	500 Benz
njSr67xjadTZAbsu	Hands Like Houses	A Clown and His Pipe	Ground Dweller
njmVfMWpaLUTSPJi	Jennifer Lopez	No Me Ames	On The 6
nkcT8p5p79e83Nh2	Wye Oak	Glory	Shriek
nlQpZZBdaUdtPurM	Elton John	You Gotta Love Someone	To Be Continued...
nlnBghrlZaWjKhUt	Tove Styrke	On The Low	Sway
nlqjkYH8fIDud7YW	La Dispute	First Reactions After Falling Through the Ice	Rooms of the House
nlwdfGw4ITli4enw	CupcakKe	Interruption	S.T.D
nmETyL3HfxFtdKXX	Hopes On Hold	Indonesia Better Be Worth It	Hopes on Hold
nn187jg75UFzwJrv	Electric Guest	Bound To Lose	Plural
nn1wiCesSEnTrI7a	Reik	De Qué Sirve	Secuencia
nn8OOySF7hezKY6Q	Black Sabbath	Wishing Well	Heaven and Hell (2008 Remaster)
nn8ksVCArK3kzXW0	Comethazine	4 POUND	Bawskee 2
nnGqwGWCOSmceOGQ	Kelly Key	Anjo	Kelly Key
nnf9XEqKR3MxaLxQ	Alcest	L'éveil des muses	Shelter (Deluxe Edition)
nnmUHACiZjVUt2sp	Snow Patrol	Batten Down the Hatch	When It's All Over We Still Have to Clear Up
nntfTdvyRfW9RbK0	Gorillaz	HillBilly Man	The Fall
nnxad8rXiojcpFCy	Brandy	Hardly Breathing	Two Eleven (Deluxe Version)
noDaZ3mJhuaqVa9j	Helena Paparizou	Teardrops	The Game Of Love
noJGfdyDVoktAqrc	Tim Hecker	7000 Miles	Radio Amor
nopK3mCFEFr4vLlq	Vektor	Tetrastructural Minds	Outer Isolation
npF8z2i4UDkPpF1i	Garbage	Bad Boyfriend	Bleed Like Me (Remastered)
nphtg4s2OkmhCeq5	Interpol	Pioneer to the Falls	Our Love To Admire
nqUNuogbzQWmIFbF	Gal Costa	Dê Um Rolê	Gal A Todo Vapor (Live)
nqUT7zCu1dispxw8	Alexisonfire	Drunks, Lovers, Sinners and Saints	Crisis
nqyxZqm7A9fptn5V	Wild Beasts	End Come Too Soon	Smother
nrokoexlqVdshFlJ	ONE OK ROCK	Bedroom Warfare	Ambitions
nsCQHt8EBDUBsQq8	The Dillinger Escape Plan	Low Feels Blvd	Dissociation
nsErWH3ZbbTjwt9A	Why Don't We	Cold In LA	Cold In LA
nsFwXCnPaODZwSSp	MGMT	Alien Days	MGMT
nsoojDZXee47OxRm	Bring Me the Horizon	The Comedown	Suicide Season
ntAf241hE7f1GBNV	Robert Miles	Children (Dream Version)	Remember Robert Miles
ntEBAcYFLk2JFP7Y	Jojo Maronttinni	Arrasou Viado	Arrasou Viado
ntsZ7NCxS8L9VoYH	Les Discrets	Le Reproche	Prédateurs
ntukK8rr6sX6s9P7	Badfinger	No Matter What	No Dice (Remastered 2010 / Deluxe Edition)
nusYUEXufftC8Qr9	Jennette McCurdy	Generation Love	Jennette McCurdy
nv00pislrfOkUfpE	Eternal	Angel Of Mine	Angel Of Mine
nv3xSg0A9aHJgQi4	Tá Na Mente	Não Há Limites - Ao Vivo	Tá Na Mente (Ao Vivo)
nvPEiHnxPLNMmdny	spookyghostboy	just fine	Losing
nw3VdcFQcpnl6iw2	Tove Styrke	Million Pieces	Tove Styrke
nwF0dGv2LsDNQTwS	The Human Abstract	Vela, Together We Await The Storm	Nocturne
nwzkts3Vdc3Q2zK7	La Oreja de Van Gogh	Escapar	Guapa
nxPWzSZBZ4j2fjNI	Ra	Do You Call My Name	From One
nxac5MTo9k79IR6p	Grouplove	Remember that night	Big Mess
ny5WWW4UDPYKaum7	Mighty Oaks	DREAMERS	Dreamers
nyiadiR65NY3v4Jk	Allen Stone	Unaware	Allen Stone
nzjzCo2D9ddKggJb	Sorority Noise	Where Are You?	You're Not as _____ as You Think
nzxEOuTlFv5uSZ0o	Far Caspian	Conversations	Conversations
o09RlJoTLezEnLZo	LCD Soundsystem	Black Screen	american dream
o0AsplF6PujqsR4H	Bosse	Alles ist jetzt	Alles ist jetzt
o0TmAD9tlB3NDNYS	Faithless	God Is a DJ	Forever Faithless - The Greatest Hits (C)
o0bb0ugouucbor8h	Beirut	The Flying Club Cup	The Flying Club Cup
o0slFl1grEy2mkit	Everything But the Girl	Missing	Amplified Heart (Deluxe Edition)
o1ezFNExL7OlOaGp	21 Savage	No Heart	Savage Mode
o1ht8481qc8Bv1NC	Thundermother	Hellevator	Hellevator
o1l4EgRv1OOF3aVs	Tom Rosenthal	The Only Time I'm Home	The Only Time I'm Home
o2MLqKbKs5NUGtDO	Chelsea Jade	Laugh It Off	Personal Best
o2QcjsZQqAw0bA1Y	Block B	My Zone	My Zone
o3IbPJ1pP7MUZowG	Floating Points	Peroration Six	Elaenia
o3YYgcW9uo3KmFbr	Adriana Calcanhotto	Você disse não lembrar	O Micróbio do Samba
o3zSZmG7kyacdFYX	Judas Priest	The Green Manalishi (With the Two Pronged Crown)	Hell Bent For Leather
o4lOApQQ2dKRVzUe	Ruby Haunt	Darling	Blue Hour
o5A50wpxwBcZkkex	Bon Jovi	In And Out Of Love	7800º Fahrenheit
o5C3Zi8GpvxtFxaG	Mary J. Blige	The Living Proof	My Life II...The Journey Continues (Act 1) [Deluxe Version]
o64J3SARDQwwk8yP	Skylar Grey	Pulse	Don't Look Down
o6NF2i5lZvp79KWq	Fail Emotions	Satellite	Transfornation
o6f1vBg76XF1vxJR	Rhapsody of Fire	Unholy Warcry	Symphony of Enchanted Lands II (The Dark Secret)
o71YQ00mYNAS6tnb	New Found Glory	Forget My Name	Sticks and Stones
o74lzgfgplhdBxzK	Mojave 3	Trying to Reach You	Excuses for Travellers
o7r5c2Ct4et5Qnnt	Ray LaMontagne	Supernova	Supernova
o83Oide1YU4nvUeh	Elvis Presley	Blue Hawaii	Blue Hawaii
o8XJnygJx27rWNeB	Wilco	Normal American Kids	Schmilco
o8eKq8Y5IwHjNvC3	Overkill	Coma	Horrorscope
o8fa8lVeEAD4N6xz	Calvin Harris	My Way	My Way
o9DjEkfL0XFltWjF	Hande Yener	Benden Sonra	Hepsi Hit, Vol. 2
o9OocaPGmJHLoAcW	Halestorm	Mz. Hyde	The Strange Case of... (Deluxe)
o9Ri93h9CgQdsYb6	Agalloch	The Watcher's Monolith	Marrow of the Spirit
o9TOqBk57OKneCJi	Michl	Gone	Michl
oA7uzNqqVEIYY2RN	Slowdive	Cello	Pygmalion
oAeWeUD8gzs7QYYH	khai dreams	Ultimately	Ultimately
oAjbcmZrYSGUnVrK	Lewis Capaldi	Something Borrowed - Demo	Breach
oAvJ5hCBXGC2dpjJ	Lester Young	Exercise in Swing	"All That Jazz, Vol. 73: Lester Young ""Exercises in Swing"" (Remastered 2016)"
oAvTgJtnLVBjdEcj	Mount Eerie	Voice In Headphones	Lost Wisdom
oB3vaE9GJgvV42av	Black Stone Cherry	Burnin'	Family Tree
oBeZT3y9P9Pa7J7E	The Mary Onettes	Cola Falls	Cola Falls
oBjXMZHnfXwxl2NQ	No Te Va Gustar	Ese Maldito Momento	El Calor Del Pleno Invierno
oCL7oLwZ2J4sgK2d	Now, Now	Yours	Saved
oCnkH9LKVJJuWOh5	Sarah Vaughan	Tenderly	An Introduction To Sarah Vaughan
oD1CELlwEoxJHukk	Mika	Pick Up Off the Floor	The Boy Who Knew Too Much
oDAsL8lw4IRwDzA2	The La's	Timeless Melody	The La's
oDF4ZW8PChJO0DNx	Jeff Tweedy	Let's Go Rain	WARM
oDFSdbjkyVqWow5b	The Dillinger Escape Plan	Parasitic Twins	Option Paralysis
oDbr0TKBk1jt4kc1	Cidade Negra	Onde Você Mora?	Sobre Todas As Forças
oDnuXDaCIkscsA9v	Grimes	Dream Fortress	Halfaxa
oDt0Uex3Y2PzhwYI	Kool & The Gang	Take My Heart (You Can Have It If You Want It)	Something Special
oEAJQ7KVHew2tjFF	Alanis Morissette	Head Over Feet	Jagged Little Pill (Remastered)
oEjZGKTBZ0ja9Ypp	NCT U	Timeless	텐데...Timeless
oFVs2lt9wbHdWiO5	Owl City	Embers	The Midsummer Station
oGDJhvkjk7dMBTcg	Cursive	Staying Alive	The Ugly Organ
oHBSl7aP4WuNuq2M	Strawberry Alarm Clock	The World's On Fire	Incense And Peppermints
oJTDc0Cw5ZQpDNch	Foals	Bad Habit	Holy Fire
oJbLFzfGodSA74Pp	Tears for Fears	Start Of The Breakdown	The Hurting
oJvYrCSTGL2y97Aq	Chunk! No, Captain Chunk!	Taking Chances	Pardon My French
oJz5caTKAhOJPur6	Jon Fratelli	Bright Night Flowers	Bright Night Flowers
oK0M8BwORMOWOGUF	Britney Spears	Brave New Girl	In The Zone
oKNu3wmU88In3Mm3	The Decemberists	June Hymn	The King Is Dead
oKlRejCdgxIgaauC	Neil Diamond	Song Sung Blue	His 12 Greatest Hits
oKoE0HXvBO21OMxS	Otis Redding	Send Me Some Lovin'	Remember Me
oL7R00aRmL9z1e5B	The Living End	Prisoner of Society	The Living End
oLr7VqRsMkOtr3Pm	Hnny	Most Really Pretty Girls Have Pretty Ugly Feet	If This Is House I Want My Money Back 3
oM82hSsW3aA2MkRd	Maverick Sabre	Glory	When I Wake Up
oMg1M0qNOPVDdAyZ	Nancy Sinatra	As Tears Go By	Boots
oMwMItMFB0OthJg6	Anarbor	18	Burnout (Deluxe Version)
oMz4FQmPRzdk3rLU	Birdy	Just a Game	The Hunger Games: Songs From District 12 And Beyond
oNf01m7GAPp3SoxE	The Velvet Underground	After Hours	Peel Slowly And See 1965-1969
oNkx5Atzov6s9g62	Arisa	Sincerità	Sincerità
oOTeyYPGHa0ZhN3r	Biffy Clyro	Sounds Like Balloons	Opposites (Deluxe)
oOy3JOWtSQRAVtWk	Khaled	c'est la vie	C'est La Vie
oPigzupOOncRLEvu	Vashti Bunyan	Across the Water	Heartleap
oPyfsuPz96kvFsDT	Frank Sinatra	Strangers in the Night	Strangers In The Night (Expanded Edition)
oQE5m5QsWCCe6tCn	Eric Church	Homeboy	Chief
oRnIcnOyIvxVyEbr	Foals	After Glow	Total Life Forever
oRzfUTqrfDrnGGO3	ukiyo	Calling	Calling - EP
oS1OjybSuOhRCZ6p	Flughand	mo	EXPEDITion Vol. 7: Moonloops
oS4QxHFeXJCFcJDZ	Major Murphy	One Day	One Day
oSHJ4yVgCtggk7u4	Beyoncé	Radio	I AM...SASHA FIERCE
oSIpDC4MEUnXgRsP	Five Finger Death Punch	Ashes	The Way of the Fist
oSesjsfIGdjcswFY	Hanson	You Never Know	The Best Of Hanson 20th Century Masters The Millennium Collection
oTNcKAMxTruEdq0Y	Ivan Gough & Feenixpawl feat. Georgi Kay	In My Mind (Axwell Radio Edit)	In My Mind
oTiz5jIDgsoHTv4J	Tom Odell	Another Love - Zwette Edit	Another Love (Zwette Edit)
oTnxVesx9z3FyTH4	Malevolent Creation	Systematic Execution	Retribution
oTqTECRqXDxu9j86	Riah	Nightmare	Nightmare
oU2ZHvbupLJCrzs3	Epica	Dance of Fate	Consign to Oblivion (Expanded Edition)
oUBOESKk4oq3p5Cy	Triple H	Sunflower	199X
oUHRF179nQPFwhH3	Bondax	Giving It All	Giving It All
oUVIn0gE1qqM6uEq	Whitney Houston	I'm Every Woman - Live from The Concert for a New South Africa	Whitney Houston Live: Her Greatest Performances
oUfP5dhymZi6qoKb	Liz Longley	Rescue my heart	Rescue My Heart
oUjAwd88ee1FQEXb	Yumi Zouma	Keep It Close To Me	Yoncalla
oUrBRzt0Sfu4lyLV	Halestorm	Beautiful With You	The Strange Case of... (Deluxe)
oVEcBGcAomW7cuAj	Dream	He Loves You Not	It Was All A Dream
oVNzQtf3mUZrmeq3	Bebel Gilberto	Simplesmente	Bebel Gilberto
oVxmlOPr6W8miu6z	$uicideboy$	NICOTINE PATCHES	I Want To Die In New Orleans
oW65OvZX3DGNsZiN	Discordance Axis	The End of Rebirth	The Inalienable Dreamless
oW9eWP4LLgKOOp53	Jazmine Sullivan	Excuse Me	Love Me Back
oWIKXcggbJ59FBK1	The Bouncing Souls	Manthem	How I Spent My Summer Vacation
oWIW532xFTFoVRV7	Elis Regina	Na Batucada Da Vida	Elis
oXaJjb8rjpUCB7pj	Iron Butterfly	Most Anything You Want	In-A-Gadda-Da-Vida
oXgfTuNOvCktA5bu	Angel Olsen	White Water - Bonus Track	Burn Your Fire For No Witness (Deluxe Edition)
oXhMIv7tCI3mZ6PN	The Who	Blue Red and Grey	The Who By Numbers
oYLbfNIHbOCAZiAT	Ash Code	Dry your eyes	Oblivion
oYP5X3LtlKBBYHvY	Human Tetris	Baltic Sea	Human Tetris - EP
oYY3ViVyL5RmjBJl	Yppah	Film Burn	Eighty One
oYbTjQsSrDhXzpK5	Aphex Twin	Analogue Bubblebath	Classics
oYmCwkD62fD98sNB	Savages	T.I.W.Y.G.	Adore Life
oYyQUlk847e4fWXI	Kid Francescoli	My Baby	With Julia
oYySnUK9gYzXXDVu	Harmonia Do Samba	Vem Neném	Harmonia Do Samba
oZfT9xe6xR8u8P1Q	Exodus	Brain Dead	Pleasures of the Flesh
oZgwgxzO2w5MOnpk	Guardin	Cliffnote	outsider
oZjJrTShSQMSllPp	Nas	I Can	God's Son
oaKhdqbEH5y967s7	Paul Young	Love of the Common People	From Time To Time - The Singles Collection
ob0hB3kb2TjrlY63	Tarja	Into the Sun	Left In The Dark
obh0GDKmGL3NAviC	Ituana	You Can't Always Get What You Want	Chill in Saint Tropez
obqWNcyT7ggZDLr4	The Who	Substitute	Meaty, Beaty, Big And Bouncy
obuEIRqng4XXMUxN	Mount Kimbie	You Took Your Time (feat. King Krule)	Cold Spring Fault Less Youth
obxWltockucb9rGD	Dilated Peoples	Worst Comes To Worst	Expansion Team
oc49Thxw6F4ef4dS	Tegan and Sara	Knife Going In	The Con
oc5KIeLjELQhcUuj	Phantastic Ferniture	Gap Year	Phantastic Ferniture
ocoDwp4ged1raXpV	Roxette	No Se Si Es Amor (It Must Have Been Love)	Baladas En Español
odYQLgcOBMfXZ2Gr	Radiohead	Meeting in the Aisle (Remastered)	OK Computer OKNOTOK 1997 2017
odaiCyEKerGZY3Uo	Arctic Monkeys	Love Is a Laserquest	Suck It and See
odbsrmRnJnr9s13g	The Cure	Sirensong	4:13 Dream
oeLHJHBGVbkNSouT	John Legend	Again	Once Again
oeNipz2YMkm6SLy5	Captain Jack	Captain Jack	The Mission
oeQwDGf7Q6X5pY6o	Ricky Martin	Livin' La Vida Loca	Ricky Martin
oej2fCZ2DGvXjf3O	Bishop Briggs	White Flag	Church Of Scars
ofDWYDgdmwQRaZ6e	Archspire	A Dark Horizontal	Relentless Mutation
ofposGxlMvW2l448	No Mana	In My Mind	Melted Candy
ofqFeUvSIwIQwbuM	Earth, Wind & Fire	Shining Star	That's The Way Of The World
og4lAykOilUzUe3h	mellow fellow	dancing	Dancing
ogH6ZnPePE3s4osq	FKA x inc.	FKA x inc.	FKA x inc.
ogIP2pDuibwECNXH	Kings of Leon	Beneath The Surface	Notion
ohuzYjb0fxrNG3Yz	FELIX SANDMAN	TROUBLE	EMOTIONS
oixBJUdsyUzA1mOi	Stone Sour	Hesitate	Audio Secrecy (Special Edition)
oj6Hc8tTigYOOs7A	Northlane	Let It Happen	Node (Deluxe Edition)
ojbwCMSHgIDT6Qq6	Architects	Early Grave	Hollow Crown
ojeQdo6NxUx6HLLy	Malevolent Creation	Mandatory Butchery	The 13th Beast
ok6kJpc40tWTKiSf	The Beautiful South	A Little Time	Choke
okK6zKu96oeZwdlc	Blut aus Nord	Axis	The Work Which Transforms God
okaLYKOYloMp1EaD	Talking Heads	Crosseyed and Painless	Remain In Light (Deluxe Version)
okwJZLoxvcidsWgf	Kalafina	oblivious	Seventh Heaven
olUmqXBuI2HIcfxO	Alexisonfire	Rough Hands	Crisis
oll8ho3mdBIi0MFK	X-Perience	A Neverending Dream	Best of X-Perience
olyQncVzwINjsi8m	Demi Lovato	Shouldn't Come Back	Demi
omWIhzCNj4V1tcxx	Kacy Hill	First Time	Like A Woman
omaiCdhkZC7PDMlJ	Mo-Do	Eins zwei polizei	Was Ist Das
omcTNhhFvdgvIm7B	Contemporary Noise Sextet	Zero Gravity	Unaffected Thought Flow
on5YoGIxbWJJisFY	Toni Braxton	The Heat	The Heat
onVx0LUE6COU6KoK	Holly Herndon	Movement	Movement
onfl6TnAN8An3kMr	Legião Urbana	Maurício	As Quatro Estações
onj0loLwe8zTqNeq	David Nail	Send My Love (To Your New Lover)	Uncovered
onu1ncT91AWXXJiF	Laurie Anderson	O Superman	Big Science
ooNdKYBUi1FK026F	Led Zeppelin	The Rover	Physical Graffiti
ooVEG7hjAf7hY24F	ZHU	Cold Blooded	GENERATIONWHY
oomObFXsfiEwptAu	Clan of Xymox	Consolation	The Best Of Clan Of Xymox
opAMW1rxZig70rhM	Breaking Benjamin	Dawn	Dark Before Dawn
opXnBz1qtWojh4W6	Clutch	The Regulator	Blast Tyrant (Deluxe Edition)
opxNfsWLpwSQNZnN	Lauryn Hill	I Used to Love Him	The Miseducation of Lauryn Hill
oqF5JBtX3gMldUM8	Iron Maiden	Caught Somewhere In Time	Somewhere in Time (2015 - Remaster)
oqLVWJQ5bISwcFRb	Smash Mouth	All Star	Astro Lounge
oqlLoXwoqhtUgv5n	Son Lux	Delivery	Yesterday's Wake EP
orVANz3iqnM4O6iQ	Allie X	Girl of the Year	Super Sunset
orX0jGEmPHTm4Att	Surra	Valeu Memo	A Porra Pegou! Ao Vivo em Belém
orzwFrro1PgsBysQ	chelmico	午後	POWER
os8RKOPjc4pr472P	Mount Kimbie	Lie Near	Cold Spring Fault Less Youth
osE8EKs0vKtc2GIg	Edguy	Land of the Miracle	Theater of Salvation
oslD4dIvYIi7aIlo	Knuckle Puck	Stationary	Copacetic
osrkngau0oa9mmAi	Slowdive	Some Velvet Morning	Souvlaki
osuxt5oiNbMjgCqA	Tori Amos	Spring Haze	To Venus And Back
otpmKPki6xLvPaG7	Staind	Open Your Eyes	Break The Cycle
ouCz0m4ZJ6stmqGq	Marija Šerifović	Molitva	Molitva Destiny
ouJPk73YZ3K9zOm5	Suicide Silence	Lifted	No Time to Bleed
oupLLUNjWtksavOA	Nothing But Thieves	Excuse Me	Nothing But Thieves (Deluxe)
outq88QO9BkWwynl	NoMBe	Freak Like Me	Freak Like Me
ov3moLva9pg5CfPw	Devin Townsend Project	Kingdom	Epicloud
ow4fVugICjxz8trr	Jessica Mauboy	This Ain't Love	This Ain't Love
owPjxatK3F2kLYTx	Sum 41	In Too Deep	All Killer, No Filler
owUT8r69ReOqhRAB	M.I.A.	A.M.P (All My People)	AIM (Deluxe)
ox1BMIIV9kMUXO6z	The Browning	Final Breath	Final Breath
oxPxFXgsrkcXsuto	Joan Jett & The Blackhearts	I Love Rock 'N Roll	I Love Rock 'N' Roll (Expanded Edition)
oxQoQT3053utzkXv	Oasis	Stop Crying Your Heart Out	Heathen Chemistry
oxah61n20HF6EzTH	Supergrass	Beautiful People	Supergrass
oyrTPe6dOmUVQXjF	Varials	Colder Brother	Pain Again
ozQABjVAvEUZbC6l	Birds in Row	Snakes	Personal War
ozorILeSOu3Xqb3D	Amaranthe	Exhale	MASSIVE ADDICTIVE
p09sVaz3sDmZBz2W	Pulp	I Want You	Freaks
p0hFc9Y2eWzYVEzN	Santigold	Starstruck	Santigold
p1VP0vVJmgPUIrqH	The xx	Dangerous	I See You
p2C11NvlN0hm4tjX	The Drums	Brutalism	Brutalism
p2Fx7VmT8OVTkxUx	The Distillers	Sing Sing Death House	Sing Sing Death House
p2JhBbYaPZzyadAW	Anamanaguchi	Endless Fantasy	Endless Fantasy
p30aZD9IEuTFXfqQ	Negra Li	Malandro Chora	Raízes
p3RhCgawpmIu87Jg	Fabrizio Paterlini	Veloma	Viandanze
p3qDTJAGVCKtoqz4	GusGus	Featherlight	Lies Are More Flexible
p4XjV5ejfRmZMj8S	Rhye	Summer Days - Roosevelt Remix	Blood Remixed
p56FKImzwjSbmWim	Kate Bush	Kashka From Baghdad	Lionheart (2018 Remaster)
p5HtO2R3uTnstIKJ	Boy Harsher	February	Country Girl (Extended Version)
p5MSuwwvXMktLevN	Jeremy Kay	Have It All	Jeremy Kay
p5NrlwC4GVSjFhFh	OOHYO	안녕 Goodbye	어드벤처 Adventure
p5dgjKlXcmMugTwh	RuPaul	My Favorite Holiday (Matt Pop Remix)	Christmas Party
p5ywwKVV4r0Nz1WA	Avril Lavigne	Losing Grip	Let Go
p6MTx41uFtPJcimZ	Midnight Generation	Young Girl	Funk Your Bones (Side B)
p6XNfHfVfQ8IijdJ	Walking On Cars	Nothing's Impossible	Mum's List (Original Motion Picture Soundtrack)
p6ywZ67s8CskiOkB	GOT7	JIBBERISH	Moriagatteyo (Standard Edition)
p7FDCInYIE2kTwu8	Kate Bush	Rubberband Girl	The Red Shoes
p8TpMdwHUylAMmIb	Sandy	Pés Cansados	Meu Canto (Ao Vivo No Teatro Municipal De Niterói / Edição Especial)
p8ZtFvOfKvzgWlRh	Adam Lambert	If I Had You - radio mix	If I Had You Remixed
p94OXn3JfaPBLLub	Sam Fender	Hypersonic Missiles	Hypersonic Missiles
p96ecYYwux3sfnuI	Numenorean	Regret	Adore
p9EaYpek5p0O3ZOM	The Vamps	Another World	Meet The Vamps
p9FqZK3en62G5hQZ	Tim Hecker	Sketch 9	Dropped Pianos
p9hEB1F0n4sk0TU2	Gossip	Love in a Foreign Place	A Joyful Noise
p9l4iJpMptX8KjC7	Velvet Acid Christ	Intussusception	Neuralblastoma
pA4GYy7eeRo60I7s	Peaches	Pickles	Rub
pA9XkzxAthZUcxhr	The Style Council	Walls Come Tumbling Down	Our Favourite Shop
pAzgyML8giA3E70J	Eels	Manchild	Beautiful Freak
pDIukwJ1WHb5SWRL	The Seekers	Georgy Girl	The Seekers
pDgv9RYO0CIaKHsL	Aphex Twin	s950tx16wasr10 [163.97][earth portal mix]	Syro
pE41p7CevT2YMMuk	Madeline Juno	WALDBRAND	Waldbrand EP
pERsfsISTXg8ZNfa	Gréta Salóme & Jónsi	Never Forget	Never Forget - Single
pFiSDWOmVCxWU1jP	DJONGA	Verdades Inventadas	Heresia
pFsHbz4NiRIPdWTU	Hop Along	The Fox in Motion	Bark Your Head Off, Dog
pFxs9ExGmEVjIvL1	Garbage	The Trick Is to Keep Breathing	Version 2.0 (20th Anniversary Deluxe Edition / Remastered)
pGMcCP4Tw1EWJCxj	Anathema	Panic	A Fine Day to Exit (Remastered)
pGMhzNzWZPbzPEWZ	Carly Rae Jepsen	Heavy Lifting	Tug Of War
pGmccNX6NInwgRut	Joy Division	Exercise One	Still [Collector's Edition]
pH97idDxXVlnq3xH	Dixie Chicks	Loving Arms	Wide Open Spaces
pI3oFDhVorJRRpwH	Mélanie René	Time To Shine	Time to Shine (Eurovision Song 2015: Winner for Switzerland)
pI8pEepzPFOJ7fa3	Porcupine Tree	Feel So Low	Lightbulb Sun
pIEVzi5STKUj99hL	NOFX	American Errorist (I Hate Hate Haters)	War on Errorism
pIgaxnuoMqgU93LG	The Who	Cut My Hair	Quadrophenia (Super Deluxe Edition)
pInAet83BcRrOJ1Q	Leaves' Eyes	Farewell Proud Men	Vinland Saga
pJvIwrMWOZ7SqezB	BONES (UK)	Creature	Bones UK
pKG73LcLu9IOwQIe	Sérgio Godinho	Com Um Brilhozinho Nos Olhos	Canto Da Boca
pKKWSRBGCXy9RWw2	Björk	I Miss You - Live	Post Live
pKhTiiQuWXebPJgV	Justin Bieber	All in It	Purpose (Deluxe)
pL1Qnfj8IPjKrzXu	Dolly Parton	Why'd You Come in Here Lookin' Like That	White Limozeen
pLHicvkgqFLpvj1E	Destruction	The Ritual	Infernal Overkill
pLrBgzYu0wXsq1SQ	Eminem	Right for Me	SHADYXV
pLzVfVM0ulScobjS	Deep Purple	Gettin' Tighter	Come Taste The Band
pM3HbhKQYzERrfDp	Architects	Memento Mori	All Our Gods Have Abandoned Us
pMBZbu8Q8hasOEiv	Elina Born	Tagasi Me	Tagasi Me
pMdgYE9VTAnYeiWz	The Joy Formidable	The Last Thing On My Mind	Hitch
pNUcTH7vMfVZ7yYs	Emma Bunton	Sunshine on a Rainy Day	A Girl Like Me
pOdtRWD0re8PHjnb	Els Catarres	Fins Que Arribi L'alba	Tots Els Meus Principis
pOeblkNJkVqaYsB8	Stone Sour	The Bitter End	Audio Secrecy
pPC261uFVJDGKODR	Mastodon	Tread Lightly	Once More 'Round The Sun
pPO6D7zh9D3q9BL1	Aesop Rock	Rings	The Impossible Kid
pPXS3vdr7zN5c9WW	Prince	Cinnamon Girl	Musicology
pPhgSadZphSZkwam	The Kinks	Sitting in My Hotel	Everybody's in Show-Biz (Legacy Edition)
pQP7ON6hChmjx3kz	Stacie Orrico	I'm Not Missing You	Beautiful Awakening
pQTg5VHeTv4pMo6o	Frank Sinatra	This Town	Music From The Motion Picture Ocean's Thirteen (Standard Version)
pQVtEGdK8bfK9LHB	Hey Monday	Should've Tried Harder	Hold On Tight
pQfTIHmVYxPDrMx3	Craft Spells	For the Ages	Idle Labor
pRXJu8ro7xUxj77b	Gotan Project	Last Tango in Paris	Hôtel Costes 3 - Etage 3
pRbxDKaY9uKqWCVL	Open Mike Eagle	Microfiche	What Happens When I Try to Relax
pSD8rcEcgqnjU5BA	Alexiane	A Million on My Soul	Valerian and the City of a Thousand Planets (Original Motion Picture Soundtrack)
pSMEiJYsZi6HDWBI	Wormrot	Waste of Time	Dirge
pSTHHXQ9LWLDcapN	Baths	Rafting Starlit Everglades	Cerulean
pSlZY2HIj1tinSv8	Bring Me the Horizon	Black & Blue	Count Your Blessings
pSornxzq4Lgmtry6	Ivete Sangalo	Se Eu Não Te Amasse Tanto Assim	Ivete Sangalo
pTGkzCiBsxblfb0B	Judas Priest	Prelude	Sad Wings Of Destiny
pU2GWGf2qj21Skhk	Thievery Corporation	Indra	The Mirror Conspiracy
pU898rd99dwJXmFP	Selena Gomez & The Scene	I Won't Apologize	Kiss & Tell
pUAd3C0mmlR4gY3S	Cristina Camargo	Moral Tem Hora	Christmas Disco, Vol. 2
pUNz82CMydiJPzeW	Coheed and Cambria	The Light & the Glass	In Keeping Secrets Of Silent Earth: 3
pUheVknkO9TFMTg2	Anna Calvi	Hunter	Hunter
pUvl2VhaCiqo48kN	Thin Lizzy	Still in Love With You	'Live And Dangerous'
pUx00vPWGXyDHTUV	Waxahatchee	Slow You Down	Great Thunder
pVU418KZuM6FPqLf	The Black Heart Procession	A Light So Dim	2
pVidfQyCntTCkBph	Maggie Rogers	Alaska	Heard It In A Past Life
pVpLCYoT0XLVq2cx	Jeangu Macrooy	Step Into the Water	High on You
pW6Bb9hoKK45z1ZM	The Angelic Process	Burning in the Undertow of God	Weighing Souls with Sand
pWxzZ2jkbbZV0SZJ	Counting Crows	Anna Begins	August And Everything After
pX6PUgrvbUL7K939	Speech Patterns	High Regard	Without a Sound
pX877XjZZoXvyhP4	Love	¡Que Vida!	Da Capo (Deluxe)
pX8IEBAy4f9ndQko	Escape the Fate	City of Sin	Escape The Fate (Deluxe)
pXG1Nh1mTqrPSPqF	Pearl Jam	Get Right	Riot Act
pXxSlviEbBElxSEQ	The Smashing Pumpkins	Snail	Gish (Deluxe Edition)
pYF9u07i4V1mXdie	John Frusciante	Omission	Shadows Collide With People
pYMmaH1WELKGBrHE	BANKS	Warm Water	Warm Water (Snakehips Remix)
pYbjrIDObV1ZLgxt	Eagles	Peaceful Easy Feeling	Eagles (2013 Remaster)
pYhUOR925maoe3Cy	The Icicle Works	Birds Fly (Whisper to a Scream)	Dance Vault Mixes - Whisper To A Scream (Birds Fly)
pa5bxtAsLOShYZKQ	Lucas Lucco	De Buenas	De Buenas
paL4zqtJ7glD9oj8	Manic Street Preachers	You Stole the Sun from My Heart	This Is My Truth Tell Me Yours
pabvO5rWXuYL7obJ	The Mighty Mighty Bosstones	Wonderful Day for the Race	While We're At It
paj0BiIzHaqZJB76	Avril Lavigne	Let Me Go	Avril Lavigne (Expanded Edition)
pbKuPAGh0AraqrEZ	PJ Harvey	Angelene	Is This Desire?
pbNoCvI6x4lUXbHm	Heroic	Home of the brave	Home of the brave
pcSi1Kyvbmt7gi3Z	Bearings	Aforementioned	Blue in the Dark
pcW3EZP8xEnsA9B6	Animals as Leaders	The Woven Web	The Joy of Motion
pce3mqXGPEijdmf1	The Cinematic Orchestra	Music Box	Ma Fleur
pdBTkpGulQJPnPMX	Miserable	Violet	Uncontrollable
pdQgz2jbIlOXEhgb	Krill	Purity of Heart	Lucky Leaves
pdVTRk30QFf9MJ3j	Cryptopsy	Sire of Sin	The Book of Suffering - Tome II
pdZM8albTFnV8wPO	Grace VanderWaal	Talk Good	Just The Beginning
pdk1ca0vrPCG1yBC	Fallujah	Dreamless	Dreamless
peBJkWdR1cED9iWz	Kacy Hill	Lion	Lion
peoPhubxKzFogZ8y	Goldmund	Ashoken Farewell	All Will Prosper
pfBuIuauWYR1YJjY	Gabrielle Aplin	Coming Home	Light Up The Dark (Deluxe Edition)
pfMkGlRlGjI9fcIG	Jon Hopkins	Open Eye Signal	Immunity
pgAQbyhPZk9GIklA	Muse	Fury	Absolution
pgqB9dDvFjGJIdah	Aphex Twin	aisatsana [102]	Syro
ph0D69acp8AgdDyt	The Hives	Come On!	Lex Hives (Deluxe Edition)
ph8tpucS8v8qYK8G	Bring Me the Horizon	The Fox and The Wolf	There Is A Hell Believe Me I've Seen It. There Is A Heaven Let's Keep It A Secret
phF9Nm9Gcx7JUw6N	Armin van Buuren	Orbion	Armin Anthems Top 100 (Ultimate Singles Collected)
phRJSvlCiJchnDsh	Suede	Sleeping Pills	Suede
pi2nAGGVWpUeiW7Q	Glen Hansard	Lucky Man	Between Two Shores
pijTe6WJCY0lLzZ5	The xx	Islands	xx
pjhNdLYq7pWFoAGQ	Bauhaus	Bela Lugosi's Dead (Official Version)	The Bela Session
pkHMaA7BPeYE5r9J	Nilüfer Yanya	Tears	Miss Universe
pkJ0tYkGWNaLd6VV	Lykke Li	Love Out of Lust	Wounded Rhymes
pkVGkmrHXlWJKoxk	Skank	Vamos Fugir	Radiola
plSA4Ajbgfc1xYei	The Replacements	Tommy Gets His Tonsils Out	Let It Be
plzfKjieZQ8RY9AR	Tigers Jaw	I Was Never Your Boyfriend	Tigers Jaw
pmOoPwYksH6GKItr	New Edition	Cool It Now	New Edition
pn2NcV7I0HWsqvEV	Charlie Brown JR.	Ralé	Nadando Com Os Tubarões
pnGRzwb0YikKvRGM	Julie Fowlis	Touch The Sky	Brave
pndcDA5JhrAf26eR	Dean Martin	You're Nobody Till Somebody Loves You	The Essential Dean Martin
poEYxRBIG1trLoVe	Beach House	Master of None	Beach House
poOGjXPsPTkUwSQE	Kamelot	This Pain	The Black Halo
poVe8ib6urD93rvA	Martina Topley-Bird	Crystalised - Original Mix	Crystalised
popiDW57nh9KgAYz	Nelly Furtado	Try	Folklore
pptm8fcfXcc6eVCW	Sebadoh	Rebound - Remastered	Bakesale: Deluxe Edition
pqe99ZoVQ63MTmSR	Kelly Key	Shake Boom	iCollection
pqePomA8V9ybapXi	Lou Reed	Romeo Had Juliette	New York
pr3oqUwWEUvdVFyj	DJONGA	Falcão	Ladrão
pr9ilCBzuVs96cOS	Manu Gavassi	Você Tá Namorando	Manu gavassi
prG0EigAs20J50ZZ	Meg Mac	Kindness	Low Blows
prHUDFDdJouLOznv	Phil Collins	You Know What I Mean	Face Value (Deluxe Editon)
prVky8MabZY60zIG	LJONES	Soul Below	Soul Below
prXZZzLFersawUtw	Swirlies	In Harmony New Found Freedom	They Spent Their Wild Youthful Days In The Glittering World Of The Salons
prvyhKtPfDyRKWAL	Boy Harsher	Pain	Lesser Man EP
psK37QFvjBvJhDHI	happysad	30 Raz	Podróże z i pod prąd
psrJpeRAs0pdQYTa	Melvins	Roadbull	Stoner Witch
ptSQMoK9d8CydnHP	Phoenix	Chloroform	Bankrupt!
ptheZcpbpXzilkW2	Ride	Drive Blind	Smile
ptrGzxnR6AeKn1Vr	Red House Painters	Grace Cathedral Park	Red House Painters I
puJ7J7HuNnCSmDjR	Moving Mountains	Bottom Feeder	Pneuma
puJFIu3Of2SFgsiu	Feed Me	Love Is All I Got	Calamari Tuesday
puWkQ7NDdLOVsWJ0	Catfish and the Bottlemen	Twice	The Ride
pvBheIjnH1jAKU5V	Mazde	Forest Of Gold	Shifted Thoughts
pvHr2mkUMl4yr2zs	Chris Cohen	Rollercoaster Rider	Overgrown Path
pvahQL85Q34av3Uu	Steve Angello	Eros	HUMAN
pvfXocTXGUk0y0JZ	Bombay Bicycle Club	What You Want	A Different Kind Of Fix
pvrWMNDCQanhGHD4	The Birthday Party	Riddle House	Hee Haw
pwaVQ9TyW8E96TWX	Hollywood Undead	No. 5	Swan Songs
pwrAUsQMtqKwjyet	Cariño	Mierda Seca	Movidas
pwyGfWCz3mnybeTQ	Cloud Nothings	Wasted Days	Attack On Memory
px4T9cVQ8uZ5GA22	The Brian Jonestown Massacre	Cause I Love Her	Thank God For Mental Illness
pyARG2xVqADaAUQw	Pearl Jam	Light Years	Binaural
pyQzJOAlMO139lsi	T-Pain	I'm Sprung	Rappa Ternt Sanga
pz4u6conqqR7dCfW	Walter Trout	Me, My Guitar And The Blues	Survivor Blues
q08KAXL5sHjFfoDl	Within Temptation	In Vain (Instrumental)	Resist (Extended Deluxe)
q0H90swl2jbhmN33	Him	Hearts At War	Tears On Tape
q0ZXx6myjx8zUfsf	The Color Morale	Strange Comfort	Know Hope
q1Yxa9vyc63EUnF0	Wallows	Pleaser	Pleaser
q1rofslYFkR5QS9u	Tiê	Passarinho	Sweet Jardim
q2DknXyQJ90OrqnD	Amen Dunes	Believe	Freedom
q2OqtxUIUXXLl65i	Stone Sour	Made Of Scars	Come What(ever) May [10th Anniversary Edition]
q2P1i7EPOFeocEB8	ZZ Top	I Gotsta Get Paid	La Futura
q2jULMn1w6TWIMm1	Lenny Kravitz	If You Can't Say No	5
q4JarpfrzvLxdqeu	Lucy Dacus	Nonbeliever	Historian
q4fa77hmmx90rkzT	Sodom	Partisan	Partisan
q4z34lVe27hdx7OU	Niños Mutantes	Como yo te amo	Grandes Exitos de Otros
q5Xsvmnbpv7wo2St	Luiza Possi	Desculpe o Auê	Seguir Cantando
q6hD12Kn19uKyEtq	Sasha Sloan	Older	Loser
q7dqinoNJxPIsLQs	Kyary Pamyu Pamyu	原宿いやほい	じゃぱみゅ
q8gOiAxsMelsfMW7	Wolfie	Outta Earth	8 Ball
q8kAwmd1WTYbIfZG	Palms Trax	In Gold	In Gold
q9AgjJ93qezrV4IJ	Jackson C. Frank	My Name Is Carnival - 2001 Remaster	Jackson C. Frank (2001 Remastered Version)
q9TZUhafAgCJ4uZz	Belle & Sebastian	Piazza, New York Catcher	Dear Catastrophe Waitress
q9qy4x1DrcC2beZb	Chris Brown	Young Love	Chris Brown (Expanded Edition)
qANJcVnJI0zJ9dsX	Kimbra	Hi Def Distance Romance (Reimagined)	Songs from Primal Heart: Reimagined
qAfVzCEQmVkjsdi2	Moving Mountains	8105	Pneuma
qB5PKmSCDlmu57kT	Great Northern	Driveway	Remind Me Where The Light Is
qB5WK1ZPGZ6qEH0O	Skillet	The Resistance	Unleashed
qBHAEmcYwTX5tZQ6	Dwellings	A.T.M. (At The Moment)	Lavender Town
qBuiEboqw2hhi43r	Deafheaven	Glint	Ordinary Corrupt Human Love
qCuhdtCsi34aP4EO	EXO-K	Run	The 2nd Mini Album '중독 Overdose'
qDIwghrmNyb7kf2N	DJ Bobo	Love Is All Around	There Is a Party
qDh4xLO206lKIV5c	Fever Ray	I'm Not Done	I'm Not Done (Still Not Done Mix)
qDum1AgTRAoqu6Uf	Wild Nothing	Shadow	Nocturne
qDwNRnqnXHEwN0W8	Set Fire to Flames	Sleep Maps	Telegraphs in Negative / Mouths Trapped in Static
qE41Uu1uUjFvywwA	a-ha	Goodbye Thompson	Cast In Steel
qEkNMoMAoaD1iIPH	Arja Saijonmaa	Mina fyra årstider	Mina fyra årstider
qFFUr7JDLoagf5Hs	Simple Plan	Welcome to My Life	Still Not Getting Any
qFjyQwbMgoa2Oq0b	Rancid	Honor Is All We Know	...Honor Is All We Know (Deluxe Edition)
qFtFy6lKMxtazxdJ	Relient K	Candlelight	Forget And Not Slow Down
qGJF6pwPUjAyyTJE	Scary Kids Scaring Kids	The Deep End	Scary Kids Scaring Kids
qGe4jNj9nqi3X27t	Chunk! No, Captain Chunk!	The Other Line	Get Lost, Find Yourself
qHloQhlO5s8l5uGq	Seether	69 Tea	Disclaimer II
qHtUrX8dz6u43xJ6	Pink Floyd	When the Tigers Broke Free	The Final Cut
qII3SownfkoyWh2F	The Pretty Reckless	Zombie	Light Me Up
qJo1eZIXWg3mqKne	Henry Mancini	The Evil Theme	Late Night Tales: Agnes Obel
qK0KtbRjIJ3YOPgu	The All-American Rejects	Change Your Mind	Move Along
qKuZv2redUkM0CKy	Make Them Suffer	27	27
qLJ1SjefOj7dg4Zk	Arch Enemy	Despicable Heroes	Anthems of Rebellion
qLVWsrjkSN42GdHj	The Maine	Like We Did (Windows Down)	Pioneer
qLo5AmMqFpKLCeSN	Pharaoh	Разложение	Phosphor
qMoPzWVE3leJ4We0	2 Unlimited	Let the Beat Control Your Body	Unlimited Hits & Remixes
qNE3HH6fAAO3yyJD	CocoRosie	Not for Sale	La Maison de Mon Rêve
qOHjOBm8rTWghidr	Blur	Colin Zeal - 2012 Remastered Version	Modern Life Is Rubbish
qOSbF506IiybDyoL	Dinosaur Jr.	Grab It	Without a Sound
qOeLMWiAzeo7clko	Youngblood Hawke	Knock Me Down	Knock Me Down
qOgHh3SDqV3FEQkc	Bill Withers	I Want to Spend the Night	Menagerie
qP3KCiiU5xgrTQo1	Deaf Havana	Saint	RITUALS
qPSZ5pDnUGONx2XI	Beach Weather	Chit Chat	Chit Chat
qPdrSLJZJ3ben7b2	Rhapsody	Dawn of Victory	Dawn of Victory
qPyC1HRmel6uTaqv	Travis	Love Will Come Through	12 Memories
qQ3Qa11BuHCilpRB	Bridgit Mendler	Top of the World	Hello My Name Is...
qQBq74HukaC6W1wI	Dory Previn	Woman Soul	We're Children Of Coincidence And Harpo Marx
qQd2jbaW9zXYB3Kb	Zeca Pagodinho	Chega de Saudade	A Vida Tem Sempre Razão
qRUVHPoXPqstdnYL	Children of Bodom	Downfall	Hatebreeder
qRqKR6j7DYnCV0F5	Kult	Do Ani	Posłuchaj to do Ciebie (Expanded)
qRvKZ6PY51VDOZmP	The Mars Volta	With Twilight as My Guide	Octahedron
qSEy5OiW84jPqQb5	Foreigner	That Was Yesterday	Agent Provocateur
qSGr5A8aI1NOBdA7	Nico & Vinz	In Your Arms	Black Star Elephant
qT0YDHRT1YLfb3zW	Lil Pump	BOSS	Lil Pump
qTVkhXDu40SJC4l7	Philip Glass	An Unwelcome Friend	The Hours (Music from the Motion Picture Soundtrack)
qTnKN7r0c5brSb3u	Taylor Swift	Today Was a Fairytale	Today Was A Fairytale
qTysXBk9PbqJORu2	Brian Eno	Deep Blue Day	Apollo
qUCvPaMMkfRxLaDI	Gigolo Aunts	Everything Is Wrong	Minor Chords and Major Themes
qUEQ6tR4wNAo0uBh	Glass Animals	Life Itself	How To Be A Human Being
qUF7sYaYLdD5BIco	The Vines	Ladybug	Wicked Nature
qUK8yXZWDAthLLfB	ZHU	Money	GENERATIONWHY
qURBfv9DPpAro1YN	Lacrimosa	Letzte Ausfahrt: Leben	Lichtgestalt
qUXiWt6W7DedIiWA	Heart	Who Will You Run To	Bad Animals
qUkFjTESBWgMVveZ	A Tribe Called Quest	Award Tour	Midnight Marauders
qVROa7IwZ45taDqT	The Mayan Factor	Warflower	In Lake' Ch
qW3nXxa5dWhiDPcP	Daft Punk	The Son of Flynn	TRON: Legacy
qWaJj0IItdHXVAHU	Michael Cera Palin	Portrait of a Man on a Couch With Cats	I Don't Know How to Explain It
qWt55YWuCLtAxkFY	The Midnight	Endless summer	Endless Summer
qX8vjEll8cSIU5kN	Zac Brown Band	Colder Weather	You Get What You Give (Deluxe)
qX9Xz4Q8EaoJSY9m	NoMBe	Man Up	They Might've Even Loved Me
qXBg4WhOxnsHw53a	Michael Jackson	I'll Come Home To You	Forever, Michael
qYG74yLsgmZawsh3	Charles Bradley	Can't Fight the Feeling	Black Velvet
qYPSz5jllRN3VuLz	Moby	First Cool Hive	Songs 1993 - 1998
qYfr0fJlPwCF0Y5o	Planning for Burial	Past Lives	Below the House
qZ3ihnR1ZJqCogCL	Kacey Musgraves	Merry Go 'Round	Same Trailer Different Park
qZHOs7YtczxoLSC0	Built to Spill	Some	Untethered Moon
qZNHIIvHB280TcJE	Mac Miller	Wear My Hat	Best Day Ever (5th Anniversary Remastered Edition)
qZn1cbGLoPzjYkFj	Nara Leão	Lindonéia	Nara Tropicália
qa36z4mD1XVECGGO	Charlie Brown JR.	Com a boca amargando	Bocas Ordinárias
qaipJ5trI1hT4zfS	Pink Floyd	Party Sequence	More
qc0fkQ16bS7C0E8v	Roxy Music	Chance Meeting	Roxy Music (Remastered)
qcFYSTB4Ale4lgjj	Anavitória	Cecília	O Tempo É Agora
qcUvs7BssXOWyJET	Arch Enemy	You Will Know My Name	War Eternal
qcYUcxSZmBN1igkD	Cher	Believe	Believe
qcaseQkEoJWnVWG7	Grimes	≈Ω≈Ω≈Ω≈Ω≈Ω≈Ω≈Ω≈Ω≈	Halfaxa
qceFFzffOdbBJiQS	Dio	Eat Your Heart Out	The Last In Line
qd1VZ38Fec46Geak	No Age	Brain Burner	Nouns
qd3fCVKuF2d4blpu	MC Mirella	Poxa crush	Poxa crush
qdBz1KDXebHxqNZ7	Icon of Coil	Shelter	Machines Are Us
qddQMVRFz6Tbs9uK	The Fall of Troy	Act One, Scene One	Doppelganger
qdlSVIQHo7DIVTe5	Numenorean	Devour	Home
qe2Td51PT3qwOw0W	Movement	5:57	MOVEMENT
qe9FUufAqvqEGY6Q	Melanie Martinez	Mrs. Potato Head	Cry Baby (Deluxe)
qfHy1biJIcfWE0vs	Venom Prison	Asura's Realm	Samsara
qflaka4F2aSheiQ0	Shuggie Otis	Ice Cold Daydream	Freedom Flight
qgFtWDQXrw1EzKmv	Cascada	Ready or Not	Evacuate The Dancefloor
qgGxLkOpuQ6uTD9V	A Great Big Pile Of Leaves	We Don't Need Our Heads	Have You Seen My Prefrontal Cortex?
qgKIuhcSo5Q9ia8Z	Carcass	Cadaver Pouch Conveyor System	Surgical Steel
qgMhKXN6y7KpZzQj	TransViolet	Pretty Head	Kaleidoscopes
qgs8Rj4SAAGcFDlN	Chad VanGaalen	Sara	Diaper Island
qgvpPNPLmGcFkbUG	The Sounds	Dance With Me	Living In America
qh7TlX17yipUk4ES	Ryoji Ikeda	Data.Microhelix	Dataplex
qhGKQN4Ci1pkqMxc	Kasabian	Secret Alphabets	West Ryder Pauper Lunatic Asylum
qhPN8WpUOTCVMAvQ	Lindsey Stirling	Shadows	Lindsey Stirling
qiY1zJBuyz9wd4nx	Dario G	Sunchyme	Sunmachine
qiffpVrSMfQpGcfS	Shallou	Last Day . . .	All Becomes Okay
qj5RmIVdGRPouvAv	A Fine Frenzy	Near to You	One Cell In The Sea
qjK0yBof7qv94UyT	Orchestral Manoeuvres in the Dark	Walking On The Milky Way	The OMD Singles
qjPjQdBaBZpdfuy2	Ex Deo	The Final War (Battle of Actium)	Romulus
qkA3xSueBkHaQSga	Elysian Blaze	Sigh Of Night	Levitating The Carnal
qlS98M73HNBS073z	Algernon Cadwallader	Sad	Parrot Flies
qm02WH4CryQ28UNH	Carpenter Brut	Obituary	TRILOGY
qn72a2F9NBw7xVeX	hoops	On Top	Routines
qnKrJZsb6OwtBicC	Public	Make You Mine	Let's Remake It
qno1HSH6OPaOJZxF	Irma Thomas	Time Is On My Side	Wish Someone Would Care
qo3CdcWFYmmtjvAh	Brian Eno	Blank Frank	Here Come The Warm Jets
qopqwJNFk59JIfAz	Massive Attack	False Flags	Collected
qpQIkvSvspJU0ppo	Gareth Emery	Concrete Angel	Concrete Angel
qph4SU1yeG7zuU9Q	Justin Bieber	Somebody to Love	My World 2.0
qpjhQbNDSNAQHK6T	Patrick Stump	Mad At Nothing	Soul Punk (Deluxe Edition)
qq4jOzmQZrFKbimy	Volumes	Hold On, We're Going Home	Punk Goes Pop, Vol. 6
qqK5YSxDteNXrJJI	Justin Bieber	Never Say Never	Never Say Never - The Remixes
qrlDRF9cwEnGW1hu	Spice Girls	Saturday Night Divas	Spiceworld
qsLNY4ACKEWh6wzD	Kings of Convenience	My Ship Isn't Pretty	Declaration Of Dependence
qstnjWWGIig2iRdl	Mon Laferte	Invéntame	Invéntame
qsu2PDpTpPpzmvIz	Adelitas Way	Closer to You	Adelitas Way
qtmVgCEMawYrJadS	Grizzly Bear	Everyone I Know (Marfa Demo)	Shields: B-Sides
quCnblfqv4EL5Ajl	Kacey Musgraves	Blowin' Smoke	Same Trailer Different Park
quGCY8GXevYbY7CI	PNB Rock	Selfish	GTTM: Goin Thru the Motions
quS3lq1cqp96LuRn	Cher	Give Our Love a Fightin' Chance	Cher
quWL7o8LgpGH6wW4	Babasónicos	Fizz	Jessico
qv0QBR9djc9UhRaI	September	My Emergency	Love CPR
qv7VZTS0eXutF2I6	The Chameleons	Second Skin	Script of the Bridge (Remastered)
qv8cEZ7N46tQYZRI	La casa azul	Terry, Peter Y Yo	La Polinesia Meridional
qvJAfdsDTWN4INEl	GA31	Nasci Pelada (Como Você)	Defame
qvmK7CcflfnPiGFP	James Morrison	One Last Chance	Undiscovered
qwafa4tUoJslv2X5	Loreena McKennitt	Between the Shadows	The Visit
qx6nFY8jowL7inuS	Odesza	Sun Models	In Return
qx8gSNvqI49QyJpE	Hammock	Dissonance	Everything and Nothing
qxIB3r6d6Y5MSb4B	Nina Simone	He Needs Me	Little Girl Blue (2013 Remastered Version)
qyqwB2kTDpZUEZ5U	Silvio Rodríguez	La Maza	Cuba Classics 1: Silvio Rodriguez
qzNrTkjQB8STKA2l	Reik	Vivo En Sueños	Secuencia
qzjawOWnmLku8BO0	Within Temptation	Utopia	An Acoustic Night at the Theatre (Live)
r0jy6FHNNzuLN4f0	Florida Georgia Line	Good Good	Here's To The Good Times
r0wt0bxwIfdklXDq	Dusty Springfield	I Just Don't Know What To Do With Myself	Dusty
r12YaC766KCjZTB1	Maxwell	Matrimony: Maybe You	Embrya
r16hfSMj0oANh5fo	The Chemical Brothers	Pioneer Skies	Come With Us
r1Op3qmZmwEi5Zg8	Smith & Thell	Row	Soulprints
r1awBqP49slKIhVb	Tori Amos	Toast	The Beekeeper
r1iqfUUbBv8j2kS7	Echo & the Bunnymen	Thorn of Crowns	Ocean Rain
r1u30icbyUZ2dKzB	Yung Hurn	Diamant - Love Hotel Band	Love Hotel
r2HCPMCP75f3yLuB	Kalafina	Misterioso	The Best Red
r2RGegcvs7MeJpy7	Elton John	Are You Ready For Love? - Remastered	Diamonds (Deluxe)
r2lYSwHWFEjzMg81	U2	I Still Haven't Found What I'm Looking For	The Joshua Tree (Super Deluxe)
r34bG75rk9BLtEcY	RANIA	Masquerade	Just go
r3UVKUUUfM5MqosA	Maître Gims	Miami Vice	Ceinture noire (Transcendance)
r3cyr8GMa6OMPB4m	Laid Back	Bakerman (Soul Clap Remix)	Cocaine Cool / Bakerman (Soul Clap Remixes)
r3iYh0h7ytuodyMo	Zé Neto & Cristiano	Eu Ligo pra Você - Ao Vivo	Ao Vivo em São José do Rio Preto (Deluxe)
r4kZgxj9Gt4S0200	Kristin Chenoweth	A House Is Not a Home	The Art Of Elegance
r5kGB7E8H1eFUQQ9	Jennifer Lopez	Love Don't Cost a Thing	J.Lo
r6kKHyzeIRwPbbRx	Tori Amos	Mary Jane	Abnormally Attracted To Sin
r6s6ScMmqDmHh2J6	Danny Elfman	Victor's Piano Solo	Tim Burton's Corpse Bride Original Motion Picture Soundtrack (U.S. Release)
r7CQf2Vn83wY9aRE	Poppy Ajudha	She Is The Sum	FEMME
r7FNSUJoMzSouwjd	Sara Hebe	Otra Vez (Cruzar)	Puentera
r7gueNRxXw9er8rw	Tais Alvarenga	Ainda Penso	Coração Só
r9dn8MAzIMIkCAy8	Starset	Carnivore	Transmissions (Deluxe Version)
rBHzkubA5fwEHCAs	Ana Muller	Escopo	Ana Muller
rBJX3LZ1Ve0bAMYg	Babasónicos	El loco	Jessico
rBL21jDfPKoEqrX6	Pink Floyd	Brain Damage	The Dark Side of the Moon
rBQUyheFeCrSMt4k	Jessica Pratt	On Your Own Love Again	On Your Own Love Again
rD4GCW87Qaoc3ytr	One Night Only	Nothing Left	Can You Feel It
rDGwk4sPntHOWox9	Kate Boy	Self Control	One
rDVHSu2H8COqnvVc	VICTON	In the Air	READY
rFIYQEoLzsHkyURM	Ana Guerra	Vete De Mí	Reflexión
rFkTQfZprstvhfuj	Emma Ruth Rundle	Dead Set Eyes	On Dark Horses
rFl4HEdeGjhImyL1	Tyler, the Creator	Enjoy Right Now, Today	Flower Boy
rGQS2G358WHHGdpK	Jay Vaquer	VocÊ não me conhece nem fodendo	La Guapa Payola
rGqXZ2YR23CgmsGx	The Muffs	Kids In America	Clueless / Original Motion Picture Soundtrack
rGvgB9oxhcWD3bPl	Bob Dylan	Dirge	Planet Waves
rHaNjMdUQ38WNx1P	Matthew Sweet	Girlfriend	Girlfriend (Legacy Edition)
rI7IdBtmAsUHpZjK	Glasser	Exposure	Interiors
rIIqZKHa3Y3fMCoA	Idle Hands	I Feel Nothing	Don't Waste Your Time
rJJlmbVNsXAEH5hE	Billy Joel	Say Goodbye to Hollywood	Turnstiles
rJeSmcm921mHKBog	Vive La Fête	Nuit blanche	10 Ans de Fête
rK4DAgNAHJaV9HtE	Os Mutantes	Balada Do Louco	20 Grandes Sucessos De Os Mutantes
rKLskgBTOIJSONf6	Madonna	Celebration - Benny Benassi Remix Edit	Celebration (double disc version)
rL9PXUANvpS77plH	Lostboycrow	Orange Juice	Santa Fe
rLCKyRKpuFuAqM0V	Nicki Minaj	Miami	Queen
rMM8Ycllcz8V0ClE	Sirenia	Lost in Life	The 13th Floor
rMZKnLbNskAMSXC7	Etherwood	Weightless	Etherwood
rO2i6lA7dwilLXOL	Balance and Composure	Cut Me Open	The Things We Think We're Missing
rOZO8z81Zg2VLwBl	Type O Negative	Creepy Green Light	World Coming Down
rP6172n5QoKCppwm	Chapeleiro	Chuva	Chuva
rPZxa6r5Ru4e2nW8	All Sons & Daughters	Great Are You Lord - Live	Live
rQ21587PTUuvDmcz	Yo La Tengo	Automatic Doom	Stuff Like That There
rQHDa6jrvXjlFNes	The Stray Birds	Dream in Blue	The Stray Birds
rQPv5R7kDFc5DpLM	Aya Nakamura	Oublier	Journal intime
rR83rdLJpRmDASOo	The Score	On And On	ATLAS (Deluxe)
rRthx9ZublOlFcAp	Neurosis	Purify	Through Silver In Blood
rS5ZdyxwbuP98bbB	Bob Dylan	Hurricane	Desire
rSCPCpcuI2bbtgGp	Sex Gang Children	Sebastiane	Song and Legend
rSIFIAlSRGmjz31R	Brian Eno	China My China	Taking Tiger Mountain (By Strategy)
rSZ71tsqQD5GsgSN	Cyndi Lauper	Time After Time	She's So Unusual: A 30th Anniversary Celebration (Deluxe Edition)
rSlUzLIuDbULrlnj	Slipknot	Spit It Out	Slipknot 10th Anniversary Edition
rTECSL1aRhKsJue3	Zara Larsson	Ain't My Fault - R3hab Remix	Ain't My Fault (R3hab Remix)
rTGTnxKIuNwhaRfb	Earth	Coda Maestoso in F (Flat) Minor	Hibernaculum
rTYiFwE0anu5vEGG	Lady Gaga	Dance In The Dark (Monarchy 'Stylites' Remix)	The Remix
rV4K5ayVEI68Iwl0	Good Charlotte	Screamer	Good Charlotte
rVLVRbYhaXLZkuuX	Yiruma	When The Love Falls - Original	First Love (Yiruma Piano Collection)
rVjt8aEl9iRUMZtj	Face to Face	I Won't Say I'm Sorry	Protection
rVrU7XxN2QnkxYJk	Zedd	Epos	Clarity
rVurM2psHjqLTaut	Marie-Mai	Je décolle	Elle et moi
rW8DfBLvGYZEAOFU	Forfun	Terra de Cego	Ao Vivo No Circo Voador
rWMjLxocE5sXKxgO	Sleater-Kinney	The Remainder	One Beat (Remastered)
rWZuGUkoemVKpWLq	Mc Rodolfinho	Os Muleke É Liso	Os Muleke É Liso
rWbJuRlD3h6d9sAH	Francisca Valenzuela	Prenderemos Fuego Al Cielo	Tajo Abierto
rWwkUe6opmHQj0SA	Quicksand	Thorn In My Side	Manic Compression
rX7FF8oUhzmqbVVN	The Temptations	Girl (Why You Wanna Make Me Blue)	Temptin' Temptations
rXI4SWTiudXCQLFq	Phoenix	Armistice	Wolfgang Amadeus Phoenix
rYOevH2eTOvU9F30	Selena	I'm Getting Used To You	La Leyenda (Version Super Deluxe)
rZALhLot1YLX6UaN	Os Cretinos	Festa da Tequila	Festa da Tequila - Single
rapNBbseIXjAdI7O	Bobby Womack	Across 110th Street	Midnight Mover: The Bobby Womack Story
rbBqIyreFBO1u9kE	Avenged Sevenfold	Second Heartbeat	Waking The Fallen
rbOFPKrN2yMhIoQq	Madonna	Little Star	Ray of Light (U.S. Version)
rbVSL7S5QU05Wsby	Nirvana	Rape Me	In Utero - 20th Anniversary - Deluxe Edition
rbplwluf1y8JQluI	The Chainsmokers	Don't Let Me Down - W&W Remix	Don't Let Me Down (Remixes)
rbvkUU9aKO7HNKt1	Hior Chronik	Whispers From The Surface Of A Lake	Out Of The Dust
rc1kub0pghETZRS1	5 Seconds of Summer	Girls Talk Boys	Ghostbusters (Original Motion Picture Soundtrack)
rcFTmD6EIBuG5mWF	Him	Katherine Wheel	Screamworks: Love in Theory and Practice (Deluxe Version)
rdGXULaRMgXeW8Wo	Charlie Brown JR.	Rock Star	La Familia 013
rdLP9SJTbmBHKLsR	Senses Fail	Slow Dance	Let It Enfold You
reNEwPcQXwWA2g6F	Kacey Musgraves	Keep It to Yourself	Same Trailer Different Park
rf13bNJM7uGVMrmb	Yumi Zouma	A Long Walk Home For Parted Lovers	A Long Walk Home for Parted Lovers
rfBUNcqIQm28znC6	Gazpacho	Hypomania	Soyuz
rfG74wOs9shDpEXQ	Nirvana	Verse Chorus Verse	With The Lights Out - Box Set
rgHL3MgnSeCy84ef	Jewel	Don't	Pieces Of You
rgVUDPpGjFJwjVDp	Deep Purple	Burn	Burn (Expanded & Remastered)
rh1AwUVdiCpHKkdY	Angelmaker	A Dark Omen	Dissentient
riNZMvvwIjBhFNiL	Good Charlotte	Break Apart Her Heart	Good Morning Revival
rioA8CFgYPRy0rJC	Sabaton	Light in the Black	Attero Dominatus (Re-Armed)
rj1EnhXauSr5vg3A	The Japanese House	Lilo	Good At Falling
rj5SVtcu3YCSnOSI	Current 93	When The May Rain Comes	Thunder Perfect Mind
rjDNyrjtNWtT0K16	Aesop Rock	Mystery Fish	The Impossible Kid
rjDTAI5uF5vXRV1L	Naxatras	Sun is Burning	Naxatras
rjKSFYzJl9yy5ISe	Laurie Anderson	It Tango	Big Science
rjVnl6e9lDhKzMwl	Lake Street Dive	Dude	Free Yourself Up
rjYP2Z32gyhCiiMP	Os Travessos	Alô	Os Travessos 20 Anos (Ao Vivo)
rk3PaehbIQfU4AI8	Nine Inch Nails	La Mer	The Fragile
rlUP4wS4mCbFDtAd	All Them Witches	Workhorse	ATW
rnCZMhp4VD5oPM2I	Marteria	John Tra Volta	Zum Glück in die Zukunft II
rnCvJGyOrxGADMXB	John Maus	Through the Skies for You	Songs
rnMuTirR0xz1fFYx	Garage Fuzz	After The Rain	Definitively Alive
rnPFHBjH130GHppv	Before Their Eyes	Why 6 is Afraid of 7	Before Their Eyes
rnhoeloouUaUEKki	My Bloody Valentine	Glider	Glider
robRRkWWSe2Od9pi	Ivete Sangalo	Essa Distância	Ivete Sangalo Live Experience (Ao Vivo Em São Paulo / 2018)
rp3vxnov0AHXIvMv	Kero Kero Bonito	Let's Go To The Forest	Intro Bonito
rpX3tXqABSEU2PnT	Flotsam and Jetsam	Recover	The End of Chaos
rpaeywBCR8CPnUrR	deadmau5	Superliminal	> album title goes here <
rpcqZyt8lQMAWHH8	David Bowie	Sound and Vision	Low (2017 Remastered Version)
rq7cicYQoSfTclYy	Lobo	Don't Expect Me to Be Your Friend	The Best Of Lobo
rqp4klTiECS3oiQa	SHINee	Undercover	'The Story of Light' EP.1 - The 6th Album
rqrBzG8eZWHMSaTU	Evan Rachel Wood	If I Fell	Across The Universe
rrkwuU1iI9mUi4Nq	The Avalanches	Subways	Wildflower
rsFqPZRV47wB8kBD	Slayer	Gemini	Undisputed Attitude
rslRkzwn9Uc97ZDH	At the Gates	Suicide Nation	Slaughter Of The Soul
rtYdEHNWHFA0LLR8	Amy Winehouse	Cupid	Back To Black: B-Sides
ru7tTgHQ3Pn5sFku	Fleetwood Mac	Everywhere - 2017 Remaster	Tango In the Night (Deluxe Edition)
ruJlP0qkxGg7WI3j	Nakhane	Interloper	You Will Not Die (Deluxe Version)
ruMKSS6C00pr83GN	Triple H	RETRO FUTURE	REtro Futurism
rui9lL0iIqhP7jsA	Behemoth	Havohej Pantocrator	I Loved You at Your Darkest
ruoCmRUeqpBRAjLT	Them	Here Comes The Night	Complete Them (1964-1967)
rvWuO4LrweERtqwh	The Drums	Under The Ice	Abysmal Thoughts
rwFetNv4CFEarpwX	Yellow Magic Orchestra	Technopolis	Solid State Survivor
rxFJIgchEXajpO9G	The Rolling Stones	Brown Sugar - live	Bridges To Bremen (Live)
ry6NLrGidCaUVRGL	Junior Boys	Baby Give Up On It	Big Black Coat
ry7KVHYQ10CXYDmE	Lou Reed	Satellite of Love	Transformer
ryIHhmWVKFYle2H9	OneRepublic	Secrets	Waking Up
ryY3kGHHvSVirFna	John Williams	Gilderoy Lockhart	Harry Potter and The Chamber of Secrets/ Original Motion Picture Soundtrack
rz6DTMrynUcnIjZP	Tove Lo	Habits (Stay High) - Hippie Sabotage Remix	Queen Of The Clouds
rzuWysllfv6MNSAo	Ashbury Heights	Spiders	Morningstar in a Black Car
s0a7aVWzr5x8DFVK	Silverstein	Last Looks	Dead Reflection
s0h7WVclF8EgXnYM	Dark Moor	Swan Lake	Autumnal
s1EqdNLL9dsDrt8K	Rihanna	California King Bed	Loud
s1Lnqu2iDAFyR6sf	BTS	Stigma	Wings
s1tnUjc25kOwhXae	Epik High	Rich	EPIK HIGH - SHOEBOX
s2TcnKDy6d4Zk0KQ	Siouxsie and the Banshees	Dazzle	Hyaena (Remastered And Expanded)
s3czXM1hA3uKP62i	Chromatics	Dagger Moon	In The City
s3eFX6HDysVCWfCp	M83	I Need You	Divergent: Original Motion Picture Soundtrack
s4M1sRvtfEG9GjAS	Take That	Love Love	Never Forget - The Ultimate Collection
s4c16QNqbHuHSLk7	Linkin Park	Lying From You - Live In Texas	Live in Texas
s4fTGSvu1BceBdFF	Allie X	Science (Digital Concert)	Super Sunset (Analog)
s4vP996HH5nNblET	Eluveitie	Your Gaulish War	The Early Years
s5L53PO0qPFSy4pa	Oh Land	3 Chances	Wishbone
s5VkZVhFxqFZrlDj	Regina Spektor	The Flowers	Soviet Kitsch (U.S. Version)
s6Q31sMccogT1zI0	AWS	Fekete Részem	Fekete részem
s6QgWMAiY5hHzjTx	Alice in Chains	Voices	The Devil Put Dinosaurs Here
s6QmGhY8ECr3Smy7	Modest Mouse	Shit In Your Cut	Strangers to Ourselves
s6rX0gGMolUAfVyE	Mount Kimbie	Between Time	Crooks & Lovers
s7J2pJg5MnQoiEcj	Taking Back Sunday	New American Classic	Where You Want To Be
s7f6VKariF11TTjK	Angels & Airwaves	One Last Thing	Love, Pt. 1 & 2
s7gKhgi7DZKAX2Yw	Amy Winehouse	Best Friend (Acoustic)	Best Friend (Acoustic)
s81oaunXHo1Vb8FE	Sia	Alive	This Is Acting (Deluxe Version)
s8FAviSsj7QSy2i4	Miley Cyrus	Butterfly Fly Away	Hannah Montana The Movie
s8Q01ICTOQETXIeJ	Cher	Gypsies, Tramps and Thieves	20th Century Masters: The Millennium Collection: Best Of Cher
s8U5asylf8Qv1Y3V	Yo La Tengo	One PM Again	I Can Hear The Heart Beating As One
s8jJJEeNKB5WAn7H	Portishead	Mysterons	Dummy
s9vQiHDbSCWDJCmw	Katy Perry	Witness	Witness (Deluxe)
sAFIU0hW4Eo7FgZ0	Strike	Céu Completo	Nova Aurora
sBAkrBwkTZB8YvxB	Trees of Eternity	My Requiem	Hour of the Nightingale
sBNOWx8PVNHWj9uP	Faith No More	Introduce Yourself	Introduce Yourself
sBbZnyHMReT79Uj4	Milton Nascimento	Catavento	Travessia
sBg97ZwMVeSHxsjx	Belle and Sebastian	Another Sunny Day	The Life Pursuit
sBvEOPjpkhPK4lb8	Elvis Presley	Fools Fall in Love	I Got Lucky
sC5mgbIXj7Jj7I7Q	Scorpions	Lady Starlight	Animal Magnetism
sCOMeyGSSJ4QYDUc	Manchester Orchestra	Where Have You Been?	I'm Like a Virgin Losing a Child
sCROycIv2MiczTUf	James Newton Howard	Fantastic Beasts: The Crimes of Grindelwald	Fantastic Beasts: The Crimes Of Grindelwald (Original Motion Picture Soundtrack)
sCWHWUf9oySysEPE	Kult	Patrz	Made In Poland II
sCkzLtpTeNEEoenn	Trio	Da Da Da (I Don't Love You You Don't Love Me Aha Aha Aha)	Triologie - The Best Of Trio
sCtNuIItgPigQety	Judiciary	Karma's Knife	Surface Noise
sD2A6gy1Vz4xzswu	Trampled by Turtles	The Middle	Life is Good on the Open Road
sDEyz2VMAGP5FoHY	Machine Head	Davidian	Burn My Eyes
sDGzyX6TiPSjGgiu	blink-182	Degenerate	Dude Ranch
sDSnjyax8ttPZvHr	Tim Maia	Nossa História De Amor	Tim Maia 1980
sDdlGjDbAaZSOHbo	The Soft Moon	Circles	The Soft Moon
sEGBgaw9QdOHu2ht	Rihanna	Disturbia	Good Girl Gone Bad: Reloaded
sFIPvqpY2T7U6YOr	Sevdaliza	Voodoov	The Calling
sFfq2LzvamBQOGQc	Antimatter	In Stone	Timeline - An Introduction to Antimatter
sFzsdXwpX4hIxFgZ	Sleeping With Sirens	The Bomb Dot Com v2.0	With Ears To See And Eyes To Hear
sG0klFe8tIgJoYRv	Shirley Bassey	Big Spender	Diamonds: The Best Of Shirley Bassey
sGbvMAN70wHRivlt	Philip Glass	Truman Sleeps	Philip Glass Soundtracks Vol. II
sGiQOQUB3NgUj4dk	Le Tigre	This Island	This Island
sHgF31xz7dBH0deX	Super Junior	오페라 (Opera)	Mr. Simple
sHjRLbqjyK5du0VJ	Kylie Minogue	On a Night Like This	Light Years
sHqmoUfCp8jOxAnJ	The Temptations	Papa Was A Rollin' Stone - Single Version	20th Century Masters: The Millennium Collection: Best Of The Temptations, Vol. 2 - The '70s, '80s, '90s
sICipS4pEqMHj44a	Hardwell	Spaceman	Spaceman (Carnage Festival Trap Remix)
sJEyxvJLWZ6z3rRt	Ty Segall Band	Tell Me What's Inside Your Heart	Slaughterhouse
sJSE7QmZK3eRYaZO	El Guincho	Mis Hits	Hiperasia
sJiUq12OsTNT5bjh	Ansel Elgort	Home Alone	Home Alone
sKBdCFoua5XXhlpm	Casper	Im Ascheregen	Hinterland
sKSHER7MRXchLdmv	Xandria	A Prophecy of Worlds to Fall	Neverworld's End
sKpfApYzyc2nYUK3	Draconian	Serenade of Sorrow	The burning Halo
sLGNMN1alVtJxofH	Thomas Mraz	Калейдоскоп	Hangover
sLh4EUeP6NL02A0V	Caravan Palace	Clash	Panic
sMhnUAi0EutrIzVh	Miss Caffeina	Reina	Reina
sN66qoRGSuLY7zAj	Hercules and Love Affair	Iris	Hercules & Love Affair
sNNKDpvSgIBQL73v	Rhye	Please - Jeff Samuel Remix	Blood Remixed
sNPbN3kHMz0H08S7	Nelly	Ride Wit Me	Country Grammar
sNRn9fdDYcva49rQ	Lacuna Coil	I Don't Believe in Tomorrow	Dark Adrenaline
sNvHU6Jajohc2iSI	Fennesz	Happy Audio	Endless Summer
sOUu0IoRYWPdztLy	Trisomie 21	The Last Song	Rendez-vous en France
sPOztHy9EMH5clRz	Zola Jesus	Pilot Light	Okovi: Additions
sPcwnkFOJqWeu29v	Neil Diamond	If You Go Away	Rainbow
sPwl8miyElAS9O8c	Karnivool	Deadman	Sound Awake
sQ3063RXlYbZNcJS	The Dillinger Escape Plan	Hero of the Soviet Union	One of Us is the Killer
sQ3eJwrkj2ByRh3p	Kerli	Tuleloits	Shadow Works
sQHDV0JDpsf765Kb	Driveways	Despondent	Haunted by Hindsight
sQOajjnbVG4O9TiR	Nada Surf	Killian's Red	Let Go
sQdvQ2mfJN0zJp4w	AnnenMayKantereit	Ich geh heut nicht mehr tanzen	Schlagschatten
sRXgbffsZqNJa7yL	Miranda Lambert	We Should Be Friends	The Weight of These Wings
sRb2HfwQooRc6MAJ	Bruno & Marrone	Inevitável	Inevitável
sSxKIggGrBWRWzCJ	M83	Where the Boats Go	Hurry Up, We're Dreaming
sT7pfT6vDvhpMFHz	Garfunkel and Oates	Rainbow Connections	Secretions
sTuwjUWEeLCdM2TC	Soen	Kuraman	Tellurian
sTyzVWdhze0FMqon	Motörhead	Sharpshooter	Bomber (Deluxe Edition)
sU7ka1kL1XyjHIug	Deftones	Moana	Deftones
sUD72xaDwKmbjW9W	Lord of the Lost	Loreley	Thornstar (Deluxe Edition)
sUYRy6BewmmvHms5	Moby	Don't Love Me	Innocents
sVGP4NammcN84Jcs	Japan	Canton	Tin Drum
sVIGaYE78OxO4Zi7	Jorge & Mateus	Pra Ter o Seu Amor	Live In London - At The Royal Albert Hall
sVWZ7mofFRtjpLks	The Wannadies	You and Me Song	Skellefteå
sVY73YpNZe5uoA4w	Doris Troy	Just One Look	Sings Just One Look And Other Memorable Selections
sW3m7h8Z5CwG0912	Lightning Bolt	Ride the Sky	Ride The Skies
sWFe7KI2xb3sRd4t	Monica Naranjo	Sobreviviré	Minage
sWOcri3CDSQGmCX2	Pinegrove	On Jet Lag	Everything so Far
sWmNFRNMpNbFB1kV	Echosmith	Let's Love	Talking Dreams (Deluxe Version)
sXEgIxC7LI0vI7rh	Dying Fetus	One Shot, One Kill	Stop At Nothing
sXHrVwfb7GP5gE1l	First Aid Kit	Wolf	The Lion's Roar (iTunes Bonus Track Version)
sXoE0nCNjuWbtUX2	Chief Keef	Rawlings	Mansion Musick
sY3HjRjt9lJNwdwx	Still Corners	Going Back to Strange	Strange Pleasures
sY8txJvexPSRaMmW	Cristian Castro	No Podrás	The Best Of…
sYHMW3u2BykXiurD	Engenheiros Do Hawaii	Sweet begônia	Infinita Highway
sYrNQb5jAfFD8tMa	Madonna	Amazing	Music
sYwvPempK1tPQtjp	Swans	The Final Sacrifice	Soundtracks For The Blind
sZc4soLUCBYUE88x	Thy Art Is Murder	Unholy Sermons	The Adversary
sZeQQoQWzH6aJ3bu	Triana	Recuerdos de una noche	El patio 40 Aniversario
sam8LDtnhI1PNbAk	Charlie Brown JR.	Amor Pelas Ruas	Nadando Com Os Tubarões
sbVVSka6WIwpmIIA	Hollywood Undead	GOTTA LET GO	Gotta Let Go
sc4GyuaMba36y54e	Rapture	Someone I (don't) Know	Futile
sc82dMNdjp8IbiB4	O Terno	Pela Metade	O Terno
scPQ3PeiON06BTcR	Faye Webster	Room Temperature	Atlanta Millionaires Club
sczqTaEODMhawDEj	Luan Santana	Vingança	Live-Móvel (ao Vivo)
sdFkhRQdC3Xg9j6R	Lil Uzi Vert	XO TOUR Llif3	Luv Is Rage 2
sdfNWSOcXsJuaI2K	SF9	4 Step	SF9 First Mini Album [Burning Sensation]
sdpGUS9p5A8ZyF3v	Silversun Pickups	The Pit	Neck of the Woods
seSSjEgjdUV0CbWO	Doves	Spellbound	Kingdom Of Rust
setJZvLZdXx3CTnh	Nile	Defiling the Gates of Ishtar	Black Seeds of Vengence
sfRfTaHY9kcBR32O	The Daysleepers	There Is a Light That Never Goes Out	There Is a Light That Never Goes Out
sfnhqwt54lCeAx4h	Ladytron	Runaway	Velocifero
sfsv9BbfxBr0G3Qo	Anna von Hausswolff	Källans återuppståndelse	Dead Magic
sgXMOEOOWiDkhrPm	Carla Morrison	Déjenme Llorar	Déjenme Llorar
sgXj32xoEToOHNhp	Naty Botero	Te Quiero Mucho	Mientras Haya Vida, Porque Lo Ultimo Que Queda Es la Esperanza (Música de la Serie Original de TV)
sgZmqxE12jqHAwPc	Daniel Caesar	Show No Regret	Pilgrim's Paradise
shYMZ5kTmmZz48gF	Sharax	Simply Silphy	Simply Silphy
shjm5lpCb2kYN9Kt	THE END	The Asphyxiation of Lisa-Claire	Transfer Trachea Reverberations From Point: False Omniscient
siHK1g75ahuQCV2X	Ministry	Effigy (I'm Not An)	With Sympathy
siMWuEul22mfvZ2I	Black Mountain	Defector	IV
siYjgGKtDI5TeBdb	MC Loma e as Gêmeas Lacração	Treme Treme	Treme Treme
sj4fWwdY93r0MB5c	Johnny Cash	(Ghost) Riders in the Sky	Silver
sjODWa3JxVATzwhh	Smoke City	Underwater Love	Flying Away
sjsa30Kl7uqmEJhX	Nina Simone	I Wish I Knew How It Would Feel to Be Free	Silk & Soul
skaU451rezXKpLMR	The Last Ten Seconds Of Life	Glory	Machina Non Grata
skomum7Fh96hJFi9	Céline Dion	Le ballet	The French Album
sl2BArDa9Fd7f2CF	Justice	Canon x Love S.O.S. (WWW)	Woman Worldwide
slLBbJNnSA0KFpaD	Wire	French Film Blurred - 2006 Remastered Version	Chairs Missing
slcZ4N7xFmdS4u8k	PRO8L3M	Magnolie	Ground Zero Mixtape
slczSQDRADhDg1B3	Ryan Cabrera	On the Way Down	Take It All Away (U.S. Version)
slphrYnGLGsERzIM	Lana Del Rey	High by the Beach	Honeymoon
sn3ntbUzXR3J7UXk	Placebo	Come Undone	Battle for the Sun
snCdynHRO3QgxPIO	Hande Yener	Bu Yüzden	Aşk Kadın Ruhundan Anlamıyor
snGOpaJb0JH7nJx3	Lifelover	Bitter Reflektion	Konkurs
snx0o7umbFB4leXa	The Velvet Underground	The Black Angel's Death Song	The Velvet Underground & Nico 45th Anniversary
soVqpILJ998m6JOA	Queen	A Winter's Tale	Made in Heaven (Deluxe Remastered Version)
soypfAcrVZlmkT6B	Tyler, the Creator	48	Wolf
sp2WvWeGtr7fYy1S	Rita Lee	Vamos Tratar Da Saúde	Hoje É O Primeiro Dia Do Resto Da Sua Vida
sp4qJkcvzE80xNFN	Dear Seattle	The Meadows	Dear Seattle
sp7bCKfR7gsV2a0i	Sara Bareilles	Let the Rain	Kaleidoscope Heart
spacU2skHfWmbU28	Boards of Canada	Slow This Bird Down	The Campfire Headphase
spoJKX9PcJJMWSqs	I See Stars	We're Not In Kansas Anymore	New Demons
sqJtRMqKAexDFLwl	Dissection	Frozen	The Somberlain
sqagTxqynJCqYqgR	Cult of Luna	To Be Remembered	Cult Of Luna
sr84jBIuqyZ0Pu9g	Duran Duran	Wild Boys	Greatest
srKItrVn5rxsExlQ	Dream Theater	A Life Left Behind	The Astonishing
srMekzwdWGZWrFhC	Pink Floyd	The Post War Dream	The Final Cut
srQn2P5TxvMyNdn1	Manowar	Blood of the Kings	Kings Of Metal
srjYkYyODYIjZzYQ	Autopsy	Robbing the Grave	Mental Funeral
srsTKU5MRK6KqdzE	Current Joys	Televisions	Wild Heart
ssHTnUgXnCbX2ZvY	Townes Van Zandt	I'll Be Here In the Morning	Townes Van Zandt
ssWA89zlHgm2QWx0	Laura Bretan	Dear Father	Dear Father
ssevHdRZEOKyq13T	Cannibal Corpse	A Skull Full of Maggots	Eaten Back To Life
stTnYvyHjaiSxiDE	Ladyhawke	Dusk Till Dawn	Ladyhawke
stqCmOJYrKoDsT2X	Megadeth	Losing My Senses	The World Needs a Hero
strKo2dsP7uWutYt	David Lee Roth	California Girls	Crazy From The Heat
stvYUQr68IiRl0gX	Jessie Ware	Desire	Tough Love
suiiXr4zDIoKH0ng	Arnaldo Antunes	Iê Iê Iê	Iê Iê Iê
svrdwOhXFApldNhZ	Charlie Brown JR.	Puro sangue	Camisa 10 joga bola até na chuva
swez9rXTErll6F4X	Daya	Dare	Sit Still, Look Pretty
swqKbDqKrQB2BlGK	The xx	Try	Coexist
sxBnePHulJs8w719	Skyhill	Afterglow	Run With The Hunted
sxQsqRH7Zg3UidYA	CNCO	Devuélveme Mi Corazón	Primera Cita
sxr07tm57RAVvWhy	Supergrass	Lenny	I Should Coco
sykmsjMfzJc1xszV	Ween	Don't Laugh (I Love You)	God Ween Satan: The Oneness [Anniversary Edition]
t0i9NJhpr11lc0a7	Deftones	Teenager	White Pony (U.S. Version)
t1HxJ2ylFVtJhGiV	The Cars	Let's Go	Candy-O
t1TxZ8K68499dWM0	Ninja Sex Party	Eating Food in the Shower	Cool Patrol
t23WM0FcfSRKIx0I	daoko	Forever Friends	打上花火
t2KDvXKBDgaVZHMk	Moby	Not Sensitive	Hotel : Ambient
t2tRv2tcnDyoGeSb	Shad	Rose Garden	TSOL
t2xVoQNu4oa8bDB9	Lil Peep	IDGAF	Come Over When You're Sober, Pt. 2
t4nm8bv9kPL3toRC	In This Moment	In The Air Tonight	Ritual
t51JFl01t8hst84J	The Knife	Got 2 Let U - Shaken-Up Version	Shaken-Up Versions
t53u2cUt6wZaRiaC	The Rasmus	Empire	Dark Matters (Bonus Track Edition)
t5NHA3VKvjlBxk8Y	The Chameleons	P.S. Goodbye	What Does Anything Mean? Basically (2009 Remaster)
t73JfBxsfC59ShG5	Hunter Hayes	Cry With You	Hunter Hayes (Encore)
t7Ch0LB57ue4OE93	Sérgio Sampaio	A Luz E A Semente	Tem Que Acontecer
t7QKZaqDoJIo92Xz	Stu Larsen	Thirteen Sad Farewells	Vagabond
t7difalObtUZyW7D	Droptek	Rupture	Rupture
t7hRiovP7uBvgn5l	Yelle	A Cause Des Garçons	Pop Up
t80J8XleZXl2FnCv	Lil Baby	Close Friends (Lil Baby & Gunna)	Drip Harder
t8LrHt429DwQvqkq	Empress Of	Again	Us
t8nojYGwxBJA5LTa	Taylor Swift	Tell Me Why	Fearless
t8ofFzvVq8GGzayy	Led Zeppelin	You Shook Me	Led Zeppelin
t8rYT41Nq2bJM7Mz	The Irish Rovers	Drunken Sailor	Drunken Sailor
t937GXuuWjo09f9p	The Lemonheads	My Drug Buddy - Remastered	It's A Shame About Ray (Expanded Edition)
t95GSCUQwk40GFhX	Grouper	Thanksgiving Song	Grid of Points
t9PCn3YkQhJOG8AF	Ash	Burn Baby Burn	Intergalactic Sonic Sevens
tAHXrXoZTC8qkroj	Rachael Yamagata	Duet	Elephants...Teeth Sinking Into Heart (Standard Version)
tAnqhaQWVK34xoBp	Bilderbuch	Ich Hab Gefühle	Vernissage My Heart
tBHDSbEaXldpxB5a	Hunter	Arachne	Arachne
tBNFO4ukPjsZkmPh	Brendan Benson	Flesh And Bone	The Alternative to Love
tC7tLxMMWymHkCMd	Circa Survive	Dyed in the Wool	Blue Sky Noise (Deluxe - Remastered)
tCHNxYf37vOWukVo	Karol Conká	ME GARANTO	Karol Conka
tCf1sArJVWh6qAH6	Yung Bans	Right Through You	Right Through You
tDZLjngxmr58WOcQ	Lord of the Lost	Cut Me Out	Thornstar (Deluxe Edition)
tDitVjsJ1VGtXjr2	Romeo Santos	Amigo	Fórmula, Vol. 2 (Deluxe Edition)
tE6wSpOB7MgEOVLU	Lena	Traffic Lights	Traffic Lights
tEFKP9kXy6ldVEFS	Rádio Taxi	Garota Dourada	Rádio Taxi, Vol. 7
tELVpq8Fxr0UOypX	Radiohead	Decks Dark	A Moon Shaped Pool
tEWD63YHlequGcBr	$uicideboy$	COMA	I Want To Die In New Orleans
tEcPenwVB4zUCzor	Cirith Ungol	Better Off Dead	Frost and Fire
tFVJO1E7nFFp7HuQ	Soulja Boy	Soulja Girl	souljaboytellem.com
tFqGFJasajdSDGF9	Soda Stereo	Primavera 0	Dynamo (Remastered)
tGUyxdeF8gIsHRop	The Style Council	Long Hot Summer - Single Version	Greatest Hits
tGXQuc9unX3o9RAb	Hollywood Undead	Believe	Notes From The Underground
tGXfbAumxXrJ8Chq	Catherine Wheel	Judy Staring at the Sun	Happy Days
tGXke5GZ9PtVfucq	The Roots	Sleep	Undun
tGcjF201wHfwV1wL	Lost Frequencies	Dance With Me	Less Is More
tH4aCaPkG5zCnRbw	The Cranberries	Conduct	Roses
tHSNf3iqKVOu9jUh	Biffy Clyro	Many Of Horror	Only Revolutions
tHTvPJKt8CCIlYFH	Moby	Hotel Intro	Hotel
tHuCJF1NxmshRru2	Tonight Alive	Lonely Girl	The Other Side
tIIyhC6oTuAH6WCZ	Aimer	words	After Dark
tIXn19JLZ1jyG57x	Ratt	One Good Lover	Dancin' Undercover
tIYulcOwPCYm8Ueu	nothing,nowhere.	Funeral Fantasy	Reaper
tIm1i6PHng1nfeLT	DIR EN GREY	Rubbish Heap	The Insulated World
tJ4sQJO9GdKXBxPr	Bitamina	Nie wiem jak	Kawalerka
tJCqaZcGgiaEMVLA	Bring Me the Horizon	Drown	That's The Spirit
tJJt3rIpHpsN2QQ0	Logic	Ballin	Uncle Drew (Original Motion Picture Soundtrack)
tJrr2k2yPWZQyrRr	Helena Deland	Lean on You	"From the Series of Songs ""Altogether Unaccompanied"" Vol. III"
tJuyi7aMXHD57aF8	Com Truise	Dryswch	Iteration
tLG3NIT1e5dZ5HgP	Paul Simon	Armistice Day	Paul Simon
tLaSn42pmyy0Ruxa	Tribalistas	Fora da Memória	Tribalistas
tM38Z7p7RxgRbx65	Moonsorrow	Pakanajuhla	Suden Uni
tM4kXFhQxFFVq6ZA	Green Day	Still Breathing	Revolution Radio
tMKgBIWbRZ6P3aRf	Septicflesh	Pyramid God	The Great Mass
tMTAFV1bwys4S3wf	Gentle Giant	Plain Truth	Acquiring The Taste
tMplnju2gtHtlzO0	Nat King Cole	The Girl From Ipanema	Ultimate Nat King Cole
tMw1ofvzuXlSPFJU	Bob Sinclar	The Beat Goes On	The Beat Goes On (Radio Edit) [The Cube Guys Remix]
tNBKrC9h2nddLJPK	Bauhaus	Terror Couple Kill Colonel	In The Flat Field
tOE7VDHS88yt58HB	The Men	Turn it Around	Open Your Heart
tORxFdihYPFveodf	Dark Tranquillity	State of Trust	Construct
tOXl2UWcBMxLbMsJ	Banda Eva	Beleza Rara	Beleza Rara
tOmFliTRX3O4hJvj	Avantasia	Sign of the Cross	The Metal Opera, Pt. I
tOpxvxFf1w7Pv8ey	Korn	Earache My Eye	Follow The Leader
tP9GWTDSQyLlRAYo	Wang Chung	Everybody Have Fun Tonight	Mosaic
tPjVq6VW5S3Unjn0	Windhand	First To Die	Eternal Return
tPpxseryP3SZudOS	White Lies	Come On	Friends (Deluxe Version)
tQQYM6INc2PJtivC	mt. fujitive	tequila	honshu island
tQuGOrA0JpXHI7fu	Serj Tankian	Sky is Over	Elect the Dead (Deluxe)
tQvqQumxc4vKlbI2	The Field	Leave It	Yesterday And Today
tRlhKg4CRSOLqjOa	lovesliescrushing	Sugaredglowing	bloweyelashwish
tRtyUkRMFtLWc6KH	Mägo de Oz	Fiesta Pagana	Finisterra
tRul2jiNr2e6Pr82	Jorge Ben	Hermes Trismegisto Escreveu	Africa Brasil
tS9WCz1b7F9H4WCb	Gnash	imagine if	we
tSxdiMgrJehvxSLY	Metallica	Phantom Lord (Remastered)	Kill 'Em All (Remastered)
tT7NxnxfroA5EPxb	The Stranglers	Hanging Around	Rattus Norvegicus
tTnfpshF42UAus3h	Drug Church	Tillary	Cheer
tU2p84k3NydGdlKA	Incubus	Glitterbomb	8
tU9XOOtlAuaW1Obk	KMFDM	Blood (Evil Mix)	Angst
tUekCvScbAokOhhH	CrazyEightyEight	Fortune and Glory, Kid	Burning Alive
tVheiIXk5PzOHfOW	SILVIO RODRÍGUEZ	La Maza	Cuba Classics 1: Silvio Rodriguez
tVqAyM99J3UcJtg8	Cigarettes After Sex	Crush	Crush
tWK7jFI4jqr53DoT	The Mamas & the Papas	Creeque Alley	Deliver
tWMQ9ywEIXkol8Ug	Franz Ferdinand	Words So Leisured	Franz Ferdinand (Special Edition Version)
tWX1RIqjDMFtqIVC	VNV Nation	Only Satellites	Noire
tWlTMRqV77a6CSSC	Hillsong United	Shadow Step	Wonder
tXLUO1K8xnIIkegr	Jennifer Lopez	Ain't Your Mama	Ain't Your Mama
tXVxrWyWfIf15Zbu	Blood Red Shoes	Colours Fade	Fire Like This
tXhoFYt3gUf38kHN	Lauryn Hill	Forgive Them Father	The Miseducation of Lauryn Hill
tXpnqhnmStLATIO3	Black Atlass	Paris	Paris
tXuH8Wi0KzMpRVVy	Playa Limbo	El Eco De Tu Voz	Canciones De Hotel
tY5BeSsJAb6iHxyF	Foy Vance	Be the Song	Melrose EP
tYjQBeO5W4Ur8VAr	Cute Is What We Aim For	Time	Rotation
tYkbSavgNDdlO98A	Burial	Exit Woundz	Ghost Hardware
tZHqooX3Auw1qBuw	Alice in Chains	Never Fade	Never Fade
tZvJ3KtJLCFfgdwq	Nolwenn Leroy	Rien De Mieux Au Monde	Histoires Naturelles
ta5eFyiIdxJPOiwL	Mary J. Blige	A Night to Remember	Think Like a Man Too (Music from and Inspired by the Film)
tadqOEqjPNeRqoBG	Delain	Turn The Lights Out	Lunar Prelude
taiJBp1aRNBx2kHm	Gabrielle	Give Me A Little More Time	Gabrielle
tc69ksoDdaIGdGq2	Westlife	Soledad	Coast To Coast
tcUP4ymT4z2CmDMX	Avril Lavigne	Dumb Blonde	Head Above Water
tcXsuGp99V3ciRGZ	Flamingosis	Football Head	Pleasure Palette
tdPYlqPOYfvQ78Ok	Janet Jackson	You Want This	Janet
tdurlXOJoeDaOpVu	Jesse McCartney	It's Over	Departure - Recharged
teBiVGPgJfjYJ9KP	Bibio	Raxeira	A Mineral Love
teC3vI0nLVHLpJnu	I Break Horses	Faith	Chiaroscuro
tefj3RENqkNCg9tQ	Idles	Colossus	Joy as an Act of Resistance.
tek796CDoc53xdab	Almir Guineto	Caxambu	Brazil Classics 2: O Samba
tf0lIl1Yk45HMU2d	XXXTentacion	I don't wanna do this anymore	Revenge
tfbp3eXzuYlzDVxk	Crooked Colours	All Eyes	Vera
tgyyCWGbivZ7rjpA	Patti LaBelle	Love, Need And Want You	The Essential Patti LaBelle
thsqsDM2viYcBXrY	Cobra Starship	Disaster Boy	Night Shades
tj3fXH29AD0d0anS	Marta Sánchez	Amor Perdido	Azabache
tjZ4pqMTUkLlT7VL	Bahamas	All The Time	Bahamas is Afie
tkE9QS8vWjii3IgJ	Blue Öyster Cult	Hot Rails to Hell	Tyranny And Mutation
tkHQJO99x8iR9nvT	The Jets	You Got It All	20th Century Masters: The Millennium Collection: Best Of The Jets
tkyyuomS4ND9ptAD	Dance of Days	Caulfield	Dance of Days no Estúdio Showlivre (Ao Vivo)
tlGFj7h4KXsH8Mop	Kate Nash	To the Music I Belong	Yesterday Was Forever
tlGHvtRBqfyqvl86	Kelly Clarkson	You Can't Win	Stronger (Deluxe Version)
tlNHOEBEfJ6kv8cd	Glee Cast	No Air	Glee: The Music, Volume 1
tmGWD6trbjg6l12G	Broken Social Scene	Pacific Theme	You Forgot It In People
tmOzGAoGeoLuqCAO	Blur	Beetlebum	Blur [Special Edition]
tnahSBaeNkMhGB84	TesseracT	Survival	Polaris
tp1RRH7ah9MiQwyo	Donna Summer	Love's About to Change My Heart	Another Place and Time
tp7juaZiHKQWWgrm	Kamelot	My Train Of Thoughts	Poetry for the Poisoned
tqMo9ZCf4KMNQpRf	Mary MacGregor	Torn Between Two Lovers	Simply the Best Seventies
tqc0WIiaCUyFpbU0	Buzzcocks	Nostalgia	Operators Manual (Buzzcocks Best)
tr5XdAWlcI0JX4cg	Cher	Favorite Scars	Closer To The Truth (Deluxe Version)
trEXP0ay0IDQClxu	Of Methodist	Dead to Me	Soldier Without A Rifle
trsCRBHUWJyc4ofd	Tinie Tempah	Written In The Stars	Disc-Overy
trzx0QMPUjGJbRtz	Kendji Girac	Sonrisa	Ensemble (Deluxe Version)
tsMu0q95n5nrRGRd	Earth, Wind & Fire	Let Your Feelings Show	I Am
tt7OCNcJaQ3z6zSK	The Republic Tigers	Buildings & Mountains	Keep Color
ttB8NjIbbhfFThmx	Machine Gun Kelly	LATELY	BINGE
tuKHPQDBzQH0JYlo	Silvana Imam	Vikken Då	Helig Moder
tuwkV7E2laNRUlWy	Big Thief	Randy	Masterpiece
tv4aRfJqv5Tb4TQ2	Tamaryn	The Waves	The Waves
tvFBLCPAdwmhA4MO	Therion	Son of the Sun	Sirius B
tw4rsExi3ve9pfIw	Black Sun Empire	The Cooler	Cruel & Unusual
twTZiJnIkFnPHEF7	The Beatles	Eleanor Rigby - Remastered	Revolver (Remastered)
twllU4KgUBA2NA6f	Blank Banshee	BIOS	Mega
txDVSopgsyB0acTt	Veto	You Say Yes, I Say Yes	Crushing Digits
txaMMgnUiky0cJfd	We Came As Romans	What I Wished I Never Had	Understanding What We've Grown to Be (Deluxe Edition)
tzHKAFNgyd0pekkg	Animal Collective	Infant Dressing Table	Here Comes The Indian
tzgGpQrOrdyACAvN	Elton John	Country Comfort	Tumbleweed Connection
tzjl2VUCR64XhxKY	Madonna	Keep It Together	Like a Prayer
u0uUQAA9Mt5fuhK7	Michael Giacchino	Coco - Día de los Muertos Suite	Coco (Original Motion Picture Soundtrack)
u1VHh1FVzFS8z29w	David Guetta	Better When You're Gone	Better When You're Gone
u1hyvEKa02PlI9V8	Motion City Soundtrack	When You're Around	Commit This To Memory
u2qSLH6hQnHDdhtT	Lindsay Lohan	Drama Queen (That Girl)	Confessions Of A Teenage Drama Queen
u2wuDqBqj3BhCTAi	Jonas Brothers	A Little Bit Longer	A Little Bit Longer
u33XCd6fUedJbxgA	Michael Bublé	Sway	Michael Bublé (US Version)
u3D2sSD4ze8tFEPC	Yellowman	Zungguzungguguzungguzeng	Most Wanted Series - Yellowman
u3ayS0FGagljyTXg	Marineros	El lado oscuro de tu corazón	O Marineros
u4pQs5AsS8DmYXmc	Wild Belle	Keep You	Isles
u5km9TXiYVFdm1Uj	Relient K	Bummin'	Air for Free
u5x8wp6W5fWFOcDn	Medina	Addiction	Welcome To Medina
u6c56rNoK8f3MPEJ	Ozuna	Devuelveme	Aura
u6uFIiuFqiWIA1ak	Sleepmakeswaves	It's Dark, It's Cold, It's Winter	sleepmakeswaves (USA)
u7TrdPrwhvdVKMXK	The Cheetah Girls	I'm The One	The Cheetah Girls: One World
u7g0ba9lLs3ykgBi	Dark Sarah	Deep And Deeper	The Puzzle
u8UF1lQ7AkSM4dws	Sparklehorse	Knives Of Summertime	Dreamt For Light Years In The Belly Of A Mountain
u8yIiM7FDH5dmGZv	Nelly Furtado	Fresh Off the Boat	Folklore
u99ZlGLSwdpqXVle	Dillon	Don't Go	The Unknown
u9IahL1RS94o8JiV	The Gun Club	Mother of Earth	Miami
u9aAw54WxPCV2rll	Anna Domino	Land Of My Dreams	East and West + Live In Japan
u9dSJvjwX5xSZwIQ	Black Rebel Motorcycle Club	Spook	Wrong Creatures
u9jATy9IoOGe7Dgf	AFX	Arched Maid Via RDJ	Hangable Auto Bulb
uAjJpzOhvbUO2pNB	Don Broco	Got to Be You	Technology
uB7HFc6baYEYwMwj	Whitesnake	Now You're Gone	Slip Of The Tongue (20th Anniversary Remaster)
uBpbDSEP6Q3gb5lq	Pink Floyd	The Gnome	The Piper at the Gates of Dawn
uBuaAWQvI4K4TD4K	The Good, the Bad & the Queen	Northern Whale	The Good, The Bad and The Queen
uD05xxHlDVrn7Pqt	Sunflower Bean	Easier Said	Human Ceremony
uD8ofaCfxM74nFrw	Fit for a King	Unclaimed, Unloved	Deathgrip
uDIUKIltGrDKs0XQ	GusGus	Don't Know How To Love	Lies Are More Flexible
uEKdxPzIcjNX2VKb	Caloncho	Hedonista	Hedonista
uEQVh8s1jHftfo52	Marilyn Manson	Mechanical Animals	Mechanical Animals
uEqN4JEvB1dmX8Vd	Dance Gavin Dance	Jesus H. Macy	Acceptance Speech
uF9NTRD4vG3Jp8s7	Thompson Twins	The Gap	Into The Gap
uFFvWNQHSMQp5oKg	Massimo Volume	Una Voce A Orlando	Il nuotatore
uFeVGgXI7CGH4d0X	Bell Witch	Mirror Reaper	Mirror Reaper
uG6aYedGfSjxy41C	Bishop Briggs	Dream	Church Of Scars
uGEEcv4eecY7Si80	Health	Loss Deluxe	VOL. 4 :: SLAVES OF FEAR
uGiglSqRPlSu2s5p	Gary Moore	Oh Pretty Woman	Still Got The Blues
uGrfAtG0DX1D8aGE	Amber Run	Dark Bloom	For a Moment, I Was Lost
uH2ulTXx8jwafcGH	María José	Quien Eres Tu (Feat. Trey Songz)	María José
uHfSwlImku0C6fcg	Mom Jeans.	Danger Can't	Best Buds
uHmAteBXA0HyakDu	Dido	Don't Believe in Love	Safe Trip Home
uIM9Lur4MKSiigce	Owl City	Angels	All Things Bright And Beautiful
uIP1a6v8uYeubaBQ	Loud Forest	Wake Up	Please Don't Disappear
uIi8OwFL9JkBnwMT	The Mowgli's	Kansas City	Kansas City
uIjkz7WNjgMeEzxi	Eric Clapton	Change The World	Clapton Chronicles: The Best of Eric Clapton
uIpTqMyOXdJT2oOk	Duran Duran	Drowning Man	Duran Duran [The Wedding Album]
uJRNTdNmYkjMURCG	Anathema	32.63N 117.14W	The Optimist
uJgXKPWpkWITtR5C	Novos Baianos	A Menina Dança	Acabou Chorare
uJj6454c9jGeqqp3	The For Carnation	Emp. Man's Blues	The For Carnation
uK5I4lPXkYCldPp5	mewithoutYou	Messes of Men	Brother, Sister
uKfZlWlGEZFOpGHl	BTOB	It's Okay	Complete
uKoYQVitYHUBBKW0	Therion	Land of Canaan	Sitra Ahra
uKuzgpt2LGlCZb0Q	Radiohead	Packt Like Sardines In A Crushed Tin Box	Amnesiac
uLUAVP3aDthuqvSv	Rae Sremmurd	Swang	SremmLife 2 (Deluxe)
uN5YSlPz9FNDrgzv	Ricky Nelson	Lonesome Town - Remastered	Ricky Sings Again (Expanded Edition / Remastered)
uNAFCwq1ZonWPCsD	Rouge	C'est La Vie (C' Est La Vie)	C' Est La Vie
uNCNJSbnzHFuK2Kq	Ed Sheeran	Where We Land	5
uNGhPKmReeSwFipM	Pierce The Veil	Chemical Kids and Mechanical Brides	A Flair For The Dramatic
uNZIQpseivgj7PFc	Mika	Dr. John	The Boy Who Knew Too Much
uNxjn8PuFzpjeHPH	Terror Jr	Talking to Myself	Bop City 2: TerroRising
uOJIAZmhvg5gOlU2	Kanye West	Saint Pablo	The Life Of Pablo
uOOX0PPG7VJsjQIE	Tiny Little Houses	Drag Me	Idiot Proverbs
uP2Lypf6N8jiFOaG	Nits	In The Dutch Mountains	In The Dutch Mountains
uP6m5sXpEihBTUP6	Brian Eno	The Lost Day	Ambient 4: On Land
uPI7HUjRKP086kqU	Far East Movement	Like A G6	Free Wired
uPd07lESPDy0kb5v	Tori Amos	1000 Oceans	To Venus And Back
uPhQso06v7jdsamB	Frankie Cosmos	If I Had a Dog	Next Thing
uQA7sNQujoHiuMAH	Christina Aguilera	Dreamers	Liberation
uQUCBofXJAQuX3pV	Gorillaz	Feel Good Inc.	Demon Days
uQrQlOrpJDKXo7Lb	Brandy	Wow	Full Moon
uR69sGDSUluAMEfR	Dulce María	Corazón en Pausa	Sin Fronteras
uS39KjsinG8hyOSD	a-ha	Train of Thought	Hunting High And Low
uSiBVXEIyY9vkkba	Edward Sharpe & The Magnetic Zeros	I Don't Wanna Pray	Here
uTKhN6egfQJOej6u	Dave Thomas Junior	I Can't Make You Love Me	I Can't Make You Love Me
uTWuH5qt7HvzslCq	Devin Townsend Project	Where We Belong	Epicloud
uU35tOTnmANnJEhR	$uicideboy$	Lettuce	KILL YOURSELF Part III: The Budd Dwyer Saga
uU39iaUYl0XLnihA	Marvin Gaye	When Did You Stop Loving Me, When Did I Stop Loving You	Here My Dear Deluxe Edition
uUWr7owWdCUz3Cfe	Мы	Ближе	Ближе Part2
uUjE6lPAHRZgsAKN	The Jesus Lizard	Tight n' Shiny	Head
uVGMh0MNP4in3A3x	Built to Spill	Distopian Dream Girl	There's Nothing Wrong With Love
uVHJnZC4VqO4cJIv	Indoor Pets	Pro Procrastinator	Be Content
uVbNO4Qt3zSaho37	Many Voices Speak	I Saw You	Tank Town
uVe6fjRMfFYe0G9e	Tracy Chapman	First Try	Telling Stories
uVpAghoOixzocv0X	Karol Conka	Caxambu	Batuk Freak (Instrumentals)
uWEnfg6Z4jsOJwou	65daysofstatic	23kid	One Time For All Time
uWPdIFCvvRmRfHyz	Portugal. The Man	Tidal Wave	Woodstock
uWpDH2EhFH0DPjLh	Adelitas Way	Cage The Beast	Home School Valedictorian
uWzYrniam2UzBMdc	David Bowie	Holy Holy	Five Years (1969 - 1973)
uXGQCQQjLSQpdKoD	Terror Jr	Appreciation	Bop City 2: TerroRising
uXOfGRdRjjRAVq0C	Jota Quest	Amor Maior	Acústico Jota Quest
uXoV7P3klCYVN8HY	Carpenters	(They Long to Be) Close to You	Close To You
uYXH99JD1IYCLMsb	The Joy Formidable	The Greatest Light Is the Greatest Shade	The Big Roar
uYvMaDdzf3bZQf1W	The Byrds	Hickory Wind	Sweetheart Of The Rodeo
uYz80NfSutf949JD	Nuclear Assault	The Other End	Something Wicked
uZ95ZuwsQ5lKVoPk	Bobby Womack	California Dreamin'	Fly Me To The Moon
uZdl4o1nRfvSWxgN	Drowning Pool	Nothingness	Desensitized
uZgPRqz3G8YQAEA4	Sorriso Maroto	Me Espera	Por Você
uZllLV4KAFP9ptXI	2NE1	박수쳐 Clap Your Hands	To Anyone
uZooh1FibqxFgSix	Madonna	Rebel Heart	Rebel Heart (Deluxe)
uaS1eZQ6PzFi5GdR	TV on the Radio	Test Pilot - Chilly Gonzales Re-Make	Test Pilot (Chilly Gonzales Re-Make)
uadv6WcW4zjxqPXQ	Carolina Durante	Necromántico	Necromántico
ubKyATY66NtVKTOJ	K E M A L	Brave	BRAVE
ubcUueo6GReAKv4Z	Jay Sean	Ride It	All Or Nothing
ubhTP8eoPbIesdN2	Mors Principium Est	God Has Fallen	Dawn of the 5TH Era
udAhlMPPwMvs4rtn	Visions of Atlantis	At the Back of Beyond	Trinity
udGwdjIF5Iq0USkf	John Coltrane Quartet	Nancy (With The Laughing Face)	Ballads
udScHNRDGNMObe7p	Christina Aguilera	Somebody's Somebody	Christina Aguilera (Expanded Edition)
udyFlFSTTER45BQL	Clarence Clarity	Next Best Thing	THINK: PEACE
ueBbSbMdSy6W6adj	Alice in Chains	Rooster	Dirt
ueDImnNQldux1wCj	Derrick Harriott	The Loser	The Loser / Now We Know
ueFzPee9VIZWLolc	Sérgio Sampaio	Que Loucura	Tem Que Acontecer
ueavcCtl9jMXUFWH	FM-84	Tears	Atlas
uetiECgkEH83d7UV	Rhapsody	Knightrider of Doom	Power of the Dragonflame
uf5QOv5q96pBXhjU	Michael Jackson	Johnny Raven	Music and Me
ufXP4em3UFWfnLVB	Beto Guedes	Lumiar	Preferencia Nacional
ugMDGvCfHtFVxNJy	Bad Religion	The Answer	Generator (2005 Remaster)
ugYaNZmoIMw2IscA	Kid Abelha	A fórmula do amor	Educação Sentimental
uhM5CwYNbIRZEsyH	$uicideboy$	I HUNG MYSELF FOR A PERSONA	KILL YOURSELF Part XX: The Infinity Saga
uhOuLXmCFOml8QPy	Bad Religion	Better Off Dead	Stranger Than Fiction
uhahcG4Hd7d0ksS4	Etherwood	Begin By Letting Go	Etherwood
ui4bfNFpReoGeIQa	Amorphis	Amongst Stars	Queen of Time
uiWP8bBty9on9rKS	Ra Ra Riot	Suspended In Gaffa	The Rhumb Line (10th Anniversary Edition)
uieP5mmg5snmku1T	Anthrax	For All Kings	For All Kings
uikqsynNXnWrkzeo	Backstreet Boys	Love Somebody	In a World Like This
ujmin4EcRsLwIJj7	Sam Hunt	Leave the Night On	Montevallo
ujqumv5R1BmN73ah	Banda Calypso	Um Beijo Seu (Ao Vivo)	Calypso Ao Vivo em Goiânia
uk88L5gLKvOfjmIA	Paramore	We Are Broken	RIOT!
uk9AqHt6AK73Re6N	Brandi Carlile	That Wasn't Me	Bear Creek
ulOslCx5r0Iqdwoc	Robbie Nevil	C'est La Vie	The Best Of Robbie Neville
ulUWdhWR3EQzG6xG	Wilson Pickett	Hey Joe	Wilson Pickett: A Man And A Half
ulcmjapnliBYYJos	Tonight Alive	The Edge	The Edge
umPyLNAXbQHjKr3g	070 Shake	Mirrors	Glitter
umQcYqsFicENqXio	Cliff Martinez	What Are You	The Neon Demon (Original Motion Picture Soundtrack)
umRXcx28GCSyICPk	Mon Laferte	No Te Me Quites De Acá	Norma
un3sk343RJ0sOg81	Future Islands	Beach Foam	Wave Like Home
un4kzdmkZdWJ7KzZ	Pentimento	Sink Or Swim	I, No Longer
unxOT4Q0O4qHx3Un	Franz Ferdinand	The Universe Expanded	Right Thoughts, Right Words, Right Action (Deluxe Edition)
uo361EMFekJxqjcc	Kylie Minogue	Password	Light Years
uo7Wx2zjikt8e38y	Cass McCombs	What Isn't Nature	A
uoJWoi0fHz5WDbTv	Kyan Palmer	Can't Help It	Can't Help It
upC5mQJQgNH8NKDE	Silverstein	Still Dreaming	Redux: The First 10 Years
upCfmqkAPJda1wH8	Mecano	Una rosa es una rosa	Aidalai
upGV2DyNjyKJ1WXh	The Fray	Be Still	Scars & Stories
upMpN1ww8tOWnbhS	Edie Brickell and New Bohemians	What I Am	Shooting Rubberbands At The Stars
upQiuwtfoQdbwdsE	Iggy Azalea	New Bitch	The New Classic
uplGsugWDuC1aacg	Oswaldo Montenegro	A Lista	25 Anos
upwmJCh4ysaMIrC4	Set Fire to Flames	Measure de Mesure	Telegraphs in Negative / Mouths Trapped in Static
uq5ETEbfFgKLqjnz	Bob Seger	Mainstreet	Night Moves
uqLWNT68XFaRJHHm	Pulley	Hooray for Me	Together Again For The First Time
uqQkMXpx5YiMYoQ0	Frightened Rabbit	Holy	Pedestrian Verse
uqm5FeCfXStgSUXg	of Montreal	Heimdalsgate Like A Promethean Curse	Hissing Fauna, Are You The Destroyer?
ur9b9N7fA5Nwvdug	Portugal. The Man	Hard Times	Censored Colors
uryZ8JC3AubSeg9T	Flying Lotus	Spicy Sammich	Reset EP
usk2V937PzPVaOAo	Fightstar	Dive	Behind The Devil's Back
uswqdwqKwqNpA0ea	Infected Mushroom	Artillery	Vicious Delicious
uu46WcTiPDUH2AL1	Outer Heaven	Tortured Winds	Realms of Eternal Decay
uuGynMhwZtOZNWNP	Crosby, Stills, Nash & Young	Teach Your Children	Deja Vu
uublr4HSDBrSqY7w	Aimee Mann	You Never Loved Me	Mental Illness
uuz4x9CaCTuL0SZx	Au Revoir Simone	All Or Nothing	Still Night, Still Light
uv8dTxntpSN0P9NQ	Leighton Meester	Sweet	Heartstrings
ux9iQDQkkEnTt4kz	Lifelover	Mitt Annexia	Konkurs
uxAt5B5y30zR8gwO	The Human League	One Man In My Heart	Octopus
uxFe375xX9J0tyVk	In Flames	The Quiet Place	Soundtrack To Your Escape (Reissue 2014)
uxGfuUirDjQiTufM	Jade Baraldo	Nem o Mar (Pôde Levar)	Nem o Mar (Pôde Levar)
uxjmTmUtxdczW2GN	Mc João	Baile de Favela	Baile de Favela
uysYyvHjNhg4J03M	Remo Drive	Blue Ribbon	Pop Music
uzRuPwzfzLcloH3Z	Róisín Murphy	Simulation	Simulation
uzuh5XLA6f3ZTB8g	Oranssi Pazuzu	Hypnotisoitu Viharukous	Värähtelijä
v032ByDnk0vPSe9J	Alexisonfire	Midnight Regulations	Old Crows / Young Cardinals
v0BagbLQ68vsgBTZ	Bonobo	Silver	Animal Magic
v0NEiFzGC1qP3VRf	Kent	När det blåser på månen	Kent
v0U3c4xwkDNNTxAY	Little Big	Big Dick	Funeral Rave
v0ZKSpu5PDb3T1jV	Moby	Spiders	Hotel
v0fZb10dqfULp891	Opeth	Heritage	Heritage
v1XepZBlHHPy1me2	Janet Jackson	2nite	Discipline
v1YuwZ5wS27LIETA	Krewella	Alibi	Alibi & Runaway (Remixes)
v27mu6sTZCtEM0wx	Anitta	Vai e Volta	Ritmo Perfeito
v2FhqfBlkM6Q3f2l	Mandragora	Sem Chão	Sem Chão
v2P8wIymAEhQVomx	Full of Hell	Shattered Knife	Full of Hell & Merzbow
v2sMZwDD8aEoqjco	Moby	Slow Light	Wait for Me (Deluxe Edition)
v371b4CXKioSIYn4	PRODUCE 101	PICK ME	PRODUCE 101 : It's Me (Pick Me)
v3EjFAo41UKRfHUf	Asking Alexandria	The Road	From Death To Destiny
v3P1kFTQ5aThsHA2	Hüsker Dü	Dead Set On Destruction	Candy Apple Grey
v3mLjFAkkk61ttul	Alice Cooper	Welcome To My Nightmare	Welcome To My Nightmare
v4bP5fdJjY34e1aV	Toby Fox	Bonetrousle	UNDERTALE Soundtrack
v4ivyF5CbPaeWvHb	Fall Out Boy	Twin Skeleton's (Hotel in NYC)	American Beauty/American Psycho
v52yHgLYmYyyYVBO	Tropical Fuck Storm	The Planet of Straw Men	The Planet of Straw Men
v5A6m4nJh7hl8XHj	Moose Blood	Knuckles	Blush
v5IjFEaZsbzyDOmZ	Rainsford	Too Close	Too Close
v5ljKfVq6oWerL0R	The Strokes	Is This It	Is This It
v5xe058HcPorm48q	Billie Holiday	Body And Soul	Body and Soul
v6XumM5GAD8eLHsn	Blind Melon	No Rain	Blind Melon
v6iwIpi4K2UJiRng	Apocalyptica	Nothing Else Matters	Inquisition Symphony
v6ltZbuUiklgQTea	Cults	Hope You Found What You've Been Missing	Offering B Sides & Remixes
v7xYgojW95YbD28m	Soen	Delenda	Cognitive
v8JcyhKOnJ9q2BRl	Satyricon	Our World, It Rumbles Tonight	Satyricon
v8Nv4QDbzb52rETB	Spongebob Squarepants	Gary's Song	SpongeBob's Greatest Hits
v8XFtqHshPVmWuvl	Tortoise	Stretch (You Are All Right)	It's All Around You
v8mcUAUvY2Pk1gDJ	Green Day	Fell for You	¡UNO!
v9XI7XCCe4yKgJSj	Our Lady Peace	Somewhere Out There	Gravity
v9bRHVBbmmh8TgKl	Madonna	Express Yourself (Non-Stop Express mix)	Like A Prayer (30th Anniversary)
vA40YEOjc5FTGWcW	Rogue	Imperfect Views	Imperfect Views
vAt6Z5tqxuh2DyLn	Gogol Bordello	Start Wearing Purple	Gypsy Punks: Underdog World Strike
vBBGaSjosEYNIu5K	The Birthday Massacre	Leaving Tonight	Hide and Seek
vBDenWcRnxzkIrvO	Lee Brice	She Ain't Right	Love Like Crazy
vBOyknxdz4A7dO4B	TLC	No Introduction	TLC
vCCMvgSJnzirTprt	The New Pornographers	Adventures In Solitude	Challengers
vCMtou9JWlsx5c6B	Wings	Listen To What The Man Said	Venus And Mars
vCV4Ewc3Zm9uZZME	W.A.S.P.	Babylon's Burning	Babylon
vD4jmiC66VkozutN	Röyksopp	Skulls	The Inevitable End
vDWdxYxqEqmUXiVB	Noir Désir	Un Jour En France	666.667 Club
vDuyTP8mFItgngXp	Fear Factory	Self Bias Resistor	Demanufacture
vDxRdszZDlsD3ErR	Aphex Twin	Cow Cud is a Twin	...I Care Because You Do
vFEFpIZ0iySS6LWK	Emancipator	Eve	Dusk to Dawn Remixes
vFy8xJMMVFgWFZnq	Bassnectar	Speakerbox (feat. Lafa Taylor)	Into the Sun
vG1k3aZWMD4dgyQs	rakede	Jetzt Gehst Du Weg	Rakede
vGFGywexxqy7ugN5	Amenra	Children of the Eye	Mass VI
vHBQRNsc9eNx9gFd	YBN Nahmir	Bounce Out With That	YBN: The Mixtape
vHKtwYIHtGcMMJZa	The Stylistics	Betcha By Golly, Wow	The Very Best of the Stylistics ... And More!
vHcPtqGffZtwisWC	Silversun Pickups	The Royal We	Swoon
vHsoHHpfuEaNU0qa	My Morning Jacket	Wordless Chorus	Z
vHxytZsuzapuCN0F	Emmure	Ice Man Confessions	Look at Yourself
vICz6SCzrWUSk9Jy	Vulfpeck	Smile Meditation	Thrill of the Arts
vIsCex9NOhqQSoUL	Laura Welsh	Break The Fall	Laura Welsh
vItpyeJfNViYnIb7	Gus Dapperton	Prune, You Talk Funny	Prune, You Talk Funny
vJxpiRcgDkE7WsoT	Sum 41	What I Believe	Half Hour Of Power
vK2utyU9DKRSR01O	Led Zeppelin	In My Time of Dying	Physical Graffiti
vLC3T6Tg1Me6QUNC	slushii	Luv U Need U	LUV U NEED U
vLSekbQg2vKlWXwe	Johnny Cash	Blistered	Hello, I'm Johnny Cash
vLcLw2wIsr1F3esl	Glass Animals	Black Mambo	ZABA
vLpHJgcJtDoRFEz3	All That Remains	Madness	Madness
vM19ZgX2PKiP6P4w	Luke Combs	When It Rains It Pours	This One's for You
vM7BIA1ARPskl31j	Bill Evans Trio	Re: Person I Knew	Moon Beams
vMTvfpTWWeX6z8cl	Yo La Tengo	Return to Hot Chicken	I Can Hear The Heart Beating As One
vN0sgIXsl7dd3OBH	Lady Gaga	Monster	The Fame Monster
vN5Q2VvaGjH5LbfF	Metallica	Sweet Amber	St. Anger
vOXIPpF0R5V9FrVm	Incubus	Defiance	If Not Now, When?
vPKtzbQVTqD7eHMq	Nils Frahm	Tristana	Wintermusik
vPNIItkt1ru5ivn2	Sunn O)))	Cursed Realms (Of the Winterdemons)	Black One
vPg5yTHwfbOywbGR	Uriah Heep	Circle of Hands	Demons and Wizards
vPlsUTMVJruEnRXn	Randy Crawford	Street Life	Jackie Brown (Music from the Miramax Motion Picture)
vQDkDntGlQffD9u0	Powerwolf	Opening: Prelude to Purgatory	Bible of the Beast
vQd9ehKDqQIQmN2R	Queen	Tenement Funster	Sheer Heart Attack (Deluxe Remastered Version)
vR2rtFIpSxVQSkmS	TYSM	Honeymoon Phase	Honeymoon Phase
vR7Doj4E4USk004d	Joni Mitchell	My Secret Place	Chalk Mark In A Rain Storm
vRRzQvXPXHKNmrPT	Anastacia	I Do	Anastacia
vRvTUoDSgOFkgUHu	De Staat	Devil's Blood	I_CON
vSbDiQWwWjo6GuXC	Frank Turner	Get Better	Positive Songs For Negative People
vSltIKOgEiJRMp0k	Truckfighters	Desert Cruiser	Gravity X
vTA5vNreHTyEg7Lc	Ocean Alley	Yellow Mellow	Yellow Mellow EP
vUDkrjs38zpJ2o3e	Chico Buarque	Sem Fantasia	Chico Buarque de Hollanda Vol. 3
vVIJ4IBciUdZjesr	Neon Trees	Animal	Habits
vW4e1g4fMtk4qexd	Die Antwoord	Ugly Boy	Donker Mag
vWE3wM9n7MBDda5I	Cliff Martinez	Bride of Deluxe	Drive (Original Motion Picture Soundtrack)
vXokTeyBuhKOFFpp	Maria Olafs	Unbroken	Unbroken
vY1s7MhFx7xiMkKo	Tove Styrke	White Light Moment	Tove Styrke
vY6IqLlQvtYRRgdz	Exodus	Piranha	Bonded by Blood
vYOXzyEbFjTOt3mg	LCD Soundsystem	(We Don't Need This) Fascist Groove Thang - electric lady sessions	Electric Lady Sessions
vYmsZNBaWGqN3bwR	Phill Veras	Taquicardia	Carpete
vYzU39qoa0f1n4KU	Marilyn Manson	Overneath the Path of Misery	Born Villain
vZ9PmA3CpzYuDQKE	Purity Ring	Grandloves	Shrines
va5sT146CNyq3rkK	The Stone Roses	Shoot You Down	The Stone Roses
vaXmbWYhtvZq3mB4	Lolo Zouaï	Blue	High Highs to Low Lows
varVxonyosDEugeX	Maggie Rogers	Better	Now That The Light Is Fading
vaw43bvFmszYaCW1	J. Holiday	Come Here	Back Of My Lac'
vb2cwkWdMabrucgH	Whitney Houston	I Wanna Dance with Somebody (Who Loves Me)	Whitney
vbjGig6FhPB4eW5w	M.I.A.	Finally	AIM (Deluxe)
vbkCA5hZHvL8ju4T	The Lawrence Arms	The Slowest Drink at the Saddest Bar on the Snowiest Day in the Greatest City	Buttsweat and Tears
vbpOrHHOsbeLtaiV	Christina Grimmie	Unforgivable	Find Me
vc9QtUyodXEsURBR	Chrome	Moonchild	A Salute To King Crimson
vdF2PDIFXryUdtva	Twin Shadow	When the Movie's Over	Confess
vdWJ9O2VQDNgWEHj	Genesis	Land of Confusion	Invisible Touch
vdefE5B0EAYfRgTq	zimbra	Festival de Ilusão	O Tudo, o Nada e o Mundo
veYoMnZZQMlWJJ4N	August Burns Red	The Escape Artist	Constellations (Remixed)
veoBRutKwJd2Kbgu	Zola Jesus	Shivers	Conatus
vfHukmRNazesVu1y	Little Mix	Beep Beep	Glory Days: The Platinum Edition
vfefjOjdzqYmj37l	Chris Cornell	Can't Change Me	Euphoria Mourning
vfv4Q5ATIIpkJnvg	From Indian Lakes	Sunlight	Everything Feels Better Now
vgDBHF62RTnFdWk0	The Birthday Party	A Dead Song	Live 81-82
vh7WUQto7bOyXKq1	Future	Low Life	EVOL
vhGPUwsBPIZn78SJ	My Chemical Romance	The End.	The Black Parade
vhKH6tVDzgQeCYlS	The Drums	I Need A Doctor	Portamento
vhpPbg8szZirrrlJ	Braids	Letting Go	Deep In the Iris
vi1iCRMPE30DbNjX	Earth, Wind & Fire	Mighty Mighty	Open Our Eyes
viCGiiYs23uqlyKy	Morbid Angel	Chambers of Dis	Formulas Fatal to the Flesh
viGnpPG8WQb8KjhC	Boards of Canada	Telephasic Workshop	Music Has The Right To Children
viHwG0gUX2qhNeTM	John Williams	Sayuri's Theme and End Credits	Memoirs of a Geisha (Remastered)
viYzTd7fl5tPeYi7	Tom Rosenthal	Take Your Guess	Who's That in the Fog?
virdwakuQdcOplI5	Essaie Pas	Le port du masque est de rigueur	Demain est une autre nuit
vj08Cdr6XjyU45JY	Linkin Park	Pushing Me Away	Hybrid Theory (Bonus Edition)
vjGO8LlywjP6JpS9	Mukeka di Rato	Rinha de Magnata	Carne
vjwHhLg2PrafejVK	Blondie	Atomic	Eat To The Beat
vkNqygQY7nIoe7yH	Exit Eden	Firework	Rhapsodies In Black
vl97j88dTLilICmG	Green Day	Longview	Dookie
vmdQYIHZwHA1CQ2b	The Avalanches	Flight Tonight	Since I Left You
vmem2WsZ135YcGi2	Talking Heads	Psycho Killer	Talking Heads 77 (Deluxe Version)
vn7cGiP5eCRjnmVv	O.A.R.	Here's to You	Live on Red Rocks
vnISQaKTGhRUKi9i	Dark Tranquillity	ThereIn	Projector
vnQzBX4FAi2KDXwp	Demi Lovato	Gift of a Friend	Here We Go Again
vndPNsCR3RMALXwr	Alcest	Away	Shelter (Deluxe Edition)
vo1F2xTdGIRIVBaD	Chevelle	Forfeit	Wonder What's Next (Expanded Edition)
voBerAguDc202MkW	Ólafur Arnalds	0952	Eulogy for Evolution 2017 (Remastered 10th Anniversary Edition)
voJXKrTBsNhSIyBE	Wolfheart	Last of All Winters	Shadow World
voQb07Q1hEqpHt4A	Legião Urbana	Faroeste Caboclo	Que Pais E Este
voRTCNmgz4K0zsaI	Helado Negro	Please Won't Please	This Is How You Smile
voxsjUvGZDArRiPh	John Mayer	Who You Love	Paradise Valley
vpg7Rq2qcDiHjank	Lacuna Coil	Falling Again	In a Reverie
vpgcTDXEzxBEPDf4	Blind Pilot	Moon at Dawn	And Then Like Lions
vpkdcpRUdPdzxWXf	Sly & The Family Stone	Family Affair - Single Version	There's A Riot Goin' On
vptqUoc2OQDmrxMK	Dance Gavin Dance	Awkward	Instant Gratification
vqOqbwGfIEzo95qS	Hayley Westenra	Scarborough Fair	Celtic Treasures
vqS2lVz4ivWIuUcM	Lisa Germano	Lullaby For Liquid Pig	Lullaby For Liquid Pig
vqUmgaX0UQIh5NOI	Rod Stewart	Have I Told You Lately	Vagabond Heart (Expanded Edition)
vr1Dcyklb0QHZ5U5	Theatre of Tragedy	Der Tanz der Schatten	Velvet Darkness They Fear
vsBwnsneCoroMWjj	Ty Segall	My Sunshine	Melted
vsNX4UWXXb0pvocu	Everything But the Girl	Troubled Mind	Amplified Heart (Deluxe Edition)
vsRH6eg4F2KWfvZH	NOFX	I'm Telling Tim	So Long & Thanks For All The Shoes
vsaVxn876THyVr4n	Manila Luzon	Go Fish	Rules!
vtHFnHOAnlATNpa3	Pescado Rabioso	Cementerio Club	Artaud
vu4hTMjm8Pq8GNYm	Make Them Suffer	Ether	Old Souls & Lord Of Woe
vuIlaZKfCTlPgjmd	Tim Hecker	Amps, Drugs, Harmonium	Virgins
vuUAkMxeAYQNlMRe	Lee Changsub	Gone	Mark
vv02qtmw2OuuSw0D	DIIV	Healthy Moon	Is the Is Are
vvST5h16hjYjkzRC	Iceage	How Many	Plowing Into the Field of Love
vvbnCuS9j2e3BerS	Paradise Lost	Frozen Illusion	Lost Paradise
vvtB6ZMSTs8zsSPD	Chloe Foy	Flaws	Are We There Yet?
vw6RuiYPEE0xuIIN	Serj Tankian	Borders Are...	Imperfect Harmonies (Deluxe Version)
vwTyUlwGqjKHROYx	Love And Rockets	Kundalini Express	Express
vx4dnKo29PovqAyR	JJ Project	Find You	Verse 2
vxKOyHTWfK6nkAmc	Doomriders	Come Alive	Darkness Come Alive
vxq0Aqhz9p7E2Cwx	Vive La Fête	Touche Pas	10 Ans de Fête
vz9ILVlgXye9qwTy	Chet Faker	Solo Sunrise	Thinking In Textures
vzd9nzmcJvLPgyzm	Weedeater	Bull	Sixteen Tons
w0I31v8OS6A1isKJ	The Sword	Lawless Lands	Warp Riders
w0wj5z5hGuuOckdn	Rob Thomas	Mockingbird	cradlesong
w14CKJ66WU0ftOVl	Passenger	Keep on Walking	All the Little Lights
w15HLSKYETzcY2wV	Nine Inch Nails	A Violet Fluid	The Downward Spiral (Deluxe Edition)
w1DNGoZLFFnLQO7L	Chris Brown	Say Goodbye	Chris Brown (Expanded Edition)
w1JYcBKW3bMxocsu	Scissor Sisters	Land of a Thousand Words	Ta Dah
w1p4w3mLHpOhi693	Nicki Minaj	The Crying Game	The Pinkprint (Deluxe)
w1xcqQXVS7mESMev	Buddy Holly	Not Fade Away	Not Fade Away: The Complete Studio Recordings And More
w2LIk3QmsyXktDHO	Opeth	Cusp of Eternity	Pale Communion
w2S8c3Fwtmc9yk26	Rosetta Stone	Leave Me for Dead	Adrenaline
w3C6EfJAHVosmE6T	One Direction	History	Made In The A.M. (Deluxe Edition)
w3En2DnrWIDrnUCN	Cartola	Desta Vez Eu Vou	Verde Que Te Quero Rosa
w3QMjFsSgaGUJFtb	Ramin Djawadi	The Rains of Castamere	Game Of Thrones: Season 8 (Music from the HBO Series)
w3qfhvEqEaKoMHe2	The Birthday Party	Hamlet (Pow, Pow, Pow)	Junkyard
w4siJUAPpGNOSH6g	Shinedown	Diamond Eyes (Boom-Lay Boom-Lay Boom)	The Sound of Madness
w50Lfb8pr9mE7OX5	Regina Spektor	The Call	The Call
w57cL6rjiP0GjIJu	The Flashbulb	Dead On The 4th Of July	Nothing Is Real
w5Be9vpOuLlRmW15	Bette Midler	The Rose	The Rose
w5kjU9lJDWLQwnfV	Everything Everything	Zero Pharoah	Get To Heaven (Deluxe Version)
w63puXmP8eWJJeQi	Broken Social Scene	Stars and Sons	You Forgot It In People
w64KwSB7npnE8hb2	Feist	Inside and Out	Let It Die
w6BTU0doOLIYijKS	Midlake	Roscoe	The Trials Of Van Occupanther
w6LDwyb09Z7aPMhr	Billy Idol	Hot In The City	Billy Idol
w6dZZPH1JrOswNIN	Of Mice & Men	Pain	Cold World
w73mftnJLoLAYIGn	Robin Schulz	I Believe I'm Fine	Uncovered
w7MKZ4jo3ssNGW4v	Huerco S.	Angel (Phase)	Colonial Patterns
w7PZckOy6rsQs91D	Мы	Таю	Расстояние, Pt. 2
w7rJBwhlfdhJeL92	Glasvegas	The World Is Yours	EUPHORIC /// HEARTBREAK \\\
w80IVwuH4w37IWXb	Split Enz	Message To My Girl	Conflicting Emotions
w881MZNITa8HJcvL	Inspiral Carpets	This Is How It Feels	This Is How It Feels
w8Q1ZIZPI0WKGm9z	Odesza	We Were Young	Summer's Gone
w8rtuFztCfL1KzpR	Tom Waits	In Shades	Heartattack And Vine (Remastered)
w940ogjCNGrpxvir	The Jesus and Mary Chain	My Little Underground	Psychocandy
w96VZTnNTEyXNXh8	Blonde Redhead	Misery Is a Butterfly	Misery Is A Butterfly
w9CyhUrD7tv5zOvP	Queen	Great King Rat	Queen
wAOvOAR5h3FhUagv	Leandro & Leonardo	Um Sonhador	Um Sonhador
wAXij5XaK9tQ4DCD	The Prodigy	Wind It Up	Experience
wBZQZHbQveKaJRFq	Blue Öyster Cult	Morning Final	Agents Of Fortune
wBk79bOuOBT7J2AQ	Holding Absence	Permanent	Permanent / Dream of Me
wBrToSbldsUN7RYD	Manchester Orchestra	I've Got Friends	Mean Everything To Nothing
wC2eSHnbt1guRuav	Patrick Wolf	Oblivion	The Bachelor
wCM2UFSJxS0ryGpf	Porcupine Tree	Gravity Eyelids	In Absentia
wCPMStSN1z5GNvac	макулатура	пляж	пляж
wCehTe01kHHUxVnJ	BANKS	This Is Not About Us	The Altar
wCglEvCdtoWo5kK1	Ty Segall	Imaginary Person	Melted
wCxWPMq7SU6BvLFb	Francisca Valenzuela	Quiero Verte Más	Buen Soldado
wDua3A962HzJmt5u	Thank You Scientist	Mr. Invisible	Stranger Heads Prevail
wEVAql3aTyt8NIr9	Rihanna	Te Amo	Rated R
wEmCUwF6ql0uJ1Bm	GFRIEND	LOVE WHISPER	GFRIEND The 5th Mini Album <PARALLEL>
wFsz88iaKxMyv1qa	AFI	...but home is nowhere	Sing The Sorrow
wGWFf8T8ejPirEko	Maxïmo Park	Graffiti	A Certain Trigger
wH0pxqoDezzlrTVI	Mercenary	11 Dreams	11 Dreams
wIF9WTqGbt94IIuB	Motörhead	Die You Bastard	Another Perfect Day (Deluxe Edition)
wJ9MrBCuGjYqSGHl	Type O Negative	Love You to Death	October Rust [Special Edition]
wJJvXL0jnk956f4r	Seven Circle Sunrise	Praying For You	Beauty in Being Alone
wJjXJYEMp8OMqjS7	Christina Aguilera	Tough Lover	Burlesque Original Motion Picture Soundtrack
wKQ4FOkLlisuo8l7	Nouvelle Vague	Don't Go	Bande à Part
wKoB144EmzBEkIK9	Trivium	Of All These Yesterdays	In Waves (Special Edition)
wL0BJJPmZuVENRkn	Westkust	Swirl	Last Forever
wM02amI73QETEPcS	malik montana	Do Rana	Haram Masari
wMFkUWUakN9rh6Do	Yoni & Geti	Madeline	Testarossa
wMd3vqD6cznSAMFB	Beck	Elevator Music	The Information
wNaDf2Z83rVzWWF1	U2	Moment of Surrender	No Line On The Horizon
wNhnLZokO2pN5ABy	Pixie Geldof	Woman Go Wild	I'm Yours
wNlQrRbKZZTQhpYg	Alesana	Oh, How The Mighty Have Fallen	Confessions
wNvJ2zJw8QEUU7fw	Orties	Plus putes que toutes les putes	Sextape
wOJreXO78AWATI0f	NoMBe	Sex	They Might've Even Loved Me
wOK0fNCTmn7eLrOM	Red	Buried Beneath	Until We Have Faces
wOgJ2cYEAkbIFoiu	Mount Eerie	See Me	Dawn
wPsp5Pw2o1GHtTUd	Kaleo	No Good	A/B
wQLIfkQd9Cf02IB3	Bruno Mars	24K Magic	24K Magic
wRest78Oh8CSxmD2	Dance Gavin Dance	Something New	Instant Gratification
wS8YiGqCpYr2Y3jA	Traffic	Feelin' Alright	The Best Of Traffic
wSp2O9X2bOHL0qC4	The Naked and Famous	Last Forever	Simple Forms
wSrGfmxnMXnmh19t	Lena	Lost In You	Lost In You
wSwO5GhBq8y1jn5g	Skank	Resposta	#1 Hits
wTbScpMChUoYAvdl	Chris Spedding	Video Life	Guitar Graffiti (Expanded Edition)
wUIoXhk32WRlXztX	Bat for Lashes	Horses of the Sun	The Haunted Man (Deluxe Version)
wUueD4TogHbWwZpp	Sugababes	Beware	Catfights And Spotlights (INTERNATIONAL)
wVJPGE6NpdM2lcuh	Linda Martini	Bom Partido	Sirumba
wVs34YoLfvIUxR3H	deadmau5	I Remember - Radio Edit	I Remember
wVsyXdKUXXqpdP26	Potato	ทิ้งไว้กลางทาง	POTATO FROM THEN TILL NOW
wWCS7VGzsMcEiQpS	OCS	Cannibal Planet	Memory of a Cut off Head
wWY9eB18ccgtcQEn	Tina Turner	Private Dancer - Single Edit	Tina!
wXVEUzSovffeBgfc	La Habitación Roja	Madrid	Memoria
wXXqqJl8zPifGXWp	John Mayer	Bold As Love	Continuum
wXciZSkM8hdWtcn6	Muse	Glorious	Black Holes And Revelations
wYViIvODJJW7NrK4	Nate Ruess	You Light My Fire	Grand Romantic
wYmHOsdV71S4SBte	Cultura Profética	Para Estar	La Dulzura
wZWxThEcPCOUnikc	Busted	3am	A Present For Everyone
wa3NcWiWGkXca2lW	Cheap Trick	Come on, Come On	In Color
waWhCTq4MbwTuqoF	Eluveitie	Setlon	Everything Remains (As It Never Was)
waexM2D7S6PDhd9E	Fischerspooner	All We Are	Odyssey
walxWViAIiOd5e4s	Carole King	So Far Away	Tapestry
wayc1GRjC10XWJVR	Smash Into Pieces	Stay	Rise and Shine
wbJWFlmrHkax5pzp	Stacy Lattisaw	Let Me Be Your Angel	Let Me Be Your Angel
wbVvno8PaLyGicEv	Alice in Chains	Down in a Hole	Dirt
wbWZgxkkhL45NAuw	Sum 41	What Am I to Say	Screaming Bloody Murder
wbgQmVbFZzCvh969	Handsome Poets	Sky On Fire	Sky on Fire
wbmMChuG3ps66EmR	New Order	Crystal	Get Ready
wcKdTGmOzZMzG8ZU	Leprous	Bilateral	Bilateral
wczOkPL07tKUUGoy	Parkway Drive	Absolute Power	Reverence
wd7vX2b80Yi1ksBx	Miami Nights 1984	Ocean Drive	Turbulence
wdGlALS3Rh51ZLVJ	Elder	The Falling Veil	Reflections of a Floating World
wdQztxX81nLEruCo	Hope Sandoval & The Warm Inventions	Drop	Bavarian Fruit Bread
wdRX3yzc9iMOqpim	The Beatles	Here, There And Everywhere - Remastered	Revolver (Remastered)
wdg9CPs88fDGfibe	B.A.P	GO	CARNIVAL
wdkx1FcUhmVcTpgy	Alabama Shakes	Hang Loose	Boys & Girls
weYoemShgpPENroN	John Frusciante	Away & Anywhere	To Record Only Water For Ten Days (U.S. Version)
wfCPwxdNBulqJsyj	Jesper Kyd	Venice Rooftops	Assassin's Creed 2 (Original Game Soundtrack)
wfGkEiHku71EU7t2	Heart	Love Alive	Little Queen
wfm2TCP3XLeLG0rX	Bebe Rexha	(Not) The One	All Your Fault: Pt. 2
wgdhxtKgPCvd6tPl	Die Antwoord	Darkling	Mount Ninji and da Nice Time Kid
wgwZwSe3P7b97eUF	Burzum	To Hel and Back Again	The Ways of Yore
whM9P0qmqNjH6XNI	Deafheaven	Baby Blue	New Bermuda
wj9eefDZQFtnPnVH	Möwe	Who's To Blame	Who's To Blame
wjUvJ8dvWsgwucHs	Big Up	Deixa o Amor	Uni-Versos
wjhPyeqAPGCx2Q8h	Preoccupations	Degraded	Preoccupations
wjuOa1MO1mAhMtZx	Sarah Brightman	Here With Me	La Luna
wkJhWnGfPtpCerQr	Alvvays	Ones Who Love You	Alvvays
wkpKyXuXJyUgllgK	Moderat	Seamonkey	Moderat
wlcsUn0tA0ByAxyE	Raimundos	Lugar Ao Sol - Ao Vivo | Acústico	Acústico - Ao Vivo
wlzCYtmV2GDLI1ne	SAAY	VODKA & LEMON SHOT - 2018 Nu Mix	CLAASSIC
wm1T6O36izEGTkzI	Sex Pistols	My Way	50 Punk Rock Hits
wmCKbX2aWx2tTFj4	Deathspell Omega	Epiklesis I	Paracletus
wmDfLKyUAttJEbnr	Blackfield	Christenings	BLACKFIELD II
wmQAeNc7epXlaAzB	JinSang	affection	Life
wmebf4IeIAWpH23w	Braid	Never Will Come For Us	Frame and Canvas
wnreB4as3kSRwQW3	Ignite	Let It Burn	Our Darkest Days
wnskbhun8T32DcEG	Pulp	Pencil Skirt	Different Class
woKaOuePP4JqsoRp	Las Ligas Menores	Contando Lunas	Fuego Artificial
woYcA7PVgvKszzzB	Iglooghost	Påleo Mamu	Clear Tamei
wpTJNmGEAmX4boiO	Fernando Motta	A Noite	Desde Que o Mundo É Cego
wqPSFpwPTqnUpNxn	CROSS GENE	touch it	ZERO
wqYeNqrUxqVPw4u4	Maxïmo Park	Leave This Island	Too Much Information
wqc0zThdHbZHeFbn	Blind Guardian	Time What Is Time	Somewhere Far Beyond (Remastered 2007)
wqnd5YgE2Fh3WhNU	Katatonia	Displaced	The Great Cold Distance (10th Anniversary Edition)
wqwqPHarohW4paEH	Taylor Swift	Back to December (acoustic)	Speak Now (Deluxe Edition)
wr93zy6wrksrq4we	A$AP Rocky	Buck Shots	TESTING
wrAXGVsmyBlbBjjH	Black Devil Disco Club	One To Choose	Black Devil Disco Club
wrKyd2R0bzQBpszJ	Owl City	Early Birdie	Maybe I'm Dreaming
wsDvE2DE6iHLoUXp	Madredeus	O Pastor	Existir
wsGGjUbB90MtkF5k	The White Stripes	You're Pretty Good Looking (For a Girl)	De Stijl
wt3xdJYIOQXa9qUw	U2	Miracle Drug	How To Dismantle An Atomic Bomb
wtmB3ocrORsGv7sp	Jamie xx	Stranger in a Room	In Colour
wu1LSZk1VMK51cZF	Britt Nicole	Gold	Gold
wuLiGQ8yMaFkatsZ	Greyson Chance	Back on the Wall	Back on the Wall
wukA1wBHsZM5R64U	September	Me & My Microphone	Me & My Microphone
wv3MqZSYaVcaeGIN	Switchfoot	Your Love Is a Song	Hello Hurricane
wvN9VdPwBXeXXTVp	The Cranberries	Salvation	To The Faithful Departed
wvxJ3diYAjfDEYx6	As I Lay Dying	Bury Us All	An Ocean Between Us
wwXm7ircqopveami	The Beatles	Please Please Me	Please Please Me (Remastered)
wwaLeliGzWKCf95d	Di Melo	Má-lida	Di Melo
wxMihf7Rgk54AwBU	Stella Donnelly	Face It	Beware of the Dogs
wxetZOv6BCSZchC8	Clint Mansell	Tree of Life	The Fountain OST
wyk2grypIheZI2EZ	Júpiter Maçã	Little Raver	Uma Tarde Na Fruteira
wz3eC4c38Tyfmlkg	Black Kids	Look at Me (When I Rock Wichoo)	Partie Traumatic
wz7Hpf9vQwZAVNIc	The Slits	Instant Hit	Cut (Deluxe Edition)
wz9Lk90thBx1TcaC	Billie Holiday	My Man	Billie Holiday Love Songs
wzDtKIqttUpPvlJY	Daniela Andrade	Stare at Each Other & Fall in Love	Stare at Each Other & Fall in Love
wza2SDaK2shlhrSR	Dalida	Bang Bang	Escales Autour Du Monde
wzyVgYHzy4X6tbGD	Nirvana	D-7 - Live At The BBC	Nevermind
x0BoMpplnzwWFbIv	Depeche Mode	Puppets	Speak & Spell (2006 Remastered Edition)
x0X0yrqDMrGTZepg	The Pastels	Nothing To Be Done	Truckload Of Trouble
x0wIM6uEuhNcolM3	Imagine Dragons	I Don't Know Why	Evolve
x0wx9Gifk9BMIQNp	Vienna Teng	Augustine	Inland Territory
x1IgSXHKjiYHGVFl	All Time Low	Toxic Valentine	Toxic Valentine
x1aaWnOgm8dMLh0M	The Jungle Giants	She's a Riot	Learn to Exist
x1arf00pQjsqO0Qy	Ryan Adams	In My Time of Need	Heartbreaker
x2NCGmW1sXnvedMa	Twenty One Pilots	The Hype	The Hype (Alt Mix)
x2S0EQQmXQRwDT89	Banda Magníficos	Chorando se foi	A Preferida do Brasil
x2gfQxbRKtiVfzGs	The Clash	Train in Vain - Remastered	London Calling
x2iaRQqtICNElPhT	5 A Seco	brisa	Síntese
x2udXvrt0a982gcR	tricot	Munasawagi	3
x34GAHtPhxEn0cxU	Bicep	Glue	Bicep
x3mou4Z2TgG5ycWk	Ghost Culture	Mouth	Ghost Culture
x4hv0ALTsGICpzry	Enigma	20.000 Miles Over the Sea	A Posteriori
x5FxsH6wQoczp3JL	4minute	Get On The Floor	Volume Up
x5fxh1zbSbWboqKG	Tom Zé	O Anfitrião	Dois Momentos - Vol.1
x68RTwGiegBXHliz	Dashboard Confessional	Rapid Hope Loss	A Mark, A Mission, A Brand, A Scar
x6MINMVc0jxdQQ4x	Ladytron	Skools Out...	604
x6P4j4AQfqygjhgc	Andy & Lucas	Tanto la Queria	Andy & Lucas
x6Wm94GM8ZzsX1fH	Leif Garrett	I Was Made for Dancin'	The Leif Garrett Collection
x7LGjnccOuSSgL9R	The Flatliners	Resuscitation Of The Year	Dead Language
x7ZYklh1kDyNkXIh	Phace	Cold Champagne	Cold Champagne / Astral Projection
x8Mf7T74rSDxcwGk	Darkthrone	Circle The Wagons	Circle The Wagons
x929NZxIzCJ8GEOf	The Black Crowes	I Ain't Hiding	Before the Frost... Until the Freeze
x9L1rxEmeFyZvWSB	Millencolin	Caveman's Land	SOS
xBCiFccD8enX69JT	Demi Lovato	Old Ways	Confident (Deluxe Edition)
xBI4ltwyJRfkSZ68	La Ley	Día Cero	Invisible
xBSWF5nNmhEWWfXj	The Sundays	Here's Where the Story Ends	Reading, Writing & Arithmetic
xC3kry1ZA7RS61Q2	Slow J	Teu Eternamente	Teu Eternamente
xCb8VMfP5yVKapGD	DIIV	Incarnate Devil	Is the Is Are
xCkRr4Ok7FcBdm8p	Nafla	kickback	ANGELS
xE4OkepHJvOZ30Fj	Pendulum	The Terminal	Hold Your Colour
xEYVbgBjgPGr2HQT	Tegan and Sara	Wake Up Exhausted	So Jealous
xF228OT96m5dtF7J	Nelly	Just A Dream (Main)	5.0
xFD9fB0rITLpBiDc	DreamNote	Hakuna Matata	Dream:us
xFSHL14m21IBChEy	Miles Davis	Sanctuary	Bitches Brew
xGCzmNE6Iq6F8wZb	Streetlight Manifesto	Ungrateful	The Hands That Thieve
xK0vtRfUu015RqMZ	After Midnight Project	Backlit Medley	Let's Build Something To Break
xK3sgea5DZ6aMmCc	The Weeknd	False Alarm	Starboy
xK6PtPPUuAoAltQD	Burak Yeter	Crash	Crash
xKETq4PMnXTZBVHw	Tim Hecker	Radiance	Virgins
xMDsZJiAT213RMLl	Scissor Sisters	The Other Side	Ta Dah
xMMSTfglDq0nfMMO	Chelsea Wolfe	Iron Moon	Abyss
xMsgghyQ7dNxQwG3	Stick to Your Guns	Nobody	Disobedient
xN9RzxHRD81yP8Kz	Arctic Monkeys	Fake Tales of San Francisco	Whatever People Say I Am, That's What I'm Not
xNJNJyNl1u4RH4Dp	Matchbox Twenty	Disease	The Matchbox Twenty Collection
xNsYlVMULB81N9ZZ	Issues	Made To Last	Headspace
xNwzRpcHO0FQmcUg	John Maus	Castles in the Grave	A Collection of Rarities and Previously Unreleased Material
xPVPHDWUjZR1HDqP	Amberian Dawn	Incubus	The Clouds of Northland Thunder
xPkarNdxtmOXFG47	Everything But the Girl	I Don't Understand Anything	Amplified Heart (Deluxe Edition)
xPsn0NwTemozO2AS	Creed	Lullaby	Weathered
xPzyL03GdSZiGHOy	Northlane	Render	Mesmer
xQ8nao2SZIRVDkaO	Osatia	We Care	We Care
xQI2kiTL1GJy5YPZ	Cody Simpson	All Day	4 U EP
xRG6VQB0WkxK5fWl	Atoms for Peace	Ingenue	AMOK
xRYnCIOrfrnLAdXt	Yeah Yeah Yeahs	Warrior	Show Your Bones
xRn1ylhm5labUQsQ	Goldfrapp	I Wanna Life	Head First
xRp3I9ZpnY1qv1io	Toto	Without Your Love	Fahrenheit
xSmgqRs2ltIwu46N	Damien Rice	The Box	My Favourite Faded Fantasy
xT4XCWKEZd7HdxEj	Boards of Canada	Into the Rainbow Vein	The Campfire Headphase
xTV31DrfW6tyr7KI	Kane	Rain Down On Me	What If
xTfBVjiktBFKRtxM	Julia Jacklin	When The Family Flies In	Crushing
xUejPutgMvdRzpsX	rumahsakit	Kuning	1+2
xUrcqRSoPknsGKU7	Gossip	8th Wonder	Music For Men
xUsBqk4JFsJw7BzQ	Steven Wilson	First Regret	Hand Cannot Erase
xVGXaD8CA8ttZ2Ch	The Avener	To Let Myself Go	The Wanderings Of The Avener
xVeQ8q5TCklNk5HQ	Eros Ramazzotti	Stella Gemella	Eros 30 (Deluxe Version)
xWK6qt89GkD3ZsAH	Tanukichan	Bitter Medicine	Sundays
xWYCYPIrpiAoXrl0	liily	Toro	I Can Fool Anybody in This Town
xWdUGTImVgov8oP5	Muse	Exo-Politics	Black Holes And Revelations
xWeEfQxl3ouAbD6o	Young Fathers	Queen Is Dead	Tape Two
xX5Xf4c4w6xhNPqC	Oh Land	Earth Sick	Earth Sick
xXPmQYlBPrFZU6h7	Neon Indian	Polish Girl	Era Extraña
xXfZeuu3ndCPTPaF	Aerosmith	Angel's Eye	Charlie's Angels - Music From The Motion Picture
xXpUScFyWnlDkWPZ	Falling in Reverse	Superhero	Coming Home (Deluxe Edition)
xXyAWYtBwmJrLYcy	X-Ray Spex	I Am a Cliché	Germ Free Adolescents: The Anthology
xYuAGBwjGUqEjk8y	Machine Head	This Is the End	Unto The Locust
xZSDuxli2aoVtmLh	Soul Asylum	Black Gold	Black Gold: The Best Of Soul Asylum
xZkuIVHbrzA416qB	Pale Saints	Thread of Light	In Ribbons
xZtjzpMS7tKfnkNI	Brooke Candy	Volcano	Volcano
xa6Mf3BLv5bNwXyg	Amanda Seyfried	The Name of the Game	Mamma Mia! The Movie Soundtrack
xaSUCFsJmEF8HqYl	Simon Curtis	Pit of Vipers	R∆
xbPROldsip73RSkA	Funeral Mist	Perdition's Light	Salvation
xbbfluEgQZJLfWTT	Yes	Time and a Word	Time And A Word [Expanded & Remastered]
xcJPMrFB2kCGMcmm	Popcaan	Superstar	Forever
xcosr9naMm8VL0Tv	Beck	Lord Only Knows	Odelay
xcwiPHyK1m50lxuf	Stars	Losing To You	There Is No Love In Fluorescent Light
xd7zDOlAGrmIUNMo	Five Finger Death Punch	No Sudden Movement	Got Your Six (Deluxe)
xdJFbrUN8e2J0bWa	Duffy	Loving You	I'm Still Loving You
xdQbIcbWPWeYxE3p	Sophie Ellis-Bextor	Everything Falls Into Place	Read My Lips
xeO7McHJvdlEW6Ed	Mayhem	Trinity	Esoteric Warfare
xeVXUzb3BoyCMHXG	George Michael	Cars and Trains	Patience
xfHk98eJr61cvIs3	Regina Spektor	Samson - Live In London	Live In London
xfowo70kQkyYMdv4	Gene Kelly	Singin' in the Rain	Singin' In The Rain (Original Film Soundtrack)
xgDt5mpxICEcfh5l	Jay Sean	Do You Remember	All Or Nothing
xgXwLD1zVrA2r8w8	Mom Jeans.	I left my towel at my friend's house and then they moved PT 1	Puppy Love
xgaNiLxAqzknO3pn	Cat Power	The Greatest	The Greatest
xh6pZEaRtqMIYjIw	Health	God Botherer	VOL. 4 :: SLAVES OF FEAR
xhJ2y1SYoa1NZQ2P	Radiohead	Bullet Proof..I Wish I Was	The Bends
xhQWWzKY5TAwaliZ	OutKast	Ms. Jackson	Stankonia
xhugtZRumLUU0Nf6	Buddy Holly	I'm Gonna Love You Too	Buddy Holly
xiHJKpeT0urb5Ehv	Little Jinder	Super 8	Allting suger
xiLUSOJOsgBIiy1N	The Move	Fire Brigade	Live at The Marquee Club (Stereo)
xj06nPLeBFenctWQ	Rome	A Pact of Blood	1 Die Aesthetik Der Herrscha
xkNfs3O6LhPdCMbA	Alexis Jordan	Hush Hush	Alexis Jordan
xkWhqvmzlY2tyIMB	Aphex Twin	PAPAT4 [155][pineal mix]	Syro
xkjcuYdbAc1oFVeO	Emily King	Radio	The Seven EP
xkk6h7NEVzRbBxJU	John Fogerty	The Old Man Down the Road	Centerfield - 25th Anniversary
xl7WL3MrUxVCYDu4	Céline Dion	The Power Of The Dream	The Collector's Series Vol. 1
xlCSNzdogggKu2da	Rilo Kiley	I Never	More Adventurous (U.S. Release)
xlVLEFnI2HlA4Vrq	Honeyblood	Love Is A Disease	Babes Never Die
xldzorOc1sbvfNur	The Kinks	Wicked Annabella	The Kinks Are The Village Green Preservation Society (2018 Stereo Remaster)
xlqawVEjwLtLNAAO	Arcade Fire	Sprawl I (Flatland)	The Suburbs
xmkQ8FHhspUlNPsS	Delyno	Let me feel you	Let Me Feel You - Single
xmo98Ez8Nwejh8WP	Majik	How It Is	Under the Influence
xnnnRjxsjTsMqqFy	Deathspell Omega	Blessed Are the Dead Whiche Dye in the Lorde	Si Monumentum Requires, Circumspice
xo0xZiNQRp1VcJR4	JPEGMAFIA	All Caps No Spaces	Black Ben Carson
xoDWi8UhtqT0zdcJ	Jessie Ware	Sweet Talk	Devotion
xpByvoxbs4ZJxfmQ	Tom Waits	God's Away on Business	Blood Money (Remastered)
xpMScb569sTjbGHx	Eternal Tears of Sorrow	Baptized by the Blood of Angels	Children of the Dark Waters
xphzfTIlojeuNgbP	Against the Current	Paralyzed	Gravity
xpm71RlMLB0YTop9	Deerhunter	Vox Humana	Weird Era Cont
xqKat61zfR6sfxtZ	Father John Misty	Funtimes in Babylon	Fear Fun
xqYPfFTr1Xzad5bk	Chronixx	I Can	Chronology
xqxOhVeeqpEJIiUf	Morphine	The Saddest Song	Good
xr3ediQZ30ObOSbS	Austin Mahone	Why Don't We	Why Don't We
xrBOdkBYFpSvtrqT	April March	Laisse tomber les filles	Chick Habit
xraFEi39V5V8ElEw	Grouper	When We Fall	Dragging a Dead Deer Up a Hill
xs755Xv7WwZFoTNQ	Comeback Kid	Do Yourself a Favor	Symptoms + Cures
xsAC7LEsEv3vlz4p	Moby	In This World	18 & 18 B-Sides
xsRMt9WbAqsRpq6u	Remo Drive	Crash Test Rating	Greatest Hits
xsjNdgbV6isQbVF9	William Basinski	dlp 4	The Disintegration Loops III (Remastered)
xssAKrIfWv7wLWJj	Iyeoka	Say Yes	Say Yes
xt4RKKv19C7GElyb	Ivan Lins	Lembra De Mim	Anjo De Mim
xtJqhMS7UyFV3vIh	The Vamps	Stay	Night & Day (Night Edition)
xtR3Ctv9AhFLaJ9D	W.A.S.P.	The Real Me	The Headless Children
xtqwVkrJWBjHXM2y	AOA	Bing Bing	AOA 1st Album ANGEL'S KNOCK
xttpTFOEM44f27xR	Dave Simon	I Need Your Love	SUPER EUROBEAT presents INITIAL D 〜D SELECTION 2〜
xtw7RpP8uGuVrcFL	Sonic Youth	Anagrama	Anagrama (Syr 1)
xu2LzYhkeyHSvSlu	Menores Atos	Karate	Lapso
xuaL5Z7IWQ53nut4	Garbage	Milk	Absolute Garbage
xudA6GSSJTas5vJn	Anamanaguchi	Canal Paradise	Endless Fantasy
xvLw3kWHXk9cVdcy	Mitski	Square	Retired from Sad, New Career in Business
xvv74n6x1kz49rst	Anahí	Mi Delirio	Mi Delirio
xwHe5ybP1MWC5IJh	Delain	Control the Storm (Live)	Hunter's Moon
xwJc7oM2dkbh17Sy	Eurythmics	When Tomorrow Comes	Revenge
xwNRl6QA79WxwybH	We As Human	Strike Back	We As Human
xx7AjP300BpGG3CX	Fleetwood Mac	Big Love	Tango In the Night (Deluxe Edition)
xxKIWSUPqTRkDK8v	Muse	Thoughts of a Dying Atheist	Absolution
xxMZNcsdctFhnqC1	Slick Rick	Mona Lisa	The Great Adventures Of Slick Rick
xxl7VOv9iFrnHEb2	Tulipa Ruiz	Tafetá	Dancê
xxtIlt8rG3zAlFtX	X-Ray Spex	Art-I-Ficial	Germ Free Adolescents: The Anthology
xyoGJ588x09H0h8F	Winona Forever	Heads or Tails	Heads or Tails
xzA8mP8yexsrTs7p	Fugazi	Pink Frosty	Instrument Soundtrack
xzR3bZYMXC4pngrP	Emery	Studying Politics	The Question
xzWY2xKwFj1eaU2E	Cave In	Stained Silver	Antenna
xzZddKwR3B3ViQpb	Dinah Washington	This Bitter Earth	Compact Jazz
y05dHD9K6O3sCk2F	Imagine Dragons	The Unknown	Smoke + Mirrors (Deluxe)
y0ZafC3G45Dp0OTh	Fit for a King	Oblivion	Dark Skies
y0iRX8LrYqnrotNu	Pitty	De Você	Anacrônico
y0vmwpSdsrkROj9m	The White Stripes	There's No Home for You Here	Elephant
y0wiYl4BA6Wf1GPx	Nightmares on Wax	Da Feelin	Thought So…
y1UiMjmab4c52Slg	Marilyn Manson	Into the Fire	The High End Of Low (Deluxe)
y23ZDGllD0RMC3Gf	The Unicorns	Child Star	Who Will Cut Our Hair When We're Gone? (Remastered)
y2TvubC3xyf9t50k	Calippo	What Is House	What Is House
y33F3gjubszoaFRF	Ramin Djawadi	Hear Me Roar	Game Of Thrones: Season 6 (Music from the HBO Series)
y3MqKDTATQF14Cd6	Black Honey	Spinning Wheel	Black Honey (Deluxe)
y3YtSQhfBUwm3apT	Bhad Bhabie	Famous	15
y3sQM0MYAvXL4rnx	Hüsker Dü	Standing by the Sea	Zen Arcade
y4p5mYUoXNVgLzKS	Elton John	Blue Eyes	Jump Up!
y5iI2R8d4Zv1VCPs	The Orielles	Old Stuff, New Glass	Silver Dollar Moment
y5nlpGu4jMLE0Wqd	Sara Bareilles	Brave	The Blessed Unrest
y6Xqwosk4wPVWE0v	Incubus	No Fun	8
y6giaDRWgY7RVDfa	Gabrielle Aplin	Ghosts	Acoustic
y6wZT7dq7isrj1Zt	Miss Caffeina	Mira Cómo Vuelo	Detroit
y7bBlKR3yn3DpoEJ	The Grass Roots	Midnight Confessions	Temptation Eyes
y7fQzcjsqFU1iG8n	Vitor Ramil	Foi No Mês Que Vem	Foi No Mês Que Vem
y7q0hreUMWLclmnV	John Cage	Dream	John Cage: As It Is
y7xePVuQkALxLtuH	Kodak Black	First Day Out	First Day Out
y86rxJbIieI0nVAf	Yumi Zouma	Drachma	Yoncalla
y940RQ5C1RVrMQET	Mastodon	March of the Fire Ants	Remission (Reissue)
y9PNNtuUNJWIGxIn	Death	Flesh and the Power It Holds	The Sound of Perseverance - Reissue
yA0YFr2whAxMUMMV	Gil Scott-Heron	Pieces of a Man	Pieces Of A Man
yAXHDPi6EV5Bxg6Z	John Williams	The Jedi Steps and Finale	Star Wars: The Force Awakens (Original Motion Picture Soundtrack)
yBPAagx0EjyUpV7D	Sean Paul	Like Glue	Dutty Rock
yBQp1MprCMOGDd26	Behexen	Cave Of The Dark Dreams	The Poisonous Path
yC6Q0ZOEQBAQQF3A	Tiny Little Houses	Milo Tin	Milo Tin
yC6qh3tC9uA3kubs	Tokyo Police Club	Wait Up (Boots of Danger)	Champ
yCQKiq2jfwBohgAM	Wings	Let 'Em In	Wings At The Speed Of Sound
yDLQAgv5UVDW0cAA	Motion City Soundtrack	I Can Feel You	Panic Stations
yDUxI7tjCkSXdSvc	Tim Buckley	Song to the Siren - take 7	Works In Progress
yDcnXFuvdQw9B4vm	Led Zeppelin	Over the Hills and Far Away	Houses Of The Holy
yE0lKZn21huIzyJk	AJR	Come Hang Out	The Click
yE7RkAcQCztbn0ld	Little Walter	Juke	The Essential Little Walter
yEV6FN4Cf4uWYie0	India.Arie	Video	Acoustic Soul
yEbjUv5FN9kHGC7e	Puddle of Mudd	She Hates Me	Come Clean
yFKxs7BRlg1XVYSK	Philip Glass	Dead Things	The Hours (Music from the Motion Picture Soundtrack)
yFW0KNy8lvqf3rK7	Third Eye Blind	Monotov's Private Opera	Ursa Major
yFvj4fU7uaabYOZH	Mojave 3	Where is the Love	Ask Me Tomorrow
yG0WFZMNLx8CV9Um	$uicideboy$	BREAKDALAW2K16	Eternal Grey
yGa8a8r9MohiymNg	Elza Soares	A Mulher do Fim do Mundo	A mulher do fim do mundo (The Woman at the End of the World)
yGgt6Io9bL81a7xj	Jordin Sparks	No Parade	Battlefield
yHS1YLpQx36jVDEd	Oren Lavie	Her Morning Elegance	1968 Un monde en révoltes
yHWLQKeVzuMV7ory	Harrison Storm	Dreams	Change It All
yHxPa7otg8ZoXa1h	Fear Factory	Invisible Wounds (Dark Bodies)	Digimortal [Special Edition]
yIJxc6jGVUoMoASv	Blondie	Just Go Away	Parallel Lines
yIul7Xf9NqZByUX7	Collective Soul	Where the River Flows	Collective Soul
yIzgEe9OfObO5SkX	Roy Orbison	All I Have to Do Is Dream	In Dreams
yJvAqijfTDEuA2Fd	Saint Motel	Born Again	saintmotelevision
yJylm8Cu0r30VZny	hoops	On Letting Go	Routines
yK4T0V5Ud558KTrC	avelino	Rich Soul	F.Y.O
yKkuAhG4i3MC1DgA	Too Close To Touch	Hard To Love	I'm Hard To Love, But So Are You, Vol. 1
yL9miFgTwQojjwco	George Martin	Pepperland - Remastered 2009	Yellow Submarine (Remastered)
yLBPBTi5ICbOVvKS	Pitty	8 ou 80	Chiaroscuro
yLDYDyhZ3FFmc2Ys	Cheryl	Stand Up	3 Words
yMdnm3GvX9vwbnfu	Ayelle	Obvious	Obvious
yMwSYtKRuCg0kfZf	Underoath	In Regards To Myself	Define The Great Line
yNiFgRwcUc6y42rP	FEWS	Business Man	Into Red
yO1ZLmykwCstpIIM	Eisley	A Song For the Birds	I'm Only Dreaming
yOZm3x8GQDckGdgI	deadmau5	cabin	Polar (Music from the Netflix Film)
yPV2pr1BBs96Wkbi	Felipe Araújo	Inventa Algum Sentimento - Ao Vivo	Por Inteiro (Primeira Metade) [Ao Vivo]
yPe2IZAYdKod1dGk	Sabrina Carpenter	Thumbs	EVOLution
yPhiaJTRbpFcsEqG	Ice Cube	Fire Water	Everythangs Corrupt
yQTE1GqOGR8ApyMz	Lewis Watson	Holding On	the morning (all of the songs)
yRR8jQNkueUHpM4X	Weyes Blood	Everybody's Talkin'	A Certain Kind b/w Everybody's Talkin'
yRX83sdbxIuoa0u1	blessthefall	Higinia	His Last Walk
ySGPx7O3jnVERPfa	Dangerkids	Light Escapes	Collapse
ySYPmw8uMr5ExleN	Dead American	Grown So Cold	The Shape of Punk Is Dumb
yTRQJWVYSlOdV8pZ	Nação Zumbi	Nascedouro	Fome de Tudo
yTVRzZQWbNKw9sPf	Café Tacvba	El metro	Re
yTvCIAPBJv18RpHJ	Emarosa	I'll Just Wait	Versus
yVVC4N4eVWREzzqN	Breaking Benjamin	Breakdown	We Are Not Alone
yVVtbIaWHhTzsIFp	Fenech-Soler	All I Know	Rituals (Special Edition)
yW2lNyzOkgMU0Ugh	Motion City Soundtrack	My Favorite Accident	I Am The Movie
yW9oy32QEoLLyCyR	Clan of Xymox	A Day	Clan Of Xymox
yWakUvEvJA3cWUFC	Aseul	I Am	New Pop
yWpasLZxMkCbp8b8	The Dubliners	Whiskey in the Jar	The Best Of The Dubliners
yYjUBRUpj1KaQFKD	Plini	Away	Sweet Nothings
yZJlrvsCaSddEA1G	Nirvana	School	Bleach: Deluxe Edition
yacosNcLzkstziPh	Luiz Melodia	Estácio, Eu E Você	Luiz Melodia Especial MTV (Ao Vivo)
yatM9kO3cGLVDbKP	Chelsea Cutler	The Reason	The Reason
ybjSWXeF9hV43rV6	Michael Schulte	The Love You Left Behind	The Love You Left Behind
ybxom0QE4MOEZIYk	Lô Borges	Tudo Que Você Podia Ser	Retratos
yd3PgPFcEBvKMAet	Garmarna	Varulven	Guds Spelemän
ydhuZXDFESKe0Smb	Robbie Williams & Kylie Minogue	Kids	In And Out Of Consciousness: Greatest Hits 1990 - 2010
ydk0QQx8Y0gBTGuy	The Cinematic Orchestra	Time and Space	Ma Fleur
ydpb57R61JNUBZhb	Rhye	Sinful	Blood
ye5zgXGTnaAkhA35	Lindsey Stirling	Spontaneous Me	Lindsey Stirling
yeJexiTtRWAIMdRN	Claude Debussy	Rêverie	Debussy Piano Edition
yeOF1YcfriokSbCW	The Moldy Peaches	Lazy Confessions	The Moldy Peaches
yeTAY1wfeosSJh8D	Coldplay	Til Kingdom Come	X&Y
yeUFxN4SUgAo9xuz	Emitt Rhodes	Somebody Made For Me	The Emitt Rhodes Recordings (1969-1973)
yeeM7N9Rpmfh6paZ	Wavves	Daisy	You’re Welcome
yetMyibYY6m5VrhI	Claudia Leitte	Foragido	Sette
yfPeTPVemZtImxWE	Charlotte Gainsbourg	Deadly Valentine (Live Version)	Take 2
yfbBZIYYrhXGTn6z	reGretGirl	ホワイトアウト	my
ygTpNo5JjJRXuPtI	Linda Perhacs	Chimacum Rain	Parallelograms
ygkUhqslGxDreZW7	Rina Sawayama	Take Me as I Am	RINA
ygtaOzLcvVDHLjc0	Young Nudy	Loaded Baked Potato	Nudy Land
ygu36Bh6uAgZOjFP	TEEN TOP	Day	RED POINT
yhLXi6vwaBfmPA6g	Nívea Soares	Rio	Rio
yhgo9cJpYTC0aBh9	Finley Quaye	Sunday Shining	Maverick A Strike
yhpTlaoFlj6GAKdN	Jamie Woon	Shoulda	Mirrorwriting
yhtOymRYtmp3PGgF	Renée Elise Goldsberry	Satisfied	Hamilton (Original Broadway Cast Recording)
yhwO5ofA8zane4fc	Morcheeba	Part of the Process	Big Calm
yi3wP9RKVR7ZkMXO	SHINee	Jo Jo	SHINee World (The 1st Asia Tour Album)
yiEUUwicz0Mg2HJd	Grauzone	Hinter den Bergen	Grauzone
yiXxPFTtVIzPHdZh	The Stone Roses	Waterfall - Remastered	The Stone Roses
yjF0SxzctSeTzIjf	João Bosco	Kid Cavaquinho	Maxximum - João Bosco
yje5no46vnBpMZH1	Love Battery	Between the Eyes	Between The Eyes
yjo9RiyzrQBIlvuo	Marvin Gaye	Sparrow	Here, My Dear
ykMScmUCEg7Wy39s	Architects	All Love Is Lost	All Our Gods Have Abandoned Us
ylZSHdQr0JTJdfjh	Built to Spill	So	Untethered Moon
ymyN8yjI3JV5SgTj	DaBaby	Blank Blank	Blank Blank
yn2nAjhEDOp1a235	Slipknot	Override	.5: The Gray Chapter (Special Edition)
yn6XtN9fP3Td3ujy	Hypocrisy	Hang Him High	A Taste Of Extreme Divinity
ynHSMgW1llRp5TEi	No Doubt	BND	No Doubt
ynX0O5X36vy95QQf	Carcass	Incarnated Solvent Abuse	Gods Of Grind
yoRBMGHPWdt9tsnq	Annie Lennox	I Can't Get Next to You	Medusa
yp8wyuOrANXCqTdH	Natasha St-Pier	Aimer c'est tout donner - Thérèse de Lisieux	Aimer c'est tout donner - Thérèse de Lisieux
ypwVUkXs71HkdG2W	Yes	Hearts	90125 (Deluxe Version)
yq2DR4wx4U5yZQ8v	$uicideboy$	FOR THE LAST TIME	KILL YOURSELF Part XX: The Infinity Saga
yqgwR3LLm5QYaVSs	The Cab	Bounce	Whisper War
yrHNb205DJFwDQW2	O Rappa	Bitterusso Champagne	O Rappa - Acústico Oficina Francisco Brennand (Deluxe) [Ao Vivo]
yrnQ3qo6XXb0MX7I	Trivium	Dusk Dismantled	In Waves (Special Edition)
ysNgcbfVtfwsQt1m	Brian McBride	Silent Motels	When the Detail Lost Its Freedom
ysNlf3yzt7F5dHVi	Christian Chávez	Tóxico	Conectado
ysZuzMcrnchgrahT	Mac DeMarco	Passing Out Pieces	Salad Days
ytb0u6mskqqGBMXL	Freddie Mercury	The Great Pretender	The Very Best of Freddie Mercury Solo: Lover of Life, Singer of Songs
yu3gQAnaulYqGPCM	Ellie Goulding	How Long Will I Love You	Halcyon Days
yuR1sQODQtlmsMGH	American Pleasure Club	all the lonely nights in your life	A Whole Fucking Lifetime of This
yuafclhKHugR0S1p	Blackbird Blackbird	Love Unlimited	Tangerine Sky
yucrm0I1usi3BSiK	Obscura	Diluvium	Diluvium
yvDDldJvBh7PcXmv	Dr. Dog	Can She Dance	"Critical 7"""
yvGcahiTrus5DY9c	Dawin	Jumpshot	Sunday
yvvPBDj31OkF97mZ	Burzum	Die liebe Nerpus	Hlidskjalf
ywF8kHDg69ULnWyi	Sons Of Maria	Where You Want Me At	Where You Want Me At
ywYbfgwNiuubnBYU	Steely Dan	Change Of The Guard	Can't Buy A Thrill
ywaHq6ZVSsj8ZApt	Amaranthe	Supersonic	MAXIMALISM
yxEK01gqoCQr5cjQ	LIL TRACY	Jealousy	XOXO
yyeaM2iGL4jKKoyk	Xandria	In Love With the Darkness	India
yymMz6dVlY8OXptl	A$AP Rocky	LVL	LONG.LIVE.A$AP (Deluxe Version)
yynrSStFikjKeeXd	Frank Carter & The Rattlesnakes	Spray Paint Love	Spray Paint Love
yzmM1ybnCqBpzSAi	Veronica Maggio	Satan i gatan	Satan i gatan
z08OKzclUcvRpKud	Mk.gee	You	Pronounced Mcgee
z0UqEOsRBaWGWnqi	Ice Nine Kills	Animals	Punk Goes Pop, Vol. 6
z0lPbT9hvcx0iCAI	Operation Ivy	The Crowd	Operation Ivy (2007 Remaster)
z1aYlEoRiaIM4vqe	Cheat Codes	Visions	Visions
z1pMKelVu4QeapCT	Millencolin	No Cigar	Pennybridge Pioneers
z1rsF4XRFgxIAHg6	Nile	Wind of Horus	In Their Darkened Shrines
z1yQsZtnoyBC9ir1	Gloria Groove	Bumbum de Ouro	Bumbum de Ouro
z200qxsbGPVjSvxp	Bad Religion	21st Century (Digital Boy)	Against The Grain (2005 Remaster)
z2aIQjy3Zmq2KGfq	Zach Hill	The Primitives Talk	FACE TAT
z36AAia1yzQDFyYV	The Pharcyde	4 Better Or 4 Worse (Interlude)	Bizarre Ride II The Pharcyde
z3EiE0NmcDImyh3B	Taylor Swift	Enchanted	Speak Now
z3IFy7q4DtGEo0fi	Gorgon City	Here For You	Sirens
z3Kg1d9D80GWYNdW	Röyksopp	What Else Is There?	The Understanding
z3vinu5XcRGmMpio	Story of the Year	Bang Bang	Wolves
z4SSjtBPZBzkAU3q	Etherwood	Away With Me	Etherwood
z4hmyHAwDJaqha1y	Kendrick Lamar	Sherane a.k.a Master Splinter's Daughter	good kid, m.A.A.d city (Deluxe)
z5W5PWEMUlRV40Vn	Marmozets	Move, Shake, Hide	The Weird And Wonderful Marmozets
z5qGwH461rz6ndPE	Caetano Veloso	Meia Lua Inteira	Pure Brazil: Caipirinha
z5tt2Gark6npnJIv	Tom Waits	Walk Away	Orphans: Brawlers, Bawlers & Bastards (Remastered)
z5vgpDwUBYmapghf	Lamb	Wise Enough	5
z62CwaIu0ZJJfozc	Jon Brion	Phone Call	Eternal Sunshine Of The Spotless Mind
z6KJIN5ZlQQlTtF7	Barrington Levy	Here I Come	Reggae Anthology: Sweet Reggae Music (1979-84)
z6ZIJqHljr5Ny3w4	Pentagram	Walk In The Blue Light	First Daze Here (Reissue)
z6cWTXD9qNglPS4w	Foreigner	I Want to Know What Love Is	Agent Provocateur
z7G6IoGTf7hF0ch6	UNKLE	In A State	Never, Never, Land
z835yQHpe1OlV9ci	Horrendous	Ozymandias	Anareta
z8penAFrWxd30PR6	The Magnetic Fields	The Dreaming Moon	Get Lost
z94HxWZ70fGGM9W1	Spoon	I Turn My Camera On	Everything Hits at Once: The Best of Spoon
z95zVT1Q9BC1P1vO	Emancipator	Dusk To Dawn	Dusk to Dawn
z97XUbNDvBph7K7M	Dead Kennedys	Pull My Strings	Give Me Convenience or Give Me Death
zAnMKI6EafaFBSxH	Keri Hilson	Pretty Girl Rock	No Boys Allowed
zAnXfcCKd3xe8mHu	Gojira	Liquid Fire	L'Enfant Sauvage (Special Edition)
zB5kq14x6feJ9MKn	Sia	I Go to Sleep	Some People Have REAL Problems
zBJkBQY4v3xTSf7U	Sorriso Maroto	Não Tem Perdão	É Diferente Ao Vivo
zBN2a6nChH4qhdhl	Suede	We Are the Pigs	The Best Of
zBQH6UAUoeCkStKu	Take That	Eight Letters	Progress
zC1WYCdCZYoR8Cg3	Justin Timberlake	Young Man	Man of the Woods
zC3H3chcRSRJuJxG	Toby Fox	sans.	UNDERTALE Soundtrack
zC6zvEPBFU3BJMIg	Karol Conká	Passo a Passo	Karol Conka
zC8HgAnuvfxIGkt5	Grandson	6:00	a modern tragedy vol. 1
zCydZZTqPTrQJdvA	Septicflesh	Persepolis	Communion
zDA7RkgQXOvVUVSO	Attack Attack!	Smokahontas	Attack Attack! (Deluxe Reissue)
zDFUPr7aBgl31TKt	Paysage d'Hiver	Der Kristall Ist Eis	Kristall & Isa
zDzWt1gC7z3tw5O5	Queensrÿche	Light-Years	The Verdict
zEVSfCqlWzvajG3Q	Kamelot	Beautiful Apocalypse	Haven
zEgPm8CigZw6227y	Ponto de Equilíbrio	Ditadura da Televisão	Reggae a Vida Com Amor
zF8JFbczaMB2Ku0F	Rhye	Song For You - Jacques Greene Remix	Song For You (Jacques Greene Remix)
zFVoqWkooRZlpVpL	Mount Eerie	Lost Wisdom Pt. 2	Wind's Poem
zFfIPlITN5ZVkrqB	Belanova	Rosa Pastel	Dulce Beat
zFgg3KsP21sEvbKu	Pinegrove	Cadmium	Cardinal
zFsEl8BRZm0cUjQE	Iceage	Glassy Eyed, Dormant And Veiled	Plowing Into the Field of Love
zHXoVI1g06jKhakU	Snow Patrol	When It's All Over We Still Have to Clear Up	When It's All Over We Still Have to Clear Up
zHud9fouGEihnRpP	Shinedown	Devour	The Sound of Madness
zIg53cR61PSvxGTT	System of a Down	Know	System Of A Down (Bonus Pack)
zIkoSJ8BNQc1fp1C	Erreway	Bonita de más	Señales
zJX4qyXB3RWTUSZJ	$uicideboy$	Prince Tulip	KILL YOURSELF Part IV: The Trill Clinton Saga
zJsORlxj29wLc6fD	Bananarama	Love Comes	Viva (Deluxe Expanded Edition)
zKBHAHBff5zCQltk	Lamb of God	Fake Messiah	Wrath
zKU3RjwcBLVo46P1	Slugdge	The Spectral Burrows	Esoteric Malacology
zL6izFur5llz4xz7	Fall Out Boy	The (After) Life of the Party	Infinity On High
zL8i7EGgiZKNeGTN	Bathory	Intro	Bathory
zL9bilYev1zOZOwg	We Are Scientists	What You Do Best	Tv En Français
zLIDa3TRL0O7icbu	Jão	Monstros	LOBOS
zM0wxKxPRy0TMnO0	Archgoat	Penetrator of the Second Temple	Heavenly Vulva (Christ's Last Rites)
zM1OVHzcrJgD0Uf6	Avril Lavigne	Falling Down	Sweet Home Alabama
zM8tFluXZTMaAyWq	Nicole Dollanganger	A Marvelous Persona	Natural Born Losers
zMwzssJgodAWCx1o	Thomas Azier	How to Disappear	Hylas 001
zNCJjgNDpUtPFTgD	Simon Curtis	Don't Dance	R∆
zO8gwg73TYVDoxWp	Thundercat	For Love I Come	Late Night Tales: Badbadnotgood
zOfWi2wkIljHLslZ	FIL BO RIVA	Like Eye Did	Like Eye Did
zP89PQHZW1sFGQk6	Sonic Youth	Brave Men Run (In My Family)	Death Valley '69 / Brave Men Run (In My Family)
zPDU64Z27sSJDJn4	Skyharbor	Allure	Guiding Lights
zPHj7qSJ8zA6R6Vq	Él mató a un policía motorizado	Más o menos bien	La Dinastia Scorpio
zQL1UFD5aEI8CAWz	Sóley	Smashed Birds	We Sink
zQiOqPMhtnpPfzOf	LUNA SEA	Mechanical Dance	IMAGE
zQv5x8sdB4YvIpdr	Jack Ladder	Cold Feet	Hurtsville
zRIahlQb0s0Yf1DO	Yelle	Jogging	Pop Up
zRgtCrB8UL5KrvTn	Bear vs. Shark	Catamaran	Terrorhawk
zSWd2N01NOafU8vU	Justice	Stop	Woman
zSz5BjCZVvrfIq8Z	Claire Laffut	Vérité	Vérité
zTNfBxkviGiTVUSn	Spiritualized	So Long You Pretty Thing	Sweet Heart Sweet Light
zTsCGOXf1D2ykgfs	Gorillaz	Aspen Forest	The Fall
zU4hcQjWwh36CCBe	Stereolab	Three-Dee Melodie	Mars Audiac Quintet
zUfmYHjvNvWUG4yo	Cocteau Twins	The Thinner the Air	Victorialand
zVBVi5hr9JqO5QYg	Everything But the Girl	Before Today	Walking Wounded (Deluxe Edition)
zVeuUbpTLZewvW8l	Roxette	Un Dia Sin Ti (Spending My Time)	Baladas En Español
zVpiGbltsR44SHr0	And One	Panzermensch	Live
zVqdjhk52Hl3KDcB	Hans Zimmer	Coward	Interstellar (Original Motion Picture Soundtrack)
zWMVx0ujMroBpdll	Girls Aloud	Something New	Ten
zWNhZRUxCHV4q7SZ	L.A. Witch	Kill My Baby Tonight	L.A. WITCH
zWyZuY0rvOawZA1I	Caetano Veloso	Quero ser justo	Abraçaço
zXN9nUA3jsHprGdO	Mutya Buena	B Boy Baby	Real Girl
zXUQlp1dYws7CRjN	Luka	Sem Resposta	Sem Resposta
zXcaCZoKnWbu9HQF	Annie Lennox	Take Me to the River	Medusa
zXouTXUyNaY4r1gM	Regina Spektor	Oh Marcello	What We Saw From The Cheap Seats
zXtqUQRMArU7B83p	Danger	6.24	Furi (Original Game Soundtrack)
zYNdUqSUyejbUIUZ	Arch Enemy	Skeleton Dance	Doomsday Machine
zYVnErhV19roMuSz	Mr.Kitty	After Dark	Time
zYtxKkGpEUYEWXj4	Jonas Brothers	Don't Speak	Lines, Vines and Trying Times
zYvmBjUAKTkVxm59	The Sisters of Mercy	Floorshow	The Violent Hour - A Tribute to the Sisters of Mercy
zZIiDgQNwPs971CB	Santana	Winning	Zebop!
zaXwH40UOkGhjFOz	Electric Light Orchestra	Prologue	Time
zalUDmlapjxrhdvp	Alessandro Vilas Boas	Quero Conhecer Jesus	O Fogo Nunca Dorme
zb4gbsrV76zBIeJq	Basia Bulat	Heart Of My Own	Heart Of My Own
zblVzT8K7WdgHPea	Justin Timberlake	What Goes Around... Comes Around	FutureSex/LoveSounds Deluxe Edition
zcdxcURqCDc2BeV3	Gang of Four	Return the Gift	Entertainment!
zd5HtSMxhfFuuY7b	Elza Soares	Firmeza?!	A mulher do fim do mundo (The Woman at the End of the World)
zdQknlERaq0G4LHM	Raul Seixas	O Homem	Há 10 Mil Anos Atrás
zdQqa7YFU9p29XBc	James Newton Howard	Central Park	The Happening (Original Motion Picture Soundtrack)
zdW1qZotRChnwkf8	Falco	Wiener Blut	Wiener Blut
zdzy2ihJo3NuBDje	Sweet Trip	Dsco	velocity:design:comfort.
ze9k1eU3VVoWXlvL	Supergrass	Mansize Rooster	I Should Coco
zeXTuFN8reKZAfZd	Slipknot	.execute.	All Hope Is Gone
zejElP7KisEPRXuh	Joan Jett and the Blackhearts	I Love Rock 'n' Roll	I Love Rock 'N' Roll (Expanded Edition)
zeoIIrQqqA7dMJ7s	Girls Aloud	Biology	Chemistry
zf6I9Rp77pkBkbZE	Amaral	Sin ti no soy nada	Estrella De Mar
zf6fPUIHLrUd8EOt	lennixx	selfless	hapap
zf8DcHXo4mMdYZpo	The 1975	Head.Cars.Bending	The 1975 (Deluxe Version)
zfVNX9IiwSpdeVGK	Backstreet Boys	If I Knew Then	This Is Us
zfran3DqiPMOj666	Beach Fossils	Moments	What a Pleasure
zgmqAnT4lnfMdc8a	Sleaford Mods	Negative Script	Eton Alive
zgwBDwtLcUdiYI6J	Young the Giant	Islands	Young the Giant
zgwKVITJHp0CT8JP	chelmico	爽健美茶のラップ	爽健美茶のラップ
zhZ3QAXFn6Z0OKLs	Butthole Surfers	Pepper	Electriclarryland
zizyOYAW0BusOy2J	Fergie	A Little Work	Double Dutchess
zkCYEZhGzySvOIGA	Cocteau Twins	But I'm Not	Garlands
zkDB2ohM6VUne7jd	The Radio Dept.	1995	Lesser Matters
zkK35ToERTSNm9vq	Van Halen	Best of Both Worlds	5150
zkWyhnwzSyAjYp1i	Bradley Cooper	Alibi	A Star Is Born Soundtrack
zlLOaEiYl7E3Mq2R	Queen	Play the Game	The Game (Deluxe Remastered Version)
zlbTPHMwzJVlR2Kn	Aaliyah	One in a Million	Goin' Back to Harlem Vol. 5
zm2yRXhoimeoSGFq	Julieta Venegas	Otra Cosa	Otra Cosa
zmEHGnxaIDFotsMX	Klaxons	Magick	Myths Of The Near Future
zmxRWu5CdV5b2Tt9	Low Roar	Low Roar	0
znOS4HqtU8Ri142i	Tropical Fuck Storm	Shellfish Toxin	A Laughing Death in Meatspace
znT9DPY6v0LPi697	Ramones	Sheena Is a Punk Rocker	Rocket To Russia (40th Anniversary Deluxe Edition)
zncu7vTsLK0kLGL7	Efdemin	Transducer	Decay
zoBOwNiWGn7SKzIq	Alice Cooper	Fireball	Paranormal
zq4iGQ6XY9e62zxw	Stream of Passion	Out In The Real World	Embrace the Storm
zqLwQm4PTYEwZti4	Kings of Leon	Milk	Aha Shake Heartbreak
zqh9ga5VixyOV7cG	Demilich	Inherited Rowel Levitation - Reduced without any effort	Nespithe
zquW2XlukhmOitM9	Alexandre Desplat	Underworld	Harry Potter and the Deathly Hallows, Pt. 2 (Original Motion Picture Soundtrack)
zqwFGOudk3lzb5RZ	The Cure	Other Voices	Faith
zrm0b7LoobfOXuYb	Emperor	Nonus Aequilibrium	IX Equilibrium
zsBSl3gUPiEZzfvu	Deafheaven	Worthless Animal	Ordinary Corrupt Human Love
zsCzLWXLeXjQdNfM	Kat Dahlia	Mirror	My Garden
zsKeT13NfJt0OvUI	Karen Souza	Get Lucky	Get Lucky - EP
ztSdsAe8DknzAusg	Bush	Comedown - Remastered	Sixteen Stone (Remastered)
ztlk6bOjKXRtemXp	High on Fire	The Witch And The Christ	Electric Messiah
zu4WhsxsG1N2TUph	Stan Getz	Corcovado - Quiet Nights Of Quiet Stars	Getz For Lovers
zuQuGr1ObYEQdmVu	Os Mutantes	Hey Boy	A Divina Comédia Ou Ando Meio Desligado
zuoO1Uw4sHUDE1Vl	Juan Gabriel	No Tengo Dinero	15 Años Baladas Éxitos
zw4ClxiGtEpWByWc	The Moody Blues	Go Now	An Introduction to the Moody Blues
zxUXIAfktNPCE0SK	The Police	Voices Inside My Head	Zenyatta Mondatta (Remastered 2003)
zyYHaBC64mtbXruH	No Joy	Everything New	More Faithful
zyk8W12HxO0JFH78	Ronnie Milsap	Smoky Mountain Rain	The Best Of Ronnie Milsap
zz3P8EJJljpWjF1Z	A Thousand Horses	Trailer Trashed	Southernality
zzm0WMJ14dzbttpm	Placebo	I Feel You	Covers
