00KSCJkYb8JKa4Y3	rock,german,progressive,emo
00i0OB17z3m3yamO	alternative rock,rock,alternative metal,alternative
019Q5nZ079pL34qa	electropop,art pop,synthpop
01I5p010ajulr0O5	dance,pop,forever,bigroom
01rMxQv6vhyE1oQX	pop punk,rock,pop,alternative,pop rock
02Oy8Rwe5K5TIhjk	rnb,hip-hop,dance,funk,hip hop
02RGE9FNH65RtMS7	trance,electronic,dance,techno
02hzaGar7vnWY4fJ	indie,chillout,electronic,baltimore,2010,10s
02vi0nu34pnQBFi6	pop,sexy,hot,dance
04KHUHlgU8Pg1MAu	britpop,rock,fun,pop,catchy,happy
04Q618WBtwDztix8	swedish,rap,hip-hop,hip hop,indie,female vocalists
04elyRT3sHC2gYJK	synthpop,electropop,electronic
04q3VppIQEET5rzy	trance,dance,trance,vocal trance,electronic
0632Mc6uw64xV8nF	pop punk,rock,punk rock,simple plan,generation
06HvNTU9M9lnH71I	jazz,easy listening,michael buble,swing
06v3fePSdhXxX3NI	2014,coldwave,synthpop,electronic,post-punk,1984
07AjGMk31TkPW3O9	hip-hop,rap,old school,hip hop,80s,70s
07CXv8n4sD9Fy96e	brasil,70s,mpb,samba,gilberto gil,ba
07DgzvdwswlSllK2	brazilian,folk,alternative,00s,teatro magico,mpb,alternative,brazilian
07qxWvKCXR9hamHv	soul,progressive,rnb,dreamy,rnb,electronic,trip-hop
07xF9Q0K1t3ist7K	brasil,latin,jorge ben,brazil
08v0FvF1HMmprM3l	metalcore,metal,hardcore,melodic death metal
09OveAcM2Xu5xSzN	alternative,alternative rock,rock,radiohead,british
09sQQ4Vuv3Yo0im2	alternative rock,pop punk,love at first listen,british
09x1tVvfWezpMRdM	hardcore,post-hardcore,experimental,metalcore,post-hardcore,experimental,hardcore
0Ac9BENyp3oekNpb	sludge,sludge metal,doom metal,metal
0AlGixL2NbCGPjzq	britpop,indie,80s,madchester,rock,british
0BHQpSlNFgsZHaZE	industrial metal,metal,industrial,rock
0BOXhdc7gj5c6FO0	jazz,female vocalists,blues,billie holiday
0Cat84jO1v3bXluU	jazz,hours of the southern afternoon
0CkkjxzAsaEnCq6E	folk,country,pop,masterpiece,joanne
0CqZ4DcPLbgOlxOk	reggae,brazil,brazilian
0Cweeu5lrQVwRuAk	progressive rock,doom metal,melancholic,atmospheric,atmospheric rock
0DANaW6XgBRYfiET	soul,funk,prince
0DgZlQ8A5OuusSC0	female vocalists,electronic,swedish,indie pop
0DjU7vZx56D9cK3K	new wave,french,pop rock,chanson française
0EH41J9Yur5x0FNv	indie rock,indie,british,alternative,rock
0EkeANTAetzZFrjm	post-hardcore,alternative rock,8 of 10 stars
0GnTDgYjq26RBVmW	remix,fire and water,electronic superhighway
0H7nBnNHtv1Ycxbn	60s,oldies,pop,1962
0HNfZ7NMpnEWYRjW	pop
0HaCOXEdLTASrU4P	post-hardcore,emo,screamo,rock,emocore
0Hxgv7xgxVyFcHIb	classic rock,rock,80s,progressive rock,70s
0Hy6OyiGTK9VRort	hardcore punk,punk,hardcore,punk rock
0IGMFBtZCxXxnJGm	80s,alternative,rock,indie,alternative rock
0IOVWAhbdf1CsekA	progressive rock,classic rock,rock,psychedelic rock,70s,pink floyd
0J0w2zXsrbRWzPrL	2019,french,electronic
0J9UQ9GC3VO4l3oU	classic rock,blues,blues rock,derek and the dominos
0JD8zXCdku6KeBIk	chillout,house,lounge,electronic,dance
0K2vsBA9smDZxKno	punk rock,punk
0KJ3RQhIgxlRNbyU	alternative metal,metal,rock,system of a down,alternative
0KrfpITRYCMTHZno	pop,rock,singer-songwriter,alternative,best of 2019,alternative rock
0KtUZOqkXcs5Q4Cn	synthpop,electropop,alternative rnb,art pop
0KtVngQ3MYfJDlFc	rnb,pop,electronic,soul,synthpop,rnb,pop,electronic
0LFQMQ0Zx2oKHVJO	brazilian,folk,indie,indie rock,art rock,world
0LSUejQYM3CNyFvB	brutal death metal,technical deathcore,slamming brutal death metal,death metal
0LwSoPupgcdqr4Iz	pop,mpb,rnb,brazilian
0M6rQONIPVKkRx8u	synthpop,electronic
0MHinT7xVyogompy	rap,brazilian,rap nacional
0MWOdRTVAx0staZz	pop,rock,pop rock,avril lavigne,female vocalists
0MhSVMMC2sqqHQIa	british,indie,rock,indie rock
0Ms5TgXO81hi7Jzd	indie,rock,indie rock,indie pop,noise pop,female vocalists
0MsogDqbmJNTohet	punk rock,punk,rock,green day,alternative,90s
0NYOybOH3K7w2I38	alternative rock,rock,swedish,punk,punk rock,rock,alternative rock,hard rock
0P7FMi0IH8YC29jA	electronic,alternative,melancholy,sexy,beautiful,electronic,synthpop,alternative
0QFRc22ra1SdrQsy	sludge,dark ambient,post metal,drone
0QSuci5nyuRojGbo	black metal,raw black metal
0Qeai2jYu5cjc3vE	sexy,pop,patrick stump,r&amp;b,the very best of 2000 - 2010,2011
0SeDKeYWE9enzz8Q	pop,hip hop,epic,live,female vocalists,pop,dance,female vocalists
0TZKbee0wUzeBhmP	indie,alternative,rock,1999,1990s
0UhNk0cWCHoH6xDw	ambient,electronic
0ViWaphaNb4lXxJL	jazz,nu jazz,acid jazz,downtempo,chillout
0WFZwWXu92pi1twc	idm,electronic,experimental,ambient
0WOk5FhwZDiWMplz	cloud rap,rap,hip-hop
0We9TRA5zyjS7ush	rock,female vocalists,alternative rock,the pretty reckless,factory girl
0WeIKLZh9Nzcd2Ew	chillwave,electronic,idm,chillwave,electronic,lo-fi
0WgRx89fMmuDHuHS	pop
0Wtc7y7OYuJ3y9jO	axe,brasil,samba,brazilian,brazil
0XEkr1yWNujXRI6W	rock,female vocalists
0XqU6v83ZMOeh4wc	k-pop,girl group
0Xqhhociv7ySUC27	pop,pop rock,brazilian,00s
0YG71J60HAJ5Glxd	hard rock,classic rock,rock,heavy metal
0YPssy4JykwvVcCR	singer-songwriter,indie,fav,girls name,2017,floundering football team
0ZWpQKODgG3lj4h7	indie,indie rock,spanish,spanish rock,pop rock
0ZeUa6hsJJrS2bI4	black metal,post-black metal,depressive black metal,shoegaze
0Zi1bAxCIYryXmG8	new wave,80s,post-punk,electronic,new order
0aFIFfBrPqFVAofA	indie rock,indie,britpop,alternative
0aK8gzuVHgZDf7lR	spanish,pop,la oreja de van gogh,espanol
0acxku2l9vauMUwS	pop,dance,britney spears,club
0af8zLRGs4G32GCl	emo rap,hardcore hip hop,memphis rap,industrial hip hop,xxxtentacion,trap rap
0b55VXwGLfCLa4aN	gospel,female vocalists
0bUiHslp8DhRf5rP	progressive metal,rock,gothic metal,trip rock
0bdspL9LsnBaXFjS	soul,british,female vocalists,pop,alternative
0cGbpUlhorS5ZvL7	pop,female vocalists,singer-songwriter,ballad
0cWzZFhnGkmgefNn	psychedelic rock,psychedelic,garage rock,australian
0cYTIIElIl2tFyoW	metal,metalcore,hard rock,rock,heavy metal,hardcore
0dU75Rzwm99uedjr	indie rock,acoustic
0dXI6c6CorcfmgB2	thrash metal,speed metal,heavy metal
0dn6u1qHmbl3T2DB	jazz,bebop
0dvDjji9Y2ZDvsmU	cover,pop punk,pop punk,powerpop,rock
0eevOaGbxIFyawks	post-rock,instrumental,experimental
0esYQXzcKfzGRHFQ	screamo,alternative rock,post-hardcore,melodic hardcore
0fceDYFPDO4huXRR	rock and roll,50s,rock n roll,rock,classic rock,rock and roll,classic rock,rock n roll
0fsqAbzSxobL06Q9	post-punk,punk,70s,classic punk
0g473y5n6Abn9EKK	indie,female vocalist,folk punk,alternative
0gLBuy5wKXD3WIF6	melodic hardcore,melodic hardcore,punk rock,skate punk
0gUXBLKIvNFF46dT	trip-hop,electronic,chillout,fip
0gs86tF7CLIV73wE	k-pop,happy
0h2qKn4QYied7Wc6	fip,canadian,chamber pop,indiepop,indie,singer-songwriter,folk
0h8G1bhVFVP6G9Km	poptron,electronic,new rave
0hEIp7b43rLAiZVR	country,female vocalists,alt-country,singer-songwriter
0hcO6fu02UtR1iSd	melodic death metal,folk metal,finnish,metal
0hfTaonRSy4Ji6Fx	alternative,rock,indie rock,garage rock,los angeles,alternative,rock,indie rock
0hi5FGoizAXxin1K	rnb,ashanti,soul,intense
0hp1VIc2JIzmdou4	shoegaze,stonegaze,slowcore,post-rock,psychedelic
0j5i3WjphnPrK1sI	rock,indie,alternative,british
0jGfv3KjonxRVg0Z	shoegaze,dream pop,ethereal,melancholy
0jywvXAj5ah8ffnh	female vocalists,pop,alternative,funk,indie
0k7FuwOfSWu1FW0b	spanish pop,pc music
0kFhN9KUu2eVeiqw	post-hardcore,metalcore,metal,emo
0l74rMivq4JRIW5W	love at first listen,pop,best of 2015,2015,british
0le9gmaGSt11gMzl	pop,rnb,jojo,cheerleaders,she is exuberant,exploring her voice
0ltYJZpJLaxEdGd7	indie pop
0m5Q7XPXgBKh69Oo	k-pop,hip hop,korean,bts
0mpDFb1MSL6M6QDw	death metal,progressive death metal,technical death metal,progressive metal,metal
0nWfiiw6TgdCNuYe	disco,pop,70s,abba,dance
0nYiKD0xkvwn3Y2K	indie,indie pop,pop,alternative
0nj7ecyJqaZsDW4D	soundtrack,cover,american,kelly clarkson,10s,00s
0o5jvQWVuFrPhA4K	poptron,electronic
0oe2d23jio9Uyg49	pop,soul,christina aguilera,love,female vocalists
0opwZtw5F24W5nGI	alternative,psychedelic,indie pop,amazing,art pop,female vocalists,indie pop,indie
0pKdVXwboxWtasKV	pop,pop-rock,loneliness after dusk,italian,pop,italian,female vocalists
0pn3KPrmlT65N0TZ	hard rock,rock,alternative,alternative rock,hard rock,rock,alternative
0qJbxD3hsFTAtT2H	country,diamond rio,beautiful mess
0qJxPb3F5iBwemou	soundtrack,instrumental,requiem for a dream,classical
0qgdmHEKVUOkICJq	neofolk,martial industrial,dark folk,apocalyptic folk
0qksG0v30j5B3d5m	soul,80s,motown,oldies
0qqf89vequY2e2uT	dream pop,indie pop,indie,mellow
0r15MBZkjvHovNPk	disco,70s,dance,pop
0r4GXVQMxdHlqWVw	neofolk,apocalyptic folk
0r9CaVEt23gk1OLL	psychedelic,psychedelic rock,lo-fi,love at first listen,druckfrisch,sax solo
0rEoPxgyzHki2RWu	house,chicago house,acid house,classic house
0rjE4lunyG8Lrgjq	d-beat,hardcore punk,punk
0slI8BiyGTfFWUGu	punjabi,india,punjabi
0szuK0G7dl2oeACy	rock,80s,classic rock,queen,funk,funk rock
0t6nCxnmb4fmDhnQ	electronic,shoegaze,dream pop,atmospheric
0tKSRIcj9gn6IJ5X	post-hardcore,rock,post-hardcore,electronic,metalcore
0thBNWXI4Gzb2ZLV	2018,gothic metal,symphonic metal,female fronted metal,metal
0tzYEg8KodbJHl8p	progressive rock,psychedelic rock,classic rock,rock,pink floyd
0u3Kcm8q8vnWPMHc	rock,garage rock,surf,surf rock,lo-fi
0uEtFSfUUzI9HMLn	funk,soundtrack,guilty pleasure,avenida brasil
0uMHZRtfqLwZmzPv	grunge,rock,alternative rock
0uV7xclfhZI1ABpT	soft rock,70s,easy listening,england dan  john ford coley
0uyVX6LPixsFh00P	rock,classic rock,robert plant,hard rock
0vXeC5LIEh3rf9Mx	hip-hop,rap,underground hip-hop,g59,greyfivenine,2-3-19
0vd7SREH018NTDta	christmas,folk,female vocalists,singer-songwriter,joni mitchell,piano
0vrezKgvdaVdP55M	electronic,british,duo,2014 single
0w5hHsx3iy7K3Hvw	metalcore,rock,alternative metal,brazilian,russian
0w7vt6PTaKx8ogMT	bossa nova,brasil,jazz,mpb
0wuIKJAXhSBJ23h0	pop,female vocals,k-pop,female vocalists,korean,kpop
0wuaeUCdj0eoIpRH	new wave,electropop,electronic,indie rock
0xVqeng8rSk1vkzQ	indie,mellow,folk,american
0xXiMHpY7KUmXlAv	pop,english,guilty pleasures,nostalgia
0yL5HM8MXEfkmgcE	rock,hardcore,post-hardcore,hard rock,hardcore,rock,hard rock
0ySwHBFBFjqs3ZwH	rock,brazilian rock,brazilian,pop rock,alternative rock,rock,brazilian rock,brazilian
0yT3jx96TnZ8ZMDj	folk,soul,rnb,k-pop,ulubione - kpop,folk,dance,k-pop
0ylNFDWBjq7HoaRR	jazz,cool jazz,vocal jazz,trumpet
0yvedEdqrVJZJ8FB	stoner rock,alternative rock,rock,queens of the stone age
0z4MvkgcEZIuUhaC	jazz,bebop
0zHYWyUgwiCVEXty	rock,punk,alternative,emo,punk rock,alternative rock
0zLKtENKWykjX3uw	darkwave,minimal synth,ebm,coldwave
109IXnS5xSfF7I3I	classic rock,70s,rock,fleetwood mac
10w2wTXsYADqkdF1	80s,post-punk,1985,indie rock,punk,post-punk,hardcore punk
11AWkdsjnYloW9kn	alternative metal,lacuna coil,gothic metal,metal,female fronted metal
11SAgRx2QYFJEX8L	trip-hop,electronic,electronica,hip-hop
11TbQFLTZ0rWsuT5	pop,indie,folk,indie pop,female vocalists,american
11vLXtujW5gKibl7	emo,emo rap,trap,rap
122YR0dLpuw1XTjl	k-pop
12J0SifUY3ZcE7dL	blues,jazz,soul,female vocalists,oldies,blues,soul,jazz
12kWO3sheJ5BCttJ	disney,soundtrack,mulan,female vocalists
134RxLi6hDKFLixZ	70s,pop,oldies,female vocalists,carpenters,easy listening
13AYHy6cyhUIcPmC	soul,2014
14sFTXZejVMAq33a	indie pop,downtempo,piano,cool,easy
1537AQrURK0xyndn	dream pop,slowcore,indie,alternative rock,us rock,1990s
15tLvTjDxU197oBT	jazz,acoustic,female vocalists,norah jones,blues
166TJqR8YtaoibkS	soundtrack,oldies,female vocalists,60s,kill bill
16D82lKDn3niatEm	punk rock,punk,melodic hardcore
16FgAwHUT9uktVqa	progressive rock,progressive metal,melancholic,polish
16Hz1Pdate9ZTzs6	spanish,boybands,rock español,spanish,pop,rock
16RZKo74hALxISBB	noise,instrumental
16UnJPwsJaWza1Bt	indie,britpop,alternative,alternative rock
16jrwJilnXunxqQi	indie,indie rock,female vocalists,10s
16pOUJTRbQFVz7pW	60s,classic rock,psychedelic,beautiful,rock,pop
16qLHNiUdmeJs9Qy	soundtrack,hans zimmer
16vBZvYvZW9nceau	post-rock
17agWPqEyTQSui3I	pop,latin,latin pop,dance,rbd,pop,latin,dance
17z4NTAHHVech2oB	jazz,swing,jazz vocal,cool
18SiVZcLUJAJgviA	folk,rock,60s,classic rock
18gL24KTRGwfRYE9	psychedelic rock,psychedelic,garage rock,rock,australian
18vv9maSyDLb16H9	rnb,soul,rnb,soul,r&amp;b
1921M8biipnVsHIM	country,american,wake-up song,2010s
1935k7mIkFNpUnxU	alternative rock,rock,hard rock,alternative
194kBdMfAYil6whx	pop,chile,chilean,chilean pop,2017,alex anwandter
19AiX0Gb6VNKvjGU	classic rock,rock,70s,queen,british
19OiVL1Z3bWapeTg	stevie wonder,soul,80s
1AVBZ1QGoMgGtBZM	pop,love,love at first listen,sad,acoustic,beautiful
1Ap2Ahuz2AS3D898	industrial metal,modern metal,modern melodic death metal
1ApbfAhXieJCmweB	blues,singer-songwriter,rock,blues,singer-songwriter,rock
1B8LAeUAPd3uLW0R	death metal,death
1B8re6qbgtUxjW8K	grunge,alternative rock,rock,alternative,90s
1BAJNO4P19zJuRCZ	rock,alternative rock,grunge,alternative,foo fighters
1BSTJnqQWGkb0Miw	rap,brazilian,rap nacional,rap,brazilian,rap nacional
1BxOomemaljnipHN	female vocalists,rock,singer-songwriter,aimee mann
1DIRkXtyFT0RzMW4	indie rock,indie pop
1DfWWCw8vFSLPZoC	k-pop
1E0XOnSgrhT29oTj	technical death metal,death metal,progressive death metal,technical death metal,death metal,brutal death metal
1Emt5bmCnIj3J3DN	folk,mpb,brazilian,duo,pop rural
1FHsbrJnBPPP0g0k	2-17-19,electronic,hip hop,hip-hop
1GH1N58NWSZBHu0o	80s,pop,dance,80s,pop,freestyle
1GSla2d1IZgYnLEY	christian rock,alternative,rock,alternative rock,christian rock,alternative rock,rock
1GgHBJlpBcyhExSA	spanish rock,spanish pop,el rock
1GgOhyP7jFJjmMxl	pop punk,rock,alternative rock
1H4rPODb44vLIJds	progressive metal,math metal,djent
1HoTAKe9slCtsTiu	korean,indie,k-indie,jazz
1Ix1W83L21wL90VM	heavy metal,metal,hard rock,melodic heavy metal,heavy metal,metal,hard rock
1JDhrF80iTL8qZTw	pop,boyzone,90s,boybands,irish,pop,boybands,irish
1JJ4W4CJsmR02HTx	alternative,rock,alternative rock,grunge
1JUBq8gdBT7jepls	progressive metal
1Jp0SeFFOQ4i6y3R	rnb,mary j blige,soul
1K4uqBQSMn1LR5bV	pop punk,punk rock,punk,rock,alternative,alternative rock
1KGKpWkeW70Knm0L	rnb,female vocalists,hip hop,hip-hop,teyana taylor,rnb,female vocalists,hip-hop
1KNqgyqVTxDSFbJZ	folk,indie,indie folk,alternative,folk-rock
1L5YgJUNjt0kE3rf	italo disco,80s,disco
1LMveeyguTX9Vrzz	catholic,catolica,gospel,brazil
1Mzdkzp94lWU1VP8	fado,female vocalists,costello 500
1NO3BwFtJjhQIQkh	latin,classic rock
1NUjQqlkw8rUBLLI	soul,blues,the wire,soundtrackgdchill
1ODKAyZfoiA8c1Hj	indie pop,alternative rock,indie rock
1OVpEErH60sofbKM	rock,i totally think this song is about me,italian,singer-songwriter,female vocalists,90s
1PbkQt0nm4wlaQB9	metalcore,melodic metalcore,hardcore,metal,metalcore,melodic hardcore,hardcore
1QrsMIpx3nbyX75S	uk garage,deep house,house
1QvrgUV3GN108S9s	nu jazz
1R5OUBY88yVKWKFU	rapcore,2017,rap,hardcore,rock,screamo
1Rn5G0gL1K0m4gFQ	mpb,latin,mpb,brazilian,brasil
1Rt6nEc20mcLigSf	jazz,acoustic,country,norah jones
1SLIcf3T7zK09Tv8	musical,broadway,rent,rock,musical,rent
1SM7ZyVo3MsNBAeS	french,pop,female vocalists,french pop
1SWs1ngkM7XXhWfL	post-punk,new wave,2016,indie,russian,post punk
1SbLlmun3Ybu6WDI	singer-songwriter,uruguay,cantautor,latin,spanish
1Sk8XOujVHQxrDSN	synthwave,electronic,darkwave,french touch
1TOx5IDc83JfKJMY	gothic metal,doom metal,90s,metal
1TajXcJq5yg9hgid	folk,female vocalists,singer-songwriter,laura marling
1UY3Xhpe9woT376Q	house,dance,electronic,club
1VvHG6uaWyLTZZaR	blues,chicago blues,electric blues,guitar
1WJFOzUTGPCTohZA	electronic,breakbeat,industrial,dance,electro
1WQkoAHloStdthMw	soundtrack,instrumental
1WlRq8rW40gTSwKO	rock,britpop,manic street preachers-2007-send away the tigers,alternative,alternative rock
1XYxr3gPDLh1OfLG	power metal,melodic metal,sonata arctica,metal,power metal,melodic metal,symphonic metal
1XksK0edltBBIgAR	alternative rock,alternative,female vocalists,brazilian rock
1XrZWrECeBx9rqwK	melodic death metal,power metal
1YJWDNKhtS9WKB8a	blues,chicago blues,classic blues,guitar
1YOagKsFqTS8BDK2	pop,swedish,zara larsson,dance,rainha do pop,pop,swedish,female vocalists
1Yfyk8H2Qu4Cf3Ex	pop,rnb,2014,female vocalists,dance,girl groups
1Z17lY5HmJ4MqbvS	hip-hop,rap,female rap,2017 single
1Z7Pb158yANCZ7zN	jazz,female vocalists,vocal jazz,blues
1ZDeLHmbKM5AZCQR	soul,british,4 stars,2010s,2016,i love this song more than my own life
1aOy9pzOsJ8AjKAb	pop,spanish
1aVjukDrKZfuozsS	gothic metal,symphonic metal,female fronted metal
1ajbRfMC8Z16Td2W	lo-fi,indie rock,end credits,somewhere out there,summer in la
1b7L5n3xhCn2bLWX	fave,experimental,electronic,indie
1b8sA4iir0gn8d2g	rock,classic rock,70s,queen,glam rock,hard rock
1bAK1RMIbpo3BhrK	gothic metal,industrial metal
1brDIUXXgVDlvv0v	rock,alternative,britpop,alternative rock,indie,british
1cUUnlwxUH9rXdBd	hardcore,emo,experimental,emocore,post-hardcore,screamo
1desuKPRoCCWc5xZ	funk,psychedelic
1eApBsTMCYUAWWKW	pop,love,female vocalists,selena gomez
1f1RCJoqJZKJQyEC	japanese,80s,j-pop,pop,electronic,techno
1f42FxRyQ5L2N9Ic	ambient,post-rock,the oc,indie
1fCrL9VWob31hlOf	indie,female vocalists,tegan and sara,indie pop
1gCejbMa6vBbzeIY	2015,indie pop,australian,indie,indie rock
1gVhiGnE05wha7iE	alternative metal,rock
1gbSfe8iEpBhNuJL	soundtrack,french,chanson
1h0uWdoZOy1i75ho	dubstep,electronic,house,progressive house
1h5xetjDsOju4lmp	mpb,2017,singer-songwriter,psychedelic,male vocalists,tropicalism
1hFwLdmoO4fC46hu	singer-songwriter,alternative,90s
1iK5Jw9Hf8vBdMdH	punk rock,punk,rock
1iXpa8TkY14CtUCp	mathcore,progressive metal,experimental,metalcore
1ingfo3XFafO5Pto	alternative,emo,rock,indie,one tree hill
1ipQbTWIdgp6fhIR	garage rock,love at first listen,real soul music,one song on repeat,dear song: i will stop sleeping for you,songs to get drunk to
1j8YxO3cGIbhNj34	pop,rnb,jojo
1jkzzxdtdUcstunm	spanish,romantica,crsitian castro,latin,mexico,cristian castro
1jmYi2f4Zx45iUm9	pop,80s,dance,1986
1kJRurE3EzLYOzkQ	rock,alternative rock,alternative,indie rock,indie,garage rock
1kckAOAQl4AZpnY3	country,2010s,2018
1ktzw8MBVxykwaRf	beyonce,rnb,female vocalists,pop,sean paul,dance
1lSVa35bKakCPNcT	afrobeat,funk,fip,indie
1lhDOBoSftrYQJ1Y	pop punk,2019
1lpFiMZP7EMqX5r0	oldies,pop
1m6NizcHQfOVzx9v	thrash metal,heavy metal,metal
1mxfEuKfXxeG4WAf	dance,soundtrack,world,hindi,indian,bollywood
1n3apSaoCwmQ5aEt	gospel,fip,soul,oldies
1nN1JLKuoWHOXAWm	pop punk,rock,alternative,female vocalists,pop rock,rock,pop punk,alternative
1nUgqM8kKO1fqqc3	industrial,industrial rock,electronic,alternative
1o8cAudoKRQstyHN	folk,acoustic,alt-country
1oO29RDo0cdUTIdu	pop,britpop,british,male vocalists,90s,pop,britpop,british
1oOfcGLQhe1n5pFb	pagode,pixote
1pg8GUj51tDQRlgw	soul,pop,female vocalists,love songs,motown,duets
1q4aW350Z3iqaaFy	pop,britney spears,dance,bloodshy and avant
1qFZ0HF62jrYNkRZ	post-hardcore,love at first listen,post-hardcore,screamo,emocore
1qIrffQFy4Rq0Fsr	folk metal,liv kristine
1qLNOH6PFcqhthLj	jazz,robertitus coleccion,smooth,pop
1qQibTZPMcIwThYi	pop,90s,rb,dance,mariah carey,rnb
1qbBE2tq5EfH2fnm	post-rock,instrumental,australian,morning music,bad seeds,sometimes i feel so happy
1rpgPh4SXOonbuWV	dubstep,chillstep
1rtul4j3ViHhsqLM	trip hop,art pop,modern classical
1snG075AE1jVzzwq	indie,britpop,rock,british
1tKEbqmPOJgTaMH6	electronic,synthpop,post-punk,indie,experimental
1tho4AsSUx5CUbvp	indie,canadian,indie rock,alternative,handclaps
1toZXou7rNITaMLS	punk rock,punk,alternative,emo,pop punk,punk rock,punk,alternative
1tx1pK4HWjonqxzB	dark ambient,glitch
1udTmLMZxFbDGzkf	pop,rnb,male vocalists,r&amp;b
1up9277uzf0f7Frk	classic rock,progressive rock,hard rock,70s,rock
1uq7hlqorbXklPpq	new wave,80s,1981,classic rock
1v0dXYmxG4SJGMUw	brazilian,rock,indie,indie rock,psychedelic rock
1v3FdjGxhYmKkiKM	post-punk,noise rock,canadian,art rock
1vSKLNlBC7jtFkd6	pop
1vXhxyR5IlXSdVM1	hardstyle,dutch,techno,hardbass
1vmSnTZR6E3XWGbZ	death metal,brutal death metal
1wHqJo47ilRkEgQZ	chillout,funky,funk,glitch,french house,sample
1wLyyu97sE2qxHdr	rock,indie rock,alternative rock,10s,indie rock,indie,rock
1wnp9dUFAxeg6u8b	2014,deep,electronic,10s
1wxIq8WMM9EBAuz7	pop,electropop,2018,bitpop,british,twee pop
1zfl5LM074y6tL2p	indie,electronic,australian,alternative
1zhQnmapnOYooiqK	ambient,electronic,instrumental,shoegaze
1zlCj1t0jIudSPvV	pop,female vocalists,80s,love songs,gloria estefan
1zoEwsASM4ETpeel	alternative rock,rock,norwegian,melancholy
22Zz29oDtQzkfmPr	alternative rock,rock,metal
22ueZuGJzNcqpXW7	indie,garage rock,alternative,indie rock
234sc1UPIAam4gNe	post-punk,black metal,shoegaze
23MjwaVkpokLjFIU	pop,dance,electronic,christina aguilera,bionic,female vocalists
23NOs1w2qaSzSLE4	progressive metal,atmospheric
23z7bAcQF1DACqpE	portuguese,rock,funk,alternative
24BUshcEmtzJ1xDI	ms,ukulele,nah,save
24Ft3WS9YTwCJdy1	k-pop,korean,kpop,pop,girl group
24iJtlgE7EhmIBDv	folk,singer-songwriter,2019,indie,alternative
24nlgl4Li25Oozfz	jazz,john coltrane,jazz,free jazz,saxophone
25CXGpwL9tzbw8pR	80s,pop,british
25D1h68mMNdSRFQJ	2017,female vocalists,experimental,electronic,piano,german
25EtnoL9Tzv6eZIB	mellow,piano,alternative,alternative rock,australian,folk rock
25p7eYt8IGcNvRYQ	thrash metal,crossover
25tftkfnWAd88uVv	noise rock,punk rock,2013,post-punk
262sBFgWVZcuKaB5	folk,cover songs,listen ccpl
26lDsWTP7PJYrNiT	folk,england,hairy chest
270Kv5VeaZu4PRof	indie,alternative,rock,alternative rock,british
27GiJsXCHkUISKiM	metal,industrial metal,industrial,rock,hard rock
27IJTxPO1SXXXu14	progressive rock,hard rock,rock,80s,progressive rock,classic rock,hard rock
29BfQrbglHW023p3	pop,80s
29Fl15gJt6a2tLUd	rock en espanol,90s,soundtrack of my life
29IkvAUrLTAanLvt	pop,ballad,2014,australian
29piBkMOqAZVL5bp	idm,electronic,drum n bass
2B9IozRcQLjfTUTu	doom metal,progressive metal,melancholic,depressive,atmospheric,progressive rock
2BgIVvMvNIV6MXSX	metalcore,instrumental,christian metalcore
2BjR4DCmAasATw2w	latin,70s,samba,brasil,samba rock,jorge ben
2CItxqKbfNCVXjMb	alternative rock,alternative metal,awesome,sad
2CRVi4QcbgnryXAr	shoegaze
2CY7AzZfbJ8CJney	post-punk,experimental,instrumental,alternative
2CkImSeKolHKPpPE	spiritual,somafm,sonicuniverse,jazz,harp,yoga
2Crpq1lNUxXXzCfA	indie,emo
2DN8Q7MnhBMq1XrL	rnb,soul,romantic,rhythm and blues,rnb,hip-hop,soul
2ETjCaVtTN9K30FU	classic rock,chuckchuckchuck
2EsLO0i2o18zx0ge	power metal,melodic metal,symphonic metal
2FIxCcpy5DptZGhZ	electronic,pop,synthpop,british
2FLDjfHZrUMJDpup	ska,brazilian,alternative,rock,brazilian,ska,alternative
2G1QsfIabbLrPV3p	folk,acoustic,all,indonesia
2HEDUMxUacma646T	nu metal,metal,hard rock,rock,drowning pool,alternative metal
2HFpbmmMD2wTUE18	hard rock,alternative metal,metal,nu metal,rock
2HZyJYCRlcGDX3aL	jazz,saxophone
2He51rvwe19Ies8H	rock,classic rock,queen,glam rock,gospel
2Hg2uAW57l5GJOKF	60s,rock,folk,names
2Hm3MU7OHsBzDKTS	emo,alternative
2KM7Y5cp7co9pDMT	pop,synthpop,new wave,80s,electronic
2KjrfARNuA9LZL5J	dub,chillout,downtempo,lounge
2KoTzrP2cU9dF35p	industrial metal,industrial,gothic metal
2L1vfwlVWd0jYXRb	alternative rock
2MkTJ9OFc0cwfhmg	post-rock,shoegaze,post-punk,french,trip-hop,dream pop
2NvDBQlve8KQ6aqS	mpb,samba,2016,mpb,soul,tropicalia revival
2OWW9O6eEwQn0xpO	post-powerviolence,hardcore,west coast
2OhFd1zj3IqWAXrq	heavy metal,power metal
2Oqv1dT8RbVDy2Fo	alternative,electronic,hip-hop,gorillaz,trip-hop
2OxTpAcoZZjr43Qu	acoustic,dream pop,female vocalists,folktronica,gilbert
2Q8zmpogg1fEUVgr	jazz,mellow,beautiful,peaceful,10s,tears
2QYvwWjZoLSecjdF	female vocalists,rock,alternative,90s,soundtrack
2R0e2QDRVUiUOJYm	indie,british,2016,indie rock,alternative,britpop
2S5j1hlh00w0URdC	spanish,pop,female vocalists,latin,pop espanol
2Sg3ptwe7ZvHsdvT	metalcore,metal,hard rock,avenged sevenfold
2TAZAsRTomiImG8w	black metal,atmospheric black metal,doom metal,folk metal
2TD6tSmdzdwUORiH	77davez-all-tracks,ambient
2UD3xlgUwbbTpK9U	rnb,soul,pop,female vocalists,hip-hop
2UQcnK1ws7ZjmD1L	latin,colombia,colombiana,musica latina
2Uq7X419wfoxXytK	indie,singer-songwriter,british,electronic,patrick wolf,beautiful
2Uy2gQDqnTzxyDzK	ska,jamaica,ska,rocksteady,reggae
2VM6lSsdBrZVuLk7	experimental,electronic,avant-pop,idm
2VMMReREqDvBxz17	italian,folk,singer-songwriter,77davez-all-tracks
2VRvcjk2RcnCCTst	chile,indie,lo-fi,alternative rock
2WRdPOpokdV6lNra	progressive rock,progressive,progressive metal,pink floyd influence
2WUbcfexNIpDylIe	math rock,progressive rock,jazz rock,post-rock,instrumental
2XQ1HQwq90PeNUzN	post-punk,indie rock,indie,alternative,rock
2Y6VOZSzZss8nPOF	pop,singer-songwriter,2am,pop,country,female vocalists
2YMhCsXXNlDpuuGU	love,searching,isolation,alternative rock,scottish
2Yth1nYzRbDV8QEh	2017,singer-songwriter,folk,singer-songwriter,fip,folk
2Z7yBOTfjtvGwLJD	death metal,metal
2Z8xej6p395ks5kH	soundtrack,ambient,video game music,orchestral,instrumental
2ZCUDbGSBASlMBSE	rock,power pop,psychedelic rock,psychedelic,american
2ZL9CKS3yNUfTO8P	pop,female vocalists,2013,singer-songwriter,girlie,pop rock
2ZMO1kjGFObo1gbq	rap,brazilian,rap brazil,hip-hop,samba,mpb
2ZMoriwNhQDKr1fP	rock,classic rock,cover,80s
2ZaMOuFdsHGttfxQ	folk,fip,overdosing on a bathroom floor
2Zsmfr39dCABuJV4	mpb,brazilian,forro,brasil
2aiKewjz7zVzeoLK	post-punk,coldwave,darkwave,minimal wave,minimal synth
2aj8WZ5AOTNMrv6I	grunge,rock,alternative rock,90s,alternative
2ayKTCjtFL067qbr	garage rock,70s,australian,1977
2bIsqk99mDsz4jVX	polish,pop,polish,pop,female vocalists
2bKnuDY6yVlPpZqY	electronic,minimal,2016,deep house,house,experimental
2bmAUUBVmebA8dnQ	thrash metal,heavy metal,metal,speed metal,megadeth
2cakaYqDKReBW2Fm	ambient,melancholic,atmospheric,dark ambient,progressive rock,dark ambient,melancholic
2ckGrlFZxgwLMlSN	alternative,experimental,female vocalists,beautiful,experimental,indie,female vocalists
2d7CcYxkPoVIRE83	rnb,soul,pop,female vocalists,hip-hop
2dTQ1i3UnFml5FZ4	samba,mpb,brazilian,female vocalists
2ekVWpFnEgAWatng	power pop,indie,indie rock,indie pop
2fHPxPOQ8S0wv0Fa	pop,rap,ariana grande,trap,2 chainz
2hRRD9paDQfzNqRE	colombia,latin,cumbia,electronic,reggae
2ioBvpp1ihymLglY	folk,beautiful,male vocalists,folkalicious
2jfZWc9gcwcDIpI9	pop,dance,jennifer lopez,sexy
2kcO02S00F5JrM1N	hard rock,heavy metal
2kdf82NDfNcDJi73	instrumental,folktronica
2llpRCbHTknLuyl5	all,house,dance,tropical house
2mAp0X2gHi1AIpVY	industrial,experimental,cover,77davez-all-tracks
2mMJV9wlPw7zJjLX	symphonic metal,gothic metal,female fronted metal,gothic
2mXuTlLuoHG7Xgrt	pop,female vocalists,blue-eyed soul,doo-wop
2mr2D2YlNzyTPwKC	thrash metal,speed metal,metal,heavy metal,thrash metal,metal,heavy metal
2mzlldXgCYcvYcg7	jazz,dance,k-pop,rnb,perfeccion
2nPGFdINjiXPwh5V	all,rock,pop,brazil
2nPuDTLNBIa0LmNp	melodic death metal,metal,power metal,death metal
2ngM5mngYPecRVJR	groove metal,metal,metalcore,thrash metal
2pDRMBFgeqXNWBEj	classic rock,70s,rock,the doobie brothers,soft rock
2rBzxeuCzQ7IBlRh	groove metal,thrash metal,metal,pantera
2rQUO4jU0myfggFP	punk,hardcore,ogun la baraka,as above so below,harfang epic,punk,post-punk,hardcore punk
2sF9Hn5tma7n22Ut	british,indie rock,2018 single
2sVmKXIvO8cARIF8	latin,pop,catchy,2011,michel telo
2sWGfN4rDYbP5DNR	2017,female vocalists,indie,canadian,singer-songwriter,emily haines
2sfFZYdInzDiunzT	masterpiece,rock,alternative rock,beautiful
2sk4CIdWNABMzNmU	nu metal,metal,alternative metal,hard rock,heavy metal
2tMoknK8uzkl4PGQ	rock,latin rock,2011,polysom
2ttZq7Q29PSMra1r	post-metal,dark hardcore,neo crust
2u4wTkhAmCT4sPXr	post-punk,indie,new wave
2ua2QeZmz3kBTLdO	cloud rap,rap,hip-hop,experimental
2uaRixxZbSNdJ6L9	jessie j,pop,female vocalists,electropop
2ufFgTBTYJF90BmI	industrial metal,industrial,german
2uoKQYOZa21Ll3Qc	80s,funk,sexy,pop,prince
2uqDTBk0zVAXddxk	grunge,alternative rock,australian,90s,grunge,alternative rock,rock
2uubq5eYjyU7fCMk	soul,female vocalists,british,piano,adele,pop
2v6cyBmLHol9eg95	pop,american
2v8KtCCDkJui2I2q	fip,indie pop,psychedelic pop,fip
2v9iHGrDVs1FNgGh	rap,fifa 09,fifa09,friendsofthekingofrummelpop
2w0iy95g3YLGdYRF	garage rock,rock,swedish,punk
2w6nDWjxoC1sCSuC	metalcore,industrial metal,post-hardcore,industrial
2wZXfIxJQMVAchl7	canadian,pop,alternative,pop rock,rock,awesome
2wo10xcWI6DBbrjp	rnb,rock,indie,alternative
2yS8OjfnzareM2il	synthpop,ambient,electronic,darkwave,synthpop,electronic,darkwave
2yTmONbhBi9yGfEY	brazilian,smooth jazz
2yezn8DHcaF6JxSP	rock,blues,cover,rhythm and blues,blues rock,classic rock,rock,60s
2ygjVPlU3cKp7nMG	hard rock,metal,nu metal,rock,heavy metal
2ypE2PjWKJLoyHsR	soul,lauryn hill,hip hop,hip-hop,soul,hip-hop,rnb
2z4BnuIwyXTBbwAt	soul,pop,alternative,chill
2zA9Yuz4zTJmYCOy	synthpop,electropop,canadian,pop,female vocalists,dance-pop
2zx75CNYSfjK9Kzq	grindcore,death metal
30FcvYVfGIUHyN6n	namorar,brasil,the best of the best,samba
30TX3xUfoExOgxHA	jazz,soul,ukrainian,female vocalists,pop
30hCe4DN8UZ86OZh	christian rock,rock,alternative,indie
31NZ0ZTbQjpPIRyD	latin,guitar,pop,spanish,pop,latin,latin pop
31YIVZHQipXDAQRX	thrash metal
31YXnt6RbdqJqtmn	punk rock,punk,melodic hardcore,hardcore,melodic punk,punk rock,melodic hardcore,punk
32CqmThzZGVrYwwK	mpb,amor,female vocalists,brasil,mpb,female vocalists,brazilian
32J3xSss5YHCLY8l	black metal,swedish black metal,orthodox black metal
34LGXzU4AMNXJ5QT	electronic,dance,electronica,fip,fip,electronic,dance
34Mht3N1INAOCLgU	canadian,2018 single,canadian,pop,male vocalist
350J7ZEpocP0UT6D	soul,female vocalists,aretha franklin,rhythm and blues,soul,jazz,female vocalists
35iqaAumRwIyaFIv	fip,forro
361QOxGc27oShviO	folk,indie folk,indie,melancholy
367Z7zhm2Vnrdatd	thrash metal,heavy metal,metal
36DCHgrXQKOV65xL	indie,psychedelic,indie pop,spanish,female vocalists,nature
36R5fITHaR23oOqF	indie,indie rock,british,indie,indie rock,british
36mogkQR5VcNWzZP	rap,all,hip-hop
373FTmXmB8JdNHwz	electropop,dance-pop
383oeXIzIxzDY7jC	rock,brazilian rock,pop rock,brazilian,brasil
393YyCL4dOzjeDXO	oldies,50s,60s,jazz
39Bj9W5I8YKJ0lkX	acoustic,folk,indie,singer-songwriter
39L8oA3uDlnhV1Yc	indie,rock,indie rock,alternative,shoegaze,indie,indie rock
3AiwrUZ3x22JVluu	downtempo,chillout,trip-hop
3AnM1iGQCDI9Ceab	progressive rock,70s,rock,progressive
3BxDIaNzK3knd5Jf	rock,brazilian,brazilian rock,rock gaucho,alternative
3C5fKOvqw2pe6kLP	psychedelic pop,synthpop,psychedelic,experimental,noise
3CP0a854FeGN4eJV	rap
3Cmgta0LRzpvGdGU	french,indie,slam,rap
3CtzkqoWR1NJRdH0	country
3DLXPUltUaagok0k	mpb,fip,pop,00s
3DokXXWKhKVqgP8A	samba,brasil,raiz,samba raiz,o meu brasil,samba,brasil,brazilian
3E1s6pzcEC0D7k1l	instrumental,electronic,electronica,drumstep,drumstep,instrumental,electronic
3E6LE4q6HaJh7B3t	progressive rock,classic rock,psychedelic rock,psychedelic
3EfsW6jEhV0OvKIY	british,like,talent show,ya,2014 single,mnek
3FKCw0BfL1qGeDWg	noise,experimental,drone,ambient
3FThFRyM66r5J3Me	indie rock,holy shit,me possua,love at first listen
3FsnGzrD9FvvUsxm	soul,joss stone,soul,female vocalists,jazz
3FuKyTNdLJwWwIAU	synthpop,new wave
3FxEcHPDIKtaby3G	mpb,pop,brasil,singer-songwriter
3GBENfHz2WFiA9Ek	k-pop,korean
3GGg4XLPiJgFZdEW	hip-hop,mos def,rap
3GHIXJgC7L7oNVGw	k-pop,dance pop,hino,love at first listen
3GfWKyIRbkUbxnrU	folk metal,viking metal,pagan metal,metal,viking metal,folk metal,pagan metal
3Gi81iofhDsZRykw	2018 releases,rock,indie
3Gv4CyGPvChHFF6l	indie,female vocalists,indie pop,indie rock,2017 releases,alternative
3HgSt6BCbjGNRC4k	metalcore,hardcore,metal,screamo
3I3IEXhRkSokAauW	fip,rock,alternative rock,funk,alternative,red hot chili peppers
3ILnEnond0d83DzU	classic rock,rock,hard rock,cover,90s
3IsQCwU8FMDhfPED	alternative rock,rock,alternative,post-punk,lo-fi
3IyPVVwunPHbrQBk	symphonic metal,orchestral,epic,power metal
3JMM7GU7136u8s5g	thrash metal,heavy metal,metal,hard rock
3JMT9wwhiROQqvg6	symphonic metal,gothic metal,dutch artist,female fronted metal
3JN6azAYHZDJ9IHg	finality,rock,christian rock,relient k
3JOlSxCDJja5SYC9	french,electronic,pop,switzerland
3JQ0nTBcONvkAVE1	progressive rock,indie,experimental,alternative rock,indie rock
3JQg8yPgsDqwSdJN	electronic,house,synthpop,pet shop boys,synthpop,80s,pop
3JT6jp2pCjf7BxDX	electronic,dance,techno,house,electronica
3K3MxF2vecOqIH01	k-pop,korean,dance,pop
3K64x4asNZJfQEU7	christian,worship,praise,pop,praise and worship,australian
3L29CebZqYMPZqFu	indie,rock,ponyhof,awesome
3LIaIcifnY5aenlF	rap,german,hip-hop,german rap,deutschrap
3M5gz1dan3SX5pS7	grunge,rock,alternative,cover
3Mc3L9CUAFBVdAof	france,dream pop,french pop
3NBgF3XHk7EI01s3	emo,midwest emo,indie,indie rock
3Nb69rQrYso7u9Yg	soundtrack,hans zimmer,contemporary classical,sad,soundtrack,instrumental,classical
3P3uQTWd3JxAexBT	indie,the oc,indie pop,indie rock
3PtseulggRtHMoOz	progressive black metal
3Q36EsmmokskRC8v	rockabilly,rock and roll,50s,oldies,rock n roll
3QAgiowCE58lkfhU	70s,punk,good beat,1970s,acordes geniales
3QnpjtdMMAjoMtBF	2017,experimental,stones throw,soul,violin
3QtvURvlqOYsZEDz	hip-hop,rap,polish,hip hop
3R1U4t8F9OHH8msx	black metal,metal
3SEJi4JAZeoYCWk3	bossa nova,after midnight
3SRUD2w7DrZqHE0U	80s,rock,female vocalists,classic rock
3SSolszQvCHozHdV	blues,jj cale,blues rock,rock
3T1tYnVtfilZZQB7	pop,80s,french,pop,female vocalists
3T4bhuhIQTEHhcFg	80s,rock,pop,alternative,new wave,synthpop
3TAjiWcI8u0FODuS	soul,motown,60s,oldies,four tops,soul,motown,60s
3TIdOAlULKdqaSR0	pop,dance,male vocalists,happy
3TJHHVey88djFD94	k-pop,bap
3Tcwq0kIiSJDk1OB	metalcore,hard rock,metal,hardcore,metalcore,metal,hardcore
3Tdu9390svWhC45z	pop punk,pop rock,australian,pop
3UWmNTjmsIQBFhtd	anime,japanese,female vocalists,gothic metal
3UnYmzcPVNgjNNFv	idm,electronic
3UoA4vRm5Kiqdbxg	alternative rock
3VD4IvI3WR2KhZV8	rap,hip-hop,emo rap,hip hop,rap,hip-hop,emo rap
3VDugjDPEErsGZQp	neofolk,danish,nordic folk,dark ambient,dark folk,neofolk,danish,nordic folk
3VYHPB2fFFO0f4Sb	rock en español,fito paez,rock argentino,rock en espanol
3WI416EeAZXptYAZ	new wave,post-punk,80s,rock
3WTnP3pKNYFYfvsI	screamo,hardcore,post-hardcore,melodic hardcore
3WfncosyPdVtcRvq	jazz,john coltrane
3WlSHd6TxJ2drbA1	darkwave,minimal synth,ebm,synthpop,2019,minimal wave
3Wyx6bL4fbkgTPO2	girl power,pop,love at first listen,little mix
3XI3KppPMcvPClP2	punk,punk rock,british
3YuG0V05zf8YxUY2	grunge,rock,alternative rock,pearl jam
3Z2mxKTNkaayfjGf	melodic death metal,death metal,metal,power metal
3ZIbiMoxAEzvxZO9	electronic,ambient,2018,chillout,alternative
3ZW7dFyJ1lRtbo8y	pop,british,female vocalists
3ZbrrRQHcFkpTHTt	trap,rap,hip-hop,rnb
3ZcPj4mx8ChcnQsz	rnb,pop,asia cruise,r&amp;b
3aLLv89gHveBuosG	progressive rock,70s,classic rock,rock,supertramp
3acD8cv7zhxlthnv	jazz,1,onspotify
3ayVeQEo9JAqorKS	rock,brazilian rock,brazilian,rock gaucho,brasil
3b39vKAGHcJLyd3n	singer-songwriter,indie,alternative,chill
3bejCrhNQlm97r9A	pop,romantic
3cJaypWniZHpomfi	j-rock,japanese,rock,metal
3dEyqCSLzdyPFgk5	rock,alternative,britpop,alternative rock,indie,2014
3dT7OTg9w8jEBjMm	power metal,speed metal,heavy metal,metal
3dwil4nYh1KdOQDq	indie,ambient,indie rock
3e0iJgXDtiLWbvAD	grunge,alternative rock,2018,rock,alternative
3e3NRBRj6BxA921Q	deathcore,brutal deathcore,hardcore,metalcore
3eRxIV3sVkZsbgKB	punk rock,punk,female vocalists,rock
3ek5bpYhdyAlCLlJ	pop,indietronica,exotica,i am a party girl here is my soundtrack,best of 2014,rel-yr:2014
3f0doFlc7yQ903bJ	80s,new wave,synthpop
3faYOQ867TjLuWQz	reggae,acoustic,bob marley,roots reggae
3fuOrQt9qqGmPNQY	experimental,psychedelic rock,dont do drugs or youll make amazing music like this,alternative,psychedelic
3gGUBqtyIV67NLu6	sertanejo,brazilian country,sertaneja,brazilian
3hlyvzY6y1zhe4TX	fado,portuguese,female vocalists,portugal
3i6RfuPvfB9ZDn9E	techno,2016 loved,electronic,lo-fi
3j9jevapaVvqDPcp	progressive metal,sludge,metal,sludge metal
3kAIoRnx8aJhupuI	rock,alternative,alternative rock,contemporary
3kqXYNx5eBHRl3XF	thrash metal,heavy metal,megadeth
3lAIb6v82pmMZS99	60s,classic rock,folk rock,rock,1965
3mAl0v8h53hrEolv	rock,punk rock,pop punk,simple plan,punk
3mKxvt2YUxlAtj8U	french,chamber pop,british,lounge
3miAW8whHjT8ke2c	80s,pop,soundtrack,disco
3n11BOrQPpuN0W76	female vocalists,rock,alternative,alternative rock,singer-songwriter,indie
3nEJ6WRWjuLq0JV8	electronic,psychedelic pop,indie
3nriJAVYlnMFabza	electronic,shoegaze,chillout,instrumental,post-rock,ambient
3nrwHAllpcYeO51i	gothic metal,alternative metal,lacuna coil
3o0tMKDO7qu7mwP8	industrial metal,cover,cyber metal
3oD1wi4njfRo4y0K	house,electronic,party,club
3oTQyW9VsRG1vAZU	rock,pop
3ozh9LF6vuI7ixvQ	indie,indie rock,rock,alternative rock,alternative
3pKGqHJGqgLr0Uim	electronic rock
3pi5n1NmZfkF09dI	jazz,jazz fusion,fusion,miles davis
3pwtPBxBWXawmwlQ	house,electronic,dance,progressive house,tech house,trance
3q2VIzbbLzqCj0NI	rock,reggae,scottish,scotland,luca,bonnie prince
3q8pvkFyr6zNgQJb	k-pop,4minute,hip hop,rap
3qCb03UxBvbZsWEM	post-hardcore,screamo,hardcore,emo
3qGNZSp8p1NoFoHN	classic rock,rock
3qyQ24VV9RVxqvSH	grunge,90s,rock,seattle,alternative rock
3rK4404QHChfRtHQ	rock,wander wilder
3roAUOGQtS7f7rmq	rock,alternative,experimental,alternative rock,brazilian,brazil
3rq08eBFUt4V0ER6	emo,post-rock,indie,indie rock
3rwGO4kmdFUJDj6z	new age,ambient,era,chillout,celtic
3s6qDbF8qsvcfmeY	masterpiece,britpop,lenda,love at first listen
3sU9qFGR5sqLO0qy	ambient,experimental,2014,chillwave,glo fi,perfect album
3saT0fjF814XQz3y	house,electronic,dance,future house,edm
3sbVM40hDB3hFoIh	rap,hip-hop,rap,hip-hop,eminem
3shrACNQQ5eeQEAO	pop,rnb,love at first listen,hip hop
3t1u6zgXiu7CYRxc	rnb,omarion,soul,entourage
3tH5Zk46RrrZimoX	remix,gryffin,electronic,indie,british
3tzEdoqi8YsbSNCz	noise rock,post-punk,no wave
3uE2U46E1yEXAhKP	indie rock,worst lyrics ever,2013,british
3uTj1EuKkKna5uPh	hip hop,driving,club,summer,spring,autumn
3uXOXJsblMZfY12A	american,duo,frauen und technik,ladytron,2014 single,electronic,synthpop,indie
3ux924VZYedQCq7I	rock,korean,korean indie,indie
3vLuOj1c1suvUGZT	j-pop,j-rock
3vpLjr47A2ANetid	pop,ballad,love at first listen,2013
3vsIlMsA979ZqMLq	garage rock,surf rock,indie rock,alternative rock
3vy4HNPWkTnMviIw	gothic metal,doom metal,metal
3wZ8tUKbB991Y56c	surf rock,indie pop,warm,banned,jangle pop,lo-fi,indie,surf rock
3wmtEja2v0pUigM5	lo-fi,indie
3xAFBtATL7yEEH5c	rock,alternative,pop punk,paramore,alternative rock,punk
3xcyDvE6On5xbmCD	folk metal,metal,black metal,viking metal
3xhpkrkuCNicNAn7	trance,dance,electronic,chillout
3yBuK5zDxlyIqWS0	soul,female vocalists,jazz,amy winehouse,british,soul,jazz,female vocalists
3yOJLIpOiYvqCKAm	rock,pop-rock,pop-punk
3ykvh6q6cPyU5A1J	soulful christmas,christmas,christmas songs,voice,pop,rnb,mariah carey
3ymMofwkRtRhO2ed	synthpop,new wave,chillout,indietronica
3z0wMks7ETAvm1ve	80s,post-punk,1981,1980s,post-punk,new wave,80s
400mck7o9mxP7gbI	symphonic metal,gothic metal,female fronted metal
40FzEJFj72Vme3Kn	classic rock,rock,70s,hard rock,led zeppelin,folk rock
40bTSpj4IHp0SALq	indie rock,indie,british,rock,alternative
40fe2APtsJlezB53	indie,rock,indie pop,indietronica,brooklyn,chillwave,lo-fi,electronic
416KOiSVKofwDSOz	folk,rock,2014,american idol,country,pop rock
41Q97CsKUBL75oQP	electronic,dance,techno
41VSBVwHnZpYDR9M	death metal,riffs,heavy as fuck,metal
42CAuUVyrPX7VT8v	blues,blues rock,great guitar
42RBCzVu3NhQfdTh	rap,hip-hop,polish-alternative
43L7L5sa9qedtFb7	reggae,jamaican artist
43OzbKKKuC7jFrNA	mpb,brasil,samba,brazilian
44KUk7sAa6Yw6MHn	black metal,true norwegian black metal,norwegian black metal
44hiQmXVeTGxwl6X	classic rock,rock,british,60s,blues
454ig2ufBn55PgIv	fip,soul
45D1oBXnltpWt8eg	cover,pop,michael jackson,rock,beatles cover,pop,80s,michael jackson
46LVu3FgTZEzHyIJ	experimental,dark,ethereal,clinically romantic
46RQFXKoxrsEJ2E1	pop,favorites 2015,2010s
46c3wPfHns7jfyOv	progressive metal,melodic death metal,metal,finnish metal
46eMdbSlKBEaEiWF	progressive rock,doom metal,atmospheric rock
46pXyusxTp6sKznM	pop,dance,female vocalists,dance-pop,2015 single,featuring
4726zaxwER59zhEu	indie,spanish,spanish indie pop,pop,indie pop
4727DlhzVM7gntaq	80s,indie,new wave,alternative,british,rock
47YByKoXjGdw78fm	indie,00s,british,britpop,indie rock
47t776itGX7iSLbs	latin pop,latin,pop,dance,female vocalists,spanish
47v76UDo9RxPv6Cn	hannah montana,disney,miley cyrus,pop
48VV4hceeVbhX673	rnb,soul,brian mcknight,slow jams
48VdPLCPJnZaYlBX	punk rock,rock,green day,alternative rock
49HcGXMaif20lWip	pop rock,british
49OodlVPpj6MaSnp	soul,rnb,beats,chill,lo-fi,united states
49SZz8cAVP3AIR7f	rap,brazil,brazilian
49vPDq1yQB5jFtNH	bagel,somafm,surf rock,psychedelic,lo-fi
4AE2erUaaWz1BCDc	electronic,japanese,synthpop,techno,80s,1980s
4AVfgf2JgL5GQGFv	post-hardcore,alternative rock,emocore
4B7btzfTwykxH3pr	sertanejo,sertanejo universitario,brazilian,brazil
4BBUIXPOAuKdqyxG	post-punk,gothic rock,80s
4BDGU5V8BqrszSLh	indie,indie rock,alt-country,emo,rock
4BTfYjwpadlNuQCG	black metal,depressive rock,depressive black metal,swedish
4CSZ78WaPCV6oqez	hip-hop,emo rap
4CZWWnwka0eWQCju	country,dixie chicks,female vocalists
4CesfcVnG37H8lsC	french,pop,alternative,rock,french,rock,pop
4DMiWUvAvtpqIeFT	pop,rap,hip hop,italian,hip-hop,italian rap
4DRfQSCfKwBJ5is6	heavy metal,doom metal,metal,black sabbath
4DsqfjuxRGZ49IWX	indie,pop,electronic,alternative
4EZLHYX3aUVxm9dh	electronic,indie,dance,australia
4EZMwzxk7g8WodzV	samba,brasil
4EjsnIJzfv9nacuW	progressive metal,progressive rock,progressive metal,progressive rock,metal
4Ep5FQO8ux3S6Lu2	jazz,ambient,noir jazz
4Evo16q3iaOe0DC9	rock,alternative rock,indie rock,post-punk
4FARlQGY79MNZVHz	k-pop,j-pop,kpop,girl group
4GDRazarJOAv2Hx8	garage rock,rock,psychedelic rock,snakeoil
4GSrif3dvV3xFXQR	rap,gangsta rap,trap,songs about drugs,trap rap,lil pump
4GrxpWblpXQSYwM6	2018,synthpop,retrowave,synthwave,electronic
4HnwqasMeaZ1QjeR	progressive rock,77davez-all-tracks,classic rock
4I1Cqv2AZRoeCYw9	witch house,darkwave,epic,dark,witch house,electronic,shoegaze
4IQMrY9DMUrvm0oL	80s,pop,female vocalists,rock
4Ia5QWeHIGw24bwn	rap,hip-hop,rap francais
4IuSbTUBgzThz8uI	trip-hop,lush,chillout,electronic,downtempo,trip-hop,electronic,chillout
4JEHIYg24AFHVEe4	electronic,pop,ladytron,female vocalists,legend,why on earth is this just a bonus track
4JOpWqMf2c2TGCbg	rap,hip hop,underground,brasil,rap,hip hop,underground
4KPBIPBcqnzzxeE2	indie,dream pop,dream pop,lo-fi,indie pop
4LhB5Mr14jhdTznF	alternative metal,metal,alternative
4LqElqsxeXeq5F1Y	love,britpop,british,indie
4M1xgvP0XIpKXUbZ	post-punk,industrial metal,alternative rock
4M2DXEfaghkv7lok	female vocalists,rnb,soul,pop,kelly rowland,rnb,pop,female vocalists
4MT4S2t6xcW4Y5J4	ethereal,psychedelic rock,folk,alternative
4MsjH1TyTwZuZuOK	classic rock,rock,british,60s,pop
4NQT2FVZHXg3wrSo	folk,indie,indie folk,chamber pop
4NRmb0GSeBbEoBJW	progressive rock,oldies
4NXFdFjrafHJdLaB	indie,folk,british,britishisles
4Nk8Vkd2zCgW43oa	mpb,brazilian,puta que pariu,sem palavras
4Nn57OQFgi7wDff7	chillout,trance,ambient,electronic
4OHi08lv0lGZbxC8	80s,pop,dance,crush on you
4OKHYlaWbkwWZP4R	rock,indie rock,british
4ORlPGnimryDVDZp	eurovision
4OVTpQTTKmEzKQ2t	jazz,garage rock,psychedelic rock,garage punk,alternative rock,indie rock
4OlefqFr6Y0QaoIz	indie rock,alternative,live
4OpAvah0yUKDwafW	brazilian,alternative rock,mpb,alternative,2014,role certo
4OuTvlQqmqcvZw6z	grindcore,2014,technical grindcore
4OxOFWrIMBXB99RA	rap,hip-hop,brazilian,ragga
4OzypfW25LNW38JW	pop,love love love,this song makes me so happy,love this song so so so much,brb singing this to my ex
4PSIRdeKbXt5wM6W	melodic death metal,death metal,blacker than the blackest black times infinity,music that makes your head explode of amazement
4QCACE6R845kvyl9	shoegaze,dream pop,female vocalist
4QSF7rvh4vjnWv73	pop,dance,female vocalists,jessica simpson
4QjkDEFwl0ZdZcp5	electronic,post-rock,noise rock,avant-prog,irrepairable psychological trauma caused by the suicide of a loved one,just no
4R2lmr5lP67vnvsE	heavy metal,metal,volbeat
4RH0bstXSpQfieBV	heavy metal,power metal
4Rv7Wh1g6cRqMGyM	fip,alternative,90s,rock,alternative rock,experimental
4S5TzGUyoD3frg8B	80s,female vocalists,rock,pop,classic rock
4SQ03S7tRR1VLFkk	latin grammy nominated,pop,lap dance,i am a party girl here is my soundtrack
4ScJnVHTVBKGPyru	electronic,indie,electronica,instrumental,indietronica,american
4Sd1vohiMSsHL7fJ	alternative rock,space rock
4Six7mnnPGIdeIEB	indie,2011,indie rock,gossip girl,dum dum girls
4SwEkxKv1EwzTpwr	reggae,lovers rock
4T4WS25clgZG0Rwk	pop,britpop,british,rock,male vocalists,pop,britpop,british
4TBblTC9FdxcLig7	chris rea,rock,british artist,english lyrics,7 of 10 stars
4TDqLnj3Lndn9TCT	power metal,heavy metal,war metal,metal
4UOvIznnwATQ9fyA	indie rock,pop punk,alternative rock,rock,2013
4VlD4hA22osMVJpE	indie rock,lo-fi,singer-songwriter,indie,american,indie rock,lo-fi,singer-songwriter
4Vn9VEIE8GRYVEo0	indie,rock,britpop,stereophonics
4Vtn1DI8s3UJ0mKH	2015,indie,pop,2010s,indie pop,alternative
4Vumo5bybkjwPR4V	new age,electronic,ambient,chillout,enigma
4Vvx2pI5T9hIF3zs	pop,sexy,rap,hip hop
4WDwkpQSwDo0XvN8	indie,british,post-punk,alternative,rock,white lies
4WXESNNO5Xks6U7P	pop,backstreet boys
4WZ4nxbqfJL6D73I	sexy,fip,rock,singer-songwriter,love,alternative
4Wt1w5cT1F5R0xsY	rock,alternative rock,alternative,funk rock,funk,red hot chili peppers
4XdEozQRnksNkNpf	rock
4XsY6mDyVjWZ7309	alternative metal,gothic metal,metal,gothic rock
4XwgaDSlvRNEc4O1	americana,folk,country,alt-country
4Y3dSYVcYOEvz95G	alternative,pop,post-punk,four
4Y3e3qOS9OVGYhT8	acoustic,instrumental,post-rock,post-metal
4YXTqCeHYC5L2sCb	deathcore,metal
4YofBCNIWq1I3Y8f	french,electronic,indie pop
4bJBGkxofSUvAMhM	alternative rock,progressive rock,alternative,rock
4bJX42VvFBT4r51X	ambient,dark ambient,experimental,electronic
4bgNoAhe9d4pBMNs	neo-soul,soul,maxwell,rnb
4cpIRIIrpLMxr4PT	mpb,brazilian,forro,brasil,brazil,singer-songwriter
4cs3JsHc4XXOOStS	indie rock,british,indie,rock
4dfYBlscEiIGnJcn	progressive metal,progressive thrash metal,thrash metal
4ea5gdpmXKJTeoDu	lush,cover,female vocalists,alternative,singer-songwriter
4eyDkxGNMScrPXNF	progressive metal,for the simple idea of cheeseburgers,burgercore,progressive metalcore,metalcore
4fCS07fAgw90e92l	post-rock,instrumental,ambient
4fJ2oIHIhjWj8yHz	female vocalists,indie pop,indie,pop,british
4fZOPpoVowJb5oSu	classic rock,rock,boston,70s
4fdHZl51XNuxD1O4	dream pop,lo-fi,surf rock,female vocalist
4gEFZ0aisEmzyFok	pop,hip-hop,queen,white trash
4gQhKYtztYttE9yP	2018,hardcore,hardcore punk,post-hardcore
4ge9lGjwxO3yTDaX	beautiful,indie rock,sharon van etten,alternative rock
4glaLmaXFAdOw5b2	soundtrack,alternative,indie,female vocalists
4gvy5upAccWDOxYM	japanese,shoegaze,indie,rock,progressive rock,j-rock
4gxcD1IObyDszRr1	2018,hip-hop,rap,pop,hip hop,hip-hop,rap,cloud rap
4hOKiyfIoovYJRcU	black metal,symphonic black metal,gothic metal,extreme gothic metal
4i7lUtU7nCcAAkhl	girls name,rock,sad,beautiful,indie rock,indie,rock
4iCH6ysFj8ZRXVDL	christian rock,2014,pre-contemporary
4iOqqsSeA2Ifvb9C	country,folk,60s
4ifZbeWDndwinfQr	electronic,electropop,pop
4kCx7fL5NRkhKZXI	indie,electronic,alternative rock
4kVtzwbBITvH7G4u	melancholy,chillout,pop,jazzy,sophisti-pop,art pop
4kZMdi28q9YF1zo0	power metal,symphonic metal,progressive metal,metal,melodic metal
4lwWcZc2CSTflpiJ	doom metal,black metal
4lyBFOnjsTd7o4Ug	piano,melancholic,soundtrack,contemporary classical,soundtrack,instrumental,classical
4m1SSWsNBuoyJoDJ	soul,rnb,rock,grunge
4mYrfV4RX2OedB9g	pop,american,pop,dance,electronic
4meLFo1wkmOnGnRp	80s,soul,pop,funk,rock
4mhmSdRmnG0tO3M9	instrumental,melodic death metal,acoustic,finnish,melodic death metal,death metal,finnish
4mipDEKIk6WRgq4u	indie,rock,french,instrumental
4n8KiVAYtoQ1SO5Y	grindcore,hardcore,crossover,hardcore punk
4nl4bD8mUDpjhwq5	alternative rock,rock,alternative,indie,alternative rock,alternative,rock
4ntTVg12WMjJxjcs	pop,male vocalists,love song,backstreet boys
4oTt9joZykP0FjyR	alternative,rock,brazilian,alternative rock,indie rock
4oecdz6LhVVjr6PO	death metal,death metal,old school death metal,metal
4ooTrnupb44EU6UV	symphonic metal,gothic metal,opera metal
4opNmQ2SqLkJwjzo	electronic,cover,retrowave,michael jackson,#dayumintro
4ovoZEaFn6Hg6tmb	proto-punk,garage rock,live,rock
4p2yCLhkAA7prvDV	pop,pop,british,britpop
4phB8U7EUTBLvJcG	mpb,samba,2016
4pyrv3dsC20bV73k	cover,punk rock,punk,rock
4q6mc4jq1azB0Nvp	rap,cloud rap,hip-hop
4q7zSqZdOykOZCjE	electronic,acid jazz,experimental,idm
4qJVaZM7epp0rvML	rock
4qZ4vZHqCW07laiO	djent,progressive metal,progressive metalcore
4qdVV29bV26RhEdD	folk,70s,acoustic,singer-songwriter,harold and maude,guitar
4qzSFulNz52Ssmxs	pop,female vocalists,sarah mclachlan,90s,singer-songwriter,rock
4rkPsxchObFakkVJ	indie,alternative rock,brazilian rock,bahia rock,rock,brazilian
4rkUuSgdqbjW4Ccp	disco,70s,oldies,pop,disco,70s,pop
4s7dQVA55bfSmFXi	metalcore,metal
4sUNaDw0evcjjBzv	post-hardcore,metal,electronic,experimental
4sbsXy3Oe32LS4x8	emo,2018,indie,punk,midwest emo,pop punk
4sxHQ3I4g2iUHdDw	soundtrack,60s,female vocalists,oldies,kill bill
4tfGOr2LKS1LK9G1	grime,rap,2016 single,bbc radio1 playlist 2016
4tfYQIkt1vEoMQYa	black metal,2018,raw black metal,swedish black metal,swedish
4ttmhv19NBU2qnLW	brega,dance,brazilian,favourite songs
4u9uvF9JAQ2TFLUu	alternative rock,female vocalists,rock,hard rock,alternative
4uK1NKMrc8skcSes	indie rock,indie,british,alternative rock
4uroF36rp4SBbdX6	pop,um tiro na minha cara,pop rock,punk,synthpop,electronic,pop
4v1nOpa6nTX5ELBF	industrial metal,metal,german,industrial,rock,rammstein
4vFLgPG7a9BPT2Gs	pop,britpop,british,robbie williams,rock
4vHbsI004ms1IHQr	blackgaze,atmospheric black metal,post-black metal,2017,post-rock,black metal
4vYv5iDxBR5lZXP2	emo,indie,indie rock,fucking beautiful,brutally honest,ynaayt
4vm9FnGA4vEXUSRE	australian,emo rap,rap,hip hop
4vvR1uCgFpJKDzg7	indie rock,progressive rock,drums,drum solo,altparty
4wAPzKWXf9DcCLsA	pop,female vocalists,teen
4wC3XwW7wPDAgNS1	progressive metal,chuck schuldiner
4wDS3gK3lboVBRcm	disney,soundtrack,swing
4wQMsOg3wi5jEoly	post-hardcore,hardcore,metalcore,trancecore
4wXgUmGonsD5v8w3	deathrock,post-punk,deathcore,metalcore
4xwkJn8oa6sPqCwm	rocking out,alternative rock,sex song
4xzbXNvYGyCqxEcU	songs about goats,metal,industrial metal,extreme metal
4yBc5bF6kK7IN4oZ	sade,soul,jazz,female vocalists
4yGAYt5xDFGsxfzc	folk,swedish,love at first listen
4yViX1qb5Ct7pJza	rapcore,nu metal,kick,limp bizkit,rock,metal
4ycF1LG0Ych54f0i	80s,new wave,pop,british
4yiIyscOiT2TgT2X	electronic,korean,house,dance,electronic,korean,house
4zDUnGnZGeRwNQN5	brasil,female vocalists,brazilian,brazilian music,mpb,bossa nova
4zIazGBvDRNybblV	rap,eminem,hip-hop,hip hop
4zUUUvPDkfMlhcR8	electronica,rock,indie,punk,electronic,poptron,indie
50ZIhsB0tHQGEBRA	gothic metal,symphonic metal,female fronted metal,gothic,metal,gothic metal,symphonic metal,female fronted metal
50jd1qMRV60M8ETG	pop,rihanna,rnb,reggae
51DcMVJ8pr33k9sz	grindcore,death metal,grindcore,death metal,deathgrind
51I0DcoRVfkiRDeR	hip-hop,lil skies,2018,rap,cloud rap
51MUV2XSVHVJWJbI	italian,pop,italian pop
51QCxurjGgdhjvm8	shoegaze,post rock
51znC33E7tKpQmq6	alternative,trap,indie,pop,trip-hop
523wmyxkx8KztEHy	indie rock,indie,garage rock,british,rock,indie rock,garage rock,indie
52DcPB2PkQoJDcKl	colours,materials,bubblegum bass,bubblegum bass,pc music,pop
52P68xRayj2a2Fmp	indie rock,indie,lo-fi,folk,indie folk
52busP6JW3B18QgS	georges diner,1978-9,country,beautiful
53DdxbpYp6kgtmc9	blues,harmonica blues,chicago blues,classic blues
53ORjAYX6B2E4J9q	alternative,electronic,alternative rock,british,rock,alternative,rock,alternative rock
53skCF7OttxfjUq4	rock,brasil,70s,psychedelic rock
541vmTYiNos9uoyI	singer-songwriter,acoustic,pop,german
549Cg4K9DayU8scF	industrial,new wave,80s,electronic,ebm
54VxPcTD0J8jeYxd	classic rock,rock,80s,hard rock,status quo
556dHb6MJwPcP7eW	jazz,bebop,saxophone
55DcTLYWMGMgRiWh	electronic,dance,indie,electro
55NQViktvtzMxJwQ	shoegaze,indie rock,indie alternative
55Oekm90JRbmjmHu	drum and bass,jungle,drum n bass,dnb,electronic
57ah27JVtQTr65N0	nu metal,rapcore,alternative,rock,limp bizkit
57smtw3MnhkzxhvA	soul,singer-songwriters,rnb,australia,female vocalists,neo soul
58QoNwy1ZCYRLGnV	60s,classic rock,oldies,rock,60s,classic rock,rock
58hKf3RzL7dpuFLE	punk cabaret,piano,female vocalists,alternative,indie,cabaret
58v0jqacBYBt2rEn	indie,indie rock,lo-fi,indie folk,experimental,rock
59c5YcUgzy3P1Upf	pop,sexy,pop rock,trip hop,love at first listen gif,sexy as hell
5A5N0dK6KAnOgcvq	new wave,rock,classic rock
5ALZRhOlzc9zwPvh	fip,electronic,downtempo,instrumental,experimental,fucking amazing
5Afg4w047Na8dRZ4	heavy metal,metal,hard rock,heavy metal,hard rock,metal
5Aktg1p2pt3jxwkx	folk
5ArM5G1F2qenTBYR	lo-fi,indie,soft,shoegaze,american,dream pop
5B8MEDFsAUufCkyP	country,singer-songwriter,alt-country,folk,americana,country rock
5CKAJvinsxsVOy7G	post-punk
5CXvlCjhf8ic2Q7S	synthwave,synthpop,autobiographical,electronic,electropop
5CzG0nfcO0rdLwYt	indie,indie rock,electronic,alternative
5D53ebE8oKvBgzLw	indie,alternative,love at first listen,alternative hip hop,this song makes me go high
5D8hhOcQ39pRWVeo	female vocalists,soul,pop,electropop
5DKABFoFMB4M4r5h	indie,british,indie rock,00s
5E4d9M0mcRzgimRX	house,detroit,electronic,hip-hop,house,detroit,electronic
5ElsQrERvWhY32iG	pop,eyes of blue,rock,adult contemporary
5ExFKNjiL9UpVf0V	synthpop,female vocalists,katy b
5FGBYu8CM1MlXokl	progressive metal,math metal
5FGlCdsB9wJ1Xy8B	progressive rock,remix,art rock,90s
5FlM24hFUPv7u6yA	electronic,funk,idm,experimental,2014,syro
5HRq3xRdqs27o9Gq	progressive rock,rock,psychedelic rock,progressive
5HUCbUNoE9k6re9g	jonas brothers,pop,love
5HUdnm6uceG7GqPn	hardcore,metallic hardcore,nyhc,hardcore punk,metalcore,2011
5IKM3soDe7kBhm4n	prince,pop,80s,american,rock,ballad
5J0NHYvCD8x3Cqkq	rnb,erotic,pop,sexy
5JhLvD6ofhJ0ddXH	fip,blues,folk,fip
5L2UIQBsbq6XupbJ	italian,rap,hip-hop,italian rap,pop rock,alternative rap
5LQI3zxuXxWX0kAH	blues rock,classic rock,blues,60s,classic rock,blues,rock
5LekI9Qss48gknk4	hardcore,hardcore punk,punk,straight edge
5Loqfsn68inkPPRC	k-pop,korean,kpop,pop,girl group,k-pop,korean,kpop
5M2uPxFlMUGhuBFv	crossover thrash,grindcore,hardcore punk,brasil
5MCFj97qRYl3dFmi	blues rock,psychedelic soul,indie rock,garage rock,rock
5MWmsAPuhdOjPuAy	80s,new wave,synthpop,pop
5N8w20QwUaJoWMGG	80s,disco,pop,male vocalists
5NYcgQav8xg17wXv	pop,spanish,flamenco,female vocalists,folk,eurovision
5Oa7qTexHvpLUOeS	thrash metal,heavy metal
5QmQSFzAHcALmj4i	jazz,guitar,jazz guitar,instrumental
5RCDjW6KDc1KP1MC	indie,indie rock,rock,the oc,alternative
5RcPBjkfv28O3cCU	electronic,house,dance,eurodance
5ReisPV2qb2iTJWE	ambient pop,art pop,alternative,ambient
5RjY5YCHnaJ3YPML	rock,90s,female vocalists,pop,alternative,alanis morissette
5RxA6GiCkXyTybuM	pop,dance,british,sexy
5SHBToIKSwKCCjgv	gothic metal,alternative metal,metal
5ShsQ3dctLMFC3Xl	indie,rock,indie rock,britpop
5TBaeqWFzNbOeKZn	pop,acoustic,dead,madison beer,pop,indie,female vocalists
5UGj15LvE1lyNy3f	alternative rock,rock,nu metal,electronic rock,alternative,metal
5Ub40WNlLB8GP8Vf	2018,singer-songwriter,female vocalists,indie pop
5UtxTyC8We2LekFg	classic rock,rock,70s,soundtracks and sunsets
5V9GFbr9xLwmLZAg	electronic,house,elektronic beats
5VFh8F92v79DfE3R	rnb,soul,chill,best of 2018
5VILwhm62Rhf9wvO	post-hardcore,sludge,post-metal
5Vy0e3R01JpIIT1U	latin
5W7RTSzYz8EVHroD	britpop,rock,perfect,brit rock,2017,liam
5WrCcVYqVX1FOrOx	pop punk,powerpop,forever the sickest kids,alternative
5XRiNCJtOEXQlIHk	acoustic,pop punk
5XTdTMvlp7xmmg74	pop,party,dance,rnb
5YBpOY8L1ig4sjNi	pop,rock,james blunt,singer-songwriter,britpop
5YwqI4RIFvHQJRJU	spanish pop,pc music
5Z4ZG3QyQ5eKkBAn	2013,chillout,ambient,canadian
5Zts56nlXqv2tKNX	pop
5a1fnO1BqGMPqyG5	classic rock,rock
5a3PAVTIghtWirX4	punk rock,rock,pop punk,rocking out
5bLqqhu8gjzu5wlA	lo-fi,indie,indie rock,alternative
5bVqP2AsQwwTBO1v	jazz,amy winehouse,soul,female vocalists
5cxz6LSrTnNm2quh	hip-hop,rap,dirty south,trap,atlanta
5d7dc8xWexDwdwBB	j-pop,japanese,jpop,asian pop,female vocalists,asian
5dA2NpxEZ9gFdJAn	cover,industrial,darkwave,gothic
5e02R988TJ10sWNz	electronic,downtempo,hip-hop,chillout,ambient,chill
5eC3Jb2yc0hD6ZK0	symphonic black metal,black metal,melodic black metal,metal,black metal,symphonic black metal,melodic black metal
5eMXwAQxzKOCZC6t	brazilian,party,pop,latin
5ezMlUjgWR1qSwIB	poptron,indie,electronic,female vocalists
5fNEHTk23KOhI8Cp	polish,alternative,experimental
5fRWN8SWgAjthZyh	nu metal,rock,rapcore,nu-metal,nu metal,rapcore,rock
5fga8XWcyM6AhD3t	classic rock,psychedelic rock,blues rock,60s,rock
5fz08CJx42Ia7DrS	pop,pop rock,rock,avril lavigne,female vocalists
5g8LHgR1GND7IY18	black metal,epic black metal,atmospheric black metal,symphonic black metal,melodic black metal,black metal,atmospheric black metal,epic black metal
5gI8ealRrm7YbMzE	classic rock,rock,70s,blues rock
5gvF447rb1rXG4W5	classic rock,rock,70s
5hx77DgNcRAntbRa	folk,folk rock,classic rock,rock,singer-songwriter,folk,singer-songwriter,classic rock
5i6YWGw5v7GAKkVy	house,dance,vocal,electronica,female vocals,club
5irgmNE7Y4O3G6de	90s,soul,rnb
5iwqTicdZjaKDNs1	hip-hop,rap,american,2013 single,bbc radio1 playlist 2013,produced by mannie fresh
5jMqi9NLmuzz3xER	j-rock,rock,japanese,j-pop
5jQLDAjgugNZ4S6e	indie rock,indie,garage rock,hard rock,alternative,dance punk
5k0J8Khb6W0O7vt8	rock,hard rock
5kG28CzlVZGIrpOh	indietronica,synthpop,new wave,indie,alternative,indie,australian,synthpop
5kHDYEyLxG5btrxA	pop,dance,british,female vocal
5kRRzFRjQDMeKZh5	country,carrie underwood
5l8k6jpPsqGjgmwC	metalcore,melodic metalcore,2017,hardcore,christian metalcore,christian
5lYXY2GrZS1Itbnw	nu metal,alternative metal,metal,industrial
5lp6WPQXOXbaG2Kj	black metal,hardcore,norwegian
5mEYfsUwcZkCHs1O	electronic,psychedelic,00s,indie
5mOxIQC1MFQaajCS	industrial,post-punk,concussive,proto-industrial
5myxZ7PPTBItSNKV	japanese,pop
5nE0LQfRWTrx6luh	death metal,progressive,australian,technical,deathcore
5nba7v13hMFxZ6e4	progressive metal,progressive rock
5ncTabMAeNCGZfXp	industrial,metal,rock,alternative metal
5oA1qAGYLj6W15vO	experimental,avant-garde,james blake,voice-centered avant-garde rock
5of4TBCqyNJxO3Da	hard rock
5pHcnDimXQuDBXiM	nu metal,alternative metal
5pMQhlkciPW2dvA2	tech house,2018,minimal techno,minimal,electronic
5pXZYfwp0p9pSam2	pop,indie pop,female vocals,2010s pop
5pefNeWT0nGcTmWH	synthwave,electronic,retrowave,dreamwave
5puEuHuDvFBi7Qj2	fip,synthpop
5qS4jrejDakMgRii	hard rock
5rM7oS06IJuh3qFt	hip-hop,experimental,glitch hop,experimental hip-hop,rap,hip hop
5rgTx0RWpBrbGKo3	classic rock,60s,pop rock,british
5shD7tJ5iYu8vdMl	rock,brazilian,emocore,hardcore,emo
5t9ZOKLEOZ446B6T	alternative rock,alternative,rock,90s,alternative rock,rock,grunge
5tRzeSQZg5InYL5Y	forro,limao com mel
5uHSQQR4vY303egd	pop,pop rock,female vocalists,the veronicas
5uS8vWF3uTFohZRA	indie,2015,indie pop,british,minimal pop,love at first listen
5ulXiax8UJuHS5C0	rock,hard rock,party,party metal,00s,party hard
5uyK4MY9X6YPfm7Y	acoustic,singer-songwriter,rock,alternative
5v8P2iE6GTR7ITgp	brasil,mpb,alma
5vRXh3j6q1qhi4ht	j-rock,japanese,rock,anime,j-rock,japanese,rock
5vY0zdHBkTAs7dFl	funk rock,1984,red hot chili peppers,artist radio
5vejHNCT3rGBJHC3	pop,singer-songwriter,female vocalists,rock
5vxRYq375jamf6Qj	acoustic,singer-songwriter,british,folk
5wCw7eATgUSfplfa	industrial metal,industrial,german,metal,rock
5wHPXFPehEBD8OrL	trip-hop,easy listening,chillout,female vocalists
5wlPWDOi8ihQ5sTc	rock,pop,female vocalists
5wyv1E5hkhJR9Q1V	death metal,metal,ambient,instrumental
5xGdtXaPJJnv8DQR	brasil,tropicalia,mpb,experimental
5yUssnUlEeZjzg4P	brandy,female vocalists,rnb,soul
5zG2Y9PUi6haLPhk	christian,pop,female vocalists,pop rock
608RAorKOvSj4T7t	based,hip-hop,swag,real recognize real and this nigga the realest,rap
60m3ZKYwzF1AILx4	ambient,post-rock,shoegaze,instrumental
60ttr6qLtN0B5qrc	deathcore,death metal,metalcore,hardcore
61G9ofDcAZxQ0NGm	j-pop,anime,bleach,japanese
63jz2yy0Rll5W1c9	metal,alternative metal,nu metal,nu-metal
65jhplKd8AOdbx70	pop,swedish,female vocalists,eurovision,alternative,best of 2017
65wDEhUoUx0bH3Sd	indie rock,indie,rock,folk,female vocalists,indie pop
66lf6cbPN3kEsihw	rob thomas,pop,alternative,rock
67zrYvQSMe5eK96X	pop,funk,dance,urban,better than selena gomez
6865jdk5RdA2Q3W2	reggae,roots reggae,70s
68AfbH6aUVyu4NSy	alternative rock,rock,30 seconds to mars,alternative
69urnaMnMPIECc0d	indie rock,2018,psychedelic,psychedelic rock,rock,new wave
6A2fpJ54WelUYKRf	sertanejo,viola,caipira,musica andina
6AtYXxHqDCqre4eV	pop,laura pausini,soundtrack,adult contemporary,pop-folk,soft rock
6B4PRup0ktmDTnBj	funk,estonian,funk,fip,estonian
6BHKRqedHnZNgvwq	ska,ska punk,reggae
6CH45wqrOmDtMRh6	hip-hop,hip hop,rap,nas
6CPchJlOxi8Lm8Fw	jazz,herbie hancock,piano,jazz piano
6Ckx3D1NVNvX0jio	soul,70s,oldies,philly soul
6DFvffhtHNM9DlsD	pop rock,chile,latin,female vocalists,rock,pop
6DSJD0Oemhb8u8Ao	rock,alternative,nu metal,alternative rock,limp bizkit
6E8AE6BDZ9wS09aX	alternative rock,rock,alternative,rem,90s,slow rock
6E94y926Mwc8UsTc	dance,pop,female vocalists,electronic
6EAsy0eXiXYn6Fxc	rnb,pop,british
6Ec6jOnqa0Y1m5Ig	hip hop,dutch hip hop,dutch,rap
6EmLRW2jlmK35fNu	classic rock,hard rock,progressive rock,rocking out
6FTUoF6l1nzFi4pn	emo,rock,post-hardcore,beautiful,&lt;3,post-hardcore,screamo,emocore
6FlZ0TVkUPf6RNYW	electronic,chillout,electronica,ambient,dance
6Fyk7xZF1jOYlTEz	rap,rap,hip-hop,polish
6G3OlCkqo5aaeQrg	80s,synthpop,new wave,female vocals,atmospheric
6G3q6YqIzBN1JUjc	country,female vocalists,sara evans,contemporary country
6GnNvNQi3FpW3PL5	post-hardcore,soulfuck,listen before you die
6J5tsCOUoKhBvfL5	death metal,2018,old school death metal
6JC8YxWAM6AicoDX	pop,indie,alternative,american,horny,good listening with coffee
6JVwiDR9zS4dfp8L	indie,rock,indie rock,lovely,2009,indie,alternative,indie rock
6JmwFGurT4imyE7M	acoustic,emo,indie,alternative
6JoddNb0GqI5dWiC	alternative,female vocalists,piano,singer-songwriter
6JwXfZULVpssuwLn	atmospheric black metal,ambient black metal,black metal,ambient,atmospheric black metal,black metal,ambient black metal
6KUiIuuloT6mhHpQ	experimental,psychedelic rock,noise-rock,american,where is my bong,2010s
6KXtLUgJSVQm3aD1	soundtrack,irish,folk,ps i love you
6KgeXc1k7HonJz9Y	epic,love at first listen,rap,hip-hop,pop
6MJkge2anZHEYvjl	80s,new wave,pop,synthpop
6Md22aBSNXo62J4f	pop,latin,shakira,dance,sexy,spanish
6MyInp6HkGRDRQnu	smooth jazz,instrumental,guitar,chillout
6OYZWw103w5FJ84E	pop,british,britpop,indie,rock,pop,british,britpop
6PRalGDOmC27ibWk	acoustic,folk,indie,singer-songwriter
6QQBJU3WYI2z5t45	post-rock,indie rock,dream pop
6RUPvcfSGOskTiYV	death metal,metal
6RurDTBUq8pibWZi	funk,pop,dance
6SmtWdmnc7FOhqqE	indie rock,dream pop,argentina,indie
6TCjMEUrvVjjOpQu	electropop,bitpop,glitch pop
6TmAihJXY0YhL45r	thrash metal,metal
6U0qwqza4o7Q2DNw	soundtrack,instrumental,composer,ambient
6U1725ceR4JyKM3c	pop,rock
6UEKlxGSgkQmqSEr	indie,canadian,alternative,acoustic,indie rock
6UGaCEYOALmfHjVK	pop,alternative,sondre lerche
6UVi49N41dbX580A	electronic,hip hop,2017,2017 listen,hip-hop,r&amp;b
6VFPcau6SWAqnbaR	deathcore,metalcore,death metal,metal
6W3d1JAe7zFsO0t7	progressive rock,classic rock,rock,psychedelic rock,pink floyd
6WWn2yFKASscMwKV	rap,hip-hop,poland,polish,polskie,rap,hip-hop,polish
6WxqKZdv7Dx0aAzH	tecnobrega,tecnobrega tecnomelody eletromelody,pop,brazil
6X1A6uyLZZBRbfwf	folk,mellow,acoustic,heartbreaking
6XJw0ZPeLQeM0EWn	rock,alternative rock,female vocalists,alternative
6YdzDwnoQ34wZoyv	pop,rnb,sad,beautiful
6YjXW7tLyeGAAGgs	indie,electronic,alternative,bΔstille
6YrVmtBLvuTOTGKo	black metal,true norwegian black metal
6Z1X16IOPXFYfChb	electronic,synthpop,rock,alternative
6ZIwFh04fhf3C6Mt	post-hardcore
6ZnmrijZUnFFKFkg	garage rock,rock,psychedelic,neo-psychedelia,garage,fip
6aMo7EKAcwQDM0oK	pop,dance,hino,comeback
6aW7evleI2c1U6fF	soul,7soul,60s,oldies,rhythm and blues,motown
6bLXiodr1OiQV4w4	folk,singer-songwriter,alt-country,americana,indie
6bassbmE9Lf13nli	reggae,dancehall,hip-hop,sean paul - im still in love with you
6bdb3Ht58CrzzZI8	alternative rock,hard rock,alternative metal,rock,chevelle
6c5RMNmIY37Qi0M2	love yourself,camila,pop,canadian,folk
6cOmllDm4mslnyMk	rock,alternative rock,american,indie rock,pop rock
6d39g3ZQvtrrMd4S	political,pop,indie
6d4PYlUu4uYMQaXc	cloud rap,electronic,emo rap,gothboiclique,emo,emocore
6e5DpbZf6phQsBhN	rap,hip hop,hip-hop,louisiana
6eFhw04o8Pqpztsy	funky,dance,funky house,feel good,disco
6eGhfVi5ttEHAE9E	alternative rock,rock,alternative
6eYqPqMTKQab1fIU	pop,new wave,80s,synth pop,norwegian,pop,new wave,80s
6eZihFciiAjKVNA3	pop,80s,soul,british,dance
6ffiWqlhcrDgUSCo	rock,pop,industrial,electronic
6fiCT4PoHDOAhlQa	indie,electronic,pop,indietronica
6gDSYbenSXOshLKJ	rock,songs that define my life,indietronica,new york city
6gsfJy7ywp3dMApJ	punk rock,punk rock,punk,american artist
6i8FMF0SDSHGFYD9	idm,electronic,experimental,ambient
6j8mi57KsIj6lpl7	heavy metal,hard rock,speed metal,new wave of traditional heavy metal
6jPhq4fIrjJm2ZkZ	electronic
6jzBMaEOvntdvZ17	indie,shoegaze,go drunk eosin cabs,swedish
6kBSY1A0ezfQKKQQ	glee,cover,pop,soundtrack
6knr17cnXPBrhwaO	hardcore,emo,australian,screamo,melodic hardcore,hardcore punk
6kylraOAy04sKSHV	emo,indie rock,pop punk
6l5zZ7HX0gnNzgJx	80s,pop,female vocalists,kim wilde
6muc6NiAeHJeKD9N	rockabilly,rock n roll,rock and roll,classic rock,50s
6oSFqOOHDtQhzW92	christian rock,rock,christian,beautiful,christian rock,rock,alternative rock
6oTcM2NxAgu43l5q	zeuhl,bass,etheral
6pL5srXCZjgIw5OF	punk,hardcore,punk rock,descendents
6qkR6e0UWZfC10NK	pop,90s,dance,1992,female vocalists
6r5umUmtmDmm0yMF	soul,70s,funk,jazz
6rQ7GUl8g7jd1yJc	pop,90s,boy band,nsync
6roFJcG5ZsLbRyIv	atmospheric black metal,ambient black metal,black metal,epic
6s7D2kq7AlYmbsnd	pop,ballad,female vocalists,singer-songwriter
6sOYRi5TXMxLORLW	classic rock,rock,00s,psychedelic pop,surf pop,brian wilson
6sqU3FJ0je01aa16	fip,indietronica,indie pop
6t1mc9MY9rWVwIr9	emo,post-hardcore,lindos
6tENy9fZ6ZsFBUdI	soul,mary j blige,rnb,beats,female vocalists,sweet soul music
6thYyT8kkAjzEdPp	new wave,alternative,post-punk,rock,80s,alternative rock
6u1gua4yCZuzguFs	post-rock,instrumental,epic,alternative
6u8drYIAMrGLElEC	pop,acoustic,teen pop
6uE8tCfP8lyfp51E	alternative poprock,rock,indie rock
6urmLRq6mfG3tMPk	art pop,synthpop,ambient pop,downtempo
6uujs4kLb5pLCHDH	experimental,idm,party,beats,id have sex with this song,early
6v6VhRpKuqstdk9y	post-hardcore,emo,similar to: mission of burma,listen to more
6vEQEEHpvp9CH77s	noise pop,math rock,out of space,indie,2010,shoegaze
6wJVHvBwU2TPn3Ul	rock,garage rock,blues rock,alternative,indie rock
6wLnOvDm1wefcE9z	pop
6wX1ceeTwxoClh4M	hard rock,classic rock,70s,hard rock,classic rock,rock
6wkqDBUn8coXAZeF	fip,disco,dance,disco,soul,female vocalists
6xIwbgSE75ERwwfM	rap,polish,underground rap,underground
6xfH2wHZxGdmV2zl	rap,hip hop,hip-hop,hip hop::pingponger
6yg3s3PeyUEsG0ac	alternative,epic,sad,masterpiece,sadcore,indie,female vocalists,pop
6z8UiWUf8QaBN4Qd	pop,latin,italian
6zJzYR7Fm5cxdSlB	death metal,brutal death metal,technical death metal,death metal,brutal death metal,technical death metal
6ztpS2NjJkNfCmU4	pop,boy band,90s,florida
6zvBm3jtkQZuGEOh	alternative rock,noise rock,80s
6zyfsGAICPU4Poy5	country,joe diffie
70a8AW06FWtIRGzl	hip-hop,electronic,female vocalists,dance,dancehall,electronic,hip-hop,female vocalists
70xiHgrgIgK4i7dq	poptron,electronic,electronic,instrumental,poptron
71De9tdYEmNWBHoW	hip-hop,rap,hip hop,all,hip-hop,rap,hip hop
71wKpR0S53M3CHdG	bossa nova,brazilian
72YoIVPLHga23QNS	french,pop,60s,ye-ye,ye-ye girls
72xSZ7FTAVl7H72Y	90s,alternative rock,rock,alternative,collective soul
737bRTRxrSCgRmIW	neofolk,apocalyptic folk
73Cv2wgbqARqyBH0	pop,synthpop,british,female vocalists
73RnXOlgo4ePwUIw	indie,canadian,pop
73lVwNvXiTLqgxR4	alternative rock,rock,alternative,good beat
73sZRup5iYAU4vGv	vidadaminhavida,folk,brazilian,indie
74SSuLA9V54qtwMP	soundtrack,j-rock,japanese,rock,alternative
74iTYfigJ1meiVVU	power metal,heavy metal
74mQUFV49o0bMRBY	slowcore,sadcore,indie rock,sad
74sK5o5bkPjaE5YV	indonesian,alternative,indonesia,rock
75ZD3AqeWCum9gGD	folk,sertanejo,caipira,mpb,regional,brasil
76BxAopLbuTcOJsZ	rock,classic rock
76EZTWn742hQV6ph	melancholy,love,country,70s
76Ebv3bYRGZ4gxDa	soundtrack,harry potter,soundtrack,instrumental,classical
76P9ch1ul7aPaqyR	american,idol,talent show,2016 single
76pmfDm804B5Jktt	rnb,hip-hop,rap,pop
77Qx6tdWazRDmfi8	chillout,ambient,electronic,dark ambient,ghosts,pandemonium soundalike
77lEiDssVCHYbk1U	2019,rnb,pop
78WD8M7F5zhxiVNa	anime
78XDhPEcFuLGxB4t	experimental,noise,alternative rnb
78Y1MYLyoE0y0DBS	electronic,ambient,experimental,alternative,canada,vaporwave,electronic,seapunk
78m8NMPaPadmTvBL	synthpop,electronic,ebm,new wave
78qHG36f6mTS7oe1	mpb,female vocalist,pop,brazil,brasil,female
79GBPM2O9vl0xC7R	indie,electronic,dark pop,pop,female vocalists
7A0yOWQaeWKXWRiV	7soul,jazz
7A1iIPaMjE1YEStW	pop punk,alternative
7AJzgEIZLwTUWsQ0	psychedelic rock,psychedelic,dream pop,lo-fi,dream-pop
7AbZpDQ5co4eiTyc	60s,folk,rock,classic rock
7AlwkKLMQSNsKaYc	instrumental,thrash metal,metal,heavy metal
7BAlwhElxz0QwpE0	post-hardcore,punk,hardcore,post-hardcore,punk,hardcore
7BFzklEVJD7s6BFZ	indie pop,electronica
7BUNrPfM6kxjbrNf	70s,glam rock,classic rock,rock,david bowie
7CpX9zMMPG5uRYRg	indie rock,all
7D47Si8PKntQQx80	brazilian,experimental,mpb,rock,jazz,alternative
7DQI6hI5KiggQHkB	70s,rock,classic rock,piano
7E1HAun5nkINOQct	rap,hip hop,hip-hop,banned,conscious rap,badass
7E69Rk5SPoY6hvVd	rock,indie rock,indie,alternative,beautiful
7EjT1bH7R8ij9j2R	pop,love,hot,sexy
7F7KQ6YgH6uRr8ex	dream pop,cocteau twins,ethereal,female vocalists,shoegaze
7FKeulrlrKIgKeaW	rock,stoner rock,alternative rock,fip,sexy,alternative
7FZ2R36AlGe6iTw1	rock,classic rock,british,pop,singer-songwriter,paul mccartney
7FZZx5V98DR2JlMC	swedish,indie rock,indie pop
7G00YUPjne85CRiM	symphonic metal
7G0bXJSKniE80UNf	electronic,electronica,icelandic,2014 single,бессознательное,songs that sexually excite me
7GSjAtazIoxS3UwX	alternative metal,deftones,experimental rock,gore
7HXhLM3J0aSbSSqk	rap,hip hop,chillout,reggae,rap,hip hop,chillout
7I634VNkk48XDttP	electronic,house,dance
7IsN0yLlttKNYJmg	indie,british,mellow,indie rock
7IwsL07vNZbD79cP	funk,pop,soul,rock,80s
7JFv9vneBtkloxMi	fip,house,deep house,electro
7JIMHRbZsn73ObY4	soul,jazz,female vocalists,british
7JKlKoEKdCA3pGhf	indie,rock,indie rock,dream pop
7JQZ8tDyvumwNsoJ	love metal,finnish,rock,metal
7JTA7Zmty4hUQOMl	symphonic metal,gothic metal,power metal,metal,female fronted metal
7K0zBNDLjFEV483r	singer-songwriter,mellow,piano,easy listening,singer-songwriter,acoustic,soul
7KG9VYeMEzp4Z7ej	rock,britpop,british,alternative rock
7KV6mVbPdP7AJpsl	psychedelic rock,experimental,experimental rock
7KhE0Am0Dmu0Wnjk	rap,hip-hop,polish
7L39QD1Mvuvz1VhT	french pop,french,francoise hardy,french,female vocalists,60s
7LT7loQoyPXTE9UT	trip-hop,electronic,progressive rock,alternative,ambient,trip-hop,electronic,alternative
7LmUSPvmWLIY9Fub	singer-songwriter,blues,tom waits,alternative,rock,experimental
7LnQSdnFNRO3KOxj	k-pop,ballad
7MEfyEz895pdyjXW	funk,drjazzmrfunkmusic
7NFtxOsB3SXx7Z02	canadian,power pop,indie rock,twee pop,jangle pop,boys name
7NlPtMoPy4e8Snbs	pop,electropop,female vocalists
7NrE8RtOhEBcQTe2	progressive metal,metal
7NxXSo5Xly9ZHgyR	rap,hip hop,trap,2017,post malone,quavo
7O6ftsTUQUCD4KUH	pagode
7OJutP2b13nSaJLW	pop,danish
7ORRZg3iFOf5fmbl	latin,latin pop,buenisisimisima
7PAc0qJBlSzW7Jlc	alternative rock,funk metal,primus,rock,alternative,bass
7PCg1FtuANIMix85	acoustic,singer-songwriter,folk,alternative
7PDjA0rUcCiqbJch	catchy,k-pop,boa,pop,dance,korean
7QlDTqDg0By8m55j	electronic,electro,dance,psytrance,trance,electronic,psytrance,trance
7R8wjQDT5ymhHmY4	ambient,instrumental,soundtrack,orchestral
7RCK9ScJ0wBPmqnX	experimental,work,best of,2012
7RETcXgtJOJJrdHb	rap,hip-hop,gangsta rap,ice cube
7RZpX1MbSLb8kZAY	hip-hop,rap,trap,dirty south,atlanta
7SDLcVvC7NR6oyaW	77davez-all-tracks,indie rock,math rock,experimental rock,noise rock
7SJF7uYFn0an2k93	rock,rpb
7SWIyUBZAYMDFW6u	polish,alternative,female vocalists,singer-songwriter
7SzjtUOGMfK8C3Ir	sludge,covers,stoner rock,rock
7U0phnrUThWxV5Sq	k-pop,korean,korean hip-hop,k-hip hop
7U2ptxsghPXnYQWu	classic rock,rock,jazz rock,steely dan,70s
7UvrHg5ByZoFM4Sf	soul,amy winehouse,jazz,female vocalists
7UyCI7BQxNYSVuQg	indie rock,indie,psychedelic,psychedelic rock
7V8tkPp8mXCI6P5L	rnb,soul,pop,singer-songwriter
7VBhx1QLglNM6Bc1	pop,covers,female artists,catchy
7VrIzf6siL6P5YAg	chiptune,8bit
7WIUxU1V70S8bnKQ	pop,german
7WJ1lNqyKWkaGYOS	electro,techno
7WYq4LBhcn7Z9arf	classical,bliss
7WtOYMdhw7N4WQch	hip-hop,french,rap,underground rap,rap francais
7X1JnzLvCWvNFhM3	brazilian,female vocalists,bossa nova,emotion,vda
7X9IbbIGPYzavyld	thrash metal,heavy metal,metal,hard rock
7XPNBlkIsGVoF4MN	oldies,60s,classic rock,love,rock
7XuOsvai2Ok4JeGQ	progressive death metal,death metal,progressive metal
7Z51azBBTDQbIYSg	lo-fi,indie
7aEHe0bQRa8OdUEM	80s,funk,dance,female vocalists,pop
7aQTkNXfuS44Nmwv	hardcore,emo,power metal,symphonic metal,90s,symphonic power metal
7afnYuMcGVbNxlEG	progressive metal
7bDdq09ToNnBjdeI	90s,pop,1995,greatest songs ever
7bOteKgPqGaAdIIJ	reggae
7bwzxS37GZ78Z0Ba	classical,opera buffa,shoegazefan
7d60YLT0ktxkYem8	rnb,danity kane,pop,sexy
7dDD0zOBtSStQCfO	indie,alternative,dream pop,electronic
7dYk0TCGZqev3LJD	80s,pop,michael jackson,duet,classic rock,rock,british
7e6wFbNEVDGcN9Rm	alternative rock,melhor que tudo nesta vida,:3star,rock
7f3hTNaHnFuFP3cC	soundtrack,video game music,ambient,contemporary classical,instrumental,perfect
7fQmb3jm6SUCAsaZ	alternative metal,rock,alternative,sophisticated alternative
7ffhj6RdN0kmRSIx	britpop,alternative,rock,british,indie rock,indie
7fgTWMtI8GxIrefI	indie,swedish,indie pop,indie rock,alternative
7hEOpxN30iOHNMFM	mathcore,hardcore,experimental,metalcore
7hQJkknDBCm33LM0	beats,instrumental hip-hop,lofi hip hop,lo-fi beats,lo-fi beat,instrumental
7hyZakzTE6dcJQHD	female vocalists,folk,atlanta
7hzX7HywY9R8hiin	easycore,post-hardcore,pop punk,electronic
7iDpgervQgIeCfHz	post-grunge,hard rock,english lyrics,american artist
7iZ0hvEsAAi8caz2	chillout,downtempo,trip-hop,instrumental
7jDVUkaYQOZ2lVz3	doom metal,gothic doom metal,gothic metal,female fronted metal
7jFuPGc7etG4W8hM	pop,soul,2018,rnb,canadian,female vocalists
7jMSAEmYnzJW7Mka	math rock,indie,math pop,have you seeeeeen
7kfNgnD9Hk8OMSh5	grunge,90s,alternative rock,rock
7kk58TckBLcpzge2	indie,singer-songwriter,singer-songwriter indie,indie,singer-songwriter,singer-songwriter indie
7l6P8FfLjUyxc9kr	hip hop,british hip hop,english hip hop
7lX0wiRVFx54LBrx	pop rock,pop,powerpop,rock
7leAc06luQOelIPg	power metal,power metal,symphonic metal,metal opera
7lfWuF3dZT4vNcPp	hip-hop,outkast,rap,general rap
7lijBnYihFTByPzZ	progressive metal
7lnsypU7Ye97f1HH	jazz,hip-hop,experimental,instrumental hip-hop,avant-garde
7mjA9pJ32t2pVUgy	indie rock,2015 single
7mzoGNG3o4mtDEzb	electronic,idm,experimental,ambient,electronica
7n9HCSsDNhdMBBdY	psychedelic,high vocals,best of 2013,electronic
7nd2pFgIAJAqbDtn	post-punk,80s,gothic,gothic rock
7nlrtet64qvV65FT	black metal,cover,7 of 10 stars
7nvwgKHgajex6Wgf	shoegaze,dream pop,2017,alternative rock
7oKqvHCkbc4R2NcX	latin pop,pop,thalia
7oUKgtVJArd6fXrs	indie pop,spanish,friends,makes me wanna dance,spanish indie pop,que le den por culo a tus amigos
7p9k9wkRkquTvHxO	pop,hip-hop,rnb,rap,dance,electro hop
7pmlbcQzzSvtBkvN	electronic,dance,edm,capsule,yasssssssssssssssssssssssssssssss
7ql5mHOJ2gahgIxZ	soul,70s,grins and smiles and giggles and laughs
7ruMlW0pmKIk88Md	soul,sade,female vocalists,jazz,chillout
7soHX5boBQp4RBtJ	latin,spanish,female vocalists,latin pop
7sv7z1h2Y84Hl5B0	power metal,symphonic metal,progressive metal,metal
7tXhrFGY03xyI3wr	british,party,2018 single,soul,british,pop
7uCosVis839QFC11	electronic,french,dance,electro,house,live
7uN8nT2TheGLuOGy	grindcore,punk
7uf5OM1hRZUayJeJ	britpop,90s,alternative,rock,indie,psychedelic
7uy7FiNKCYzw8QeX	soft rock,70s,classic rock,love song,bread,easy listening
7v1JDazhq1RhTjAl	pop,love at first listen,personal,i wish i could make a video for this,makes me feel sexy,dance
7v2CDZQgHq2LZkUJ	country,2018,modern country,jason aldean
7vGskBKCz6wtYI6H	psychedelic rock,psychedelic,progressive rock,60s,pink floyd
7vU4F2PPFKuAncGZ	folk,soul
7vdzHB0K1f1yQXNc	indie,singer-songwriter,rock,elliott smith
7vkzE1Tc4rhc5iY1	cover,dream pop,female vocalists,music for warm summer nights,dream pop,shoegaze,indie
7vyXrRAzdQ8RPDU6	indie pop,indonesia,indie pop,indonesia,indie
7wfj1RYJxB0K5GnC	rap
7wso3k9dghQEm5BC	chanson,fip
7xRcNBMeeFDbqMo0	garage rock,lo-fi,punk,skate punk,garage punk,garage rock,lo-fi,punk
7xUcbwVVP5mOXGj7	rock,los hermanos,brazilian,brasil,mpb,indie
7xhbUamx6HrSX05K	canadian,indie rock,indie,alternative,rock
7y2yoXwEiX8LaXA5	grunge,rock,alternative,nirvana
7yfcZpXGFKkFdpkO	rock,maravilha
7yiF9e8QCKOEfDio	metal,metalcore,industrial black metal,fucking epic,stuff girls get the best orgasms to,nozferatu
7zmgo5kCgsK6z4IM	cover,covers,alternative rock,alternative,acoustic,rock
801oC6aLYg9RHVFY	screamo,post-rock,post-hardcore
81U48X3iub3BOn61	pop,take that,british,00s
82tsqv0BWeNJpBRy	punk,rock,cover
83Y5O0JGOSaLxBXq	hip-hop,rap,hip hop,kanye west
84AgJA0hi1d31kRs	90s,alternative,indie,rock,drugs,indie,indie rock,rock
84U5AvMNww8S6OFR	country,female vocalists,70s,easy listening,you needed me
854zV9cb5MWJyHAQ	ambient,chillout,psychill,relaxing,ambient,chillout,electronic
85G69IxHKiBhTKOx	fip,flamenco
85SuQhNg7pOF5cRf	rap,hip-hop,american,hardcore hip hop,2 of 10 stars
85neaSgs5WK4EczV	progressive metal
865ykTyAjfPpdCmx	k-pop,korean,super junior,kpop
86LgMB8I2mjqAObi	lovestep,downtempo,chill trap,instrumental hip hop
873PHsocsWzooGbq	piano,new wave
87QIuKb0nJaeRsSg	fip,alternative dance,somafm
87abhZFwglpLMIzH	punk rock,punk rock,pop punk,punk
87ut3i4zv2SfKqIi	j-pop,sexy,female vocalists,pop,dance,pop,japanese,female vocalists
881vUvn86B5VKQgv	hip-hop,midwest hip-hop,rap,hip hop,chicago
883kasCisG2mz2iC	alternative rock,punk,post-punk,80s,great bassline
887oWPcWpcHmffEP	indie,alternative,rock,00s,elbow-2005-leaders of the free world,elbow
88bAyZF0qFZ8ha8L	christian rock,cool,energy,say anything
88w6JHb5XO4BFBTz	punk rock,pop punk,punk
88wFdenwAydEmiUv	rnb,pop
893k8e6RMnBbgd8f	pop,shakira,dance,africa
89E5lBZvWM0rBtNl	90s,blues rock,rock,alternative,blues,harmonica
89iKrT92QCtupq8m	psychedelic,cover,60s,garage punk
89jtSeMyG0IpUj3y	alternative rock,classic rock,folk rock,rock
89tSDRud9wqA7VEU	pop,dance,synthpop,beautiful,female vocalists,dua lipa
8A784GprQY64JCxN	ambient,instrumental,experimental,electronic
8AVECDHAJecitgwx	funk,pop,rnb,prince
8B6Pi8tuAEsNRHYw	alternative,electronic,experimental,female vocalists,electronic,alternative,experimental
8BHXzRMzmiC9fARu	piano,contemporary classical,modern classical,neoclassical
8BoLOpp9Ogc4kESx	indie,electronic,brazilian,alternative,indie rock
8C9RJmUK1RrzO70J	experimental,noise rock,2019,noise,post-punk,electropop
8CJ2bNqo79vY0bCP	pop punk,canadian
8E0o0q6T8c6GfNLs	heavy metal,hard rock,doom metal,black sabbath
8E2HYLnDGnh6mZqz	k-pop,pop,dance,sad
8F2REGv7DMJ1h4ru	pop punk,rock,pop,alternative,pop rock,electropop
8GPpIdqlFfJkUA6V	german,alternative,shoegaze,indie rock,electronic pop,male vocalist
8HEGKcuRfwpjkCIb	country,folk,covers,cover
8IgwjD9dXnmJl9DJ	alternative rock,rock,post-grunge,grunge,alternative rock,rock,hard rock
8IjcKDIySoYl5Mbg	rnb,prince inspired,soul,female vocalists
8J69eZDiCp4L3WYg	electronic,hip-hop,experimental,beats,glitch-hop,personal favourites
8JLrmW0p48rfBfE9	dance,electropop,pop,pop,female vocalists,dance
8JPXcrlhKaC1T8Q6	samba,brasil,cartola
8JhiMTLJv5L3dq55	post-hardcore,christian,emocore,post-rock
8JzpCIO88C69kfyF	hip hop,rap,jazz hop,hip-hop,old school,hip-hop,hip hop,rap
8KWnFhg5Z8sNI1V4	rock mexicano,latin rock,rock latino,mexican rock,rock,latin
8KcrVQWhoe32tmig	electro,electronic,dirty electro,canadian,house
8Ke3EjTVACp68tdx	2015,electronic,indie,alternative
8L0w9md4bhjEj7ZO	psychedelic,experimental,psychedelic rock,space rock,drone
8L1CFcLzvmcrdbDU	heavy metal,hard rock,metal
8LMgG7ZLLjFv9KeH	post-hardcore,screamo,hardcore,rock
8LUEOs6h9SoXKpl1	pop rock
8NZXNNYCcb0MR3hf	country,female vocalists,classic country,oldies,heard in a soundtrack,1961
8NwtPyC4PndR5LRN	grunge,rock,90s,alternative rock,alternative,grunge,rock,alternative rock
8P6bPaqv3GlbwhTS	beats,instrumental,lo-fi,instrumental hip-hop
8Pd0DMuX2m7DqKjW	hip-hop,pop,black eyed peas,hip hop,dance
8PdjlZrqai8xaZYI	pop,dance,female vocalists
8Q2V3jUNSc2CV99V	rnb,rap,k-pop
8Q9gJPcdheARcTiw	synthpop,american
8QWrBrAaZ3Ejuluk	2018,rock,alternative,alternative rock,acoustic rock,jam
8QjULlOeyqMiCPMr	80s,rock,pop,soft rock,classic rock,fleetwood mac
8R1QhQjjG77dXo7j	77davez-all-tracks,post-hardcore
8SF9Q0dydePGXzvd	indie rock,rock,indie,swedish
8SMyHNDXgwAewA8Q	indie pop,electropop,dark pop,great vocals,pop,american,united states
8SSwcwPPvwWNmQOd	punk,punk rock,hardcore punk,street punk
8SX4uIpOoc04eyuj	progressive rock,rock,experimental,psychedelic,zappa,classic rock
8T3p0W5QZUxAPhWw	pop,dance,electropop,female vocalists,kesha
8U3YdO41396cDfAQ	2019,folk,singer-songwriter,indie,australian,singer-songwriter,folk,indie
8V5ohPyciZYhN8Lu	rock,classic rock,progressive rock,john wetton,friend recommended,listen ccpl
8VNONiezek4gzvqq	post-punk,post-punk,deathrock,australian
8VTlaVyNM9E3iTsb	country,country pop,2012
8VjehPyc0eAlDglf	hardcore,heartcore,melodic hardcore,modern hardcore
8VxhQw49kRw5KRKC	soundtrack,scottish,rock,pop
8WO4qfiWy94IpJxi	awesome,soul,pop,covers
8WR3LxqMMlWb5NML	piano,singer-songwriter,alternative,female vocalists
8WrksAjVOedA9OVs	metal,alternative,alternative metal,brit,nu metal,rapcore
8Wu6AHPzgR5fLNwx	gothic metal,doom metal,7 of 10 stars
8XMTuTP9Rg6xlSYc	pop,spanish,spain,auryn
8XiSKsuzmMke30pO	rock,80s,hard rock,rock ballads
8XsOlDLfFluyS4YM	indie,pop,brazilian
8YFizxFVSomnTfKP	soundtrack,disney,lion king,1994
8YOhKjXzRZUsLmlk	lo-fi beat,beats
8YeSVbJjGmTrb121	90s,grunge,alternative rock,rock,indie
8ZCF2bLm26PPwpQA	mid,low,pop
8ZKGiFVAKnmzOsTX	pop,90s,spice girls,british
8aNejfxVqSHYFbM1	punk rock,punk,70s
8b1O37IgJesasqmR	idm,electronic,glitch,eating carrots in the future
8bWn8djvKnalZ8Cj	indie pop,alternative pop,snapping
8beJCGexhOC3xWns	electronic,sexy
8btGCPEbeOw9V3d2	r&amp;b,chillout,2014,best of 2014,rnb,soul,pop
8ccgJLd28jpTDL68	soul,rnb,pop,beyonce,female vocalists
8drAmmHm6P2gmWB7	pop,sweden,melodifestivalen,swedish
8drXQl3BK3ilLkST	folk,60s,pop,mellow
8dw9bKWeq2ByiFJ5	lap dance,soul,rnb,sexy
8fiXufACSAbLavN5	heavy metal,thrash metal,metal
8gXogPQnx00NLoit	rock,classic rock,hard rock,bon jovi
8hz6WkGs0X9NgpYC	the cheetah girls,disney,female vocalists,group
8iKouBSp0GeDVSML	black metal,melodic black metal,black metal,melodic black metal,atmospheric black metal
8iSvml4UNrc6L2JA	soul,bar songs,bluesy,summer,music to listen to on a summer evening,female vocalists
8iv1NuAzFfW34keF	all,rock,pop,brazil
8j1dteSkS7STjyfz	hard rock,progressive rock,alternative metal
8jAVSnCyRcCXKlMZ	pop,easy listening,soul,90s,british,pop,soul,easy listening
8jm343ENCwrykYvJ	pop,female vocalists,latin,latin pop,sexy
8ju06RT3uF5sWYQ3	j-pop,japanese,female vocalists,2014,pop,jpop
8juAgVx5L1N4qRAu	soundtrack,female vocalist,pop,female vocalists,american
8kVzHcRzhDS7Bxvg	thrash metal,heavy metal,metal,metallica
8kbJl8BMcmlhk8zC	indie,alternative,indie pop,chill
8mbQ8LclxGzRs8sM	synthpop,swedish
8nG0vZiRQXrHbrQK	nu metal,rock,alternative rock,linkin park,alternative,rock,nu metal,alternative rock
8nfInLnXFaiJCz14	heavy metal,metal,iron maiden,nwobhm,heavy metal,metal,nwobhm
8nn59jT0abA59EF2	pop,synthpop,french,new wave,female vocalists
8nx1r98DWNMajGpk	metalcore,metal,hardcore,christian metalcore
8oLjdG6ftZe5IAKm	heavy metal,thrash metal,metal
8ob00fp58J5Q7e2S	80s,alternative,new wave,pop
8oiF5nv0DGK0LQMQ	punk,pop,hey monday,powerpop
8oxyFL2duwAPYZNe	post-punk,new wave
8pAdYpeKhpmRZ83D	lo-fi,spoken word,alternative,indie
8qQGED0CK83gqK2H	rock,singer-songwriter,female vocalists
8ryVJGG5B3J6hbwA	indie,dance,indie pop,usa,american,cut copy
8sIe1bMekhXx6FPz	folk,70s,cat stevens,classic rock,singer-songwriter,acoustic
8si89ZZOTePxWUNZ	indie,indie rock,alternative,christian,rock
8sufJfhyteY1VXr7	pop,natasha bedingfield,female vocalists,british
8tZBMa0MllIv0KVO	progressive rock,progressive rock,alternative rock,australian
8u9fyti3s8o9wYeV	trip-hop,chillout,downtempo,electronic
8uWid3g2Wzcye5T4	female vocalists,pop,french,canadian,electronica,2019
8v6xGX6Psrtt1cOM	jazz,piano,christmas,cartoon,jazz piano
8vE5Zrpy8oVtWw1K	japanese,alternative,rock,j-rock,indie,indie rock
8vbeb3p6vATQCnSO	sludge,stoner rock,doom metal,grunge,doom
8wk2f2lIkRWtUCqQ	electronic,experimental,dream pop
8wweAwTMzrrS7DTv	alternative rock,2014,czhit,mood-enhancer
8x6WfNyBkmi2HemH	rock,dutch,pop,female vocalists,anouk
8x7Coj3LBZpSEgdB	pop
8xH3HayjxABW1Agk	indie,german,singer-songwriter
8xILhc8i3jf3XOZd	indie rock,indie,somafm,british,rock,bagel
8xcBkkbq51mMWKJG	symphonic metal,gothic metal,female fronted metal,metal
8xhiMNFkd8uGyNoN	reggae,female vocalists,rnb,soul
8xpEpsaWQ2Ow6DE5	70s,soft rock,classic rock,we just disagree,dave mason,fleetwood mac
8xppbLxi0tbzXnZV	rap,hip hop,sad,emo rap,trap,cloud rap
8xrJB9uhruYJUVAL	pop,katy perry,female vocalists,dance
8xunDLSxrB1u5agF	piano,gothic rock,female vocalists,rock,evanescence,gothic
8xyMzm7LnuOzQMac	ska,punk,cover
8xyotpN995FpQ4Ns	electronic,synth pop,new wave,dave gahan,alternative,synthpop
8ys0skCYZshSBTTi	alternative rock,rock,electronic,dubstep,british
8zpRRyAbQ2jizIrc	piano blues
915C0ljH8mOKpP4Q	grindcore,death metal
92sYi2jqT81CHTre	2014,australian,folk,acoustic
92x47mtZZlxsVtL3	rock,alternative rock,funk rock,alternative,red hot chili peppers
94MziIchbbmiBBV4	new wave,rock,80s,punk,pop
94vbTStoXRy6EewO	heavy metal,ballad,metal,classic rock
95RI5fgCg2VocL0O	80s,rock,new wave,pop
96FXP9g2jcL4ZwRU	disco,funk,soul,80s,dance,soul,funk,disco
97drm5mZVuk1HdEF	k-pop,korean,korean hip-hop
97kWzMRO2y7T7QS6	industrial metal,industrial,metal,rock,instrumental
982OMvCiWs19giny	alternative rock,rocking out,rock,hard rock
98mzlj5KlThDab2f	pop,female vocalists,midair
993Sr9xC9zTpG8yA	synthpop,art pop
996ep5S9Pi8KQPjl	rnb,soul,female vocalists,american
99IWlWCRlyhRve35	symphonic metal,metal,instrumental,finnish,cello rock
99bgeNH9Z2lXsTgi	rock,alternative rock,female vocalists,90s,alternative
9ALEcwUfkHXd1uem	gothic metal,symphonic metal,6 of 10 stars,7 of 10 stars
9ARldTY4s0zwpzSp	jazz,shady,shady grady,jazzz,most mellow jazz,fip
9BWW2uLto4WhNlDa	blues,blues rock,classic blues
9CFIZd07WUyHsUg9	latin,hip-hop,trap,puerto rico,puerto rican,reggaeton
9CNGU8QfcEtqksLA	hip-hop,rap,rnb,hip hop
9CjXegnVcptrG7Xv	latin,female vocalists,belinda,cradle of filth,pop,latin,female vocalists
9Cjst12YBccwcJkO	drone,ambient,noise
9CuEQRYVaaGpgOGn	rap,hip hop,soundtrack of my life,vibey
9D2c2vduKE4z4Sne	2018 releases,pop,electronic,female vocalists
9DLw6lDdZsu6yzOI	indie,mellow,indie rock,alternative,post-rock,js
9E9I0B2ItsjdNei9	1989,80s,indie,rock
9Ek714glrYth36on	stoner rock,alternative rock,rock,alternative,00s
9F1gV68TypCQoHAh	mpb,bossa nova,brazilian,female vocalists,brasil
9Fl074LqThRQBg8m	alternative rock,hard rock,gothic rock
9G2z6hHoL7Wsvmg4	britpop,indie,alternative,rock,keane,british
9GTxtZ3KtEPBE7jD	punk rock,punk,90s,rock,alternative
9Gao5zhHA331z7lg	latin,love,pop
9HYJdncOd3ditRjf	pop punk,punk,punk rock,rock,new found glory
9IDodVBkVWYciuaB	pop,soul,female vocalists,rnb,80s
9IPfxzNtq4iBGoEX	death metal,metal,technical death metal,progressive death metal
9IjA50THFSLbmvx8	girls name,indie pop,lo-fi,experimental
9Ijiz1Y7VCFNPxr0	60s-psychedelic-rock,60s-psychedelic,rock,1960s-psychedelic-rock,1960s-psychedelic,psychedelic
9JtafVE9ABFN4c0x	pop punk,emo
9K128RRw2Xmmsi5v	alternative rock,alternative,female vocalists,pj harvey
9KcosZcPXy5eSIHx	new zealand,alternative pop,female vocalists,eletronic,piegi
9KdgyVvEDwifgBje	melodic death metal
9L3wVAnFmedjj6o9	psychedelic rock,psychedelic,australian
9LYp044f59ZP5NY0	cover,pop,if you seek amy
9MCoT161a63Nz7do	spanish,pop,female vocalists,latin
9MSZYU1bW0MtoLw2	indie,female vocalists,00s,camera obscura,indie pop,good stuff
9Ml7MQmMOpQZhPve	70s,power pop,moon song,classic rock
9N0VW71ztNVXkSyL	glam rock,rock,german,visual kei
9NnPbxZdiAwWaul3	dance,house,party,2009
9NxSTjfiCaLJeMSD	classic rock,70s,rock,eagles
9O2a4Se8J4roX0RL	alternative,indie pop,usa,indie
9OB4lHHK9x6QhHwg	ladytronica,female vocalist,pop,singer-songwriter
9ORQj1Gjgyuzq79P	indie,indie pop,rock,electronic
9PPpuEd0cYey65wk	latin,club,moombathon,reggaeton colombiano
9QNIVQoNI7ewcMPX	jazz,cover
9RVhsrKpkkQkEpkY	alternative rock,rock,dutch,stoner rock
9SNfrAKOc6FtkLgx	punk rock,rock,punk,alternative rock,the offspring,punk rock,punk,rock
9TRO6OKYCUBj1JLU	soul,chillout,prince,90s
9UXJY75NJUJBsKPV	pop,2018 single,canadian,love
9UYq3skhDc5103Ha	dance,house,90s,electronic
9UoZ3pzKGpJ7tNY8	acoustic,singer-songwriter,chill,romantic,jack johnson
9V7FcL5ONzEn5GrK	indie,travis,britpop,rock,british,alternative rock
9VAI4y25Ss2IeGgD	freestyle,lil suzy,dance
9VQ9GGVuYePVTUdY	folk metal,doom metal,symphonic metal,melancholic
9WSalbaSsrNoxjTO	rock,pop rock,rock nacional
9Wox3eF3d9pPFYcZ	female vocalists,folk,indie,beautiful
9XRPyl7xL5kiHFrz	indie rock,alternative rock,rock
9XRv0ffNrXeTqyYd	rap,outkast,hip-hop,funk
9XZnUXAlRjwZfVBW	electronic
9XcrWoWGmPTwx10q	french,synthpop,female vocalists,disco
9XjcTcNaVjat5i0X	indie,indie rock,british,electronic
9Zu9kZHk8AOiiMqf	pop,soft rock,mistagged by spotify
9ZzhsZM34XuPp3In	female vocalists,rock,american,sad
9aIODCK9fUoAxCBZ	blues,60s
9bRxin8Ah5TZwYP7	cover,metal,hard rock,rock,heavy metal,hard rock,german
9e1IknMy0LthsGg0	alternative,emo,rock,screamo
9eWNMjg2IwKmdNpQ	pop,latin,shakira,rock
9ewHGB44bT6eFip3	inspirational,pop,medicine for the soul
9fPgsgQRQAX0bZaj	eargasm,k-pop
9fb5miQdgj3NV720	heavy metal,metal,black label society,hard rock
9fmDy4qA6zkGwkU1	electronic,hip hop,hip-hop,american
9gY0mHPFBXLqmWFR	garage rock,rock,garage,punk
9gZTgZpV6mBSXswV	rnb,soul
9ghOA1okIBq7pZlT	female vocalists,pop,soul,easy listening
9heKoKCcU5HHMYsc	indie,pop rock,rock,ballad,pop,female vocalists
9hm96jMqFvVAkLoJ	instrumental,beautiful,hip hop,hip-hop
9hzViMayQUAwfVYZ	melodic death metal,female fronted metal,death metal
9iPAjVFDZEKUug9P	heavy metal,black metal,horror metal,90s,king diamond,morgue metal
9j1kgMcoRwMSJI9d	chillwave,electronic,alternative,experimental
9j4UhqzJ3xUWevOV	pop,mellow,rock,blues rock
9j7IttevWufOyH0Y	industrial,instrumental,industrial rock,trent reznor,piano,nin
9jDGscPdRFL4LbOi	paulina rubio,latin,pop,latin pop
9jJu031sMMcGJroy	progressive rock,classic rock,psychedelic rock,rock
9jhfWbs8Epd0rHnE	black metal,true norwegian black metal,norwegian black metal,true black metal
9kKaFG0McbM278c6	sludge,doom metal
9kRn3DFVG50Q74sc	avant-garde metal,metal,progressive metal,symphonic black metal,avant-garde metal,black metal,progressive metal
9lAoeeEDBGrwFkWE	forro,brazilian
9lLvrbpsxuR4Pwv4	soul,pop,rnb,electronic
9mAnztazEN0J6hcT	idm,electronic,experimental
9mAsO3Ach6UEIwsj	pop,rnb
9n5um9rsfkDs1tCL	disco,70s,dance,disco funk,pop
9nGYqWbLr4KsZC86	greyson chance,pop,summer,pop rock
9naCL4nTjGXszDKY	indie,rock,indie rock,alternative,2011,alternative rock
9o2XSs0Sciy75Lsv	jazz,swing,big band,oldies
9oCW6CV6144w0AnH	synthpop,new age,electro,space disco
9oHTWgr0D4wHOl0H	rock,90s,alternative,female vocalists,rock
9oWhjVSJnq2kroXb	progressive metal,alternative metal
9oY6wE9hcRyYCcjB	punk,punk rock,70s
9oaGUlPMKKSAVRtq	rock,garage rock,indie rock,indie
9oyN3Av5CXpk6irR	funk,jazz
9pEBPJMvQtAJp7Ue	post-hardcore,hardcore,swedish,emo
9pbBfVPAIpSSuqQ1	i love this song,greys anatomy,2014,indie pop
9pj4uFWHMG7n1Rpd	pop,folk,irish,singer-songwriter
9pzhap1LGZy8DPd9	classic rock,progressive rock,hard rock,rock
9qGCsAmwOj3OjPl2	fip,70s,classic rock,rock,singer-songwriter,lou reed
9qaKV0JY8KZZ5hfR	symphonic metal,power metal,metal,gothic metal
9qkkf8UFZMEO37d8	thrash metal,heavy metal
9r5QfLNXFG1xbR9m	shoegaze,chill,indie,alternative
9rWCMau99ml7fSui	black metal,metal,crazy song,awesome riff,the worms oh those ghastly worms...
9rgJsDDeGxdXkHOz	gothic metal,metal,gothic
9rvoWUrdiqVQwBUB	disco,funk,70s,dance,soul
9rzuRuHobIortaVf	estonian,alternative,pop,electronic,synthpop,female vocalists
9sBQdyp0jfSbM8N6	electronic,pop,dance,indie
9sVHDeBgMi0Lc1Av	alternative,indie,melancholic,singer-songwriter
9sbSNlVCT9iCiQID	2016,indie rock,indie,british,indie pop,albums i have on vinyl
9sqO3DMg5y0XNpl1	latin,cuban,world,buena vista social club,jazz,latin,cuban,jazz
9t3v1E05aBrRfcIB	oldies,50s,rock n roll,rockabilly,rock
9t5V6KNdF2HTdY2v	pop,maroon 5,rock,pop rock,alternative,love
9t81GnFjmVyjYAm3	emo,post-hardcore,lindos,emo,post-hardcore,lindos
9ttBPpYD1I5fBjXz	post-hardcore,hardcore
9ttzPPo5qsG6EvWM	funk carioca,funk paulista,damn memories gif,funk gif
9ubEIdkbvUi67sP6	soul,indie,dubstep,fip
9ufwJdANQqCqgnrw	pop,katy perry,female vocalists,pop rock,pop,female vocalists,pop rock
9uinLzhFX5Li8UxL	alternative rock,rock,90s,alternative
9uipubnlZVihbuon	rockabilly,50s,oldies,rock n roll,rock and roll
9vfTAY6uET0AAEX0	motown,soul,bassline,michael jackson
9wHxDaN7LbEnpQXY	fip,somafm,digitalis,electronic,dubstep,deep house
9wVMVj3NEoSnQDwH	hip-hop,rnb,rap,stargate
9wgNaVNTy0MMN84q	electronic,post-rock
9x7hJ4DZ9zHau1yx	polish,pop,female vocalists,polish,pop,female vocalists
9yPJPUXddLrexCsb	alternative pop,love at first listen
9yR7umx73B9lRruf	progressive metal,progressive power metal
9yqcwWJcf5nd7ONf	rap,hip-hop,dope,autotune
9z3a5HdONdK7tcXT	k-pop,boa
9zniJGYWmE9sWeIZ	calcinha preta,forro,brazil,brazilian music
A0P0ZbQMfyN031bn	indie,indie pop,ambient,alternative
A0es4ZrbD9Vj0yFz	ska,radio paradise,radioparadise,dub
A1BXGdlTukDnWY9D	reggae,roots reggae,bob marley
A1bndB4BaPGyoIQp	metalcore
A2Sc6PmbSuQdebpT	hip-hop,rap,biggie,gangsta rap,hip hop
A2wARJPaWUcYAnPP	brazil,brasil,funk carioca
A4LHD5mR4q2DfjkV	singer-songwriter,rock,piano,john hiatt,80s
A4MQyQh57Qzrd1Jv	deathcore,metalcore,hardcore,metal,screamo
A4OVTRC4LrcuEwXw	hip-hop,hip hop,wu-tang clan,rap,method man
A4rVdbOmWC03SfH7	darkwave,gothic,medieval,neoclassical,neofolk,melancholic
A5aa9b6otWVeCzxZ	gothic metal,female fronted metal,gothic,italian
A6RH26SJ59WiJh26	60s,classic rock,oldies,pop
A7fWG4gWuOX6nzQO	alternative rock,rock,progressive rock,alternative,indie
A7zgLS08lI9vrDQ6	70s,pop,carpenters
A8BGOA7xT9m828mM	alternative,rock,brazilian,alternative rock,indie rock
A8EH3cVNOYShrMoX	pop,female vocalists,indie,electronic
A8Q9gX4RokaFDMOP	classic rock,rock,80s,pop,singer-songwriter,jackson browne
A8h85ibksnSnhdsl	thrash metal,metalcore,metal,heavy metal,trivium
A8kewYV75MUyN1Iz	alternative rock,rock,alternative,hard rock,three days grace
A8riDeX1lgDwzURU	hard rock,alternative metal,rocking out
AAde0x5mxmP6EuRg	soul,disco,80s,pop,motown
ABL8YthB5Y35Jenn	electronic,synthpop,electronica,electro,swedish
ABaL80MkB6F1CRdU	pop,pop rock,female vocalists,kelly clarkson,rock,00s
ABf2eJ355ZV5sFXi	rock,rock nacional,hard rock,pitty
ACQtPXv35XjD9CJY	country,folk,johnny cash,singer-songwriter
ACT4ynulbcV4ImYD	manguebeat,brazilian,alternative,brasil,rock
ACgKRroc510k45qF	simply red,pop,soul,rock
ACp4BZyiKPP0Sa9Q	la la la,deceptively happy,indie,folk,indie rock
ADBHmI5XoBCoT7J1	2007,rain,indie,rock,00s
ADGkUnl2j2h8pg7U	experimental,post-punk,ambient
AEp0v4MBw9xTPjWh	shoegaze,indie,dream pop,electronic
AF9C6yd9joq4WYiP	electronic,experimental,ambient,indie
AFa4LoV0kMC55xax	glitch,experimental,pop,glitch pop,best of 2015,rnb
AGK0z9pdbKpyx2gV	soundtrack,ambient,instrumental,jazz,chillout
AH4zjf9r5g4lmZnL	disco,70s,disco,70s,pop
AHxlYYF77deeT3AZ	symphonic metal,power metal,epic,neoclassical,best of 2010,fantasy
AIBHo3pKlhELRytG	80s,pop,happy,british
AIPEnoGZ4rdPIriI	soundtrack,instrumental,piano,donnie darko
AJOdkJzaXjuV92Ma	acoustic,pop rock
AJzObB9wB9RHXkMp	japanese,rock,j-rock
AKRHttpUMX49y9fl	rock,video game music,mega man,vg rock,video game music,rock,mega man
AL1fFp7eNK8FFOFV	melodic black metal,bluebellinbloom-loved
ALrLi7zZwwWmPDl2	jazz,soul,rhythm and blues,blues,piano
ALtYCqP0WNXBuQGi	pop,80s,rock,blue-eyed soul,robert palmer,80s,rock,classic rock
ANaFjVKaxKxGxjG3	metal,rock,german,goth,2010,german artist
ANgqdprgC44Bj6Bv	singer-songwriter,indie,female vocalist,female vocalists,alternative
AO3FpzGyxyfLiXRp	soul,pop,female vocalists,british
AOPw4HGzb6AyX80k	sludge,progressive metal,post-metal,doom metal
AOZr6sZYl89pNlNE	pop,best of 2018,italian,female vocalist
AP9AHMswubBb42Eh	indie,female vocalist,pop,alternative,spanish,female vocalists
AQB88LaysVOVlMxc	jazz,female vocalists,blues,piano,norah jones
AQHrSg085PQgy0Sp	jazz,swing,pop,easy listening,canadian,2018
AQwaUS1ooFNDUf3O	60s,rain,baroque pop,singer-songwriter,singer-songwriter,experimental,avant-garde
AR1NgojPLeh4W9Pf	singer-songwriter,classic rock,rock,folk,60s,folk rock
AR22qiNNZJH53oZ3	black metal,true norwegian black metal,norwegian black metal
ARRGkgK7lRVv2zTD	loved,ethereal,ambient
AReCVNilc0nSXKww	hip-hop,rave,electronica,alternative,next level beats
ARfBHsLlhLprEt6U	soul,rhythm and blues,60s,blues
ARuvcIB9D44qZfhx	swing,jazz,movie soundtrack
ASfVpOlcbV7uzwuz	fip,jazz
ASutjz750fK5oMem	progressive rock,instrumental,swedish,sweden
AT0WTh5hF1JZNnx3	death metal,metal,technical death metal,finnish death metal
ATNbFmkVBcd6097Q	pop,pop rock,brazilian,00s
ATSgTTDdi3JU2GJ5	pop,electro-pop,singaporean
ATx5hzyuhv9wc2SP	rock,alternative rock,90s,alternative,love
AU6HrDjuZifKZP7Z	indie,alternative,indie rock,alternative rock
AU6wAXx8FtqPMi1S	mpb,brazilian,psicodelia sertaneja,vanguarda,brasil
AULB1JrekmhHQcFq	pop,dance,love at first listen,lovey-dovey,pop,female vocalists,folk
AUQftv5u7Umwgb0h	emo,punk,awesomenessmemotional,emo,indie rock,indie
AUWRxIfnhwupqTYZ	eurovision song contest,poland,eurovision,esc,eurovision 2019
AUqyqV0WiHC7JB0Z	beth hart,rock,singer-songwriter,pop
AVPBhHKtPunxi4I5	soul,2018,american
AVddwgIQM8Pf1jIQ	progressive metal,doom metal,gothic metal,alternative metal
AVeE9oeewaVqOicV	rnb,soul,90s,mary j blige,drjazzmrfunkmusic
AW4eXMIwqmVCpzNc	stoner rock,psychedelic rock
AWGGSyyiq2aprR2z	punk,cover
AWQlhWxD7KquoF7h	indie,new wave,indie rock,post-punk,2017 single
AWlQXIzsq9OEQ3lH	duets,pop,90s,male vocalists
AXo3IRM6zSZeHDJc	electronic,lounge,shaun of the dead,british
AZG2P2FqlHOFXHhl	progressive metal,progressive rock,tool,metal,rock
AZebBWHqEyFyZJG2	pop,yay,oooh,i like it
AZm3GKxXEiXjtNe6	electronic,instrumental,soundtrack,matrix,electronica,trip-hop
AZr4yqqtSJlBmHAA	rock,pop punk,paramore,alternative,female vocalists,alternative rock
AalWDiMakwC7lbMO	funk,played
Aaruqax7ZuG8p3sc	80s,pop,disco,new wave
Ab6PcCvNzMhSjvC9	hip hop,4hero,instrumental,nu jazz
AbfCteGKruA4zW8h	new jack swing,rnb
AbjlEcSMY5tjKc3D	psychedelic rock,psychedelic,fip,rock
Ac5qMXBdTXpGZMtn	brazil,rock nacional,alternative rock,rock
AchrxBe9fay6wza8	pop,epic,female vocalists,girls aloud
AdIjOsJtx97kFTbL	indie pop,indie
AdP9XFIcXBs0hQsP	indie pop,shoegaze,dream pop,indie
AdiSsUP1IWEVNEjs	country,pop
AdpancZyCftcXbLs	ebm,industrial,powernoise,noise
Ae6ui4UEhaw9BUnt	britpop,90s,indie,british,1997,britpop,indie,british
AeKowzEU6IEBEOME	metalcore,alternative metal,2018,2018 releases
AeUyZmBYFC2byRkU	pop,ballad,harry styles,ariana grande
AeYc3lS3e5Yb6MMD	2019,soul,brazilian,mpb
AeqSqejYZnez3XbS	dance,techno,trance,eurodance
AfAUJ1IBQwWu9AOt	punk rock,rock,green day,pop punk,punk
AfI5NVukxmVBNDes	pop,soul,female vocalists,american,jazz
AfPhlwboCnT8q1R6	sertanejo,brazilian country,sertaneja,brazilian
AfrLhYX0OIS0UFNL	uk garage,house,uk funky,dance,electronic
AgJ6E9Wk7J2fn8ST	female vocalists,rock,pop,90s
AghPRnUuGTZFTkSr	folk,psychedelic folk,singer-songwriter,psychedelic,gammarec,freepurp1e
Ah44EewbTJUw9s8T	pop,melanie c,singer-songwriter,british
AhNen5ZZD6sGiQbM	instrumental,post-rock
AhYFhuki4kduBRta	pop,fip,happy,soul,soundtrack,rnb
AiT6MwWAoNLj0qvR	punk rock,punk,70s,rock
AjLVfM94O2WvuYGH	pop,rock,adam lambert,glam rock
AkJ9etYhYzmWXm5i	symphonic metal,ballad
AkLsPFsWyNXZLk0u	juice wrld,dancehall
AkN19gTS3a7ddJP8	post-hardcore,a day to remember,k1r7m,bad vibrations,post-hardcore,hardcore,pop punk
AkZzxPOUNnnnplbk	2019,pop rock,pop,female vocalists,country,the voice
AkeYqvR2u32f0Zfa	melodic death metal,viking metal,death metal,metal,melodic death metal,viking metal,death metal
AkivBVjeMvXR6pzC	trance,dance,electronic,atb
Al6c1yaUwNw08Lva	thrash metal,metal,heavy metal,speed metal
AlErEJcF2PWXSzUj	baroque pop,classic rock,psychedelic,american,relaxing,pop,singer-songwriter,classic rock
Alr6fcLBvqQgZ2nN	indie rock,britpop,2018,british,indie,alternative
AluH2OXiHevXonRS	alternative rock,indie rock
AnTK7JpEqOnRbPyr	new wave,post-punk,darkwave,alternative
Ap3JEQXnLNF3xyg7	rock,alternative rock,brazilian rock
ApCsCw4zG5Bx1AQm	soundtrack,game,chiptune,10s
ApQfX4l4dG3Bwg2z	alternative rock,christian rock,rock
ApzOHujENCoRFV8J	rock,punk,indie,pop
AqMM9mvBK8JZNM8C	latin rock,classic rock,rock,70s
AqSyoycNunkuQKPj	alternative rock,brasil,rock gaucho,rock gaucho,rock,brasil
ArwAMfm5qtBvSiuF	blues rock,classic rock,rock,blues,blues,classic rock,blues rock
AryDfCpF8Gbeg4uq	latin pop,90s,tejano,eclectonia
AsqO0lioabBwhxHD	progressive rock,70s,classic rock
AssOUZYXLxnWE8Np	post-punk,70s,punk,1970s,soundtrackgdchill,1978
AsusHwPhB6h6GyNj	hardcore,rock,post-hardcore,metalcore
At81xEMnc9Gg0jjp	piano,ambient,contemporary classical,cinematic,melancholic,post-classical
AtU3OGIxZjdg6Trc	soundtrack,instrumental,french,beautiful,instrumental,soundtrack,piano
AtUmjPGYyIemLuKt	hip-hop,intelligent,soul,influential,favorite by this mc,lyricism
AtbEloxdbxIY3YjT	spanish,electropop,pop,electronic,synthpop
AtuU7Z1AkjooQHtG	rock,alternative,alternative rock,female vocalists,90s,rock,alternative,alternative rock
AucKdao25JYJo35f	indie rock,lo-fi,2017,indie,noise pop,indie rock,lo-fi,indie
AueP6uCGsJoIvlWG	pop,soul,folk,singer-songwriter,scottish
AufaRWttOCrzAeWH	classic rock,60s,blues rock,rock,cream
Av3Qx2LkBpLXcfgV	pop,electronic,dance,swedish,electropop
AvNQgdvQXGWu7gNu	hardcore,metal,thrash metal
AwHC7H9m0rO4s5SY	synthpop,french,coldwave,new wave,france
AwRnfilV0vVs0z1n	indie,britpop,madchester,rock,alternative,britpop,madchester,indie
AwhHmivHHCmDhxr7	alternative,singer-songwriter,female vocalists,rock
Awja1FZEA55HBpUm	instrumental,classic rock,hard rock,drum solo,rock
AwtWmBKr5MEq4S95	emo,math rock
AxOdcGi6sG7qIoy5	alternative rock,alternative,rock,indie,80s,indie rock
AxegNWxiMbnS16gq	symphonic metal,female fronted metal,metal,finnish,2015,symphonic metal,female fronted metal,metal
Ay9npAI7F41zGw3O	rock,power ballad,hard rock,80s,classic rock
AyU4r4kr3T7wvmsD	symphonic metal,instrumental,gothic metal,dutch artist
AyewZKY9Em97eC1R	guitar,guitar virtuoso,blues,rock,jeff beck,instrumental
AyzKEkr3T7TpexUG	alternative,female vocalists,80s,pop,loved,rock
Az7AHNynMOrsdLzA	2019,experimental,psychedelic,freak folk
AzdjUjCD6gvWuHfX	80s,new wave,synthpop,electronic,depeche mode
AzrmVKxzAk6b32oD	melodic death metal,metal,progressive metal,death metal
AzziUF4VVtDW9teL	indie,pop,indie pop,female vocalists,indie folk,indie,pop,female vocalists
B04AJ9LotPIvWM1S	latin,latin pop,alejandro sanz-hay un universo de pequenas cosas,favorite lyrics,life-lessons,spanish,latin,pop
B04eXeErDzL75q2k	trip rock,gothic metal,female vocalists,beautiful,heartbreaking
B09n8o5DirdBVESs	ambient,katarakt,insanely good,ocean currents and pacific ampere
B0O5wVUqc21wTb4B	hard rock,classic rock,rock,70s,scorpions,hard rock,classic rock,rock
B0Pddlbbq7kidk7D	electronic,hip hop,rnb,clarence clarity
B0nYb9Gf9PhcRIQE	twilight,instrumental,soundtrack,piano
B0xVcH7z06fRId4V	industrial metal,metal,industrial,german
B1NMy410imVPP6kR	heavy metal,metal,doom metal
B1X4DKZ8mcxvB2a1	metalcore,hardcore,metal,screamo,metalcore,hardcore,metal
B2gPtIRyb56aTcBX	britpop,90s,indie,british,rock
B2hj0VDxKc9JNkoy	power metal,heavy metal,gothnmetal,see live,power metal,heavy metal,metal
B364U1C4E0MKBDzm	folk metal,gothic metal
B379TG7hDI0wAv31	death metal,technical death metal,metal,progressive metal,progressive death metal,technical metal
B3aokgqRe69RfSFH	folk,alternative rock,phillip phillips,american
B3s0oWtZ0AK7VAd4	metalcore,alternative,in this moment,intro
B4C3VAE5NPVQ2RZZ	brazil,nostalgia,antiga,brasileira,infantil,80s,pop,infantil
B4dtWZ0ToffEjKvs	folk,british,2012,indie,singer-songwriter
B53Djs6ER6QcpLBg	brazilian,pop,female vocalists,soundtrack
B5GxxQfCibqwQrCK	alternative,rock,melancholic,love
B5aoKdLHwFe4LybP	garage rock,punk,pub punk,burgerrecords
B6LZTtlFAB0759c6	folk,singer-songwriter,acoustic,female vocalists,indie folk,folk,singer-songwriter,female vocalists
B6WNsT2awOYQKInq	post-black metal,black metal,atmospheric black metal,blackgaze,gorg
B6XzSyD1US5OcZaX	pop,abba
B6e3ZZoy0HPAfU8s	kontemplacja,folk,relax,wistful
B73dsXi3KH47rONI	progressive rock
B8mKUKOQ2U7TF8c1	pop,australian,female vocalists,ballad
B9BvPO0wirmPCQKa	pop,90s,swedish,relaxing
B9U2KyoRDBfAt3ne	pop,male vocalists,moldovan,moldova
BAq1mdxuYbXZp5BY	post-metal,sludge,progressive metal,doom metal
BBpNW3wiBSN1ehu4	aretha franklin,jazz,female vocalists,female vocal,soul,jazz,female vocalists
BBvoQRYIthT9JKDD	pop,dance,boa,cover
BC3T0MM3fz9Nxnzj	alternative rock,alternative,indie,indie rock,rock
BCIJKD1LwjX55sco	shoegaze,post-rock,dream pop,alt rock,alternative,alternative rock
BCTJFSKZqleIjogf	cumbia
BCfCVQCILsUaCahg	rap,hip hop,german,hip-hop,deutschrap,rap,deutschrap,hip hop
BCy4dmltoGZLzCPh	latin,pop,female vocalists,80s,latin pop
BEZqXYEPfqv77A1S	alternative rock,rock,alternative,muse,british
BErb0WZfxvyJymL7	90s,new jack swing,rnb,soul
BF6QAFYP8Topuq66	post-punk,darkwave,alternative,minimal
BFOd9sY9Uvxk45VC	rnb,pop
BFnRNh1mchavuOMC	rock,alternative,punk rock,sad,green day,revolution radio
BG2xaR81pzSMUlO0	soul,neo-soul,rnb,female vocalists,mellow
BGtMQD0DvpibiCqg	mellow,indie,where the wild things are,folk
BHP2etwqmjUn0F7T	pop,dance,tops 2013,10s,2013
BIFAoszg92ftdz0U	indie,blues,2018,soul,singer-songwriter,irish
BIkiQtcTzHJgp14J	metal,pagan metal
BItA9JwNy5bn4Jgz	pop,female vocalists
BJ2tA430oWZtyK5N	house,electronic,deep house,trance
BJLKE0kitiIxSRl8	hip-hop,rap,desiigner,trap,hip hop
BJfgUKWoAWfOiTDq	wiggle your toes if you can hear me,satan is gay,satan this satan that blah blah blah…yawn,deny lucifer,defying the unholy,death metal,brutal death metal,metal
BJjXtGkvSWYhCLdx	dance,house
BLQ0MVtFsdqusuoC	post-rock,instrumental,mass effect 3
BLk4EONMpoTd8aV4	math rock,experimental,post-hardcore,progressive rock,post rock
BMFPO4u9abJZhG59	pop,dance,rnb,janet jackson,female vocalists,00s
BMcgtut4xcY6HUzm	roswell,alternative,alternative rock
BMy43eQL7kpEQc9n	alternative,rock
BMzmty5tHRO1dWHC	indie pop,acoustic,indie,power pop,indie pop,acoustic,power pop
BN206xE2prIy8T6l	britpop,rock,british,oasis
BN3l38Xb1oBGGoQE	rock,classic rock,bryan adams,soundtrack
BNiT7xrXe4AP9GHA	hard rock,metal,alternative metal,nu metal,stone sour
BNmDdKQiwxyhP83h	post punk,noise rock,13 reasons why
BNwZPzeAYdAoVdcQ	punk,punk rock,70s,reggae,rock
BQiBitgBJjm5GruW	synthpop,sex,cities,sensual indie,roaming the globe
BQxq2faz1eykciuR	romantic,pop,new age,romanticas1000,new age,pop,90s
BRGWS6qpygZwHaOD	pop,chile,latin,female vocalists,pop,chile,female vocalists
BRT3Xamcitwly4w6	rock,brazil,brasil,pop rock,brazilian,portugues
BRWpTQgvAKFJWZWB	dance,electronica,swedish,electronic
BRhcPZSUrWjgsPWR	indie,alternative,indie folk,peace
BRlVtiMtUGV6Amr6	electronic,sexy,dance,pop
BRrWX0cov3fF5shf	classical,all,misc,shady,jibby,shady grady
BRtb5vZB0NQZu1WX	canadian,rock,indie folk,americana
BRxPOHOdTak8Lb0w	canadian artist,rock,pop,female vocalists
BSGXHVTHQlsG2wjy	indie,instrumental,folk,singer-songwriter
BSZSsbTaehSZKYim	cover,easy listening,sarah brightman,female vocalists
BT635fdnzuZLqFPo	pop rock,uk,amazing,mcfly,male vocalists
BTi9LtASz55cl9E3	pop,british,one direction,catchy
BTnVhiLl5fwmMiV6	rap,gangsta rap,music to listen to very loud in the car with the windows down,bricksquad
BVSA31vXjQYALA8K	pop,dance,tropical,carimbo
BVj71rDq8FywXWv9	2014,canadian,singer-songwriter,rock,indie
BVpOTtDacgBxeuPV	shoegaze,indie rock,post-punk,dream pop,rock triste tapioca
BVuqsLo9r2LAS65Z	jazz,hard bop
BW87tIgoYTnn0orG	drum and bass,liquid funk,neurofunk
BWm3su3nbZS72Vax	pop punk,rock,punk rock
BWo7HjHiYl0ox2Jh	indie,indie rock,2014
BXbUGQH2dmKuESz4	post rock,krautrock,experimental,post punk,experimental rock,delicious
BY6NhgTfAoDzsOID	j-rock,japanese,anime,kuroshitsuji,the gazette
BYG88695cmOmyP4Q	indie rock,british,indie,rock,alternative,indie rock,indie,rock
BZR5COFeUjA8hrNM	ambient,chillout,electronic,idm,downtempo,melancholy
BZW2iuEz4vaooKg6	electronic,synthpop,2019,electropop,british
BaLS2kfVNuz5bd6x	psychedelic rock,garage rock,psychedelic,heavy psych
BaOvc3pFi9txcOi8	soul,ballad,pop,folk,female vocalists,soul,female vocalists,british
BbUDXeZ2nqTsRjDA	death metal,metal,brutal death metal,melodic death metal
BcBv2GWxQBBsbQ0c	rock n roll,classic rock,rock,oldies,rock and roll
BcIq16voO88OdAbL	indie,female vocalists,indie rock,rilo kiley
BcPKQixR5jvsZ4vI	deep house,ambient,house,electronic,yoga,balearic
Bczf1UALMMtUnzXA	electronic,ambient,chillout,80s,instrumental
BdWjKh76B0bDhiGX	alternative rock,rock,90s,grunge,alternative rock,alternative,rock
BdygmQeTEsFQ0a6Y	death metal,technical death metal,progressive death metal,metal
BeGdBYxk0P4mEVnD	indie pop,indie,alternative,indie,indie pop,indie rock
BeLYHGFvPv1kfmvE	grime,industrial hip hop,uk bass,electronic
BeaoIJVU2CMaJ9qn	pop,90s,ballad,female vocalists,madonna
BeoaY3fYbDaFmLjN	classic rock,rock,70s,female vocalists
BfRVLtJc0t3h1GzJ	oldies,70s,pop,romantic
BfxdiQTET2EuItEl	hip-hop,summer,hip hop,rap
BgAhHhdXGFOHL3jU	rnb,soul,pop,female vocalists,hip-hop
BgNLqy6Wxty9oltd	samba,brasil,mpb,jorge ben
Bi3TLDJR8eer3PtV	pop,female vocalists,90s
BiEE9gLMPY8x6mHr	axe,brasil,samba,brazilian,brazil
Bj3a37TR7Wdv9VfP	2016,indie,post-rock,dream pop,rock
BjzVxJJedUixeaMi	all,bulgarian,pop-folk,female vocalists,chalga
Bk3QR7PLOkdEH5hs	post-hardcore
BkFjpdD9Vd7ZRCtb	power metal,ruina imperii
BkerWL3jQBqxFmMd	funk,soul
BkoUjxTdLFYC7paG	2018,post-punk,garage rock
BkyMQuHyc1Y9gTOW	electronic,techno,electronic,electro
Bl5Zy2fyw5ciTPV3	k-pop,hino,after school,orange caramel
BlcnGBKhLxxvArG5	pop,indie
BmQEnGEwFdaYAJIf	melodic death metal,death metal,swedish metal,metal,melodic death metal,death metal,metal
Bn9NOioDZYyA4iSO	rock n roll,classic rock,rock,oldies,rock and roll
BnHouKaP1gYHtX7l	rock,rocking out,my darkest days,hard rock
BnHp751BdotdifPo	rock,brazilian,pop rock
BniwvmQ8Mq9fmpvV	70s,glam rock,rock,classic rock,new wave,glam rock,new wave,rock
BnvV5muzHXKZlLea	bossa nova,mpb
BoFcfcmQLe4RFz2e	thrash metal,testament
BoH6mvWra81FMlyy	idm,electronic,4 stars,personal favourites,2014,best of 2014
BotzUWGPurJJLQg9	k-pop
BqLXITszC5W8DN82	mpb,brazil,trouble,you be the anchor,mpb,rock,brazilian
BqMdwBSopxmBesGx	doom metal,death doom metal
Br7PopHF835WuJDF	latin,pop,ricky martin
BrzMZAOtYOTAO4YN	indie rock,alternative rock,rock,alternative
Bsa7rf1BuU4g6xKz	chiptune,soundtrack,video game music,undertale,video game soundtrack
BseoDZeuVGpOp5kb	6 of 10 stars,goodmood,pop,rock,2014,makes me cry
BsrWhn36yyloZ8ON	surf pop,lo-fi,chillout,psychedelic
Bv5sJbuiuR4QYH71	k-pop,shinee,korean,fucking addicting,love at first listen
BvwlWFTQdbLDt9wC	pop,brazilian,2014
Bw5of18S5GxTFAso	rock,indie,j-rock,visual kei
BwMHTJFsrT64TPph	blues,chicago blues,muddy waters,50s
BwnE2oXkykgK4Cb2	grunge,alternative rock,90s,rock,days of the new,alternative
BxFNWXtlVI7ns9l4	doom metal,gothic metal,gothic doom metal,gothic,melodic doom metal
BxvdidDMbbdWHzYJ	rock en español,rock,soundtrack,poetry
BxyZna4GhGVoFGwh	alternative rock,rock,30 seconds to mars,alternative,alternative rock,rock,alternative
ByS2TpK5I0dp8nlT	post-hardcore,metalcore,alternative rock,rock,cover
BzbXMvDRr2N27UF3	progressive metal,heavy metal
BzzZN9nOAlg5QVpp	mpb
C0G8dxTlOKQGOY5j	electropop,electronic,indie,electroclash,female vocalists,synthpop
C0gVhMntWqggR5Rw	synthpop,electropop,canadian,pop,female vocalists,dance-pop
C1QOLz5zVfaOlekr	schlager
C1SUjAxhAwQjfZw1	punk,suicidal tendencies,crossover,metal
C1l2ifC9sAjK5qnu	vixx,pop,k-pop,happy,k-pop,korean,vixx
C2uD8DhzD0D9V04H	dream pop,female vocalists
C3CxzWsGE56Um7gE	indie rock,drowners,rebelboy rock
C3V31sWOCUxqmP2s	alternative rock,indie rock,rock,alternative
C3e5LyUcs6KED9in	groove metal,metalcore,metal,thrash metal,alternative metal,groove metal,metalcore,metal
C5ULb63JDcCgvf2M	instrumental,punk,punk rock,70s
C5hZIsUVhrgSfZD4	pop,2018
C5lAHHM91iukA6ks	emo,alternative,screamo,punk
C5pEt2cHltKVboga	punk rock,punk,pop punk,2010s,2018
C6J8ezzMqt9YuvLy	soundtrack,alternative,90s,alternative rock
C6iZeCsuoumOa1YM	punk rock,punk,rock,alternative
C73k4ZB0MFjL4dNj	psychedelic rock,60s,acid rock,psychedelic
C7QfrKzXYIdUmkjc	classic rock,70s
C7TXpNVwnPQKuMR7	progressive rock,hard rock
C7f0U0UGmS5aQUNR	jazz,pop,female vocalists,alternative,jazz,female vocalists,blues
C7zRFFikfscjEh5c	creepy,guitar,pop,fun,quirky,alternative,geek rock,rock
C96Kfe53yd3oodUk	pop,dance,nicki minaj,ariana grande
C9UwXlBMzklps8Lv	rock,u2,90s
C9WbXXfjQK5dvbKz	mpb,brazilian,brasil,brazil,mpb,brazilian,brasil
C9ac9faoir4YqbPv	experimental,noise rock,alternative,rock,sonic youth
C9g4Nq168RHTkCWH	krautrock,70s,german,psychedelic rock
C9upU2IVDe5IP7aD	rock,polish,alternative,ballad
CAsK5WExlvyF2Y5L	dance,house,electronic,trance
CBjOwHnOoFfSOXLN	pop,canadian,folk,acoustic,male vocalists
CBuJdKeR5oFmbmMv	soundtrack,harry potter,instrumental,john williams
CCwtoSBa9TvL5YQS	rap,autism,why has god abandoned us,food and drink,irl shitpost,hip-hop,b0ss,rap
CDuj5cZUPIjVSMaW	hard rock,rock,alternative rock,2018,post-grunge,alternative
CDz2fynAE82KGBhX	funk,urban conceitual,hard rock,avant-garde
CEFQr8WnxDP95xaS	hard rock,metal,alternative,rock,alternative metal
CEQf1UbfZSsf4XUl	industrial,psychedelic,dark,industrial,alternative,progressive rock
CEnXhhyEZ8jddUW7	60s,oldies,pop,female vocalists,60s,pop,female vocalists
CFC1MTpdY5OmheQo	alternative rock,rock,irish,the cranberries,female vocalists,rock,alternative,alternative rock
CFJJmbnI2JZqZLvD	soul,indie,electronic,rnb,brooklyn,alternative rnb
CFTwLd5aByft8UK9	2014,rock
CFXqlsFOPhk2uGpo	alternative rock,rock,scottish
CFktsnbcKlBAPMaR	pop punk,rock,easycore
CFpaKYhKcmPFkVEc	american idol,kris allen,pop,2009,male vocalists
CGGNrzQTntbF9kJf	beats,instrumental hip-hop
CGQNJDkVQYuhqE8y	classical,romantic,czech,composers
CGSL1zmoQ9gtcGa2	acoustic,folk,singer-songwriter,indie,mellow,acoustic,singer-songwriter,folk
CGZyuzZLcwkoiUW5	boz scaggs,easy listening
CGpLB40XAD2NFpFe	pop rock,hino,correct tag,pisou,sin fronteras
CGz0z5iv0jZmIa7X	ska,awesome,ska punk,nerdy
CHEzcIDBkHFo2NBj	2018,rock,dream pop
CHKN1DEaMWYoNZXe	soul,jazz,female vocalists,amy winehouse,british
CHLxDuKbnY1mPA3A	gothic metal,symphonic metal,portuguese,metal
CHg9GmMQ74rgJjhq	classic rock,southern rock,70s,rock,lynyrd skynyrd
CHmf9WMghmVw5lFF	rock,polish
CIHBOkVNBS9cIbst	grime,rap,hip-hop,british,uk hip hop
CIjpgLYMiffWTxuK	synthpop,electronic,best of 2012,new wave,8-bit,chiptune
CIr3wYOHDDjWh95p	alternative rock,alternative rock,rock,alternative
CJ2AbrBgl88gIvDM	alternative rock,rock,alternative,placebo,indie
CJwB8m56sEC4Pflm	brazilian,brasil,mpb,chillout,latin,ceu
CKF4ziJ1ucF7bCqm	rock,indie rock,southern rock,indie,kings of leon,rock,indie rock,indie
CLtPEcep00zlBPgY	spanish,jarabe de palo,latin,españa
CLzQce3eju0xW90U	rap
CMUKzSkIVglx1lg4	classic rock,80s,singer-songwriter,rock
CMUpaQtw1RIUWr6M	destination eurovision 2019,france,eurovision song contest,eurovision
CMaifnt6WWWoVWME	electronic,dream pop,fip,alternative
CMo0arhvj6GZlaKo	alternative rock,rock,pop,the all-american rejects,rock,pop punk,alternative
CNAGPe4WjbMet59p	italian,female vocalists,soundtrack,italian songwriters
CNWm3JolLu6Mv0MM	stoner metal,doom metal,stoner doom,stoner
COzfNSdJviZavR9J	electronic,chillout,ambient,electro house,dubstep,electronic
CPCGHPFfZxjsUrN0	metal,nu-metal,nu metal,metallic hip hop
CPjP46xBiBBwQue6	britpop,indie,90s,alternative,rock,noisy
CROclg6SNym6dt3C	dance,techno,sexy
CS1gOtdvew9pJgGq	pop,boyband
CSWk9rqQMCL0iM13	pop,dance,richard x,cover
CSh6yX581pvLqDDf	thrash metal,metal,groove metal,heavy metal,pantera
CSmo9sHRP5teioxS	pop punk,melodic hardcore,punk rock,stoner rock,hardcore,easycore
CT7FpCGG4Nb1FM1t	folk,singer-songwriter,indie,irish,caroline records,folk,singer-songwriter,indie
CTspO9SdKp4cla2Q	mpb,samba,brazilian,bossa nova,brasil
CVEAvdQdzxaNIok6	darkwave,gothic,ambient,rock,dead can dance
CVYpKHtA1YDTgXgv	alternative,rock,90s,alternative rock
CVlCQ0kQaSfveQWU	christian rock,rock,gospel,progressive rock,progressive metal,christian
CWJZZjwRXrQXVwNO	pop,chinese,male vocals,c-pop,asian,cpop
CWUMfHCiUp5zVMPD	swedish,pop,indie pop,2010,swedish,pop,male vocalists
CWZj1VHUMhh62i3c	darkwave,post-punk,gothic rock,new wave,gothic
CX3uGlW5icPSiQHd	industrial,synthpop,ebm,electronic,female vocalists,electronica
CXiVXWHz8rCJgj1z	emo,punk rock,pop punk,post-hardcore,melodic hardcore,pop-punk
CXwghmYPhfyVLoiT	pop,indie,pop rock,sad
CYsNwPjONqVkIee3	classic rock,rock,70s,boston,classic rock,rock,hard rock
CYtbzAv1m1ocvZyW	easy listening,pop,barbra streisand,70s
CYucS2NMUiUQRoNC	electronic,pop,synthpop,new age,darkwave,post-punk
CZR0aIu7evfGvXGG	electronic,acid,smoke that shit,idm
CZVn1tLLWYO4Ium0	pop,dance,madonna,britney spears
CZzifWsCAXngbgYN	jazz,oldies,blues,louis armstrong
CalPbEZ8bnuISHRx	ethereal,new age,darkwave,world music
CanWyg2BMszeNmMi	folk,pop,singer-songwriter,rock,world,paul simon
CawzUERvD0pmeDhz	pop,american,idol,excellent,goodmood,core
CbQCxWEDISFXGnbw	pop,female vocalists,latin pop,love songs,adult contemporary,elize
CbjW1G1dZxwAj3ve	alternative rock,rock,canadian,alternative,best of 2018,90s
CcR8OC6ncESxbL7I	lounge,hgn
Cd9coQC9xk9saea7	pop,80s,synthpop
CdB3c6g24hKEziOE	synthpop,80s,new wave,loved
CeugaMQ03Y9lKTSc	math rock,post-rock,instrumental
Cf0zBeyGmbBLnBsb	trip-hop,lush,downtempo,electronic,chillout
Cf4qOh05aVptCWWu	indie,rock,noise rock,no age
Cf98oKF7rdcDkXN9	psychedelic,progressive rock,instrumental,rock
CfZ7Hio0sefQQD3s	pop,female vocalists,x factor,dance
CfumFwlJRzgzOSA2	viking metal,metal,folk metal,finnish,melodic death metal,pagan metal
CgTrKTNzywMqlHsx	2018,female vocalists,british,indie,indie pop
CgUoBhyn3ZhGMeGE	2pac,rap,gangsta rap,hip-hop,hip hop,west coast rap
CgYVjkctLsa3rRre	psychedelic rock,garage rock,progressive rock,psychedelic,2017,psychedelic rock,garage rock,fip
Cgaaj9AoPqcoeBP8	shoegaze,post-punk,80s,alternative,indie
ChSWJ6Tk7Uq86Nss	rock,ballad,2010s,boys name,2019
ChUEZbv3I0ZAuJ8I	melodic death metal,progressive metal
Chk4DqvINp7xK1ik	8-bit,electronic,new rave,electro,electronica
ChnU5ishx0i28uem	ballad,folk,rnb,korean
CiLFjUJvYWGmyr2d	indie,alternative,rock,indie rock,love,snow patrol
CinsixA3G83sd3YN	shoegaze,club-dance rock,dreamwave,rel-yr:2014,2010s,rel-mnth:2014:may
CitJ89pfKuEcrsC5	electronic,ambient,chillout,electronica
CjJhdk4AzZGSBybO	rock,grunge,indie,punk,alternative,love at first listen
CjQOWxVlG4TsgtwL	acoustic,singer-songwriter,mellow,jack johnson
Cjjqy9YS8EGzOaif	pop,alternative,female vocal,soft pop
ClHkZ5VcNmTCQv3Z	pop,heartfelt,adult contemporary,inspiring,delicate,poignant
ClQmiPKqfbHWoLdb	polish,alternative,folk,electronic,indie
Cm0nh8mZdKRI8ZfC	la usurpadora,a usurpadora,latin,soundtrack
CmG7AsIFxbOojGvP	gothic metal,symphonic metal,sirenia-2009-the 13th floor,female fronted metal
CmPKRjrnjnBuSocM	indie,indie rock
CmmneXVjfGH1wBsB	indie,indie rock,alternative,alternative rock
CnZxIhBzdCKHGaRP	jazz,piano,pop,love songs
CnsEeTpxC2OoyQ4U	spanish,paulina rubio - todo mi amor,pop,female vocalists,latin pop,espanol
CnzCqAwtC7ijmwgU	rap,eminem,hip-hop,hip hop
Co9Sp7p21sJm2z6Q	metalcore,groove metal,hardcore
CosJZV3R3ktmwdAY	heavy metal,metal,heavy metal,hard rock,metal
CosSdfOwWyRy3rkU	progressive rock,classic rock
CpTx3WpJt92hVEq1	shoegaze,1986,ethereal,80s,4ad,cocteau twins
Cq4hk5tayZOIurUW	indie,indie rock,beautiful,mellow
Cq6w49vBq3QO0Vqf	house,electronic,dance
CqYFV0sXlZXWPw0x	rock,freedom,david sylvian,love it,davidbowie,loureed
Cr1pWCQ0DLb4R4uD	pop,funky,fun
CsADnHYE8KoheoFd	rap,all,hip-hop
CseY1V6geECopV7a	k-pop,rnb
Csqlo055qXiR2QQZ	-yulunga-,-icelandic-,sexy,pop
CsxqrfqROSz2vizo	experimental,ambient,instrumental,electronic
Ct3zJRGNCKXSbjVI	indie pop,alternativa
Cu7RgD4Yc4Q65Ggg	clipse,hip-hop,rap,east coast
CuCws0OKeuC1E8hF	shoegaze,atmospheric black metal,post-rock,black metal
CuOJN8iBeNwx8Ssc	soul,sexy,female vocalists,pop,soul,folk,british
CukjVsmUDQkMM10X	pop,rb,motown
CvD4RX0sy7r5Yh2U	rock,alternative rock,indie rock
CvIufZM8DwZIlbn7	classic rock,rock,soft rock,ballad
CvKzIZ1zEclAcfRp	fip,downtempo,downtempo,chillout,electronic
CvVXdhqPmyWgOlXA	gothic rock,deathrock,post-punk,gothic
Cvkoeu2Xj9fMHoh4	hard rock,80s,classic rock,rock
Cw5pQE2eaaDDzVye	punk rock,punk
Cw9GPcRGetjXBy66	happy,love it,brasil,choro,samba,samba,mpb,female vocalists
CwEiX28Nd6zd5zhB	kendrick lamar,hip-hop,west coast rap,2011
CwMDNZmPtCAJgv8z	pop,soul
CwrfTHhJ2LJjaifS	singer-songwriter,indie,female vocalists
CwsldOvmpLKruuaz	rock,indie rock,indie,alternative rock,alternative,2000
Cx8sjIi8f01GYim3	dream pop,female vocalists,indie,country
CxM1EyYBNmAO48YA	shania twain,love,country love,canadian artist,canadian country
CxZRJpYTWxgV2nSg	soul,barry white,sexy
CzGEVojaIDD1Cq3D	sleepy,dream pop,i just want to curl up in bed and wait for something to happen
D0HGmxP8eF5ZFXLN	alternative rock,alternative metal,rock,post-grunge,three days grace
D0PvpTqKA4C9BJVn	grunge,alternative rock,rock
D0zVQ0bGNYcpuZiY	hip hop,all,nigeria,highlife,afropop,afrobeats
D10gfWVaBiOpVEdl	ska,latin,mexico,90s
D2fv6KZ9RYQKwZo3	indie,rock,irish,indie pop
D3Y3eX0K90yxWEtp	heavy metal,metal,iron maiden,nwobhm
D3f0kqY2K6Excr07	folk,female vocalists,singer-songwriter,acoustic
D3oIeUXTOxkpcCkt	black metal,raw black metal,canadian black metal,canadian,black metal,raw black metal,canadian black metal
D3xPyCPbPNAyZ8Wa	indie pop,canadian,sweet,alternative
D4eo12t43gbqfsv0	trip-hop,electronic,electro
D4j5HFGJIMVDaBy8	trip-hop,instrumental,alternative,electronic
D4n7GtMDMlVYijNn	trip-hop,electronic
D4rM0bm43zdcRJhT	50s,rockabilly,rock n roll,oldies,rock and roll
D5APeq80TqUke4uN	2013,indie,indie pop,australian,indie rock,folk
D5sOhnWXQpgQay2r	rock,alternative,alternative rock,canadian
D61CxYIQ7sjD1grP	japanese,hip-hop,j-pop,electronic,female vocalists,indie
D6292lpJmR7iCjkK	forro,pop,brazil
D6QR0maS5N9Sr9F9	1987,alternative,suicide,rock,indie,this would be what journey would sound like if they were good
D6mwbt3fbJJu8v81	rock,brazilian,mare,hoje o ceu abriu,emocore,hardcore
D7ovh2OxvQikRDPl	jazz,female vocalists,female vocal,vocal jazz
D7pnb06XAVK4UJtg	ambient,hypnagogic
D8AoqY205xjFA2bk	canadian,indie rock,rock,alternative rock,indie
D9GICCXFS3s1255T	indie,alternative,indie pop
D9KfjdHK4Wn0hpTW	alternative rock,progressive rock,rock,a perfect circle-2000-mer de noms,alternative,a perfect circle
D9OmCDLFU65ikObN	electronic,australian,dance,australia,all
D9oljwK51cVMr2v7	bossa nova,female vocalists,jazz,mpb,soul
DAEka3RzbsyL063p	eurovision,eurovision 2016,eurovision song contest 2016,pop,spain,eurovision song contest
DAUvesvB2HWcKWP1	pop rock,female vocalists
DAnawbMcYajTd3l5	doom metal,metal
DBDDnn1Zk1Ucqnq2	emo,brazil,slowcore,lo-fi indie,rock triste
DBE8xBHci8nlKw8Q	indie,acoustic,mellow,folk,acoustic,indie,norwegian
DBFFzLfPYUVVUeqc	jazz
DBarYyTcmISsxf0X	rock,alternative,emo,indie,panic at the disco,alternative rock
DBd0HXIva7Hd8djE	folk,acoustic,all,indonesia,jazz
DBzvjgYY5T9GibCX	progressive rock,rock
DCfKbiEC8SMTj1J5	electronic,owl city,electropop,synthpop,indie,electronic,indie,powerpop
DCnLjlC6wJDpiF7A	instrumental,hip hop,beats,synth pop,electronic pop,future
DDNOWGGGsBYomuTa	cloud rap,hip-hop,2019,rap,trap
DDc7YDUfhUrpfUrj	baroque,magical,if im alive or dead i dont really care as long as my souls intact,2k11 mix
DDozseqC4SqVbfq4	indie,folk,electronic,lo-fi,dylan,jeff tweedy
DDq7x6UKN2Y1UaTL	acoustic,singer-songwriter,jack johnson,chillout,mellow
DEn12KJY6H61FgFv	symphonic metal,gothic metal,female fronted metal,metal,gothic
DEuZB8T8aSaCDTCb	this record is making me pretty sad,singer-songwriter,indie folk,dream pop
DEv5EKd95vZK8kE0	hip-hop,rap,biracial,hip hop,hiphop,trap rap
DF7DR4ouzpRKsyAR	alternative,jazz,instrumental,soundtrack
DFfuAKwP9KRiQgFQ	gothic,darkwave,industrial,female vocalists,goth
DFursyhAMOdDhrZO	metalcore,metal,hardcore,emo
DGOIM4FLdAy6PtaL	progressive rock,mellotron,modern vs classical,symphonic rock
DGfMtOfDUD1Yv8zE	brasil,70s,mpb,marina,ba,names
DGkNIdmNGTEEc3dL	chillwave,electronic,lo-fi,psychedelic
DGlRrk4kfpcjiAga	pop,british,olly murs
DHX9VWFjETAFPkbJ	hip-hop,rock,7 of 10 stars,blues
DI1kGRLaDIb5L4Vq	melodic death metal,metal,death metal,swedish metal
DIJXhAztpbMTlWh1	indie rock,alternative rock,2017,alternative,rock,rap rock
DIOZWylXtYkWAd0F	progressive rock,father
DIe7OMbLlVbcK3DZ	salsa,latin
DIenz1hGgjltkjQF	indie,soul,kick,favorite track right now
DJFtVv6n3vLDLsVl	pop,italian,female vocalists,love,vocals,beautiful
DJJiYrRqagv8zbBQ	indie,austrian,6 out of 10,2019,rock,german
DJPtI0A5vovo8RZr	french,chanson francaise,female vocalists,chanson,french,chanson,female vocalists
DJS8dWa5dU4YMRiz	noise,cs-007,if this were a pokemon i would catch it
DJr94u6GoBXqGNi9	lo-fi,2018 releases,ambient,instrumental
DKIkYkVd8qQdH5rR	2017,pop,alternative,brazilian,male vocalists
DKTyV5SDT4YnKHaE	thrash metal,metal,groove metal,heavy metal,pantera
DKXF9TJVk2cMXvS1	death metal,brutal death metal,technical death metal,technical brutal death metal or brutal technical death metal?
DKil1umFSuOC4qZ0	post-hardcore,metalcore
DKuCkA8bZkOR3ZdL	tecnobrega,tecnobrega tecnomelody eletromelody,pop,brazil
DMGdM65UNxbxoAb4	rock,alternative rock,british,female vocals
DNjUvcL366eWefpl	thrash metal,metal,groove metal,death metal,sepultura
DONaK6BIgwNcvm7j	2013,acoustic,alternative,singer-songwriter,male vocalists,pop
DOXoY9lgfvikUtRI	post-rock,instrumental,post-rock,instrumental,ambient
DOyPVRIWXRof1KEk	rock,love,10s,alternative rock
DPL8KH7TETjqC1se	death metal,metal,old school death metal
DPYT0XCxZB3fJwd8	grunge,90s,rock,alternative
DQ6sEnx67JKZAStI	rock,indie,alternative
DQAro3YYq7xu1wAi	hard rock,hair metal,glam metal,rock,80s
DQoDO7yCtSJgywx5	indie,indie rock,alternative,rock,female vocalists
DRKlBU4q7cDXvnwY	noise rock,hardcore,4 stars
DSXtsjp9yVj9LD7I	alternative,happy,rock,noise,rockin,upbeat
DTCQVMBoDKdqNyPz	indie,brazilian,rock,indie rock,alternative
DTD5npCClmRjoglO	industrial metal,metal,industrial,death metal
DTXCqCNkchWvnKlI	fip,samba,mpb,bossa nova
DTixIhgLRFJZNfgl	post-rock,instrumental,post rock
DTohjV2fuoAUUvJk	rock argentino,rock en espanol,fito paez,rock argentino,rock,rock en espanol
DTvJYMqMgx1d8OEC	hip-hop,pop,rap,hip hop
DUNPHLMJOe8fyE8r	spanish,pop,spanish rock
DURZNeBffuHi7HSm	darkwave,synthpop,industrial,gothic
DUoXqCNqsUxP7iX0	k-pop,pop,girl group,korean,girl groups
DUpne99V3pJ9qLB1	classic rock,rock,80s,queen
DVMyB1aD6t5bVzIf	singer-songwriter,folk,indie,indie pop
DWGB0jUq1kvX4jvw	post-hardcore,screamo
DWgv8EGLl90REHih	vanessa hudgens,pop
DWyStvxvwe37GVkO	post-hardcore,hardcore,screamo,can't live without
DXjra5qmHSWXXDpB	alternative,avantgarde pop,post-revolutionary pop song,experimental
DXllHvX7SFXvgpUx	pop,singer-songwriter,alternative,mpb,brazilian,indie
DY3McyB5q2XNs2VZ	dream pop,indie pop,jangle pop,sweet sadness
DY85ou0mpbMh6n9w	soul,60s
DZd5ctYJYDGrELuc	indie,dream pop,los angeles,lo-fi
DZi6EKl6ZdqezjtM	hardcore,metalcore,sludge metal,metallic hardcore,2018,hardcore punk
DZzzAAwmETSavceL	industrial,impossible for liberals to deal with,electronic
DaGhOsU4uWfVvsGB	thrash metal,metal,heavy metal,metallica,hard rock
DaM6lreTrl3hyfNt	rockabilly,80s,psychobilly
DaPa7ooFHdxT1IxX	electronic,industrial,remix,2016,i wanna dance this like a whore
DaXt87iqpalzFGLg	punk rock,rock,punk,sum 41,alternative,punk rock,pop punk,punk
DavNk6LXvHNjqgWY	70s,glam rock,experimental,art rock,ambient,experimental,electronic
DcLWUgvZ9ekxODUt	post-punk,coldwave,darkwave,minimal wave,minimal synth
Dd00WwmyFLunxJbG	chillout,ambient,downtempo,trip-hop,digitalis,somafm
Ddbf7Zy316KS1iG0	hard rock,rock,velvet revolver,alternative rock
DdilUDFyos4uZJaH	power pop,rock chileno,rock chileno,indie rock,chile
DdrlphDvTHVXoQ2C	belgian,rock,alternative rock,alternative,belgium
De58duprGglQlX0h	rock,alternative rock,alternative,indie
DeB7LILnMd01YefV	70s,glam rock,rock,art rock
DeRdKulMmloAksR9	60s,psychedelic rock,psychedelic
Df4F05E6NxwBJw6a	instrumental,folk,downtempo,hip-hop,usa,jungle
DfCfMAry1ub2rZN3	pop,dance,geri halliwell,female vocalists,pop,female vocalists,british
DfWASsoggVsMGKVr	psychedelic,ambient,indie,pop,dance,indie,psychedelic,ambient
DfyFtePh2Ga6SyZG	80s,good stuff,post-punk,alternative
DfzdbwIRfJogJSnO	80s,new wave,pop,british
Dg7xcD5GnEJPRJMZ	country,taylor swift
DgJ7Li7XkseNmMeJ	black metal
DgK2P6xVsExUukxg	90s,indie,scottish,power pop
DgnTCr6GDqmgV2SE	ska,british,two-tone,1979
Dh4D36y2ucO2EocT	avant-garde metal,black metal,2018,best in 2018,progressive metal,avant-garde metal,black metal,hungarian
DhFiu289OGxzv6pd	gothic metal,symphonic metal
DiHav0hzIIL1W0o3	alternative,rock,indie rock,alternative,indie,indie rock
DiKcVCX1Iq1jagFg	soundtrack,soundtrack,british,actress
DiOUBIPPmGtUVYyL	ethereal,ambient,new age,brendan perry,dead can dance,ethereal,ambient,new age
Dizc9JW9JfVLH0ON	folk,mexico,spanish,indie
Dj2bBw0OtLWkCVyO	bossa nova,brasil,mpb,brazilian,samba
DjVoE5nl3JMuOXMW	pop,boybands,2019,90s,dance,2010s
DjoKLEHCesOzD24I	synthpop,swedish
DkU7wDDHlcteITmP	progressive rock,post-rock
DlPUb8mnowUKeIl0	alternative,instrumental,experimental,icelandic,electronic,alternative,experimental
DlT4kg9Em5N0g2rQ	post-hardcore,screamo,chiodos
DmL6Jrhlg4DeJDgR	soul,sweet,swing,mother
DmO3sKLTJHGmXuti	rock,punk,alternative rock,4 stars,punk rock,rock,punk
DmTgHxWx4y1Leu8l	dream pop,shoegaze,bedroom,diy
DmUvUJiKkc0PoW6r	jazz,vocal jazz,swing,cole porter
DmsoC83OqDwbWGWF	austrian,eurovision
DnXwsHNjzTxdDqHz	rock,indie rock,indie,garage rock,alternative,swedish
DnmeQrTNCPA0Bzqh	rock,grunge,fukked up,alternative,grunge-rock,grunge rock
DnoaQPMTyFpa27Ve	britpop,rock,indie,90s,british,1996
DnqFbXWi2R5voiFF	punk rock,rock,punk,alternative,green day
DnvGckXRd0oRfuy9	pop punk,female vocalists,limitless,pop rock,australian
Do85yZHu8hWqKNgd	rnb,rap
DoiTJE7pECi6WYed	soul,alternative,rnb,british,all,alternative rnb
DpAdf9RLPPdZzVUZ	rock,punk,70s,the runaways,woman-oriented anthem,female hard rock
DpOFLRkMIsDjGCow	indie,shoegaze,indie rock,dream pop
Dqtg4D55iMqnfgSG	electronic,ambient,nice fur,hairy chest
DrbCpLyYEvP6zFgX	rock,matchbox twenty,alternative rock,pop rock
Ds9t0Wua7EA9HnCF	hip-hop,hip hop,rap,underground hiphop
DsH2HstcLEwoKWXO	i love keane forever,rock,britpop,pop
DsSKh4cTElxp46F6	witch house,electronic,drag,witch house,electronic,darkwave
DsVUS1inUYUYujXA	mathcore,metalcore,hardcore,experimental
DsimknHPOc9oOcFX	80s,disco,1989
DukkiHRwupV4qc5m	dream pop,shoegaze,post-rock,dying
Dusy9YdjdGyFCKCX	pop,dance
Dvtcls2EvP6d34es	70s,spanish is always sexy independently of what it means,latin,cover
DvwbrcuR7KBurmXq	indie,2017,indie rock,indie pop,alternative,rock
DvzSCeoFA96HmNP6	indie rock,alternative,rock,indie,punk rock,alternative rock
DxIFYezwwgEl7OS7	jazz,vocal jazz,cole porter,murder ballads
DxdvwEegMtQ0z5VH	70s,classic rock,oldies,soundtrack,rock
Dy88WbWBzsObmEUP	piano,mellow,beautiful,downtempo
DyIWlmDHPctkKrXZ	experimental,post-hardcore,screamo,rnb
DzaNz7GZqtzs8Bzo	dance,indie dance,nu disco,nu-disco
Dzibzfc0GllB2B7e	metalcore,post-hardcore,hardcore,metal
DzjymfjqvsdPAlk8	rock,singer-songwriter,greek,all
DzvttpqzOADXmohF	instrumental,death metal,progressive death metal,technical death metal
E0OCvuvbIgCFoPSs	2018,electronic,experimental
E0TQmc4Zkyaa20AF	japanese,j-pop,j-rock,thrash metal,j-metal,alt metal
E0bGxWXRIFKWm5oG	mpb,female vocalists,brazilian,bossa nova,brasil
E1SitH6OBxLVXd1B	ska,reggae,jazz,france,chanson,all
E3E5ux5tiRrn3CeQ	pop,soundtrack,female vocalists,teen
E4BfBDK0LHjz9YbX	grime,hip-hop,rap,uk
E4MuEtOJZDOkDWej	rock,80s,classic rock,female vocalists,pop
E4TZTsNQVU8bzM7c	ambient,trip-hop,alternative,rock
E4u7VIBtVLpg3VJf	easy listening,soul,pop,soundtrack
E5P5AwVnKMVL7xqR	screamo,post-rock
E60apxEIkrEFaPci	k-pop,funky,vixx,fan song
E6QrKKiL4134JTkV	rock,alternative rock,hard rock,alternative,three days grace
E6ZxLjE886PSICBP	stoner metal,stoner rock,doom metal,metal,stoner metal,doom metal,stoner rock
E6g2btyo3iIJJPVX	emo,pop punk
E6qVfF1BO2r3cf6o	singer-songwriter,acoustic,mellow,soul,folk,amos lee
E6xPpEgNi9qSscdU	pop punk,fall out boy,rock,punk,emo,alternative
E71zeORcxji71QWQ	pop rock,christian rock,christian,brazilian rock
E7nPeNNLOtvT6jFH	shoegaze,post-rock,atmospheric,shoegaze,post-rock,french
E83jDxRmwulh5Qge	hip-hop,trap,rap,trapmetal,trap metal
E89IDRYWSNoWC9S2	j-pop,japanese,female vocalists,pop
E9BiNsQlU5ZwuYUx	argentina,pop,dance,spanish,latin pop,argentine
E9SluPsOJZLrBJZd	pop,soul,indie pop,rnb
E9ZgOLdZnJhjwrMd	one tree hill,pop,female vocalist,one tree hill soundtrack
E9rWPZFlUBUT4RTc	pop,sophie ellis-bextor,british,dance
EA0WnyVGS38AWiJa	mpb,brasil,lenine,brazilian
EAKWWvymZtcRykDg	folk,singer-songwriter,from drs virus,-fly away-
EAP3URnaMqCZZJKt	dream pop,neo-psychedelia,fip,indie
EAQkBEzU8oJme93H	soul,future soul,nu jazz,math rock,jazz fusion,australian
EB8wnQwPFH0Z2FeK	drum and bass,electronic
EBIZYVYtmilfvOez	indie,emo,indie rock,american,lofi,indie,emo,indie rock
EBRKqVxknlKxh0Z1	electropop,art pop,alternative rnb
EBl7cdNyTuFiPHTG	electronic,dance,american,good song,more cowbell,fm4
EBmAnNCdhFas3S65	indie,indietronica,indie rock,alternative
EC8ak0Lyeuytk5DE	chamber pop,dream pop,2015,art pop
ECIQqsTrPmRuS3zS	blues,blues rock,guitar,instrumental,fip,guitar virtuoso
ECMInBhzYdHluokR	psychedelic,psychedelic rock,indie rock,indie,grunge,australian
ECqU8wWJWnh6ei8R	pop,electronic
ED2qOLBIpY3aWTOF	punk,power pop,pop rock,pop punk
ED8s5fYuYEZYfSpd	electroclash,instrumental,electronic,dreamy,synthpop,electronica
EDURU8QOVHJzo720	post-rock,instrumental,ambient,experimental
EDklPGxH2Byxp9kb	brazilian rock,hardcore
EE8u1Ra28pbXOrx0	electronic,witch house,lo-fi,bass,2016,2016 releases
EEHJHFO1Xgk87DWH	female vocalists,pop,queer as folk,soul
EEXolXbBp5YRTA1M	heavy metal,polish,comedy,metal
EEcbpFamgvzpBhuT	poptron,pop
EG0RxTLh3KOeKgGr	kpop,k-pop,korean
EHMaLL1Vwb0kR5cw	hino atemporal,ethereal,k-pop,god
EHOgjOc672QLdDQf	alternative,ballad,rock,alternative rock
EHpJIMC6ndeNIUjO	rock,uplifting,psychedelic rock,indie,indie pop,alternative
EHsGiuT4KW5dcGwz	eurovision,pop,belgium,male vocalists,eurovision,pop,belgium
EIt4ji3sw9t0P2vM	folk,guitar,folk rock,haunting,alternative country,male vocalists
EIyFo9dOcK26PzNY	rock,fip
EIyPaREv8DRaQT0l	indie,indie rock,alternative,melancholy,rock
EJ2YbvbPg66Yk5Rp	rock chileno,indie rock,chile
EJt7fiHzvBDPWFPp	rock,instrumental,alternative,nu metal,linkin park,alternative rock
EK0e547YOwMU5W2C	punk,noise rock,grunge,punk rock,post-punk
ELP6IcyWLkR3kiZj	indie,rock,2014,harmonica
ELb9BRqAGn9rZbBZ	hard rock,classic rock,rock,70s
ELh3q5ATvL0oTsa4	pop,new wave
EMKi2uT6eNoitXsE	rock,wwe,alternative,soundtrack,love
EMvILXFNDQ7XycQD	emo,midwest emo,90s emo,indie
ENNcM7yhfinLdaNm	country,indie
EORMk4iQTrOVywWB	petits grains de beaute,pop,pop rock,brazilian
EOWaYUYxpjqZ2Oh8	electro pop,synthpop,french,coldwave,new wave
EOr7HUsjlzw96I5V	rock,alt rock,alternative rock,2018
EOw9mNRc5D1VliT8	indie pop,emily,kissable,indie,indie rock
EP8oUPaVobC4u5aV	nu metal,alternative metal,metal,hard rock
EPLvE70J4NoszmWr	indie,acoustic,singer-songwriter,2000s
EPhjuQTv5EfxSypE	grunge,rock
EPn1LJZFtI4JIV0y	twee,scottish,indie,rock
EQr3t16rQOtXn07d	90s,new jack swing,rnb,dance
EQwSdeIwSmj81nUu	rock mexicano,latin rock,rock latino,mexican rock,rock,latin
EQyTccqtz5Y0HxOU	hardcore,emo,alternative rock,emocore,post-hardcore,post-hardcore,screamo,emocore
ER3Tty3i64Cf4XYG	avantgarde pop,electronic,2012,remix
ERJmFZFh8f17BbWK	progressive metal,depressive rock,gothic metal,alternative metal,doom metal,progressive metal,depressive rock
ERhs9P1ubwFh94HL	power metal,heavy metal,2010s,2018
ERiT7v8anOGdWHpy	folk punk,acoustic,folk,indie,pop-punk,indie rock
ESB3eoHRgogBSluI	female vocalists,pop,singer-songwriter,maria mena
ESDmnzkyb2wIJktd	hardcore,metal,metalcore,tech metal,mathcore,post-hardcore
ESLFyd8ybMbKw7Zp	rap,rock,trap,emo rap,emorap
ET8Bh73KA1KSbtTI	david sylvian,ambient,dreamy,singer-songwriter,pure beauty,hypnotic
ETGf30PkKOvIzTny	thrash metal,speed metal,thrash metal,speed metal,heavy metal
EUDqLe0aYWftwFdy	heavy metal,metal,iron maiden,nwobhm
EUFaLQJJPbzLxiv3	rock,indie,1992,90s,f50 1992
EUg13uCC43ShJl1M	pop,spanish,latin pop,soundtrack of my life,hot,dioses
EUhS64EkbxHO59ec	chillwave,chillout,dreamy,chillwave,electronic,lo-fi
EWDAXJxymBF7f3Zy	indie,mellow,indie rock,melancholic,female vocalists
EWmTo1WOXp5DTLrG	cover,rock,alternative rock,alternative
EXYXNDZjjplcoATC	new wave,80s,new wave,80s,synthpop
EXuXATL3XCvgNN2Q	lush,trip-hop,chillout,electronic
EY43dC5qBR9lZaza	indie,dream pop,love at first listen,late night
EY9WlH0NTslR4rgy	progressive metal
EYYkxL0msPG3AjJJ	rap,trap
EYzbWVnDdgEnbD1V	post-rock,math rock,instrumental,electronic
Ea6y1s0pUuJfzpnY	indie rock,rock,british,indie,2008
Ea7pUAgrvbX1CUd3	eurodance,90s,me and my
EaHE05Aj6DW2Vgxg	post-rock,instrumental,post-metal,experimental
Eb2ho4a3QNBRSjV6	singer-songwriter,indie rock,indie,australia,female vocalists,australian
EbDkDpZAYjR8TQBA	indie,indie rock,alternative,rock,modest mouse
EbKgk339OnDEKz6F	80s,pop,dance,new wave
EbdxwnSYFxEifALz	mpb,rock,brazilian,female vocalists,pop,new age
Ebxqq8I415H51rIH	classic rock,60s,rock,pop,the beatles,british
EbyWHQjETpmhszzX	george harrison,classic rock,70s,singer-songwriter,rock
EcCD1I5iwRWNpoKw	bachata
EcMuOK5nWxdURJ5U	funk rock,rock,funk,80s
EcVunD6IyD7d11QG	rock,alternative rock,alternative,indie rock,indie,garage rock
Ecw9XVEBc3ejMnAb	female vocalists,&lt;3,but the party dont stop,love at first listen,fuck u bitch,pop,female vocalists,dance
EcyWLBfayZmWE894	glam rock,rock,classic rock,70s
EdiA7MFVCN3RaIfW	jazz,swing,oldies
EduCGZdN595HuXv7	stoner rock,2010s,2018
Edv33hXmNZO1stua	indie,synthpop,indie pop,british,2017 single,wake-up song
EeNsb5XPqBvynQPO	rock,alternative,punk rock,punk,punk rock,rock,punk
Ef7GRUKefGyatX6c	indie,alternative,indie rock,singer-songwriter
EfFxUZcqk4Cv4yRk	indie,indie pop,indie rock,jangle pop
EfhNfkadtxObDzKk	post-rock,post rock,instrumental,ambient
Eg0Sn6tPIVPWvNj6	pop,80s,american,female vocalist,pop,80s,dance
EgFLTTmU42A4zaMI	indie,recommended,kickasstic,pay attention,outsider
EgaD5xNhkZ3YkzsA	dance,pop,dance-house
EggNkCVJULKGseBI	electronic,indie,2017,indie pop,pop
EginsUDZRP1YMJyh	60s,classic rock,rock,the beatles,british,pop
EhGuK8GQYonViWWV	pop punk,rock,electronic,pop-punk
EhbkuT924MxGj1UB	poptron,chillwave,electronic,chillout
Ehzh3LrEVi5xNvto	indie,rock,psychedelic,american,male vocals
EioRDDPdPKz99I3V	hip-hop,midwest hip-hop,rap,hip hop,chicago
Eiztb9cKUJbWiQ18	emo,2018,post-rock,math rock,midwest emo,pop
Ej37iAsQqeNr0OgV	alternative rock,alternative,rock,punk rock
EjlsRmNZKAZXC455	female vocalists,10s,2013,soul,soul,rnb,female vocalists
EjpF1BUyTjsiggP2	funk,soul,pop,dance
EkJouNcejRB3TSWU	pop,90s,eurodance,male vocalists
EkpJGja281m1l6wC	doom metal,folk metal,cover,neofolk
El5fciMeO6U24T94	funk,funky,soul,70s
ElCPz8nx9SMeLyNH	2013,australian,electronic,best of 2013
EmTBgx2qQRPjFQUK	hip-hop,rap,ti,hip hop,dirty south
En4U8jMEP6697lDc	happy hardcore,uk hardcore,electronic,hardcore,australian
EnK1FTcL4DN21Wll	pop,belgium,indie pop,belgian
EoGeE3IjAxSifyaz	indie,alternative rock,rock,brazilian rock,bahia rock,alternative
EoXkQkNmNFI6OkMa	pop rock,brazilian,rock,brasil,reggae,power pop
EomZfTO2qNi0U5BZ	mpb,afropop,brasilian singers,role certo,bahia,2017
EopCepSkOX0HkImf	indie rock,2018,psychedelic,psychedelic rock,rock,new wave
EpPcuiH9gGcQEAZN	70s,soft rock,singer-songwriter,female vocalists,singer-songwriter,female vocalists,folk
EpVG0fgpx2Nnnv3L	trip-hop,electronic,chillout,ambient,electronica
Eq4iwD43gO1PAxGp	thrash metal,metal,metalcore,trivium
Eq9VrDHnoWPEbP37	soul,female vocalists,joss stone,blues
EqF5nkGzf3cf6RRE	female vocalists,indie,melancholy,sad,singer-songwriter,piano
Eqwg6QFHdxfv2B8Q	dream pop,female vocalists
ErEXLDslZjAyGZIC	electronic,rock,pop,alternative,pop rock
ErKW56iwYHYFCrpP	christian,gospel,pop,anthem,soul,singer-songwriter
ErLcBzxQYQVZ8olJ	power metal,heavy metal,metal,helloween
ErieQxLwqSWYjfXU	cloud rap,hip-hop,sesh,death metal,vaporwave
ErzUpTP4b03U4TP5	disco,70s,pop,dance,bee gees
Es42BwrMc8HwO5tR	oi,street punk,punk,skinhead
Es6zT0XKpIpDzsOI	2018,post-hardcore,math rock,progressive rock,progressive metal
EsMMmEReGn4ThneZ	love metal,rock,gothic rock,finnish,him,love metal,gothic rock,rock
EsWzVqbHSQIJ1MiB	progressive rock,classic rock,hard rock,70s,hard rock,classic rock,progressive rock
EtF2Cqs3KoDNuttw	drum and bass,electronic,drum n bass,breakbeat
EtJ3tnpl5biAY7JQ	garage rock,alternative,punk rock,summer
EujuJFW0T2baIwlC	doom metal,gothic doom metal,gothic metal,metal
EvB3PQAcjXg3vgfO	french,pop rock,rock,female vocalists
EvaF8sfjjJ7w9Qyb	soundtrack,argentina
EvfmsFM1BMPy5GzC	beats,chill,lo-fi,post-emo,post emo,sad rap
Ewti7EzZtkpntPBT	bossa nova,brasil,fip,brazilian,instrumental,guitar
ExA69XaJqQPpH4Cj	shoegaze,indie,noise pop,indie rock,lo-fi,shoegaze,noise pop
ExbzgBOxVe8jTGKx	pop,female vocalists
EyOKLoattiExpxQU	cover,punk rock,punk
EyTN7l34CK2aBbxJ	indie,rock,post-punk,british,alternative,indie rock
Eyc9LTm9RLDGn0yP	black metal,metal,industrial metal,norwegian black metal
EyfLVzQqrtuafHL1	rock,80s,classic rock,u2,irish
EylLg1MQcHmSa6WQ	pop
F03dF3GH3rZzFBg3	folk,singer-songwriter,female vocalists,danish,indie
F03qVBXAgZAd8wUd	electronica,future soul
F0N2hD6W3lZW9wnf	alternative,love,ambient,instrumental
F0c9yn79enjyqpih	soundtrack,instrumental,classical,beautiful
F1Lla25peHLMvH1H	soul,awesome
F1RRglzUBWHNDu7Z	surf rock,dream pop,dreampop,united states,surf music,surf pop
F1RhtUonV1gFjeKE	punk rock,punk,80s
F1gwBEjcRIk75nfX	jersey club
F1smy3FedvCeBxlm	soundtrack,80s,streets of fire,rock
F1w4GzkpVxaf2pCV	progressive house,kensington,best of 2015
F2HLg4jIxzEo8BEx	2019,ireland,ambient
F2oEr1uYzGiIwLY0	death metal,deathcore,black metal,blackened death metal,blackened deathcore,death metal,deathcore,black metal
F3MsfSfosiKIElxa	dream pop,indie,electronic,indie pop
F3aAqpUhrDnJV9US	mellow,1990s,shoegaze,alternative
F3d4srSq3VI2QY6i	2018,soul
F3mjaaNLiyEsDUqC	80s,classic rock,soft rock,pop
F44Ufeq4I1VK1JQ2	pop,christina aguilera,pop,female vocalists,soul
F51ymL9EjgYoTQ60	british,pop,rock,indie rock,alternative
F5UhpakL1GSSpw3H	nu jazz,soul,trip-hop,lounge,belleruche
F6ITXbWuISg1Y1H5	singer-songwriter,acoustic,indie,folk,fip
F6SHehqN9NrI50Fy	folk,post-rock,drone
F6rGVoWZYLE5Vg6c	jazz,lounge,piano
F899rYCM26nXDwzf	christian rock,rock,alternative rock,switchfoot
F8ZkHRzie0n9lAgI	pop,synthpop,art pop,electropop
F8n71X7Iah62AKBA	soul,sad,warm,bittersweet,story telling,real
F9NAK8RFiPBRd9Gn	mpb,female vocalists
FA9khxoHx12I5cfc	indie,canadian,indie pop,experimental,folk,indie rock
FA9zV1BKGpo1VNps	pop
FAXFriW3qs1NslXR	k-pop,k-pop,korean,kpop
FAXsTIu3RqCUEv4g	rap,hip-hop,urban,love at first listen
FAkTj4S2Y1z3FOCC	post-hardcore,melodic hardcore,alternative,9,2019
FApKnflwAI017lUp	instrumental,cello,symphonic rock,acoustic,croatian
FAyhIsRjYo7ovfmL	experimental,post-rock,1991,1990s,new wave,post-rock,80s
FB5MzhEHZpX8g3kM	soundtrack
FBczT5zlcd6AKxoa	gothic metal,female fronted metal,metal,gothic
FC11LJWfJJnEvBKD	chamber pop,art pop,post-revolutionary pop song,avantgarde pop,clinically romantic
FCdPx4gkAaVEginV	dream pop,shoegaze,ethereal,4ad
FCx6BW5IAhy5vNQ6	indie pop,indie,electropop,alternative pop
FDRjft4l4Hos50Sb	salsa,latin,spanish lyrics,artist - hector lavoe
FE2k6KsT12RwrZtg	soundtrack,hlmish,teen wolf,wm2014
FEEnVvso8k9FdeP5	classic rock,70s,rock,progressive rock,pop
FETbb3Eiew75ciy8	rnb,gospel,soul,neo soul,indie soul,neo-soul
FFLtutRJ3ch1Qym6	indie rock,rock,alternative
FFXMtcs6Ywz0Q4K5	industrial,industrial metal
FFXxeimTDlMT0FCv	female vocalists,brazilian,mpb,heart
FFjxYRQVqJ4ZOiUt	rap,hiphop,10s,mayer hawthorne
FGWtjcKIc63yM3Wr	melodic death metal,death metal
FGcNBDHlPADBleOy	shoegaze,indie,indie pop,wye oak
FGfqns8uJ7eSVGmA	symphonic metal,gothic metal,progressive metal,power metal
FGoHBEH3VdffqD8V	gothic metal,doom metal,1999,90s,8 of 10 stars
FGx15PQukVas2W4F	house,electronic,tech house,elektronic beats
FH8HY8cYKjNGgW71	classic rock,70s,rock,soft rock,america
FH8l1VL6Hovg2iIf	pop,80s,electronic,synth pop
FHbTlqJXuYnrDgoc	indie,easy listening,chillout,lounge
FHkDPIlLYOcrQpUp	new age,chillout,electronic,ambient
FI92CSHUE0pB6xFy	rap,eminem,beautiful
FJWfzbLUBEUAynse	soundtrack,old,before,deity,2015,2010s
FJanPogGw1biVU9O	piano,melancholic,contemporary classical,ambient,neoclassical,post-classical
FJiq9oV8fchcWaRo	2019,jazz,fusion,bass,jazz fusion
FJld4KOlb7BTF41O	90s,britpop,rock,indie,acoustic
FJqTTFtM0j7lo9kG	1983,indy 500,eclectonia,ladies and gentlemen - boys and girls,80s,soundtrack,rock
FKHqXJZXiZW46NDW	synthpop,electronic,pop
FKdGrW98y4cRo24c	classic rock,rock,70s,eagles,classic rock,rock,70s
FKoTV4xKcHTjWr8X	pop,female vocalists,colbie caillat,singer-songwriter
FL76tZr8nLYaUUvq	dance,techno,electronic,trance
FLdtwCHye9s1Ge0X	80's,new wave,minimal synth
FMetawZ7uItBQi7h	80s,singer/songwriter,8 of 10 stars,1982,gdchills80s,singer-songwriter,experimental,rock
FMfSxFgzf511UNbw	indie,lo-fi,indie rock,rock
FN0z8lNlOs1rZstc	swing,fip,jazz,50s
FNEoREmjRCWfMR2u	pop punk,emo,pop punk,emo,melodic punk
FNUlO6ojDec30b5o	alternative rock,rock,10 years,love 10 years and beautiful,hard rock,alternative rock,alternative metal,rock
FNpS1gA711QdjJpd	80s,rock,classic rock,survivor
FNyExb5eLVZTksM3	ethereal,darkwave,ambient,gothic
FO4qZN3zGPDXuruG	electronic,swedish,female vocalists,indie,ambient,synthpop
FOdJjFY9dYjJLXG2	industrial,electronic,alternative,electronica
FPFd2qo68Azh85pb	pop,80s,new wave
FPYDJ51BRuS13YUd	rock,alternative rock,alternative,love,pop
FQFXHkRRJUX1lpKn	80s,alternative,new wave,donnie darko
FQKTvCKtYpqWzxWj	emo,punk,screamo,emocore,post-hardcore,tragic
FQpRMvgepbCcHXuw	soul,70s,the manhattans,kiss and say goodbye
FRQ4h3asJqjSx6oE	power metal,progressive metal,power metal,symphonic metal,progressive metal
FRvA0ym098h4hrQS	britpop,rock,indie,pop
FTUNG3Djb357PW0c	classic rock,southern rock,folk rock,70s,rock
FTs7Ds0D1D2dGY53	synthpop,electropop
FU3TkbOXIjX9oWj5	experimental,beautiful,ambient
FUQ80in3jUmUzGqK	jazz,easy listening,swing,cover,michael buble
FVKT6BRABGB1cYdp	k-pop,korean,k-pop,girl group,korean
FVLfWrns8Z7BQqQW	pop punk,french,post-hardcore
FWag5eCOrDbEFI4p	77davez-all-tracks,grunge,90s,alternative,grunge,alternative rock,rock
FWgoz6YqKbqJBXBG	pop,soundtrack,pop rock,2010,demi lovato,joe jonas
FWz3kjUAUFffnKMt	recuerdos,female vocalists,latin pop,ysa,ochenterismos bizarros,mi tierna juventud
FXAtKCsaEdWX7cz9	gothic metal,female fronted metal
FXUolp0Ie9aXUZT4	eurovision,esc,eurovision song contest,portugal
FXwGJ0MOefgO3VQj	hard rock,classic rock,70s,rock
FY2sIQ9cAAnzniup	2019,lo-fi,instrumental,downtempo
FYTsCRbDC13IQs8y	mellow,folk,acoustic,chill,10s
FZ6rrn5QR3gXM8mA	indie,indietronica,synthpop,trip hop,icelandic,morr music
FZEfb5wuVSMk513x	alternative rock,rock,space rock,punk
FZODhrTLwWypzJjP	alternative rock,progressive rock,progressive,post-hardcore,alternative,alternative rock,progressive rock,post-hardcore
FZcJCU93n8Aw13DG	progressive rock,progressive rock,art rock,rock
FZjAzdNNIBLir77a	hip-hop,underground hip-hop,rap,hip hop,academia music,hip-hop,underground hip-hop,rap
FZt2fKnvMiHulH6S	indie,indie rock,folk,indie folk
FaY5Uu05xJftTVX6	punk,bombastic,2019,garage punk,australia,garage
Fb3KzjIpUhZhFI6x	punk rock,punk,political punk,political,rock,ska
FbFHW2YggTCd3dep	grunge,rock,90s,alternative rock,alternative
FboYhiSI44owC5UI	psychedelic,hard rock,pop,alternative,psychedelic rock,stoner rock
FcEnd3X5iSnYpe3P	shoegaze,played
FcM7GQ2rSxousYq9	k-pop,pop,kpop,korean pop
FcNylYk3vbC8T7F8	k-pop,korean
FcPnkYJNQlnP7GB3	thrash metal,heavy metal,metal,megadeth
Fcmr2Wdtho4Sm1Sx	rock,alternative rock
FcrHLY4GIWJf8AH0	metal,rock,need for speed,soundtrack
FdOPVs4VEcHzBUQz	thrash metal,metal,heavy metal,thrash
FdZ0KMoDOGOsKCJa	metal,metalcore,hard rock,avenged sevenfold,rock
Fe3upMvEXsLvGJYm	rnb,french,pop,hip-hop
Ff4d0TmBYJD9fRjT	folk,acoustic,indie,lo-fi,jessica pratt
FfKTnDVfjDFbx9gf	indie,alternative,soo simple but soo good,vocoder,indie,indie rock,alternative
FfP82p5KS3VAltWb	punk,punk rock,ska punk,ska,rancid
FfsKA1GDDroIzMoJ	italian,pop,female vocalists,singer-songwriter
Ffy0GAUibMGkW8cP	ska,rock,female vocalist,indie,pop,alternative
FgVRx5Fvg0N3uSal	acoustic,sad,pop punk,melancholy
FgXSllAYTEKO269U	power metal,heavy metal,metal,blind guardian,power metal,speed metal,heavy metal
Fh63msEpXEl07F04	cumbia,latin,mexico,rock en español
FhU52PU8kS2N9kHS	indie,indie rock,british,dreamy,indie pop
FhYXTpZpVLGD7yWV	dream pop,indie rock,surf,neo-psychedelia,chamber pop,dream pop,surf,indie rock
Fhks6ZPQacjcid6p	indie,2017,surf rock,alternative,indie pop
Fi5upOOyiHZE4TtD	folk,indie pop,indie,chamber pop
Fi8zHSLIVTgFfLjh	soul,funk,synth funk,sample,best of 2016,80s sample
FiEgkykn6tnhBUNE	cumbia
FiQTQIXOok3rOXMq	ambient black metal,depressive black metal,dark ambient,atmospheric black metal,black metal,ambient
FiZqYZWpv66fzLdH	mpb,brazilian,female vocalists,brasil,pop
FimYBEtF99Hvqmdv	emo,math rock,indie,indie rock
Fk1xz8S3TPw4lLsk	hardcore,metal,noisecore,holy shit,doofy lalonde
FkG0gtf5YEVv9KNy	ebm,dark electro,industrial,electro-industrial
FlPF64JwVEQQwH2A	house,electronic,electro
FlYDAvUBApALEV1T	trap,hip-hop,rap,hip hop
FmIidrgNydMlZZqR	funk,best of 2018
FmQBKwnlZKun5AIf	2015,folk,indie,singer-songwriter,lo-fi,indie rock
FmS3DLHtr4X9DZbI	rock,britpop,alternative rock,alternative
FmZSjyXzfKA8zvdv	emo,post-hardcore,melodic hardcore,alternative rock
FnAn7awXWaAaUluk	instrumental,electronica,10s,streamable track wants
FnB2RXrDqOId9DGa	grunge,77davez-all-tracks,alternative rock,rock
FnjghxysrfGKLly4	electronic,alternative,experimental,10s,best tracks of 2015
FnvBIKQbBzybnpr1	melodic hardcore
FoQKnaID4GqaZNSH	mike perry,dance,electronica
FoVuquqMIEqOAAoJ	classic rock,rock,hard rock,brian may,pre-queen,classic rock,rock,hard rock
FpSHrgYPnwJvVuZE	chillout,electronic,trip-hop,everything but the girl
Fq0GmFCQ6rH8fhGw	indie,indie pop
Fqk6k6Mmi40DfyvT	female vocalists,indie,singer-songwriter,folk
FqpW85CaBLDDoXh7	black metal,metal
FsitsF4m5nzqlSEC	industrial metal,metal,metalcore,nu metal
Ft9JTF5d5IKTLQq1	relaxing,rap,summer's gone,chill,trip down memory lane
FtFVJoPUjkplrZp9	60s,classic rock,rock,british,oldies
FtHalkTpAF93ajq4	australian,emo rap,rap,hip hop
FtSNrVk7VKhLHiXK	ebm,futurepop,electronic,industrial
Fu3QuYyRTwdZYDrb	electronic,ambient,chillout
FuSSpZM4mN7JXCWK	reggae,reggae brasileiro,brasil,brazilian
FuVju35v7B0jtKeU	pop,rnb,best of 2018,hit
Funk25m7wFcANXAv	mpb,brasil,adriana calcanhotto
FuzQUGCTqdQgeOVW	death metal,brutal death metal,deathgrind,2018,grindcore,best albums 2018
FvICo0pS7pyvOtkP	noise,global fusion,the eric clapton concentration camp employee of the month,chill906,jam of a lifetime
FvmUxqDYcskY1E1q	rock n roll,oldies,50s,classic rock,rock
FvnLLlcU1QldvDlJ	post-hardcore,electronic,metalcore
FwHWznv87c6NLdhS	2012,electronic,new rave,australian,alternative,best of 2012
FwjVComOWkwA7oYO	polish,rock,polski rock
FwkoUMZ6IttlPgYS	industrial metal,metal,industrial,german
FxOlUk5WuF7rwExu	70s,1970s,1971,folk
Fxi4I8Ih7NbkCJ2b	melodic death metal,progressive metal,death metal
Fy5vtMn4D4kM6tXm	jazz,funk,jazz fusion,jazz funk
Fz7DkWlg01BwI2SX	synthpop,darkwave,body parts
FzBGuQhNJ8D49br3	hip hop,kanye west,hip-hop,rap,rnb
G0SgJMYBczeXwZ7B	rock,progressive rock
G27hZocdPCF4Pbzj	post-rock,experimental,ambient,shoegaze
G2aLdTalzlIPIZ3C	darkwave,gothic rock
G37zzv6LXiM4AI6m	hip-hop,rap,trap,hip hop
G4HToMO71hefOMFp	rock,alternative rock,gothic rock,alternative metal,female vocalists,evanescence
G4OXh7aSH366jWVT	jimmy van heusen composer,jazz,jazz singer,jazz standard
G5Eb0cMQ6OnWu2fv	punk rock,rock,punk,melodic hardcore,hardcore
G6IjeJK8Hyyyz07u	post-punk,synth pop,darkwave,female vocalists,mad alice favourites,androgyny
G6WUcLtHqv2wHYKK	post-metal,sludge,post-rock,progressive metal,post-metal,sludge,post-rock
G6lnayYLEZ2eeABl	80s,dance,new wave,gothic
G7EQeDs7jVndK4Ps	british,indie pop,best of 2015,2015 single
G7fSb4eU2BosPBzC	progressive rock,rock
G8QARSiuYpqUniEQ	indie,indie rock,lo-fi,dream pop,alternative folk
G8tJVM0Z1rTcz8jI	grunge,rock,alternative rock,alternative,90s
G9W9qavnn0hxQysZ	growing tomato plants,samba
G9pWWq5JipYtVMKA	hip-hop,russian,cloud rap,rap,hip-hop,russian,cloud rap
G9pxpxaP1e9WCLDz	viking metal,acoustic,black metal,swedish artist
GAq4Nsei1YB708r0	heavy metal,metal,nwobhm,iron maiden
GBOdjANOJKC6ygJs	rnb,pop,soul,90s,doom metal,rnb,soul
GBQJMvg7g3juz7ws	pop,best of 2013,oz,rnb
GCDjUQPbnTRiTU3R	cover,pop,britney spears,female vocalists
GCaaolQ5adxtpyyD	soundtrack,star wars,instrumental,classical
GCpLz9MNjzDybKRH	folk,indie,singer-songwriter,alternative
GCv1jKRNfRJ9HqaM	2017,female vocalists,singer-songwriter,indie,alternative,rock
GDdCnfs63FSLqhtT	pop
GDkp3URH5GrjewqH	psychedelic,united states,psychedelic rock,alternative
GDpB4nzEsfJJ87KE	female vocalists,guilty pleasure,bubblegum pop,legal
GDx632QTiLIaZPHn	hip-hop,rap,emo,sad,post-nerdcore
GEmmiuRJ1SK9UoBn	glam rock,70s,60s,1960s
GEttDep9d4KDyKP9	mind-melting,music for rainy days,chillout,rock,electronic,indie,poptron
GFCw90RP4bIfXwh3	indie rock,2010s,2019
GGXHpxdpuMo9q50b	singer-songwriter,alt-country,country,female vocalists,alt-country,singer-songwriter,country
GGygQSGD3R9CXV3D	pop,80s,tina turner,gotanygoodmusic
GHXTJTKjXpk8JdZJ	ambient,chillout,post-rock,post rock,4 stars,ambient,electronic,post-rock
GHYIVTcuOgFzz5XZ	pop,british,one direction,love
GHeVGNmGxJTafMIY	indie,electronic,pop,indietronica
GHiijFFRFqKDNICH	rnb,soul,american,whats in the new chicken wraps
GJ9QL2TUg1L1pGkD	mpb,female vocalists,brazilian,brasil,folk
GKixw9EdmwXDcxk1	rock,polish,alternative,polish rock
GL9NfAXXgASShoOX	death metal,technical death metal,progressive death metal,metal
GLMb98xm0bVFx6fK	pop,2016 single
GMEtrPb9knQQnjkf	new wave,80s,the the
GMFH5sGTrDA7khll	classic rock,rock,british,hard rock
GMLFQAQ8yiaMUrib	bossa nova,mpb,brazilian,2015,tropicalia,female vocalists
GMNt3JSBAfjK2DqR	post-hardcore,2018,indie,indie rock,rock
GMg7b8qQiTzyF2Ry	alternative,radio,alternative rock,autumnal
GNDepN0J5keiSuyW	indie,electronic,pop,netherlands
GNF8rnm6UHhmCxqY	pop,brazil,female vocalists,brazilian
GNRwduSUpGpTK733	rock,alternative rock,catchy,rocking out
GNmyuYixegbGJkI7	dutch,indietronica,nederlandstalig,nederpop,dutch,singer-songwriter,alternative
GNx8p3jIllwdtFu8	rock,pop
GO0ZoJe9t24r9EkJ	death metal,brutal death metal,metal
GO61SE2J6v50Mq1v	british,rock,alternative rock,indie,indie rock
GOgUEWztKjag6ZcR	eurovision,eurovision song contest,albania,esc,eurovision 2017,albanian eurovision entries
GOmjkWyiGrwltsvz	techno
GP8aY9u1yBMhGezE	jazz,big band,ragtime
GPIY0cnCnj4krvPF	gothic metal,gothic,darkwave,symphonic metal,gothic rock,gothic metal,gothic,darkwave
GPIagwmR83iR9R56	reggae,roots reggae,70s,bob marley
GQaVz0s946z5fWOp	2017,indie,singer-songwriter,folk,acoustic
GQcSnD6EkGAPor29	cover,rock,placebo,alternative,alternative rock
GRKnowGLzlIjWhsO	lush,electronic,female vocalists
GRlCQYNd17jNgAtf	pop
GTQaTSnXfVEEbRnL	scrubs,indie,happy,rock,fun,pop
GTaV1ubSZT1rpC3T	pop,italian,female vocalists,sanremo,pop rock,amici
GUEut2iXm1VhhVJq	post-hardcore
GUHa5AckJGJ9GCj3	pop,my favorite
GUNe5gL6Di8VuD86	pop,indie,power pop,australian
GVOsPltnnQI3R4bN	pop,dance,r&amp;b,rnb
GVSaXXXLcUX3fdDO	singer-songwriter,female vocalists,covers,norwegian,acoustic,indie
GVdj19MdRtMWzhL0	psychill,ambient,downtempo,electronic
GVhmNGKjsQv7T9aX	rock,singer-songwriter,haunting,indie rock
GVyJAMgkmgO4AXVX	alternative rock,rock,acoustic,rem,alternative
GWIqR6kp8FkSU8Mo	80s,pop,love songs,easy listening,soundtrack
GWbE2lGAf2GaCgzy	ambient,70s,experimental
GX08Kji9s1S7JMGv	electronic,korean,indie,singer-songwriter,female vocalists,korean,electronic,singer-songwriter
GXFrV2p1QFHOKd2R	stoner rock,alternative rock,rock,hard rock
GXnqYZQ6J1qtsoxL	pop punk,punk,indie,rock,emo,alternative rock
GYNdwd8W6gRgPKsE	mid,pop
GYWAeiVXVLkFiKjZ	punk,emo,pop-punk,4 stars
GYbgjgVErgMg1nA1	60s,oldies,pop,70s
GYfaow4KBlDpPywy	death metal,metal
GYwzt3lok9A8CNlT	rnb,soul,female vocalists,hip-hop,urban
GZ8upi4wcJg2sT6Q	alternative rock,indie rock,los hermanos,avant-garde
GbFJjSVcklMSNsqQ	pop,oldies,i was influenced as a child to this kind of music by my mother
GbxG4nJF2UQyqc36	rock,pop,belgian,nederlands,vlaams
GcYQmF48HG2zCGEu	hip-hop,witty,witt lowry,rap,trap,emotional rap
Gd0EZ4Y92zJcOwQW	indie,hip-hop,beats,dream pop,bedroom pop,food and drink
Gd1kg2dvge7YuvLL	motown,60s,soul,oldies,female vocalists
Gd3VtZGLfuLPS6nl	electronic,indie,powerpop,electronica,2018,pop
GdrdZZBxvrag35R3	indie,electropop,pop,indie pop,indie,electropop,pop
GeUoZ0JH69p2eziP	alternative,alternative rock,rock,love,emo,love at first listen
GebyJPltjpJeAvRa	experimental,american,90s,lo-fi,1991,root2
GecDfHN4MDWrms80	indie rock,indie
Gf0FpDZiZx73SH3h	rock argentino,rock en español,temazo,80s,rock en espanol,soda stereo
GfZPFrzIKFU7kSHz	house,electronic,french,dance
Gfd8Bmx6ipGgBBXd	rock,alternative rock,nu metal,dead by sunrise
Gfg4wPP8FGlNlmTt	electronica
Gg5icPCfJo6DbfHs	piano,female vocalists,singer-songwriter,alternative,sad,melancholic
Gh4XHTuCdfXt0kB7	chamber pop,epic,art pop,art rock,oriental,pop,dance,female vocalists
Gh7cj0ASHy86GsAC	2001,pop,female vocalists,mandy moore
GhJolX19JBb9ZPNk	soul,6 of 10 stars,love at first listen,rnb,english lyrics,american artist
GhdADIQ07T2m7kaZ	grunge,90s,rock,alternative rock
GhkkX00oHbexB3Y7	emo,punk,post-hardcore,minnesota,indie rock,pop punk
GhlR9KGXi5vy0DXO	indie,indie rock,british,uk indie,alternative
Ghqpfy1iU4NJNJaB	doom metal,doom
GiQaGnRCmAzqc8dG	80s,pop
GiXS4IOrYVpyHhRT	folk,brazil,scalene,rock
GiZmrKdpxdsL1G58	mint condition,rnb,soul,nothing left to say,slow jam
GixbKvhxrplnGJLx	shoegaze,post-black metal,french
GjwioiFmpuHu1IUG	shoegaze,2015,indie rock,alternative,indie
GkehGm4U5zYtEzyB	little boots gif,fancy song gif,electronic,synthpop
Gku6M2P3MVLq0IQC	new age,celtic,ambient,secret garden,folk
GkxiVnqXowBSC6Yx	indietronica,synthpop,alternative,rock,indie pop,alternative,electronic,indie
Gl8ZPIkQ8bnEFhcN	pop,britney spears,ballad,sad,female vocalists
GlOegbRCFYqeWOdS	indie,female vocalists,folk,fip
GlTo9y0j2F5BkLEW	rock,alternative rock,everlast,alternative
GlYQzSXUurZhJQzd	post-punk,new wave,alternative,british
GllGn47wMxxfJ7Cm	house,progressive,electronic,minimal
Glp3ZdfC7AE1BgAB	pop,female vocalists,covers,acoustic
Gmw9EBzssSrHAEMD	black metal,melodic death metal,melodic black metal,death metal
GnC6slPNyUIkxwa3	jazz,2016,instrumental
GnNKIRYTLyIKThUA	alternative rock,rock,alternative,muse,british
GnY0eB2gjTbkZLk4	punk,punk rock,hardcore punk,80s
Gp9SacJx2gTBqxQK	pop,world
GpKqgeSCVyvsprSM	rock,contemporary,2017,2010s,2010s rock
GpX6jaON0WVJuB8h	electronic,british,rnb,dance,r&amp;b
GpgZrFf2QjYW3vPp	k-pop,kpop,btob,1w
Gr9cUZr2UxOxVXrj	alternative rock,rock,alternative,alt rock,alternative rock,rock,grunge
GrQNKqXLbBGsriNG	hip-hop,trap,rap,trap metal
GriHojNojbvSzN7N	80s,british,rock,indie,new wave,rain
GsahgqMVYOoiWdue	electronic,dream pop,canadian,radio cora
GsmONsPEXQQq666F	funk punk,post-hardcore,punk,77davez-all-tracks
Gsvz7IWX1N8uMdjY	fip,proto-punk,garage rock,70s
Gt75I4MnGA6Qio9g	90s,rock,alternative rock,pop,alternative
GtGPIsFw0UyPp74j	k-pop,kpop,korean,bts,pop,rap
Gth03dpW3NAXMb65	big beat,electronic,dance,electronica,house
GtyUtK9czdlMxanR	house,dance,electronic,trance
Gu8ekvfiVn9ZiJHv	punk rock,punk,pop punk,blink 182
GuABXJnGX6gP85q4	latin,hip-hop,trap,puerto rico,puerto rican
Gv3qFQA14r2UMWxV	electronic,synthwave
GvOKPpJjAX5lHnJY	indie pop,alternative,indie,pop
GvTHSn3dBzcFsBfU	pop,all time faves,pop,female vocalists,alternative
GvnfeMBD1ExMewo9	biagio antonacci,pop,italian,italiana
GvujHQfArqD3dpRR	pop
GxQSAPkFnlwaY0Z2	dance,pop,pop,female vocalists,dance
GxpadsIPiaQU4KpW	gothic rock,80s
GyIukplLBNcBKG4r	instrumental,folk metal,doom metal,atmospheric
GzWTyUhr0Xg1yxfM	industrial metal,german,neue deutsche härte,megaherz,industrial,deutsch
H0CQrkHeTorZimcF	emo,indie rock,the academy is,rock,indie,alternative
H0Srz4Oo5MpM1yNK	progressive metal,progressive death metal,technical progressive death metal,technical death metal
H0gi4xI8i7vPEDTH	pop,rnb,new jack swing
H0huuVcK4V6jr4S7	all,folk,soft,unique,delicate,singer-songwriter
H11m9FcWagnA4Z2o	heavy metal,hard rock,british artist,black sabbath,heavy metal,hard rock,classic rock
H1QvQ9N3dW3RkCMP	dream pop,shoegaze,indie,bedroom pop
H2BaxzXFJPFKKnP9	grunge,rock,alternative rock,90s,pearl jam
H2sjI6mHuW0gXK4c	2012,rock,indie,indie rock
H2vEgFTopIDO8P1i	swedish,pop punk,registret,2016,indie
H3LsEkOw7Qc4ZivN	punk,80s,death by killer hook,hand claps,harfang epic,alternative rock
H3pFIPVEqFZTRN4u	soul,diane warren,rnb,90s,90s rnb
H4p5jHfSc805tvFE	love,indie,lo-fi,indie rock,songs about death,lo-fi,folk,indie
H5oyJleoWGTpz2Rj	screamo,post-hardcore,emocore,female vocalists,hardcore
H5rlC4pKlupVmZbR	black metal,metal,true black metal,satanic metal
H6NXh69nuT6AzSZZ	new wave,power pop,80s,british
H7D7Zq0UpgvBWaj6	electropop,top,alternative rnb,electronic,ambient,electropop
H7M63BTs2caxHLmu	metal,doom metal,gothic metal,melodic death doom metal
H7dhyrE2IpdLFFTp	rnb,soul
H8342RzybdE3vTGU	pop,female vocalists,pop rock,the veronicas,pop,pop rock,female vocalists
H8KEhKPRglBtEYwb	lounge,live,design
H8V5k2Hgc5WiJrgz	female vocalists,cover,soprano,classical
H9jf6RfH6OXthRr7	death metal,interlude
HAYdq3DFwbEXvuaG	indie,pop,electronic,alternative,indie,pop,electronic
HAlNTj6txwngLREF	cover,rock,alternative rock,post-hardcore
HB0rdqypn2YfAreg	fip,folk,british,indie
HBY7327CwYnpBmEx	rapcore,screamo,hardcore,rock,rap
HBuNnIXZ6ccPKl3K	house,electronic,progressive house,electro,soundtrack,minimal
HBx15Q0gAUsr5j9C	dreamy,chillout,soundtrack,electronic
HCiwW6DhoIQ8YTBa	acoustic,pop,alternative,matt white,male vocalists,love
HCmN7jLgTjYJPkkT	rock,2019,dutch,stoner rock,blues rock,alternative
HDEuGJhgIhYbPGPy	doom metal,stoner rock,epic,stoner doom,stoner metal,stoner
HDQ7PBBsA22YiN5b	folk metal,viking metal,progressive metal,power metal,pagan metal
HDka8pRozVuhwfo2	instrumental,icelandic,ambient,post-rock
HE3g6vA6YTgTwYaR	indie,alternative,electronica,tumblr
HELbGitWK3Ul5C0g	electronic,shoegaze,indie,synthpop,electronic,shoegaze,post-rock
HF2xzsrEpykkFB2V	blues
HG1XEEwFqv5SGW8i	ambient,electronic,idm,chillout
HGmy7ZpECSt1mk7s	american artist,hard rock,glam rock,hard rock,classic rock,american artist
HH3vmubzJlTrD8lt	samba,brasil,mpb,cartola,samba,mpb,brasil
HHV8HMTI7h3Oriww	jazz,hip-hop,experimental,instrumental hip-hop,avant-garde
HHXw5X0tFmY8eBCC	metalcore,2018,post-hardcore,hardcore,9,deathcore
HHduAfrudkOrspR3	french,acoustic,female vocalists,pop
HHsVKrzhzUV7BL3Z	alternative,rock,coldplay,britpop,british,alternative,rock,alternative rock
HIVB2oyAyfZW29no	drum and bass,dnb,breakbeat,photek,drum and bass,jungle,electronic
HIdTPT7nUOIoXGkv	soul,female vocalists,sade,jazz,smooth
HIkZEXTfO16B1dbt	indie,rock,alternative,alternative rock
HJ8bE2CSPU0YJlnK	experimental,post-hardcore,electronic,indie
HJBHhI4AYcf4gnza	experimental,folk,neofolk,haunting
HJQeeV65ZT8A06en	soul,swedish
HKDYQQlyRODlzgPP	death metal,thrash metal
HKosK52Q7Mb81uLw	70s,disco,pop,oldies,disco,pop,dance
HKouoiJSv4zNerLu	rnb,pop,2018
HL6RTRR2d2jS5OKC	latin,rock,latin rock,guitar,santana,rock,classic rock,latin
HLHV2SrzDNzCcy5N	indie,brazilian rock
HLIIHyHyg4Siesjg	clube da esquina,mpb
HMc6AVa4YSaK9pSB	deep house,electronic,lithuanian,instrumental
HN4UMmC9lXfmg57H	krautrock,psychedelic,progressive rock
HNV71xeWPAqbgA4X	industrial metal,heavy metal,industrial,german,rammstein,metal
HOCnll4AZXYFttEl	synthpop,futurepop,ebm,electronic
HOHJbRGxGEs4Z3Zn	electropop,canadian,synthpop,party,dance-pop,nocna energia
HOLK4FwtgaSwzbVz	indie,indie pop,canadian,alternative,indie rock
HOLbh4e1G42yTYnV	pop,jennifer lopez,ballads,love
HOU5VNruNYj1WboR	ovo,rnb,hip-hop,rap
HOVkr6ZUpqlQwZVe	pop,perfect
HOc7mbdQ70GrqCBE	alternative rock,rock,progressive rock,alternative,muse,alternative rock,rock,alternative
HOo3bGX4vK2RFerw	pop,80s,michael jackson,soul
HOtfLMtqVOYKRyQg	soul,rnb
HOwyvixCjkNUgOym	christmas,indie,beautiful,indie rock,danish,rock
HPaRsJH35TjMdjzk	alternative rock,space rock,alternative,ava
HPj4zXnX86Hn2yhJ	70s,oldies,rock
HQXLDagQmCpk1FFd	french,female vocalists,2018,pop,chanson francaise,french pop
HQfChPO8aHbhhuCU	post-punk,experimental,90s,rock
HR7o58l2AJi9nMoJ	indie,singer-songwriter,2017 releases,james-joul - 2017 albums,folk,soul
HR93txJvMQv0OkwW	indie,folk,indie rock,alternative,progressive folk,2018
HRROCgjruM90SJAW	labores somnium,post-rock,ambient,instrumental
HRcSr0Y4g9g6PJFc	experimental hip-hop,experimental
HSJrhZHbHjAQCmKb	alternative rock,rock,alternative
HTGjc2tfRHc57Tjd	pop,dance,female vocalists,happy
HTOqJJVYGbR0GmAa	folk,female vocalists,indie,indie folk,2015,british
HTfUWa5ztZpFYoYr	italian,pop,alone,my favourite
HUOSeI0YAPMQQbBz	hard rock,heavy metal,power metal,hair metal,2018,trance metal
HUfKZj85iscpHVGw	korean,rock,indie,indie rock,korean,rock,indie
HUpbP6pLPdf6Gv3w	indie pop,indie,rock,mellow
HUyJtbJ5fOZO9PJ9	pop
HVhjykCkeRFAtpZv	electronic,hip hop,alternative,hino
HVitb9Vjo4B7ll83	rock,pop,pop rock,female vocalists
HW1nF1Id0zuivjoe	folk,acoustic,singer-songwriter,mellow,nick drake
HXhJoMOQvsds3o42	better than selena gomez,pop,urban,brazilian,baile funk,better than selena gomez,urban,pop
HXuLNd92c1jsop6Z	emo,alternative rock,rock,acoustic
HYNdG1ASJkLO9nh6	female vocalists,hayley westenra,classical,contemporary classical,soundtrack
HZ85T2sH6DV7p1Ki	stoner rock,psychedelic,stoner metal,progressive rock,[crunchyperfection],crunchyperfection
HZdZgOJ0x7HHcDUL	lo-fi,folk,experimental,indie,a campire and a tent and a flashlight and some matches and a tree and that river and my glasses and a spaceship and a really really big bear but the bear is really really far away
HaG49glSqKJR4qov	brasil,rock,alternative rock,female vocalists,brazilian,great way to start an album
HaSOXmoGIxeLBmtE	80s,77davez-all-tracks,rock,alternative,1986,1980s
HaVFaw34hORH55dH	italian,pop
Haotmkpcwx0NHycc	latin pop,el hombre que yo amo,baladas romantic,romantica
Hasb4xZLrPSwL3wG	rap
HbyoxfIfqIt6KgAA	jazz,vocal jazz,cool jazz,trumpet
HchgPKmwB6FP04mM	rock,alternative,alternative rock,indie,electronic,alternative,rock,alternative rock
HdavlfT9eh8AnBP8	mellow,folk,singer-songwriter,acoustic
He4gktqB8B1QtrZY	progressive rock,atmospheric,doom metal,melancholic
HeDpdqICWNoCbS3D	fip,hip-hop,rap
HfdShvYYaND0YQXH	grunge,rock,90s,alternative rock,alternative
HgKz0famfQQLIGdJ	highgrnd,korean,k-rock,asian
HgNRlR1wKzmvROMT	lo-fi,indie,post-punk,experimental
HgXojfKSlBHZU3Bw	death metal,progressive death metal,technical death metal,metal
Hh0DnH3M5K0lzPXW	slow jams,soul,nighttime,smooth
HhbVE8xMhcfpYjX3	punk rock,punk,hardcore,alternative rock
Hhl7MHZDuMU2yOop	punk rock,rock
Hhq0ZTAXJYjWadr9	electropop,art pop,dance-pop
HhsKl89QJnJTGI43	indie rock,indietronica,electronic,indie,2k10 mix
Hi0sUJhJih9POJ34	country,taylor swift,pop,country pop,female vocalists,sad
HiK04OjO1lx5u3q5	deepspaceone,ambient
HiK9h38UPCzAAFIR	indie,pop,singer-songwriter,indie pop,female vocalists
HjDecRsaL6YljoiM	chile,javiera mena,sleeping disorder music,pop
HjNcIoLpXC0ubhtR	jazz,50s,swing,male vocalists
Hjq6g6u4cTnfkjS3	hip hop,rap,soulja boy,hip-hop
Hk5Ytl8q2rhNOA2l	classic rock,bob seger,70s,rock
HlLcxBXxPRC8kiDW	polish,idol,talent show,2017 single
HlW51Mg9SvkrUaa3	cover,classic rock,scorpions,the beatles cover
HlqTlQ8W3JUyq82h	electropop,synthpop,dance-pop,pop
HmQAMdnX55siRCUZ	80s,indie,alternative,new wave,british,indie,80s,post-punk
Hmx68PbWZ7uTMHFr	post-punk,excellent
HnsGkIzXRP9WD6eQ	cover,new wave,post-punk,rock
HokXU8y16gJdDId2	pop,pop rock,brazilian,00s
HpFgaL9Gx86uTEx3	chillout,ambient,electronica,epic,space music,precious
HpQH3XVZ2Tm1oXiw	reggae,brazilian,reggae brasileiro,brasil
HpXIrOnaA0S3Ndvm	instrumental,contemporary classical,avant-garde,strings,covers,love
Hpy9QMfGIND2jATA	indie,pop,indie pop,finnish,pop rock,suomi
HqirAbJuPxVayZRX	jazz,miles davis,bebop,cool jazz
HrSHtDOUfOnwGtfZ	pop,romantic,british,favorite by this singer
HsR2FRA97xawtVNt	alternative rock,progressive rock
HsRMi9IqZIxY7CFW	rnb,112,its over now 112,soul,its over now
Hsr8aAdvwrVPILDE	electronic,dance,electropop,synthpop,2012
HtIvi4cI5CKRVemA	neo-soul,soul,soul,neo-soul,rnb
HtaE2y071JuOQ2cm	alternative rock,beautiful lyrics,love at first listen,heart,8 of 10 stars,columbus blues jackets
Htnt5gxZBZnRkVW3	singer-songwriter,indie,alternative,mellow
HttNs8OcWGx0aj3c	samba
HtxRhRuPWuk3U979	country,love
HuHXTEBHygeLi51j	depressive black metal,depressive rock,black metal,metal
HuHhioFuMPzdCaPs	thrash metal,metal,heavy metal,speed metal
HuevuGXroxScPQYd	blues rock,classic rock,rock,70s
Hv87gdhkyBtHuPNU	progressive rock,lovely life
Hw6YtQDjrWKpLRvl	korean,k-indie,rnb,dreamy,korean,k-indie,rnb
HxbHQkbtRJRhyR8x	pop,ballad
HxjUb6lO1JCysmIi	stoner rock,alternative rock,hard rock,rock
Hyaussa5PTHetK9v	soundtrack,80s,rock,hard rock,classic rock,rock,hard rock
HyoxywE7yukoAPlb	electronic,dance,big beat,electronica,techno
HzG2KOVib8VdPrC9	folk,indie,folk rock,alt-country
I0nwVF4BUfCFNTlS	post-rock,lo-fi,indie rock,alternative,indie
I0xepbeRWgWpFSyH	shoegaze,brazilian,rock,dream pop,alternative rock,2019
I0zhO394AyEHaQwj	k-pop,girl group,best of 2015
I1pb7fLOcccqx0BV	80s,pop
I1wjOpt38t7rhVhy	pop punk,easycore,post-hardcore
I1ww5H1mDQ6Zc8iZ	7soul,soul
I29iV60d5MSAkvmO	rock,industrial,alternative,alternative metal,industrial rock
I2NACLTwj7LIiXsi	dubstep,electronic,experimental,wonky,experimental hip-hop
I2OJgMMatUE2JLWW	polish,female vocalists,muzyka do lezenia na podlodze i palenia papierosa,personal,polish,pop,female vocalists
I2ZVV3wSwTimNyUZ	soundtrack,instrumental,video game music,classical
I2h4hWZ8lHhNyr1P	reggaeton,2015
I2o92QLSb4vCrRPl	pop,pop rock,acoustic guitar,pop,pop rock,rock
I2sEYhSJeRB4uA28	rock,70s,classic rock,proto-punk,60s
I35ubG3kfhjybgdl	alternative rock,rock,progressive rock,alt rock
I37qfSqv21kKfCd3	60s,rock,classic rock,folk rock,60s,classic rock,psychedelic
I3WCaQFDOyWRv1Zh	french,pop,2013,female vocalists,chanson francaise,techno
I450AqaPo4XtTFvF	rock,folk,indie,j-song
I4VMxsGh9cQBWlGw	indie,indie rock,indie pop,alternative,pop
I4jWM78JYnRGiJ9L	black metal,norwegian black metal
I4sflyCgrQYZ2tqW	rock,80s,classic rock,bryan adams
I4yHEHbYewvNJtqq	hip-hop,rap,trap,dirty south,atlanta
I5HiyUANPf2Q8mul	experimental,ambient,70s,instrumental
I5IQFwxsnvy3Vgin	country,pop,female vocalists
I5QEkEjK8zWU8Ows	rock,indie rock,indie,00s,southern rock,kings of leon
I5h2VixcNDY4u8HK	ebm,old school ebm,minimal wave
I7a870JsuBzL8l0J	where is my bong,shoegazing goodness,dream pop,ponyhof
I7r7siB8DMtROfRP	pop,dance-pop,fon
I7tAbAKmCHDy2uST	folk metal,viking metal,epic
I7v445H7gZWoHA7H	acoustic,guitar,fingerstyle
I7xwlyqUByL76Wpu	southern rock,classic rock,blues rock,rock,blues
I84yGdpgcPXezvom	hip-hop,rap,2017,hip hop,southern hip hop,dirty south
I87znXWFddDe9JCC	lo-fi,techno,indie pop,usa
I8aBt6wmKiqYZF8J	post-rock,instrumental,ambient,experimental
I8uZg4oAxGKrgpIv	progressive metal,progressive rock,steven wilson,not metalcore
I8x1tyvXuYe9sOxu	electronic,female vocalists,trip-hop,pop,beautiful
I9ZbTQi09bVuKmLX	indie,pop,alternative,synthpop,beautiful,epic
I9d61iuf9dq45C0y	pop,ambient,electronic,chill out
I9l8SRzEKhjU0zb4	hard rock,classic rock,rock,70s,alice cooper,hard rock,classic rock,american artist
I9p56XnthIBcjCly	classic rock,rock,60s,the who,hard rock
I9q4EMsiRiNDPYUR	post-hardcore,experimental,progressive rock,2017,progressive
IAM5yg6Hyf3SExmH	stoner rock,grunge,90s,sludge
IBN6ELQtYMkHmKEy	hardcore,title is a full sentence
IBifwHZRvARjeX6K	ambient,electronic,deep ambient
IBj8uNI06Mg1tQVs	singer-songwriter,indie,folk,acoustic
IBwSfknsrLJBhrR3	rap,hip hop
IC2oOqFzVIb16Ue5	death metal,brutal death metal,brazilian brutal death metal
ICD9tKa66dP08lp4	vaporwave,electronic,wind and rain and ice and snow
ICmL4l8NJEocLenl	rock
ID8InCvF3Cs8nI6W	indie pop
IDYkWKeyeOIT7VeR	pop,2014,brazilian,funk,dance,female vocalists
IDqPwQZIzNCpR3sn	classic rock,rock,70s,queen,fip,glam rock
IEL6phbiKmxDyc2C	fip,jazz,bebop,instrumental
IEgWXSj5xrCQhOQv	downtempo,nu jazz,neon,downtempo,idm
IEmzwkLRbY9UcA1v	disco,party,indie pop,alternative pop
IEpuHlCi94Uu6lg5	pop,british,female vocalists,electropop
IFDHqvL8ewDVMTzg	folk,rock,bluegrass,worship
IFMBlbM9rzdZUK8e	pop,katie melua,singer-songwriter,female vocalist
IFMdIGm1cpfB1gVT	viking metal,folk metal,progressive metal,progressive viking metal
II8SY9yJVE7so4xs	887 cimx,alternative rock,our lady peace,canadian,alternative rock,rock,alternative
IIvtJp2ULAKudQG4	post-hardcore,77davez-all-tracks,hardcore
IJRe4DoL9sm2ycHf	pop,rnb,redone,dance
IJmeRY6BeKdPOxZh	synthwave,electronic,retro electro,electro
IJok4H0P2Aq2SE7r	indie rock,wanderlust,3fm,2014 single,neon sidewalk
IKEsVgEXFbIw7xc0	90s,pop,dance,1992
IKWofqRiOq7xfkzF	k-pop,kpop,love at first listen,sunday brunch,aproveite o entardecer,best of 2016
IKnkOX2765AmEQ3B	rock,sad,romantic,amazing,ballad,clarina
IL6XorLnLjxRic2b	baladas,brasil,mpb,antiga
IM0TzEHpbGUBlZQN	jazz,guitar
IM8dOAtZsqdeiA7C	deathcore,metalcore,death metal,hardcore
IMR8ppHv46JN21fj	rock,pop,shakira,spanish,love at first listen,latin
IMUOATWFCLPpEFBS	80s,post-punk,1980
IMaovt9Fxp1rzmv0	christian rock,female vocalists,alternative rock,rock
IMmtsZEt3Oqu7X4U	psychedelic,experimental,brazilian,brasil,mpb,tropicalia
IN8SlCGJeipl7ftI	rock argentino,rock en español,rock nacional,progressive rock,rock argentino,argentina,rock
INClyxoOGnbGFfjf	power metal,metal,melodic metal,heavy metal
INGjZzeFz2WMNdvq	indie rock,indie,rock,american
INPovGAjK9ShCz5j	rock,alternative
INqkzaN5U6chTiI1	fip,electronic,house,disco
IOfOkxE8OCeR3uNQ	progressive rock,classic rock
IQL5D05ucdhM0pR8	synthpop,darkwave,synthpop,darkwave,ebm
IRg2KkF11jnEmveT	heavy metal,instrumental,nwobhm,iron maiden,metal
IS04UdJuGoPjPHdR	indie,indie rock,british,alternative,rock,britpop
ISIvc1IgUVOVSvQ1	electronic,shoegaze,post-rock,indie
ISPQ6NJ2IbLysJIX	pirate metal,metal,folk metal,rum
ISTSRA4QS4fmmbJc	80s,pop,new wave,female vocalists
ITffUNGwkjS86x3i	rock,alternative rock,hard rock,alter bridge,american artist
IU2FTJfleu9gOnAC	pop,indie pop,relaxing,sad,chill,amazing
IU4DZ4hJbmjiNFqq	60s,oldies,pop,british invasion
IUIuSv9vRAD93p2T	dance,pop,linedance 2016
IVIVNGnpvMlcplIm	electronic,canadian,synth pop,dance,80s retro
IW6Pqkfe8AThQuQd	dubstep,electronic,electro,skrillex
IWQUVUWLqElNbBGj	vaporwave,bjork,vaportrap
IWiTV0udF3bn6MbZ	indie rock,psychedelic,dr dog,trippy
IXDt9h9DZ2mZyESS	symphonic metal,gothic metal,female fronted metal,gothic rock,symphonic metal,gothic metal,female fronted metal
IXfCCcCbareJubvQ	dark,trippy,noise,indie
IXlM6D0eJiVwDSwv	brasil,80s,balada,pop nacional,tim maia,rj
IXoFHibXjFQDfqne	synthpop,electropop,love at first listen,pop
IZ0f112tjuLnFCkF	rock,hard rock,danish,90s
IZA9EmhfkYjcKpNu	death metal,death n roll
IZGWigGysL1JXt9n	grunge,hard rock,90s,rock
IZI8mExI0KCegPYi	psychedelic rock,psychedelic,progressive rock,classic rock,pink floyd
IZRPgvRKQoKz6r1k	garage rock,rock,american,punk rock,post-punk,parquet courts
IZUGYVweusXLWFki	space rock,smooth
Ia8SNJH0Ahaij184	jazz,swing,female vocalists,blues
IaGxmoxhxNrrby2X	2017,indie,indie pop,garage rock
IanaU4YjJgyHfSmt	house,drjazzmrfunkmusic
IaoVd2g04kB1H70V	nu metal,metal,nu-metal,alternative metal
IbF5g824fUGFmmGv	black metal,symphonic black metal,gothic metal,melodic black metal
IbbuqZAZgqjoVzHD	folk,acoustic,singer-songwriter,folk rock,folk,acoustic,fip
Ibv76ZqBkY8fsazP	soul,60s,female vocalists,oldies,soul,jazz,female vocalists
IbzVjzKC6vPk01OK	melodic death metal,power metal,2019,2010s
Ic45l6z92EW1K9hi	pop,russian,opium,english version
Ic5bivTJCK6hnMqc	post-hardcore,metalcore,screamo,hardcore
Ic9wIUwhfVCBo9dK	rap,hip-hop,underground hip-hop,most certainly not death grips
Icxlxke6z6Pkl9pK	tango,instrumental,guitar,argentina
IdApzAs2xzPalfgE	80s,funk,new wave,post punk,new wave,post-punk,alternative
IeGZ9vCOAir0YoxN	soul,motown,girl groups,60s,soul,motown,60s
IfCmDU8XSVli0wq3	lo-fi,prda
IfW4N2jO8G9qldJ4	folk,canadian,vocals,vocals male
IfdWHRR3rPmeiYSQ	heavy metal,thrash metal,metal
IgDYP5D6FTxYIilQ	2017,indie,indie pop,alternative,electronic,american
IgXQdMxxkraQWevO	pop,dance,katy perry,female vocalists,pop,female vocalists,pop rock
IgxlHDmV3tt1TOKh	2015,indie rock,female vocalists,indie pop,rock,indie rock,female vocalists,indie pop
Ih3SXO6WIL1uHLsQ	swing,jazz,big band,40s,instrumental
IhkBOzUqTG1A32Op	radioparadise,radio paradise,folk rock,grateful dead,classic rock,rock
IhkkB3VNqkdkQ1eV	indie,brazilian,2017,alternative rock,alternative,rock gaucho
Ii2pP589B4SYOy5z	progressive rock,alternative rock,steven wilson,british,progressive rock,experimental,singer-songwriter
Ii6ar2jKKkwizy9x	folk,swedish,indie,female vocalists
IiTw1Q50t5DF94xh	soul,fip,female vocalists,aretha franklin
IisqizysuCjywgAm	pop,female vocalists,rock,pop rock
IjCEoczRBjbLE05O	british,chamber pop,2003,singer songwriter,the fall,male vocal
IjDXBZ3SvRwCXtGg	rock,alternative,pop punk,fall out boy
IjUwRczhKHNIJdor	doom metal,progressive metal,folk metal,atmospheric metal
IjYbKNUN4FMLPXm7	sludge,stoner,sludge metal,progressive metal
IjteVIQlkJ3T2N1b	jazz,soul,female vocalists,blues,nina simone
IlzBdD5LGu5KceIi	indie pop,pop,spanish,spanish indie pop,tontipop,indie
Im0I4lpe7HIyrE3f	gothic rock,gothic,german,industrial
Im5zNzCUEdwVUEU5	folk,2017,indie,singer-songwriter,alternative,indie,folk,singer-songwriter
Im96z7fR2VGRpAhm	soul,blues,jazz,female vocalists
ImYRpsf57oaUNtUt	progressive death metal,groove metal
ImsqyaVQcpEqtSdM	blues,country,cover,singer-songwriter,acoustic,rock
InpDh601vuPIZlB2	experimental,electronic,alternative,breakcore,trip-hop
IoLt45mu0knyUoFm	country,classic country,kris kristofferson,singer-songwriter
IoQBnji48a1wE0Va	vietnamese,female vocalists,love at first listen,when will your faves,tropical house
Ip4IbsJcCeoqajB2	post-hardcore,punk,indie,hardcore
IpJ1aktgYIvbyqQf	urban,pop,swedish,groovy
IpjEaCLSLjYDIPWQ	indie rock,rock
IqK5EQQA55HGCOSK	doom metal,stoner rock,heavy metal,stoner metal,doom metal,stoner rock
IqvDICGKFOzruzRV	latina,alternativa,latinas,folk,latinoamericana,espiritual
IrBAMUcvm9lAkrY8	pop rock,brazilian,rock,brasil,pop
IrYTRNMnlfPeMrgF	rock,10 av 10,6 of 10 stars,melancholic
IrdwPKDuPRFdT62j	trance,dance,electronic,british,indie,vocal trance
IrrWsA5MMCedLQRL	pop punk,trap
Is0KaUAISxYrfL4Q	2018,folk metal,gothic metal,symphonic metal,female fronted metal
Is4zu9UZLIuvxh1R	indie,indie pop,art pop,experimental,nix luv,indie electro
Is5Chu5fTgMSMat4	country,female vocalists
IsQMWjjAQhyftOAt	80s,new wave,synthpop,new romantic,1981
IsTO1rHFpSE93xls	soul,gospel,rnb,american,2016 single,fip
IsWbe9Ecl65t2HVc	post-punk,rock,new wave,the cure
Iu8zW1YYTPMQrPOE	blues,singer-songwriter,fip,tom waits,anti-war
IuCJxClFvLXMAXpy	indie,ambient,icelandic,folk,alternative,post
IuDCrV5P0CAYYADY	classic rock,rock,70s,blues rock
IuKBd0zOU4sbnzO4	k-pop,korean,kpop,female vocalists
IuhNTycK5vXG9IBn	electronic,chillwave,lo-fi,chillout,indie
IvFOfGXDtrbZGdQw	female vocalists,alternative rock,alternative,rock,90s,singer-songwriter
IwBHQsrrhYT8xRKJ	clube da esquina,mpb,brazilian,brazil
IwNJsCO7bqMJ9Gsa	gothic metal,metal,italian,awesome,bonus track
Ix2UWQMBNmSmT389	psychedelic rock,portuguese,rock,indie rock,pop rock
IxUm8yXiNoUlMF0z	classic rock,hard rock,rock,70s,hard rock,classic rock,rock
IxWANnOE23vZH4a5	female vocalists,singer-songwriter,2019,alternative,indie,rock
Ixb0zhypAs5VvK0J	new wave,80s,synth pop,electronic
Ixfh8syUrJqOj70H	alternative rnb,soul,rnb,american
IyAO804GVvoBjS62	soul,motown,michael jackson,70s,the jackson 5
IyYYdpTeXK3j3I22	rbd,latin,love,pop
Iz5cAmxSJHJTuQcb	rap,german,aids,trap
Iza91rVEhzoWqURD	indie pop,synthpop,2015
J02GAZ69pxIGBh5A	alternative metal,metal,alternative rock,deftones,beautiful
J0BzIqpKU8o0iOXD	indie pop,indie,happy,psychedelic,pop,fun
J0GYxl5elGqZy5fu	pop,piano,singer-songwriter,soft rock
J0V5sGL387p3YDh9	indie pop,pop,electronic
J0bGkZruM2A1OedM	stoner rock,rock,hard rock
J0rMKPtqzJSLtA2t	rap,argentina,trap
J1EjCuoHOggPweIi	rock,alternative rock,female vocalists,hard rock,flyleaf,alternative
J1HMRkrR8OvwRpkY	pop
J1MCtX2StV5ydBtB	industrial metal,industrial,industrial rock,metal,industrial metal,industrial,metal
J1TBBOyaIycnUTIj	folk,love,indie,lady river,folk,indie,acoustic
J25R35IKczMAiaE9	progressive rock,classic rock,70s,rock,yes
J2BUrMR4uP2NU1u4	rnb,soul,female vocalists,brandy,brandy- have you ever
J3EXwL6Y6gXBflAQ	pop,dance,female vocalists,80s,electronic
J3MjgUyBW7vTta9T	jazz,blues
J3WvQJWBwEOM3CeM	symphonic metal,female fronted metal,metal
J3ccSUkaHKP9CgWT	pop rock,indie rock,love at first listen,happy emo
J3d6Q6aXq0yc5zzN	rock,brazilian,stoner rock,alternative rock
J3sDnBglnLwLcFqq	grindcore,crustgrind,crust
J4WVTscCmjLijMqS	groove metal,metalcore,metal,death bed confession
J4mcA88lOPVC6EWo	hardcore,noise,screamo,experimental,crust,melodic hardcore
J4uSPtf3tOepEJtp	uk bass,contemporary rnb,glitch pop,future garage
J5CAQL51y9jF9u4X	japanese,electronic
J5JbEENnm1zrTIiy	classic rock,rock,70s,fleetwood mac
J62FG6wtU7EX3yHn	pop,american idol,rap,soul
J6RKw93XNrwD7cZ5	progressive rock,psychedelic,canterbury scene,experimental,canterbury
J6rc8zONwpBO4Y74	post-hardcore,trancecore,nintendocore,hardcore,screamo
J6slxYRaYjpIWz4M	pop,&lt;3,move your body,pop dance
J6zog7lhNTIAOHDd	progressive rock,art rock,classic rock,70s
J79Y9W8u9LIbfwtp	psychedelic,psychedelic rock,rock,classic rock
J7AnpRaez1XqoZOg	80s,pop,female vocalists,new wave
J7kelR43BPskOdaf	melodic death metal,death metal,metal
J7vbfM8AEwYwr1nb	wonky,glitch hop,downtempo
J7yxkrLvBuY2F3aF	rock,finnish
J8qgDm7VQ14YTYho	rap,hip-hop,austrian,german rap,deutschrap
J8tsGRPREv9hBzts	post-punk,brazilian,alternative rock,punk,hardcore
J90d8c2IAXu3aQxW	nu metal,alternative
J9kvySgbTNRMzPE3	alternative,love,alternative rock,american,nu metal,pop rock
JA01ThW8lZXudgWg	funk,disco,joe dart,bass,funk,soul,fip
JAiOQJnyThSmNPfQ	gothic metal
JAqnliOw9VRnQtRK	punk,hardcore,garage punk,punk rock
JAtWnz9r4QhCYYtY	indie,folk,alternative,music,2016,pop
JBDciNNHPYybi7dF	folk,indie,heartbreaking,singer-songwriter,indie,folk,singer-songwriter
JCEfFBf4zxg9CsXf	folk,singer-songwriter,2019,indie,alternative
JClX0hwRx8UgmET2	post-hardcore,pop punk
JCr7AW9QbgT4AvvI	pop,singer-songwriter,rnb,indonesia,indonesian,jazz pop
JCtARltiR2E8XKW6	alternative,pop
JDO3kaUsOULZaREa	pop,electronic,christina aguilera,sexy,female vocalists
JDczWJmb7UM3ckEl	female vocalists,soul,love songs,soul,british,female vocalists
JDi4H7t0re3oailp	pop,michael jackson,90s,rock,slash,pop,80s,michael jackson
JDwVZkrgtKsS2mQy	indie rock,british,love at first listen,england
JEf9nAH4JJju1PFY	classic rock,70s,rock,steve miller band
JEheaFcZe7HdoALQ	2018,singer-songwriter,indie,female vocalists
JErdDAXcOTmC81xA	oldies,60s,classic rock,rock,pop,80s
JEtBPPKdKjEfOmAa	rock nacional
JEzgfebbkyDIkOBP	progressive house,house,electronic,trance
JFDb7mjpA3RZ9Q32	chillwave,ambient,goeiepoep,on the floor
JGRJJPFqQK5fZr5V	piano,classical,instrumental,contemporary classical
JGZZZQ6F6irItU94	rap,drugs,empowering,love,hip-hop,rap,underground hip-hop
JGbOUN5HW16AHP0Q	rock,alternative rock,nickelback,alternative
JGjOvWQZoLGh1tfL	folk,female vocalists,2014,acoustic,singer-songwriter,spanish
JGx6cEOX1UoazFRz	brazil,latin pop,girlgroup,brazilian pop,pop latino,best of 2017
JHIpybskUKl5FRar	mpb,leoni,pop,brasil
JHdtDXNr2sMR8xrR	country,folk,johnny cash,classic rock
JHf43LvlagY7DdVF	heavy metal,metal
JIb1sb6R41NYB7BJ	soul,rnb
JIjlwnClGmXLID8R	progressive rock
JJW1vVezs9LK9adY	folk rock,rock,singer-songwriter,alternative
JK23CQi6L9SE2bTn	progressive rock,experimental,blaengar
JKxDOWvm2dwbxVGd	britpop,pop,90s,indie,indie rock,british
JLPdUxl31JD7GNBm	italian,pop,italian pop,italiano
JMBKw316actRdZxt	disco,70s,pop,dance,german
JMbIR9XwmHByVRXW	northern ireland,george best,federico buffa,shoegaze,rock,indie rock,irish
JMmGurOuOyXtqUeA	electronic,hiphop,hip-hop,hip hop
JNI1K9oqtFVFv5Fz	indie,indie rock,ballad,alternative,indie,indie rock,alternative
JNLjv6meY2wHlBnY	k-pop,korean,new jack swing,kpop,shinee,rnb
JNYVqXpC4ITLCo72	post-rock,post-rock,experimental,instrumental
JNhbjLEh6Va8Qnef	emo,alternative,knuckle hungry,staeffelestour
JNhopUcdVI4ubBe0	indie rock,life is strange,indie,folk,indie,indie rock,folk
JOV2uFYNVRxLBlme	acoustic,female vocalists,singer-songwriter,singer songwriter,2018,2017 releases
JP9m2ByuyTxtSgMF	electro,dubstep,electronic,house
JPOLE03VfYw9GZyc	pop,electronic,electropop,dance,swedish
JPYp7x9lBcaIHySV	pop,latin,alternative,bachata,dominican,electronic,dream pop,new wave
JPw7fUE8iXFnN5nK	2018,indie pop,lo-fi,indie,female vocalists,bedroom pop
JQtH5D5MeBU8nHt0	pop,hino,love,boysband
JRFtwedjd6CT26G5	mpb,indie,brazil,synthpop,lo-fi,brazilian
JRrgrwMPTMsaJviI	rock n roll,50s,rock,classic rock,oldies
JS5Ep1hwXjlAddxJ	pop,rnb,2017,urban pop
JT3J5ayUtykJkhAY	metal,grunge,alternative metal,rock
JTA25TfTGBBb8ujY	pop,electronic
JTiCNhEVVHjGapoI	songs i wrote with amy,acoustic,british,singer-songwriter
JUaNd8yOUZUF7B1v	indie,rock,madchester,britpop,indie rock
JW7t1ww9x8nOAckY	reggae,dancehall,fip,tenor saw
JWCmUyFou1QVU6un	undergroundhiphop,bassboosted,ukhiphop,traprap,hip-hop,experimental,all
JWQFCS0zqiinfH44	black metal,orthodox black metal
JXKKrlSWcMjlzC99	psychobilly,horror punk,2019,horrorbilly,rockabilly,horrorpunk
JXWGT3wWQIB0kXsi	rock,alternative rock,rock,alternative rock,alternative
JY8wKak2Sa94oPtD	fip,blues,post-punk,experimental rock
JYK7RCNulZguR2eF	rap,hip-hop
JZJKoyIxDAbVDJyk	k-pop,방탄소년단
JZcSE31xGaGZbjRd	ambient,noise,experimental,electronic
Ja1tybz2kOZsndIf	instrumental,folk,lo-fi,summer,psych folk
JaPidKZedHkk4yGp	2019,soul,brazilian,mpb
JahRnSBn8zzXD510	blues,singer-songwriter,rock,piano,blues,singer-songwriter,rock
JazZlk9IRNpzTXqp	melodic death metal,finnish,best of 2015,doom metal,black metal
JbN3pm1pe6ZXGhfx	bossa nova,mpb,brazilian,tropicalia,female vocalists,1994
Jbi4LP9Ita4veuzL	rock,pop
JcAFCMO3lhYG8sRF	indie,birp,electronic,synthpop,new wave,2011
JcNb61ftSGRdgcgj	80s,pop,female vocalists,rock
JcUoylA70W8W5uf7	rock,soul,alternative rock,pop,gospel,rnb
JdTRREY8TOHP0TFy	2018 single,folk,singer-songwriter,indie
JduzBnlSWG90zUbw	psychedelic,folk,punk,blues,alternative,hiphop
JeUt4GD50rnDWWIi	fip,french,alternative,pop,indie,french,indie pop
JeY2WFS4GVPO70IX	country,love,country pop,pop,female vocalists
JepkOyAomICKR1eK	hardcore,emo,punk rock,experimental,pop punk,australian
Jex53BBs3JofgHCC	pop,female vocalists,lea michele,places,2010s
JfRUqzcWc4wGTidp	soundtrack,instrumental,composer,classical
JfhK6723ePStDefJ	funk,pop,soul,80s
JfuwAqKaxQC3FeV0	electronic,pop,brazilian pop
JfxQC1IKKLKUVoKK	chiptune,8-bit,video game music,rock
JgATzh6bRpJfzvBg	folk,60s,acoustic,classic rock,singer-songwriter
JgJ2LO3DzpE1iIQQ	post-rock,instrumental,ambient,experimental
JhBk6Jv3gJVx0ZAE	electronic,glitch hop,chiptune,dance
JhdBhb2oAwHBnozF	rock,the vampire diaries,indie,alternative rock,rock,alternative rock,singer-songwriter
JhqrOqTz7CPduexH	soul,hip-hop,chillout,indie
JiCWJtJefNoEs6WH	pop,soundtrack,10s,hunger games,catching fire
JiPJlpDLAZ9Jdi0e	dancehall,reggae,jamaican
JisUmOy6H5clEscK	punk rock,punk,80s
JjDd7iPCeks0Ze4B	pop,soul,rnb
JjGqwBkjtdTGx16P	folk rock,hairy chest
JjoMNkhcO5Ejp1A1	electronic,alternative rock,bagel,somafm
JkCgB1gnydVeUpI7	mpb,bossa nova,female vocalists,brasil,brazilian
JkDZBV4YxpXFvqHr	80s,female vocalists,pop,alternative,kate bush
JlH9by5cfzhb4Qw5	j-pop,inuyasha,anime,japanese
JmBBg35h64pT9pwo	indie rock,old school
JmNnXCTWHKFfcUFG	indie rock,dream pop,argentina,indie,indie rock,dream pop,argentina
JmTUD1KXdrazc7vO	death metal,hardcore,metallic hardcore,hardcore punk
JmfSgJqzyfDssl29	shoegaze,2017,dream pop
JmplYKIZUJSwkCHf	soundtrack,glee cast,cover,pop
JnNE2UzwxU7C2ZWo	future garage,footwork,wonky,jungle,uk bass,idm,electronic,glitch
Jnwl9VbrjxLifoe4	singer-songwriter,indie folk,folk,pop,indie rock
JoUmSNnDt4g9btb4	post-rock,experimental
JolfUR23OcZwnx4i	chanson francaise,french,chanson française,world
JomcFgJpr4Eu8UVa	indie,indie rock,alternative,rock
JpRavig9RX5bDRdI	indie,slowcore,folk,ambient
JquJ47QkV4J2nzd4	indie,ambient,indie rock,dream pop,recommended
JrM6tt1xFrqTCsDP	indie,indie rock,british,acoustic
JrgrEOzwNuZvNY4s	folk rock,indie folk,folk,post-punk
Js7oOZ902kAoBMn7	love,acoustic,christian rock,rock,christian rock,alternative rock,rock
JsFKfXVlh14XiZOn	idm,electronic,downtempo,77davez-all-tracks
JuZA8vixisCJit2e	alternative,rock,piano,piano rock,indie,alternative rock
Juna2XCoSIxEQpQI	indie rock,british,indie,rock,alternative
JvNoGGiuD0PqPOJ4	post-punk,80s,noise pop,rock,shoegaze,alternative rock
Jw4p98tPdDDHgb6W	alternative metal,metal,nu metal,nu metal,metal,alternative metal
JwOKAusvNfjOzBov	electronic,pop
JwbHW7ahYsLWX0xa	hip hop,rap
JwnaQM4cxt8j5tq3	post-hardcore,electronic,love at first listen
JwwkHnT1cH4fdS2t	2010s hard rock,hard rock,2010s,2010s heavy metal
JxGu4FiFEUbguqo6	ambient,electronic,idm,chill
JxIGiekHhjir4aYV	psychedelic,stoner rock,drugs
JxYEyPOjmuJ0SdSH	soul,female vocalists,80s,rnb
Jxd69goZNxk9ysBZ	dubstep,ambient,electronic
Jy29wNzJSYADl97n	indie,folk,acoustic goodness,sexy,heart shivers
JyacnYurOEQmHzgu	gothic,baudelaire,beautiful,gothic metal,sexy,french lyrics
JyhA62SIYafmRhPN	electronic,aussie,2018,electro house
JzwkR7dQzPDrRpmg	indie,modern rock,redrage keys,my 10s,redrage recommends,synthpop,electropop,electronic
K06gTchUrG7e7C4q	post-punk,coldwave,darkwave,minimal wave,minimal synth
K0SKAzquzRr1KTyQ	chillout,instrumental,chill,ambient
K0iKhtWNRuOGV6Wi	folk,lo-fi,indie,birp
K0myPJh5XVwn9WbT	punk,punk rock,bad religion,political,punk rock,punk,american artist
K0upnQKlKwqA7bdf	grunge,alternative rock,rock,alternative,90s
K1HscSosu2LAfq59	electronic,synthpop,new wave,goth,american,post-punk
K1YI3PSgFDT4nNfT	britpop,rock,indie,indie rock
K1tR7f9ZasgOAHl2	thrash metal,metal,crossover
K2RPxbMwfDlu5neK	rock,muse,alternative rock,2017,alternative rock,rock,alternative
K36H0lEtqS3IJgGa	electronic,ambient,electronica,alternative
K3FxwdBmSptMhcTx	essentials,rock,sleep,space rock,space rock,alternative rock,alternative
K3ltON8Zel2ayD51	pop punk,rock,punk,emo
K43MhOsghvFY3D57	indie,alternative,2014,indie rock
K4EwkQie0TJCizrr	atmospheric rock,post-rock,rock,electronic
K4pcjEMWzaMGQkf8	music choice: adult alternative,singer-songwriter,2010s
K5Slka7qX869VqPG	blues,rhythm and blues,50s,blues rock
K5cRJM3kjRivZQOs	aggrotech,dark electro,industrial,ebm
K699YiNyFyKEDZoV	rock,pop rock,alternative,emo
K6ZPYfy5HbxOSUyP	hardcore,emo,australian,screamo,melodic hardcore,hardcore punk
K7Reb5h2yBQ0tSxh	lo-fi,instrumental,american,2016,beats,lo-fi beat
K7sd7TAwXjw0nMAk	2014,rock,alternative rock,southern rock
K8GvhOmBDw0gMbPs	piano,ambient,contemporary classical,modern classical,instrumental,neoclassical
K9Mb17cza8ORcPIK	hip-hop,pop,rnb
K9qWyJBkYAHk2GNg	k-pop,korean,kpop,female vocalists
KAFdxtiJHd2vcfFe	pop,ballad,ashley tisdale,love
KB0Y2LCtBqkOCJsL	power metal,heavy metal,melodic metal,swedish
KBRpXEHjCJrlXE03	rap,hip hop,hip-hop
KBTUj7KxkijVJuXQ	rock,pop,90s,martina topley bird,for howisya to hear,frank tape
KDNxohbZto60h5pd	pop,80s,female vocalists,dance,pop,dance,female vocalists
KDVfORXfLDJbmErs	folk,live,bob dylan
KDwdDb46FRw5xcfR	dream pop,4 stars,2015 loved,dream pop ♥,2015 ♥
KEKYfvgAu57tUpye	soul,oldies,70s,blues,clarence carter
KEkua8pokCn4Vtq3	forro,brasil,jackson do pandeiro,coco
KEokTt7TqaMAHUKu	alternative rock,rock,dutch,stoner rock
KFCXJVv68993z50N	fip,psychedelic rock,psychedelic,covers
KFebGVLqM8HU5rwf	melodic death metal,instrumental,intro,melodic death metal,death metal,metal
KFzamnCqx2Lw6Zxz	futurepop,electronic,industrial
KGQrJNNDTjJt5qbN	pop,soft rock,80s,rock,classic rock,pop,80s,rock
KGvQlpoUfPdHZGAT	rock,pop,singer-songwriter,alternative rock
KH0Pm3v4RwYoZHuY	synth punk,electro-industrial,electronic,8-bit,new rave
KH9xJJHbZZBKLewv	twee,indie pop,twee as fuck
KHFPn9eTX6dxZrxi	mpb,brazilian,tropicalia,bossa nova,brasil
KHu4Oidnnwzc7vQ6	memphis rap,horrorcore,devil shyt,rap,memphis
KHudzxVF3DCbkPfa	slow jam,slow jams,jodeci u 4 life,soul,jodeci,love song
KIcdUeLMTyqk3DNq	dance,pop,electronic,british,pop,dance,female vocalists
KJBvaw4XXgTu5lvh	soundtrack,instrumental
KJhjxyg4UZucpVne	soul,hip-hop,chillout,indie
KKGaYr0Nvdc3Y7Cs	funk,brazilian,pop,electronic
KLNppS51fiby5fyM	emo,indie rock,pop punk,indie,emo,pop punk,indie rock
KLSbU2UgIWsD57ec	electro,electronic,electronica,dance
KMOqIJ4fwXMIXVow	k-pop,korean,songs to listen whenever you want to maximize the feeling of loneliness,makes me cry,love at first listen,probably contains an addictive substance like crack
KMjtAl1ATUo8fcUT	italian,pop
KNcuaea3IpH9auGr	gospel
KNqltdEfdzBJAWAD	pop,singer-songwriter,spanish,male vocalists,espanol,balada
KNsDAmD7uzDo4B7j	gothic rock,finnish,gothic
KOqERizXWPhJNMcv	alternative rock,alt rock,2010s,2018,2018 single
KOufvz4ujPjVC93n	pop,dance
KP2fklVZAamdaHJU	indie,experimental,psychedelic,trip-hop,soul,blues
KQh2kJMYj9eeg0Sf	50s,oldies,rock,pop,rock n roll,oldies,classic rock
KR83umFx9lfbCT1E	modern rock
KRBkj08fHXfvu6D8	electronic,big beat,dance,electronica,house
KRf00HpTQNyhpXP0	punk,emo,pop punk,melodic hardcore
KRfknKdbSGa9wuBa	indie,indie rock,indie pop,good shit,indie,indie rock,folk
KSa7A2I7e2cs50H7	alternative,synthpop,alternative pop,makes me sing
KTWFai31wBlSrShI	ireland,ambient,soul,irish,ireland,ambient,irish
KTqplooZq0vjSiPM	rap,underground
KUE8GBXk7vdlZjoM	acoustic,2015,folk,indie,singer-songwriter,acoustic,indie,folk
KUjYpvSIuS3u2JAk	pop,&lt;3,rock,love,pop punk,powerpop,pop rock
KUlsnDcIlv88cnSq	grime,hip hop,british hip hop,english hip hop,2015 single
KV78q6dNCkeZvFsN	2017,emo,pop punk
KVyC8vs7XS37bU6x	j-pop,idol,japanese,female vocalists,akb48,j-pop,idol,japanese
KW2G3YZnWdb8r2Nx	metalcore,hardcore,post-hardcore
KXGmlfevA8akDQsu	folk,rock,mpb,folk rock,brazilian,singer-songwriter
KY6smW6br2SlBnZM	post-hardcore,screamo,emocore,hardcore
KYYvRsZyHrr8GyhX	hard rock,heavy metal,80s
KZXoKszUQA52wY0h	ambient,shoegaze,ethereal,psychedelic
KZofx143Sisd1IPV	post-hardcore,cover,punk goes,lorde
Ka2qj8hYJ5AWoAqU	synthpop,indie pop,trip hop,trip-hop,trap,dubstep
Ka6M6iPMR7jF3uSN	german,metal,power metal,folk metal
KboCrn0VyCCy76nt	progressive rock,classic rock,yes,art rock,70s
KcFV0wWs4MWaujLx	christian rock,rock,alternative rock,alternative rock,christian rock,rock
KcFwQUpHWc4mvnfq	miley cyrus,disney
Kcm9mtfcRdPxXHVO	indie,rock,indie rock,00s,alternative,beautiful
KcpmD9WHlBFuLLim	pop rock,pop,rock,maroon 5,catchy,pop,rock,pop rock
KcxuJXt6azxaHgjO	pop,folk,female vocalists,british,scottish,pop,folk,indie
Kd4tF8LBq8RHz554	hip-hop,lo-fi,2016,instrumental,beats,ambient
KdXDwLd0vYZGY7wp	female vocalists,infantil,children,pop,brazilian,brazil
KebHcIb9oasJvyI6	heavy metal,metal,iron maiden,nwobhm
KeuADW1STcjCORUS	alternative rock,alternative,indie,indie rock,rock
KeukPMCIlv6gU0ae	love at first listen,indie pop,pop,amazing,pop,indie,indie pop
KgV6xEXEvbTdvuHV	fresno,rock,emo,emocore
KgfevHF8TE4mpjU2	pop,dance,rnb,kat graham
Kgi0PKjdWurkEcb9	j-rock,nana
KhAwPAb5HxUxe2SJ	classic rock,rock,hard rock,glam rock,80s,classic rock,rock,hard rock
KhRTDWdy8G0r2jZo	2015,post-punk,shoegaze,post-punk,shoegaze,coldwave
KhfTh9ZJgr7pTiUL	lo-fi,ambient,indie,indie folk,lo-fi,ambient,indie
KiWDK8GDE8zFy4m8	indie,indie rock,alternative,mellow,death cab for cutie
KigiCHrHkulrRLxS	post-rock,chillout,ambient,incredible
KjAZlfN1q2BiC6FV	2016,indie,pop,dance,new york
KjFpx7c0refDI0PM	post-rock,electronic
KjY1CCprOPF2zf6Q	alt-country,americana,southern rock
Kjq3KnZKoMa6akT8	disco,pop
Kk6uVSEgnVsBlHTh	thrash metal,progressive metal,metal,80s
KkDU7aE5tK7p2ciY	gute laune,rock,pop,awesome
KkFGmF0W3v6eMCwt	rock,brasil,thrash,crossover thrash
KkfPwmaeG9SRW57r	symphonic metal,folk metal,medieval metal,gothic metal
KlVfLmUeihcyeOfC	rockabilly,50s,rock n roll,rock and roll
KlnL6VBezALkj5HZ	rock,marmozets
KlttAK7kgndHGjx5	magic,indie,funk,fusion,reggae,funk,ukrainian
Kn83anR4ScwHRWVY	lo-fi,indie pop,chillwave,dream pop,indie
Knem0qGeoIulXLoy	indie,indie rock,alternative,rock,one tree hill,love
KnhtyVG9483BPuGj	indie folk,2018,indie,folk,singer-songwriter
KoCAmEzRfn6By4O6	hip-hop,latin pop,pop,rnb
KoJz5t7UkQv2ptUu	brazilian,post-punk,favourite albums,superacao,indie,alternative rock
KoXc0z7uD81SODvw	rap,hip-hop,atlanta,trap,ysl
KomdvdgF1Spg9gNY	hip-hop,electronic,instrumental hip-hop,experimental,wonky
KpJOVR0MActHOTNF	ska,indie pop,norwegian,indie,indie rock,2 tone
KpMgHOMRH8T69wqC	indie,electronic,lo-fi,synthpop,dream pop
KpZjEw8aGi27KdPV	post-punk,indie rock,beyonce
Kpbzp06WpfKQWu5v	dance,house,electronic,trance
KqjPnnTja957hPio	rock,alternative rock,alternative,rocking out
KqrveQLEundZX7oo	deathcore,progressive deathcore,djent
KqxahlFIwNuoizG2	brasil,rock,legião urbana,sad
KrKjobYbml2i5TU6	space rock,rock
KrjIIMRIBUUznHAo	indie rock,indie,alternative,rock,post-punk
KsuRJokxNoGSwPAR	70s,soft rock,oldies,pop
KtFoGco2Xc3vTVf8	progressive metal,heavy metal
KtMqPAvH6UUPD1MP	polygenre,rock,psychedelic,funk,german,progressive
Ktc1pUI8t2EeGcN7	jazz,50s,oldies,easy listening
KtdR5c3k4Vldh3O5	soundtrack,django unchained,ostfavdejf15,soundtrack,instrumental,classical
KtwX79SOG37PN83v	indie,chillout,electronic,idm,chillwave,electronic,lo-fi
KtyEGlIjJMMuZX4v	k-pop,korean,shu biru bira pa pa,k-pop,korean,pop
KuiT3CwJ8VeetgrX	rap,german,hip-hop,german rap,deutschrap
Kv0ATvqby0XnH1mj	mpb,folk,indie,brazilian,growing tomato plants,brasil
KvUzkZyTDosvGMEa	indie rock,rock,modest mouse
KvvV0YhLvpGynnLF	electronic,electropop,electroclash,dark,female vocalists
Kw8qCcjfCenEQxTc	garage rock,psychedelic rock,2016,psychedelic,australian
KwcL6PwFrZXxOaej	love at first listen,segura essa magia negra,pop,best of 2015
KxJbAePzJXZEDRpM	pop,british,britpop,take that
KxLDBfAjJpMPruee	indie,indie pop,2010,indie rock
KxZGdB4PhUh6e9s9	rock,indie rock,indie,canadian
KxbapK1mUbgjfTbI	film score,soundtrack,michael giacchino
KxsqEYWFyUXOneUI	soundtrack,john barry,instrumental,beautiful
KyT46NICXfTLqThZ	punk cabaret,cabaret,alternative,piano,female vocalists,dark cabaret
KyefH0PdEWzdfD6M	heavy metal,metal,nwobhm,iron maiden
KzShdJP0o8Wg6BlK	2016,beats,ambient,instrumental,instrumental hip-hop,beats,ambient,instrumental hip-hop
KziVfb0sW6UOj2f9	rock,soft rock,folk
KzpC09Jaskp57Lim	hardcore,grindcore,hardcore punk,punk rock,brazilian
L03rVuzJmEYWQnMV	post-hardcore,metalcore,post-hardcore,screamo,metalcore
L0dGa5trh5HA4PIK	trip hop,lo-fi beat
L1Ak9YeGJfHmdeYu	punk rock,rock,punk
L1W0clyQY7ysnD5N	chill,live,mpb,rj,tim maia,00s live
L2RZNkjAm421KB0A	heavy metal,hard rock,metal,speed metal
L2YZohnGiw7ERRnm	death metal,brutal death metal
L2gnt8dqIkmRjefp	progressive death metal,progressive metal,death metal
L2yvC3lmRkiMGg0b	folk,chamber pop,depression,rock,pop punk,alternative
L3aYkhfpuDhIZYKf	punk,punk rock,80s,rock
L3ecU7VNEtANnsgE	rock,indie rock,blues rock,indie
L4MFzu1YdaRGdabK	experimental,brazilian,brazil,mpb,jazz,samba
L5Nyp0cgbILe9eUA	cody simpson,pop,flo rida,2010
L5fGfdOXHx47Upye	pop,beautiful,british,lonely,ballad,love it
L5hzUwJxVruePOF5	emo,chamber pop,indie folk
L5kel9ii1NItXG7F	indie,finnish,2017,indie rock,party indie
L663R2DkxlsiEjio	2013,pop,rnb,australian,female vocalists,2014
L6GSMwz9KAu0icpD	sertanejo,all,sertaneja,brazilian country
L6OZIso6fTrglTv6	symphonic metal,power metal,metal,gothic metal,symphonic metal,power metal,gothic metal
L6wwZdUlr2cqKyXX	experimental j-pop boriscore,electropop,emo,anime opening,drone,stoner rock,sludge
L81uiGRAAlvx6Rad	electronic,dance,remix,breakbeat
L8CwUiWIV6HjEYCL	electronic,alternative,ambient,experimental,trip-hop
L8PKl3Hy2MrlHvlQ	rock,kennedy,andy warhol,new york,rock,classic rock,singer-songwriter
L8Pi8hYl6bki41NU	futurepop,ebm,electronic,synthpop
L8bRrL53bYInlShC	chillout,lounge,downtempo,electronic,gilbert
L9HzPIPUoSA5u3gk	thrash metal,nu metal,groove metal,max cavalera,2010s,2018
L9OWTYnCTooeJcvR	2017,progressive rock,classic rock,rock
L9Pv1boJbGRm2dvM	alternative rock,90s,fuel,90s alternative rock
L9uPn9B0jehyb3Pc	post-rock,instrumental
LA1iLUJoN40pWJIz	progressive rock,melancholic,progressive metal
LA3aG5qpSRoEIkq6	alternative,folk,polish,electronic,indie,polish,pop,female vocalists
LA8AuCq5kZhdxWU1	indie,ghostly,experimental,4
LAhv5czpV3DiiXmH	jazz,female vocalists,vocal jazz,piano,jazz vocal,jazz,female vocalists,fip
LAuoEf4yLA7j1SIm	death metal,technical death metal
LB9GVFREFQLcD5bz	indie,indie pop,indie rock,2016 single,bbc radio1 playlist 2016,indie,indie rock,british
LBTK9Hkd44lksHZJ	progressive rock,77davez-all-tracks,jazz rock,70s
LCL52HpPA7puXaAr	power metal,metal,speed metal,heavy metal,extreme power metal,power metal,speed metal,extreme power metal
LCf0x3hG5pCDaK1j	instrumental jazz tag,soul,disco,quiet storm
LCzFFLE9HiUe0bEs	indie pop,female vocalists,dream pop,mexico,2015,alternative and latin rock
LDOt6mI8RCfOtVxG	hip hop,2017,hip-hop,rap,rnb
LDPk1F5pGbhpYPhM	progressive rock,psychedelic rock
LDZ9lVK1aikZ12JP	dark ambient,ambient,swedish,noise
LDa19N6F03mVJa4T	jazz,female vocalists,vocal jazz,christmas
LDq43SIBKxQ2KT8R	british,electro,10s,indie
LEKUcSp6hJb8xF9C	electronic,dance,house
LEmyIR0bfXsNwkVg	pop,dance,electronic,madonna
LExFi0fEE33rufmE	8-bit,indie rock,if this were a pokemon i would catch it
LFBddJckTYBseS9Q	synthpop
LFKYue8YlfYi1ILw	pop,belinda,dance,sexy
LFbhggcIU1tXYolH	punk,rock,punk rock,political
LG16DD3N6BaBL6TH	pop,fm4,eclectonia
LGHnrsnnlCPTQVJY	love at first listen,acoustic,indie pop,female vocalists
LGiRP4GRhP3A1nNG	progressive metal,doom metal,progressive rock,melancholic,anathema
LGj1ktV5GZ2d8jxv	disco,70s,dance,female vocalists,pop
LHDlFNBaI9Qxx0m6	indie,folk,indie folk,love at first listen,greys anatomy,plumkanie
LIDSApOeUNXidxDP	hino,pop,sad,happy,female vocalists,indie,chillout
LKHnVjPVBkBQBfJ9	metalcore,hardcore,screamo,metal
LKwb8nyHmL4IC73o	swedish,pop,indie folk,art pop,2010s,singer songwriter
LLJEKxrHQ6a6RlBt	shoegaze,dream pop
LLWbPUdEB4FHQ19L	indie rock,synthwave
LMFQEec9D0F4nJpJ	instrumental,classical,covers,strings
LMLqOC9naSqiWKqq	house,pop,dance,90s,eurodance,christian
LMO7d9lYfO7mQ081	piano,ambient,contemporary classical,melancholic,melancholy,post-classical
LMY9JdqcgKwSKAfN	rock,alternative rock,alternative,electronic,linkin park
LMd0mTyYeOJmfnfs	disco,70s,dance,female vocalists
LNxfcBqf3mUJPzu7	folk,acoustic,indie
LO0uzPSnPRwlcQQn	psychedelic,experimental,freak folk,indie
LO4uvVzcEuuQx6tQ	pop
LOnLIoFw7Ja1PF2c	rock,christian rock
LOvSZwxj0ITKWcNM	duo,girlsband,2016 single,swedish,electronic,electropop
LPLcWIYMeIxFWRT7	pop,dance,tinashe
LPNDp9mwvKDqDgtG	symphonic metal,rock,folk rock
LPShrNua50d4ayB1	black metal
LQ5D2Q5SE914jB8V	electronic,fav
LQG7MLoe4yuXPE5o	shoegaze,lo-fi,2010,rock,april skies,cool as fuck
LQKd7z8masEt7dDg	rock,awesome,pop punk,powerpop,pop
LQsoIDXqFusXFNcS	mod,new wave
LRKDEbjikM8ApBqt	polish,soul,jazz,female vocalist
LT3hoLc75upLHA6T	rnb,soul,pop,female vocalists,hip-hop
LTBLorQuybXiT1Sn	progressive metal,post-metal,2018,sludge,experimental,sludge metal
LTPxLnItVQvEDQwg	2017 listen,brazil,indie pop
LU172SWUFj6iScpv	pop,female vocalists
LU9pfbzRxoXmlpQI	post-punk,eclectonia
LUYNyDFcBwOsYwJV	pop,love
LUqaTXtXxYh6HGvG	pop,dance,you can be my love
LVsyEiJxNHNmYBkT	symphonic metal
LWQ3KjBBZK6nvfQd	rock,alternative rock,alternative,christian
LWVxlUSlpymweDSM	electronic,ambient,idm
LWgass7yhgoi2uIk	indie,indie pop,alternative,rock
LWhCAVDBZjaAbafg	female vocalists,metal,hardcore punk,crust,love at first listen
LWtrQmR6SsPjAIbS	cover,ballad,piano,pop,british
LXLc4pKtyfEw1gmp	idm,like vangelis,77davez-all-tracks,ambient,like fennesz
LYUISWFIhJarStkp	indie,rock,uk,british
LYm4xtUlaPPYxYud	glam rock,rock,classic rock,80s,alternative
LYu3F2zrN9GLXfF7	2018 releases,indie pop,pop
LZsR70Fb9JEki5nf	french,female vocalists,pop,charlotte gainsbourg,french,female vocalists,indie
LaFKKy5CsSMkrlhz	ifpopdidntmeanbritneyspears,shoegaze
LaNxlRl0Nfg5kuqF	soul,90s,pop
LbokTGplmHs3dtct	female vocalists,alternative,singer-songwriter,fiona apple,indie
LbrPYPjEJFCcgurb	deathcore,progressive deathcore
LcpT2g8YClbmCdsX	pop
LdTk4mJOlg3PlXMz	soul,neo-soul,jill scott,female vocalists
Ldxw4VY8iXqyD9lF	electronic,downtempo,synthpop,electronica
Le4jz9lUnn8YgV2F	italian,pop,female vocalists,singer-songwriter
LeBYCuRjwelILJAL	metalcore
Leyz8SjtQHftjZqG	alternative,rock
Lg06JaIOMHlwFhrG	rock,alternative rock,hinder,alternative
Lggy2QpQLVLASQ9Q	punk rock,punk,english lyrics,american artist
Lh1PgK2c9VRI3eYR	dance,pop,rihanna,rnb,female vocalists
Lh1piMazF4t3mnzh	stoner rock,stoner metal
Lh4G0CffCEAzlQhf	synthpop,electropop
LhBiFMoHlbrGLEE5	all,reggaeton,all,reggaeton,latin pop
Lhob3J8lkYpIsISh	alternative metal,metal,rock,system of a down
LiCOrxzPhn5yMBmd	latin pop,pop,latin
LiNEueB1uvHmIe4k	classic rock,bob seger,rock,singer-songwriter
LiPiTyLCohltDam2	ambient,electronic,electronica,pop
LiTJZ0hFmGV37AXa	pop,indie,temazos,hits
LjBSX9ozl9zKIJYH	hip-hop,rap,shiny,8 bit,zapde,luv luv luv
LjXguG4rUlEQ7rMf	slow jams,soul,rnb,love,classic,soul,rnb,freddie jackson
LjqtER7m3usIU0xQ	rnb,kelly rowland,dance,female vocalists,pop,sexy
Lk7yDZgAjLpC4ATQ	pop,acoustic,j-jazz
LkGpjJPoB7H0mt8A	electronic,indie pop,dance,electronica
LkQH6Iq8pgJyMLQ7	american,shoegaze,dream pop,2017 single
Lkd4DxYnFdxro1uK	electronic,chillwave,2017,lo-fi,synthpop,synthwave
LkjhB8MSQ4Ao036A	i love ween,love,indie rock,ween
LkrVriCtwyduVe5k	rock,punk,acoustic,pop,punk rock,sad
Lkv2DgDPlkseob65	metalcore,metal,hardcore,melodic death metal,melodic metalcore,metalcore,metal,melodic death metal
Ll5AqyUtmeE6LkRG	electronic,indie,indie rock,dance,electronica
LlTBoEBAt9wsK8Th	hip-hop,rap,xxxtentacion,post-nerdcore
Ln8V2iRhJCGtrEeR	deepspaceone,ambient,chillout,deepspaceone
LoFJQCeC9KpzrBzA	80s,pop,female vocalists
LojAkF5RlYUPTWuB	romantic,love song,opm
LopEHwB8VKwuPVXv	indie,indie rock,rock,alternative,alternative rock
Lp6y2JjZXyrV5DI8	pop
LpUiuRfWuLqymj0m	brazilian,electropop,electrobrega,pop,eletrobrega,brasil
Lps2nY7wJhof8WRL	rock,90s,soundtrack,pop,pop rock
LqJHleH0m2fAu9iQ	indie,electronic,dream pop,female vocalists,electronica
LsXrc53bceKF4U0i	alternative rock,90s,rock,alternative,cold dark night companion,all time favourites
LskA0oIk4mrHtF6n	metalcore,hardcore,nu metal,post-hardcore
LsmzcczZKtMqfWSI	soundtrack,electronic
Lstqqtb0yfjQX6eR	hardcore,hardcore punk,punk,2015,d-beat,queercore
LtDPm8w4qWcHsBLc	psychedelic rock
LtLeJMFkU1dYnu1R	80s,funk
LtQ2IoaQ20DpXYJz	reggaeton,latin,pop,colombia
LtSzYdfQFUUcZtKL	experimental rock,electronic,77davez-all-tracks,art rock
LtsUrEy137mheaJv	instrumental,black metal,dark ambient
Ltzd4alCQV07gBd6	power metal,heavy metal,viking metal,swedish,2017 releases,james-joul - 2017 albums
Lu4eiHXwCeiKt4LM	k-pop,kara,korean,dance
LuRTXGEv87mKIVHi	ambient,chillout,experimental,electronic
LuubqgggwcysZmFq	alternative,mpb,folk,poesia,brasil,independente
LuyxeVk8b2tEEmwk	drunk,lounge,design,&lt;3,ilovethis
Lv7nbwe2VwDwwQp5	hip-hop,rap,underground hip-hop,hip hop
LvMRWmnenhOTCyYe	death metal,technical death metal
LvU5umG7fwWWLN33	80s,rock,talk talk,80s pop
LvcaYA51dFoLdoRf	pop,chill,australian
Lw54An3Kjg9IcRHW	dream pop,ethereal,shoegaze,alternative
Lwj1yuH4W2KzOf2u	hard rock,heavy metal,metal
LwzF8EtKFHaqvBxB	experimental,indie,indie rock,2007
Lx1DPOfOWra6fHmk	progressive metal,progressive rock,tool,metal,progressive metal,progressive rock,metal
Lx3YptP8iBbTfZgR	alternative rock,alternative,indie,rock,indie rock,90s
Lxl5FBlYXfHPLxB7	brazilian,funk,samba,samba soul
Ly4mxnhHOl4QPHBx	electronic,gossip girl,indie,glam,electropop
LyoEQk4iFvm4Yuhn	electronic,ambient,experimental,somafm,chillout
LzMo2X57YqIjZD5A	j-pop,k-pop,4minute,2011
LzP99BdVv6boKTkj	80s,new wave,the cars,rock
M07wpAsgxnIq4tjR	indie,new wave,synthpop,80s
M0qrtRof8WJI0ES3	indie rock,post-punk,julian plenti
M1DoO1MVL2F0oXUv	electronic,house,summer
M1Kh6JQcYXKVy4B2	pop,sia
M1unBeSr5jHPWYR2	rock,pop,alternative,alternative rock
M27TzKOy3GSOKeno	reggae,latin,ska,world,alternative
M2iFAe2mETkGC6l3	pop,rock,pop,female vocalists,mandy moore
M2oNzqUlXaJHv0eO	best of 2017,soul,jazz
M2xShWTDKe0MeQZr	trancecore,post-hardcore,electronic
M4FSmyAARMuQtIYF	lo-fi,emo lofi super sad important stuff,lo-fi,emo,noise
M4GR5eptRmSCeEM3	classic rock,hard rock,70s,rock,thin lizzy
M4XdQhY5LOf63JTR	alternative rock,rock,alternative,incubus
M4pxbNrc0U6swqaK	progressive rock,jazz
M4wsXcXedJIUjvPe	progressive rock,psychedelic rock,rock,classic rock,pink floyd
M5a7AUgh4fsEJTrr	progressive rock,progressive metal,psychedelic,progressive
M5kKVgSOG6ehnj3I	depressive rock,depressive black metal,black metal
M5rVSabSiLdn2Bko	pop,rnb
M679OGhsBAdpqFyC	piano,rock,indie rock,instrumental
M68qyFHw4ZscOZOg	female vocalists,80s,pop,singer-songwriter,folk
M7drHad4r6XIGQr9	hip hop,nicki minaj,rap,hip-hop
M8AYlWDjLpcnTXcJ	ambient,noise rock,sludge,hardcore,experimental,piano
M8d3Ou6cm8l5Mhx7	pop,electronic,teen pop,male vocalists,boysband,boyband
M980Ce2WH2tTTHsz	indie rock,rock,personal favourites,10s,indiena sound
M9b8NwWu2JR9qoXS	soul,female vocalists,disco,70s
M9edqXGTGNzTiUvu	synthwave,electronic,2015,synthpop,electro
MA16tYyVb0uNiT9X	pop,dance,axe,brasil,latin
MA4OogB7wWrehsXd	pop,soul,rnb,best of 2018
MA8RgxWhcKa3YzCS	rock,alternative rock,alternative,british,alternative rock,rock,alternative
MAJXPvzXDEIi6EZm	modern country,country,ashley gorley,why i love country music
MAKRvFasD30WxXRk	indie,pop,electronic,female vocalists
MAOpRA5GemJJj7p3	easy listening
MArG8kkxnIDp1gSF	rock,indie,indie rock,alternative
MB3CwquQR8FJs7tP	pop,female vocalist,electronic,dance-pop,teen pop,dona do x factor usa
MBiQSbrc2VBIghoM	k-pop,soul,korean,yg family
MByOWkm4L2443k7b	space rock,alternative rock
MBzX21EEFzP5UA5e	gospel,open my heart,female vocalists,contemporary gospel
MCBxU0FbgFZ3KreB	female vocalists,hard rock,pop rock,alternative
MDK6g1G24Kxz0Upv	pop punk,post-hardcore,easycore,disneycore
MDLo4AbROeevtfrm	o clone,instrumental,soundtrack,brasil
MDOWadUZJm2cqPZ3	rap,hip-hop,rap nacional,incentivando o som
MDWCmuO8aKaSRRUn	glitch,experimental,pop,glitch pop,best of 2015,rnb
MDoKZebhoJX54OkZ	soundtrack,ballad,beautiful,piano,lykke li
ME58GYAVCNUZcH85	post-hardcore,emocore
MEhCkNoZn8HIOiRF	dancehall,this sounds like weed
MEzkg86XcuemH2vD	post-punk,indie rock
MF65GYzP4yMRhGoC	kid abelha,pop
MFCNDH5qIX7pAzO7	post-rock,instrumental
MFLJBqamQAv8jt45	jazz,piano,duke ellington,big band
MFOFhcSiDFWGhxYp	pop,soul,seal,rock,soul,pop,90s
MFa5GkmE5vZiTSD3	hip-hop,rap,trap,oh wonder,hip-hop,trap,yeah
MGdTrxn7Uh4LTLjE	80s,brasil,rock alternativo,rock nacional,cazuza,new wave nacional
MGzEcUsSgo2xwG24	punk,punk rock
MHErWvi0ugGrfaRo	folk,indie,singer-songwriter
MHK1MCIKNQB3T1gQ	gothic rock,darkwave,gothic,goth
MHiBnMChxlmoZlbE	pop punk,female vocalists,limitless,pop rock,australian,pop punk,female vocalists,pop rock
MI4ooQKxZdsihgnS	hip-hop,rap,fort minor,hip hop
MIVSmMzw5pgZXoSR	rock,punk,pop rock
MIYuFGNoG3yEGWPT	soul,british,2015 single
MIvEfxUNACyXxtmw	pop,romantic,cover,easy listening,soul
MJCjAe2KMAeyBDXr	alt-country,rock,americana,guitar
MJEQXhtPU1T0fhQW	dance,pop,drag queens,diva,rupauls drag race
MJduEgLmg6za3s1N	post-rock,post rock,instrumental
MJtYxJkPD375vtlJ	psychedelic rock,stoner rock,doom metal,psychedelic
MKDhpXnU5ElaXkYL	indie,indie rock,alternative,rock,alternative rock
MKJ3VcYPQ7vWjQk2	mpb,brazilian,tropicalia,bossa nova,brasil
MKmAxBLhnRqXsZ9D	post-hardcore,rock,alternative rock,pop punk
ML7mNZ3SITIrNO2k	60s,oldies,folk,the seekers
MMH2vyP9h4SMve0U	indie rock,indie,british,rock,alternative
MNvfJ5DNmcleMqdJ	country,pop,female vocalists,singer-songwriter,acoustic,pop,country,female vocalists
MNxZ6NOWcRdWVYkG	rock,sting,pop,singer-songwriter,jazz,british
MOKNCX34CzVaFGDs	ambient,atmospheric,interlude
MPIrxYRA0J94SCN8	80s,new wave,post-punk
MPpJ0LuFf3mAycKw	cover,country,johnny cash,covers
MQRYue8l3j8xUkf3	k-pop,korean,rnb,shinee,kpop,k-pop,korean,shinee
MQhFK3FsSuSRA5y0	k-pop,korean,hip-hop,rap,kpop
MRSfD6PXnIBFhG0r	love at first listen,jazz,alternative,folk
MRZQuzidKal81iKd	swedish,rock,hard rock,hair metal
MS7IxHjA2uSPdc8d	rock,brazil,brazilian,brasil,mpb,samba
MSYFuBsHcw6kzTHy	progressive rock,canterbury scene,canterbury
MSplH88X08G0Gw16	indie,ambient,electronic,pop,british,ambient-pop
MUCHmDWYj1JYc3Ji	synthpop,ebm,futurepop,electro
MUKZdKxx9EoTwnqx	death metal
MUUbhsDvWGhfr19n	spanish indie pop,spanish pop rock
MUfRjZRau8TTMvJf	female vocalists,power pop,90s,bouncy,the word okay,female vocalists,singer-songwriter,alternative
MUqEvIHuyx4prPxd	k-pop,korean,kpop,hip-hop,male vocalists
MUrQdR7XZNkNtvEu	post-hardcore,alternative rock,emo,indie,indie rock,alternative
MUsc1aPz32H3PB31	cover,post-punk,new wave,80s
MVMeSPsVIaNS0OW1	2018,indie pop,rock,blues,female vocalists,pop
MVVDeSBuidQnZrOr	electronic,hip-hop,instrumental hip-hop
MVbanXgUjHAGT3ve	singer-songwriter,folk,indie,indie pop
MVdLRZiR3M35J4b0	indie pop,alternative,pop,electropop,riverdale
MVoFPDiukvcKbxa9	stoner rock
MWdDFS6IAArBbyKC	metalcore,metal,hardcore,emocore
MXmTGRHN5EghEkX2	grunge,alternative rock,rock,seattle
MYnHmpjAUGhuudaz	indie,alternative,2018,rock,indie rock,collection
MYplJgWLFQGAcUbT	jonas brothers,rock,pop rock
MZSr5KlCMaAifKe0	country,female vocalists
MZihcFDggtxFdoZy	southern rock,classic rock,rock,hard rock,southern rock,classic rock,hard rock
MZoQiVIcmFqFNZHN	experimental,electronic,post-punk,death,sari,suicide songs
Mah9mP9ttLPtXlma	instrumental,industrial rock,industrial,ambient
Malj6FauTQp1vgSH	rock,alternative,alternative rock,female vocalists,90s
Maped72IsnioRnnd	doom metal,drone,sludge,drone doom,funeral doom
MavllxpotTZ9M7S1	somafm,bagel,dark ambient
Max1dgKXndgYldR0	electronic,indie,alternative,indie rock,rock,electronic,indie,alternative
Mb1zv03AAmjozva6	urban,rnb,attitude,soul
Mc0t8L2ZQwWBbjzm	alternative rock,rock,grunge,post-grunge,90s,alternative
Mc2k7nM0T4EEFk4X	heavy metal,nwobhm,2018,2010s
Md1Mvma0ZfmtqdEd	heavy metal,hard rock,metal,rock,heavy metal,hard rock,metal
MdbQMNseTjFaS9jW	hip-hop,rap,west coast,yg,2018,russian
Mdd8bGn43H9ePcKU	cover,pop rock,danish,covers
Mdqk4xzSNujLsPgg	power metal,speed metal,heavy metal,metal
MdslYQCdVaB5tM3U	alternative,rock,singer-songwriter,ballad
MebPBtEjssDtqReB	rock,punk,hardcore,brazil,brazilian,brasil
MfgHkcGm0udlxlAd	garage rock,noise rock,punk,female-fronted,lo-fi
MgoQ9yD2ryqTqUBm	math rock,post-rock,jazz,role certo,i hate math,math rock,post-rock,jazz
Mi7w8MTfy0SWuBRR	progressive rock,classic rock
Mj2fKURAHHwd6wVc	80s,pop,new wave,new romantic
MjHtRYdrmeX0fyBv	electronic,dance,electro,french,house
MjvKTwS5uVYVpbWn	funk,electronic,dance,nu disco
Mk65nJxoVd93K4iD	female vocalists,singer-songwriter,pop,british,alternative
MknZBSGN4ciXdMMR	jazz,50s,frank sinatra,vocal,vocal jazz
MlxvjKZezZovKHAZ	latin,hip-hop,calle 13,autocantantes
MmOhQLE2WIYgtLS8	black metal,true norwegian black metal
MmbtJEn6yZf6yrwa	country,tim mcgraw,modern country
MnJOo9yUYMukuE05	synthpop,new wave
Mo2pidtuzzTuGCbr	heavy metal,metal,hard rock,judas priest
MoIFu207RCSUBWf0	electronic,experimental,2014,american,gr new 3
MoWvUY0ik2IFoXdm	death metal,brutal death metal,deathgrind,2018,grindcore,best albums 2018
Moy7Z5uayY8d2kfF	wonky,glitch hop
Mp1SxJVD5KKMzFCo	female vocalists,folk,indie,love at first listen,2011,radioeins
MppZIeEahP9BAkFV	wave,contemporary rnb,chill rap,chill bass,wave,contemporary rnb,chill rap
MqFT5FBvw7ageAuC	experimental,electronic,folktronica,ambient,folk
MrNSCslvs1mAj6TT	trip hop,downtempo,nu jazz,jazz rap
MrhniuPxlr8JkKEF	metalcore,metal,hardcore,melodic death metal
Ms2dDlb1l2ETptdp	rap,hip-hop,brasil
Ms7tvtmnfNd6gKFi	k-pop,korean
MsQqMnckQrjA6wiN	latin pop,adult contemporary,pop,spanish
MtEkJVpO4YLZDk8i	rock,female vocalist,indie rock,art pop,2018
MtphUfNCgH80nvMf	folk,acoustic,mountains,pensive
MtzrHfwkjHQivwVe	rock,daughtry,rocking out,post-grunge
Mu7JPREefUMSBKWe	post-rock,ambient,instrumental
MvIIRNYtpFb9tmZP	punk,emo,indie rock,punk,emo,indie rock
MvTD2sDXkpFbfU1a	electronic,darkwave,synthpop,experimental,cold wave,post-punk
MwCQ1xELqNXCzouH	rock,hardcore,emo,rap,post-hardcore,screamo
MwTg7Oyf9s5WPpxJ	summer,pop,female vocalists,british
MwxkIAMxuryo7O1K	alternative rock,80s,rock,1987
MxUfziLfuCdvtdRp	dubstep,darkstep,electronic,grime,dubstep,darkstep,electronic
MxcHJ1tUtVPONHM6	alternative rock,icon for hire
MxqGLoxTzM7ON2jz	alternative,pop
MyJvuN2tpsOfVAmL	british,the last shadow puppets,indie,indie rock,indie,british,indie rock
Mz5pJ3cjcNlg8H7G	70s,glam rock
MzCthLGa6UvlRT1Q	experimental,progressive rock,avant-garde,avant-garde metal
MzLDwr22pvDDffDE	60s,classic rock,psychedelic,rock
MzvUmii22NN1SYzy	belinda,pop,spanish,dance,pop,latin,female vocalists
N0rDBSXGodB1e508	punk,chicago
N0vahBtLlQkUpuZn	electronic,hip-hop,experimental,ambient
N0xUvZgLjOIMbyF0	rap,hip-hop,hip hop,female
N2ycNqdnkV7sLfhK	glam rock,classic rock,rock,female vocalists,70s
N32LW8da9zak3jtw	disco,eurovision,german,oldies
N3XpnLc7GGssSYs8	pop,jazz,love,covers,cover
N3adcKm3Y9r76ZqB	dubstep,dubstep,electronic,breakbeat
N3g4MOHai7etT7Er	electric light orchestra,80s,classic rock,rock
N3sqdIM9OkXzZJVO	blues,electric blues,albert king,guitar
N44xbRiNkO0au40Y	black metal,swedish black metal
N4P4TcJX5c918pQi	rock,beautiful,post-grunge,male vocalists
N4YaGP75vRIHv14U	metalcore,hardcore,metal,screamo
N4wDu91Zr39bCMzE	heavy metal,thrash metal,metal,metallica,rock
N5OGyaF6TYIP0hfd	italo disco,80s,disco,pop,italo disco,80s,disco
N5RtvxjSn2jtw3EQ	indie,indie pop,american,soft rock
N6h4nI1hwNowhyIL	progressive metal,acoustic,progmetal,prog metal,prog-metal
N6q3t8ONBYXyVOI2	pop,american idol,david archuleta,male vocalists,pop,american idol,male vocalists
N7AX7F6hDXe4ykbf	mathcore,chaotic hardcore,hardcore,post-hardcore,2015
N7YFNwVkTgq923TL	soundtrack,instrumental,5 of 10 stars
N7aZZcxRcQmpiLJK	rock,bluz
N7eBlSOXrLuZDSOa	pop,soundtrack,female vocalists,teen
N7rjTKDkCxqxhKI6	dream pop,mellow,gilbert,beautiful
N7wH5VtdpHX8zulS	drum and bass,liquid funk,hospital records,dnb
N7yLPUHoMl087XEE	georgia,eurovision song contest,eurovision,esc,eurovision 2017
N82WsEb0rOWIsjZK	soundtrack,instrumental,mcu,composer
N85ZQnxS6I6NqB4n	progressive metal,progressive rock
N8ep2mQU1GfLv4Ck	electronic,electro,german,electronica
N9cmy0fyWUy2BUx6	dutch,2017 single,indie,dutch,indie rock
NA74UEG441yk9F0U	dubstep
NAmkIJ6hhsetLoKd	80s,soul,pop,love,romantic
NB2oFnM45j59VdLG	2019,french,electronic,french,electronic,pop
NC9J1Brm5Dj4hrSV	happy hardcore
NCGwxRWJfMJfg5V0	metalcore,metal,bullet for my valentine,metalcore metal,metalcore,metal,hardcore
NCwW0aKv5geyR5Qd	2017,emo,alternative,indie rock,rock
NCyUi1hEIsVS2eJ5	slowcore,mellow,lo-fi
ND8lWjmjIcRnPizH	grunge,rock,alternative rock,90s,pearl jam,grunge,rock,alternative rock
NEogaJF241YgrXM0	thrash metal,heavy metal,metal,rock
NErFWYvOMsOvn0Sq	pop,female vocalists,chillout,mellow,relaxing
NEs809IxWY4cxhIM	rap,hip hop
NFAn2d5Ao6W0MegG	disco,funk
NFfwjUofQqjRJaia	rock,hard rock,alternative rock,alternative
NFmBddkKb8LEYBLL	christian,worship,christian rock,praise,rock
NG4V9okqW3MDQ5BO	electropop,electronic
NGLzqIO1fgzl80rR	rock,punk,alternative
NGwG4dVTUtnthIpG	ambient,electronic,drone,[check]
NJ5XSCLxqskhKdhv	progressiv,rock,instrumental,oncemore
NJHY7VgIwWPt72WD	post-hardcore,emo,screamo,rock
NJZfzhF8MpBHY1mC	hard rock,hair metal,power ballad,80s,rock,ballad
NJk4OFDiBPATuDD7	brazilian,love,pop,cool
NJonPkZi6nNi8NKS	80s,synthpop,new wave,pop
NJw7BJ9x9QnGeq4h	cloud rap,hip hop,autotune,swedish
NK3dUpgVPl3GXZTg	dubstep,electronic,uk garage,atmospheric
NKPCrsF0lAfVyTCG	heavy metal,metal
NKPHUlbHwkRqDEeN	indie,indie rock,canadian,rock,female vocalists,indie,indie rock,female vocalists
NKWa1ObrIIbGCtAt	rnb,pop,acoustic,powerpop,r&amp;b
NKrmsk3Wc7hWUZcO	country,acoustic
NKxmmoRuCKB2uqQQ	progressive rock,classic rock,psychedelic,psychedelic rock
NL9dxM1H0ozX1vWn	shoegaze,dream pop,indie,indie pop
NLJdxueC4rfcx3M9	rock,pop,female vocalists
NLRkHNd86PYaWbrO	post-punk,reggae,gothic,ska
NN7G5aYKjKwjPtxM	female vocalists,pop,mellow,sarah mclachlan,singer-songwriter
NNARvvy9Am8iB3Kb	indie,guitar,post-punk,trio,quasi,close harmony
NNS1xIn4wUEXQ0IC	dance,80s,rnb,awesome,new jack swing,this house
NNdDX0cReLnswqfL	brazilian,sad,mpb,adriana calcanhotto
NO9zvs3h9IZ4YSoU	brazilian,alternative,brasil,alternative rock,rock
NOj3JYAAvmPvxG72	soul,love,singer-songwriter,pop rock,british,you and me
NOoGCcAjATgLU4n9	punk rock,punk,ska punk
NPBERok8QMcXTiwJ	black metal,atmospheric black metal,ambient black metal
NPFYYL9bYrW8lCCx	alternative,indie rock,happy,pop rock,british,la la la
NPQqgGdi6ritO2PX	fip,gothic,ethereal,world music,ambient
NPoJPIwR7qLwOl67	acoustic,singer-songwriter,folk,irish,indie
NQDYli5RfKmqnZcn	cloud rap,hip-hop,rap,trap,phonk
NQN8BJIvJ8XIYMx5	rock,alternative,kick,alternative rock,muse
NR0Lnp7NU01Trn9g	punk rock,pop punk,rock
NR2eTnFClA0dbP6g	dream pop,1997
NRe56RgD7sFnIYXW	dark jazz,ambient,experimental,jazz,electronic
NS90svrI93s17WTL	thrash metal,metal
NTcmLcoBb4ROGo23	indie folk,lola marsh,indie,pretty
NUphviU5bhQa5i4n	2,bossa nova,robertitus global,alcione,brasil es robertitus,samba,mpb,brazilian
NWBypE3gjOa7ghBy	instrumental,ambient
NWJ3l2Y9xKAuzPZR	rock nacional,titãs,rock,brasil
NWJQSAhJxduPA3oj	metal,progressive metal,black metal,heavy metal,progressive black metal,avant-garde metal
NXb6RWjixlTSoR3t	rock,singer-songwriter,argentina,fav,rock argentino,rock argentino,rock,70s
NXhJu2soxDvwwocP	acoustic,folk,indie,hudson taylor
NXoPAL5WoyY2xKpe	hardcore,metal,metalcore,american,post-hardcore,hardcore punk
NXoyeU8KWYaa8NBR	shoegaze,dream pop,ambient,indie
NXxRssC8QzuDhHgr	swedish,pop,indie,eurovision,female vocalists,female vocalist
NY07JhnZxamrI7BJ	pop,t5rpop,pop,80s,female vocalists
NYKdRaAXs4vs42wg	country,female vocalists,2019,reba mcentire,reba
NYdW2juZHxlfd44q	death metal,technical death metal,riffs that are so good they arent even riffs anymore theyre riffz thats right riffz
NYp9K3RATCyuslTC	rock,female vocalists,beautiful,singer-songwriter
NZ44u9gBu4wUtcCY	mpb,brasil,female vocalists,brazilian
NZAmGSCJ67BJEU31	soul,60s,rhythm and blues,oldies
NZChgwgSdmVZogSg	bossa nova,jazz,female vocalists,brazilian
NZDMubI4X2ir7cbW	metal,japanese,power metal,deathcore,trance metal
NZQ94DRlcbKwJD9S	2018,folk,lo-fi,experimental,indie folk,indie
NZoHbhXYbluI8ebW	pop,80s,dance
Na3WJJqdfCXbFOS5	mpb,brazilian,folk,indie,alternative,female vocalists
Na5KROKlvWggK3OW	indie,indie rock,british,britpop,2018,indie,indie rock,british
NaRWu8C0Y4VJVeFi	progressive black metal,progressive metal,black metal
NabVBJbLX5N1mkJe	icelandic,electronic,iceland
NbEp5bnCnBVZeYjZ	pop punk,punk
NbGEne0MgCJOR0qu	slowcore,indie rock,mid,low
NbZSXArD7jc9NWw4	rock,singer-songwriter,john frusciante,alternative rock,genius
Nbf8AHhLi1InwmqF	experimental,chill,ethereal,avant-garde,avant-garde,experimental,disco
NcG87VJGRz5scnDO	pop punk,powerpop,alternative,rock
NcZcZbHgA1kCC1Pc	rock,electronic,progressive rock,progressive,alternative rock,pop rock
NcgntqGoALBvrcDu	soul,2015,female vocalists,jazz,rnb
NdJfgYWLXmS8KS4c	progressive rock,instrumental,hard rock
NdOHGlMODKKuKI8E	synthwave,synthpop,autobiographical,electronic,electropop
NdTUVsAK5QDrXIuh	black metal,norwegian black metal,true norwegian black metal
NdbVmfgliuIFDdzH	indie rock,rock,folk,indie,singer-songwriter
NdsTGc83KmtBDPBG	alternative rock,post-hardcore,alternative,the used
Ndv1s3pijNhDhiAZ	alternative,indie pop,indie,indie rock,american
Nedhu4ubAFFcdE6q	doom metal,folk metal,black metal,atmospheric,progressive metal,metal
Nee7FFRGPvohrEPw	sertanejo,brazilian country,brazilian,brasil
NfNZTboNJZzMPH9t	indie,rock,00s,alternative
NfUJoE34oElgon4X	thrash metal,cover,heavy metal,metal
NgTo470ZryCrC9Xu	indie,dream pop,indie rock,indie,dream pop,indie rock
Ngu0zLeZK4dp31rA	synthpop,dreamwave,dream pop,american
NhNsT8mMEHscBd90	rap,hip-hop,dancehall,trap
NhdupQW4QNq6Jcqd	indie,alternative,female vocalists,indie pop,beautiful
NhyIwS0625Gsyxic	pop,female vocalists,6 of 10 stars,dance,10s,female vocalists,indie,chillout
NiLqlcsPt3zDaUOX	experimental,alternative,ambient,electronic
NiudqcEKB1pIADsL	hard rock,classic rock,rock,progressive rock,american artist
NiyB0ON9MDefhFJU	2018,dream pop,los angeles
Nj5xXdRhcGmFf1NH	heavy metal,instrumental,bass solo,power metal
Njn1NwRTpopg9p9P	indie,indie rock
Njr6jCCOKamaq2wL	indie,rock,alternative,indie rock
Nk0EdV91xUqS1MrT	jazz,miles davis
NkNs5BTIMXdxYDdP	pop,demi lovato,acoustic,disney,female vocalists
NlMmzOiM5jQL0AIN	funk,soul,brazilian,samba,samba-rock,funk,brazilian,samba
Nm2A0A2FojNYTKiQ	indie rock,indie,british,00s
Nm9McCNSw3kYZJ75	indie,indie rock,alternative,christian,rock,indie,indie rock,alternative
NmJRqoipEN80wJot	melodic death metal,played
NmhCjSA41EzuCKfL	industrial metal,industrial,metal,rock
NmnAgkSFGjpSi7Bt	black metal,true norwegian black metal
NmrCqQhrxRqhOtuq	post-rock,ambient,best of 2014,atmospheric,british
Nn3KhfoZWaoUI6Fq	christian rock,spiritual,rock,soft rock,folk,singer-songwriter,classic rock
NnLKuTMt7Te4n4OQ	drum and bass,electronic,trip-hop,female vocalists,kosheen
NnZ9kml7taTCoHa9	black metal,grindcore,industrial black metal,death metal,2018
NnhlEJVVJcX5oGci	shoegaze,japanese,dream pop,indie pop
No2X2XkR1wh18j45	stoner rock,alternative rock,rock
NoKlPOXqOPPcPRsG	pop,party,british,pop rock
NoQr859iKxsDJ24H	post-hardcore,screamo
NoWzSl5t6joo1NBH	post-punk,noise rock,post-punk,noise rock,uk
NpWMwY0N5uEgD9Tb	indie,canadian,electronic,cute
NqsmVXtFaJekun51	indie,pop,female vocalists
Nqt84x13U417X6mY	liquid funk,drum and bass
Nr52g25noN2cOkf6	rnb,soul,ne-yo,soulful
Nr70p2v1BI62sDPr	power metal,heavy metal
NrFyKvytYvM75UJZ	mpb,bossa nova,brazilian,70s
NrUt2VsLULo1bnP1	k-pop,k-pop,korean,kpop
NrcQ85iZfMn2ZLCl	post-punk,80s,new wave
NsdluNhUNqzEIpmx	gangsta rap,rap,hip hop
Nseiw5iKBqT66a2Q	classic rock,70s,eagles,rock,country rock,classic rock,rock,70s
Nsl0iL0ZQWoyyE8X	country,george strait,write this down,classic country,country,george strait,classic country
NsqBueiGAyvCOnQb	downtempo,electronic,trip-hop,chillout,ninja tune
Nt33su6pXO1q8VGv	hard rock,heavy metal,glam metal,hair metal
NtDQzyjr5BpLiAjA	soft rock,singer-songwriter,billy joel,rock
NtPeAdC49n5s7lSk	pop,rock,90s
NtnVVzZ5CRS2e6lp	soundtrack,lord of the rings,instrumental,classical
Ntv6g5lcrROVv0Nc	black metal,doom metal
NtvcL4YndIMuoek8	hip-hop,chill,mos def,hip hop,underground hip-hop
NtxiVy3u9ZIMz6qO	rap,hip hop,aesthetic
Nu9f0OIpZgS1baDE	emo,post-rock,indie,indie rock
NuYmb8Vtn2SgMBEt	black metal
Nv5TKxRRuOFQAaS4	k-pop,pop,kpop,exo-cbx,k-pop,exo-cbx,kpop
Nv5qrchJvNTCh7cp	funk,acid jazz,jamiroquai
NvfKdB6SQyGeRlGZ	70s,singer-songwriter,soundtrack,harry nilsson
Nw5kQLQbLFqao7nu	jazz,saxophone,bebop,hard bop
NwReeIAaErHsxnsn	synthwave,instrumental,electronic,darkwave
NwjDp73W3wccj04g	indie pop,indie,rock,indie rock,spanish
Nx37IuCwJAS2YmE5	50s,oldies,rock n roll,rockabilly,rock
Nx6WSbIXtOpuIUQF	pop,indie,rnb,female vocalist
NxDuAw545ivgXqgP	cover,pop,electronic,alternative,indie
NxIx2Zg3cSCk4AwH	soul,oldies,50s,rhythm and blues
Ny9larGl8WJvgZSP	80s,new wave,pop,synth pop
NyZ9WBKRoCkeBQwk	dark pop,pop,drag queen,dance
NysZZDyEbfFuCCPb	2018,singer-songwriter,folk,female vocalists,swiss,10s
Nyxn7ApCXe2mRbk6	folk,oldies,60s
NzGo15jodGnYtchR	electronic,canadian,pop,dance
NzsTaPrrEadusGd8	soul,pop,duffy,british
O1OjH1RoKKgm99dr	the cab,pop,summer,pop-rock
O1jm1sBM2TpzFHZX	rock,post rock,emo,alternative,indie rock,alternative rock
O1oDeNiBP5sQvfX3	thrash metal,speed metal,metal,heavy metal
O2CopC5lg3whLGhu	singer-songwriter,indie,alternative,melodic,rock
O2qGJ8aWViEoO190	pagode,last fm various
O30ks8ZzHJBina62	post-hardcore,hardcore,metalcore,metal,rock
O33N9BLWMNTFuW4w	rock,electronic,indie rock,synthpop
O3NYEVj9ZePgKXnk	pop,live,3 and a half stars
O3sMXuMJEuIeRmiR	loved,rock
O42sZfzZ29FAgRzW	pop punk,punk,hardcore punk
O4P0HZ6Taxj23P4R	alternative,alternative rock,indie rock,american,2015,so let us not be lonesome
O4cC4qKepsdsRpFF	pop,latin,spanish,latin pop
O5NANzytdOBLoxrg	progressive rock,rock,classic rock
O5ccZhRRVB5QKQAV	folk,singer-songwriter,female vocalists,acoustic
O5xePKFZiruq0WEj	indie,indie pop,norwegian
O6PZJBEHxiOIvHGp	alternative,experimental,amazing,soul
O6b9U9Vc9VAzqK7c	gothic metal,symphonic metal
O79LWSpbD73F8Kyb	folk
O7XRZ7sE0saLzSbl	female vocalists,pop,singer-songwriter,piano,female vocalist
O7h1wEoFvTFDPBPq	80s,new wave,pop,new romantic,synth pop
O7pjTEtfY0momza8	alternative,indie,epic,beautiful,indie,alternative,folk
O86aW6A9TS6QbvoR	pop,female vocalists,x factor,american,rnb
O89Dd70U261uKJzR	mpb,brazilian,alternative,indie,folk
O8MXBbnUK9jOOZGG	nu-disco,electronica,house,electronic,nu-disco,electronica,house
O8WnPps92Feu84Kg	mpb
O8XHz0hZxZfdD7mK	pop,female vocalists,love,teen pop
O8xLq9YZsJ0lwLXd	shoegaze,fave indie pop
O96HUw6ljll4nvq4	blues,jazz,fip,singer-songwriter,tom waits
OAIaFPgcYtfFWF0b	indie,christian,folk,acoustic
OAWSH910wp7HvZmT	post-rock,instrumental,post rock,piano
OAovXpeKwPdusC0a	thrash metal,heavy metal,speed metal,metal
OB4tqNLrVBrgoSJY	pop,latin,spanish,melancholy,reflective,emotive
OBPO7m1wQZj30vE4	italian,indie,folk-rock,folk
OCDUO9tAU09O7a13	punk,post-punk,riot grrrl,female vocalists,garage,punk,post-punk,riot grrrl
OCatf9m45b9RlTED	country,oldies,classic country,marty robbins
OCx99Oa9jrLSNnOY	soul,funk,hip-hop,r&amp;b,rap,hip-hop,hip hop
ODER8mTX29NxobM3	ebm,industrial,80s,industrial metal,industrial,industrial rock
ODPlapTPkz8Ov7ZJ	post-rock,instrumental,post rock,epic
ODfJWJ8FQrehDJdJ	soundtrack,piano,classical,instrumental
ODkZ2Z5MuRxCjweY	indie,indie rock,alternative,danish,rock,dream pop
ODypuwB5PTy1QAaf	hip-hop,rap,hip hop,alternative rap
OEJ31fIfg6jAaj8O	synthpop,art pop,melodic death metal,screamo,indie pop,pop
OEzO6y6QGtpD6kzv	death metal,metal
OG6Y1ZdpzarnYIew	rock,classic rock,80s,new wave,the police
OGBr9f0cvhe4Gk3j	hardcore,punk,post-hardcore,hardcore punk,hardcore,punk,hardcore punk
OGJKnsGVwAWTBuBr	experimental,rock,avant-garde,experimental rock,folk rock,folk,singer-songwriter,psychedelic
OH4LF1eEia8LYJpB	pop,10s,love at the first listen,sagitario
OHcLhQ7xjB69U50x	pop,british,britpop,take that
OJWTRJuWFj08BU1h	folk,pop,contemporary christian,acoustic rock,christian,catholic
OJctEkB1wdLnwKwm	samba,rap,brazilian,hip-hop,brasil,mpb
OKE2D9ivz2HvKxlw	hip-hop,hip hop
OKNtCh5tgn6Bkol3	60s,the rolling stones,rock,classic rock,blues rock
OKTVVn4MrieEF7JC	progressive rock,experimental rock
OKq6mpj8Kn6aWJN1	psychedelic,space rock,90s,psychedelic rock
OKzYX6XYKG1SCpvR	hip hop,female vocalist,chile,rnb,from chile,feminismo
OLBhenPFFFRQoKyZ	progressive rock,art rock
OLMoEUn3upirD9ln	electronic,synthpop,post-punk,indie,experimental,electronic,synthpop,post-punk
OMw31ry41gLUqkwO	indie,indie rock,lo-fi,experimental,psychedelic,psychedelic rock
ONMuo28kd5N2rlwo	soundtrack,design,macemorning,mybreakfast,10 of 10 stars,macesleeping
ONysRKGk3jzj80x8	punk rock,rock,diy,catchy,weezercore,just what i needed
OOILsgXKi36oogw7	dance,house,pop,electronic
OP7MHZ2uuSgbBIBI	pop,backstreet boys,best,romantic
OPfLbWfPG6JUZq16	piano,dark,female vocalists,experimental,electronic,alternative
OPg85ifPAPNVsz3h	grunge,90s,rock,alternative rock
OQN46q1KzwyqoHJ4	rock,alternative rock,u2
OQevdb6ueOdNqBzM	rock,indie,alternative,alternative rock,indie rock
OR2S9Xuo6LOcMm5Y	downtempo,chillout,electronic,trip-hop,bonobo
ORwbA2hDq5CYgGpH	rock,alternative rock,alternative metal,mike patton,funk metal,alternative rock,rock,alternative
OSxWMyro4wiPcoKg	poptron,indie,electronic,new rave
OTaX8SW5YDkQgPa3	shoegaze,dream pop,ecstasy,slow
OUEQkgKx74uAp4T7	pop,latino,espanol,espagnol
OUsxJAxsz6DP2ejv	death metal,metal,finnish,folk metal,melodic death metal,finnish metal
OVOnsAnWXw8i8c9n	canadian,electronic,female vocals,canada,female vocalists,great vocals
OVPnJs1jVTOPnzQj	melodic death metal,heavy metal,swedish
OWALhkavNeREExLD	disco,michael jackson,80s,soul,pop,the jacksons
OWHPwr2DNITVeCOY	alternative,rock,indie rock,los angeles,california,alternative,rock,indie rock
OWm0mCNhbKhEXtbQ	pop,2014,best of 2014,pop,alternative,indie
OX5QpnTGYx99HoN9	soundtrack,rock,hard rock,queen
OXB4CWgChdb7vkZn	symphonic metal,cover,symphonic,beautiful
OXXRl9rgi1X1BR03	mod,new wave,rock,british,punk
OXcu6bC43kF0cneb	folk,female vocals,british,beautiful
OXjc6dHamI2wApZg	indie rock,indie,british,rock,alternative
OXk59aZZSGV9vR7e	pop,awesome,cute,sweet,british,male vocalists
OXthts7NnOVW9sDS	dutch artist,english lyrics,symphonic metal
OYiEF9Hl1pCrOvvi	dance,pop,electronic
OZFNMjI9nfW3PX0o	fip,soul,60s,cover,rhythm and blues
OZI2HLGPPGFC5f3Y	indie,indie rock
OZN2UAzdVSjOou6b	classic rock
OZYpxya27xpHMX6o	pop,canadian,celine dion,ballad,diva,2016 single
OZiQ720VBGcEjcP4	pop,female vocalist,sad
OZxyM66rYT21PTYG	indie rock,korean,k-indie,indie rock,korean,k-indie
OZyqPkVhX1XGYciF	dirty dancing,soundtrack,dance,60s
OaKbpeePBxQfxOgB	rock,alternative rock,rem
OaSvVB0gheT8RPmo	acoustic,folk,indie,mellow,singer-songwriter
Oaw6u5QmPlTmtyhp	classic rock,70s,rock,fleetwood mac,pop,classic rock,rock,70s
ObEnEbzN0IUuhnDk	progressive metal,mystical metal,sludge,sludge metal
ObKmUB5OgOxVpuUD	soundtrack,instrumental,classical,composer
Obg3NHYitJdcbR3q	ethereal,darkwave,ambient,gothic
OcKhAr5vZPT8h6Kc	rock,alternative,female vocalists,alternative rock,kick,garbage
OccbkGSoZxaFP70s	rave,trance,electronic,club
Ocu65MYTMlKYxemn	pop,love,sad,ballad,sadly beautiful,better than original
OdGYK8INLuHJ4sAR	pop,michael jackson,70s,soul
OdZ2NLCTv2UmIXtR	shoegaze,noise,post-punk,indie
Odc4vck5PparTzPy	krautrock,experimental,psychedelic,progressive rock,fip,german
OdmxhoBgb82Q26TQ	indie,alternative,indie pop,dream pop,female vocalists
OemBupJTR9glFooy	punk rock,rock
OfzVWDV2oNSRtdMM	trance,vocal trance,atb,dance
OgWDV82JkbGlam41	vocaloid,electronic,electronica,&lt;3
OgjNE8yIMWGfqzLB	progressive rock,70s,classic rock,rock
OhKIEiHGjbXclOWB	indie rock,indie,rock,british,alternative rock
OhW1iALtPGFdbLA9	indie pop,shoegaze,dream pop,indie
OhgpYwMkC0p37JMc	punk rock,punk,grunge,punk rock,punk,female vocalists
Ohr4JpS7x0a801UM	rap,afrobeats,hip hop,hip-hop
OiNPhwy86RQQhBIW	rock,latin,venezuelan
OjOIzXtoonwFcFhd	power metal,heavy metal,speed metal,metal
OjfH3EXXNZonhOZl	dream pop,winter,female vocalists,indie
OjwXTPCan4M238cI	classic rock,60s,rock,mod,british
Okz4K3lEYXYi9sk7	pop,dance,the pussycat dolls,rnb,female vocalists
OlHmCOmY9UqrsmzM	chillout,electronic,ambient,downtempo,electronica
OlrEiKo1xcZpQHWz	happy,love,emo,rock
Olxv1GphUtAemIyQ	alternative rock,alternative,indie rock,indie,rock,2016
OmAg7pUyoCGaDKEo	female vocalists,latin pop,pop,love songs
OmPaJn6FhiglKWNI	female vocalists,alternative,piano,singer-songwriter
On2Mq19nPzVmJg5p	2014,rock,indie rock,indie,alternative rock,rock,indie rock,alternative rock
OnyfYRnBCYEOE6kh	grunge,rock,instrumental,alternative,alternative rock
OoUcJ6iYd36dTIN6	progressive rock,70s,classic rock,hard rock
Op6daPhkFznpw74Y	viking metal,folk metal
Op9rhPjFpFpRfzSX	alternative,john frusciante,rock,singer-songwriter,frusciantism
OpPI6Jv4eGHnTnMw	indie,modern rock,my 10s
Opa0BDFw1uSwyrjf	soundtrack,drive
OphX0BwZugfLQsdZ	british,favorite song,2015 single,love at first listen,2015,folk,indie,singer-songwriter
OqQ9rB2cReEMMLJK	indie rock,rock,indie,alternative rock,alternative
OqlsR988e0DAK29P	metalcore,metal,thrash metal
OqpojKypQYk8NKKN	pop,radio,wonderful,i love them
OrColppwFOVMbqfv	indie,alternative folk,indie folk,english
OrViZaVFwrBUXJdF	copeland,alternative,indie rock
Oro35RPz8l41I1UA	indie,90s,1995,rock
OsBIQ1O5px4PrcH6	indie rock,alternative pop,alternative rock,rock
OuMSyPIZa99tXm1X	electro,electronic,ed banger,electronica,french
OuST634Vp2FZBKKU	2018,garage rock,lo-fi,psychedelic,garage
OucyF52aDH5ZVCaO	folk,pop,singer-songwriter,female vocalists,duo
Ova9bRMy3Wi1KdEA	heavy metal,metal,hard rock,thrash metal,metallica,rock
OxIY8ILFyU5PWi5Z	indietronica,art pop,fip
OxaJdxncDQytJ93I	latin,soundtrack,espanol and stuff,rock,latin,pop,female vocalists
Oxl11HgnfhI1dAwS	rnb,soul,pop,hip-hop
Oxrb6oaY35lTwm2Q	hardcore,punk,post-hardcore,hardcore punk
OyMohl8TNMqWZiqB	hardcore,brazilian,melodic hardcore,alternative
OySJFse1ZoSBm1xo	classic rock,70s,rock,oldies
OzB9Q5w71aVzNWdJ	indie rock,experimental,indie,alternative,alternative rock
OzaQXOSZOxP5XMeR	shoegaze,italian,post-punk,dream pop
OzuKmXvZEfRPsY9J	punk rock,punk,box car racer,rock
P0DNOXkgkP3JrzlZ	house,deep house,electronic,female vocalists,electronica,2015
P0wduP6CwGfFyYDY	viking metal,folk metal,icelandic,melodic death metal
P1JFgX2inhedGI9m	classic rock,rock,psychedelic rock,folk-rock
P1YHNBY49hliViCQ	brazilian,alternative,alternative rock,mpb,brasil
P1e88oZvEM0gTkue	latin,70s,samba,brasil,samba rock,jorge ben
P1rY453Gabk6Qjhg	fip,80s,pop
P2S6M5e4PN1JubTp	hip-hop,rap,gangsta rap,dr dre,hip hop,west coast
P3n19zXBZjUTOKBH	country,taylor swift,female vocalists,2000s
P4Ez8cBQyWR3h7WE	all,rock,pop,brazil
P4R963t59zOY1IXV	ambient,contemporary classical,neoclassical,classical,electronic,piano
P4zIY2Z93w4RnHWH	jazz,female vocalists,blues,nina simone
P52dbxSL5Ac1J02K	electronic,electro,techno
P542Q75Cf7nEBjqG	alternative rock,pop punk,rock,experimental
P56VIoXBdn04CZiw	post-metal,doom metal,post-rock
P5PhnAUrO7gutVQe	pop,80s,dance,madonna
P5QZ6aObvNwObwGx	britpop,alternative,rock
P5mkOihY9TB7J6Ua	bossa nova,chillout,bossanova,brazilian
P6D94KavHyqQubCk	ska,reggae,jamaican,instrumental
P6HPaciTulCfYseZ	alternative rock,rock,alternative,progressive rock,muse
P6yem7OpRHKpv323	british,soul,2014,funk
P7AIFsTDEO9onvG8	grunge,rock,alternative,alternative rock
P7tbZywBjTl13cc8	canadian,duo,girlsband,bubblegum pop
P8KMs3Yi8rq7TZLA	alternative rock,electronic rock,sad song,makes me cry
P8l2gwcObRNrT3DD	pop,rnb,female vocalists,albumsiown,2018,soul
P9C6YwUsCAHdAWe5	soundtrack,john williams
P9Xl19amy2blzy9a	metalcore,metal,hardcore,emocore
P9glGNb4nKWmLPWo	synthpop,electronic,new wave,90s
PBB6Cdu9ATmZvpMy	best of 2015,k-pop,2015,summer
PBEsLeg3jSUfrWFt	trap,hip-hop,hardcore hip hop,trap rap
PBGBniDXOl8JRekW	latin,juanes,spanish,pop
PBbrkr2BftrLY4P3	new wave,80s,synthpop,pop,dance
PC6ndAj4ZWyNN38i	dance,rnb,k-pop
PCd7QZ7k44ODfPmU	viking metal,folk metal,pagan metal,black metal
PCmbO0UW11Y5yDfM	instrumental,electronic
PCpfXWM7Deyocxu3	electronic,ambient,idm,techno
PCst5vDb6DGqWTCN	punk,rock,1977,70s
PDC5T5eLofFlPOuu	ambient,art rock,drone,indie folk,midwest emo
PDHgXypfJrtDDRqw	electronic,80s,synth pop,synth,1980s,wave
PED6ytydKCXhDk8n	j-pop,japanese,pop,electronica,female vocalists
PEDjd7ayOWMGJGfL	80s,pop,alternative rock,melancholy,oh fuck john i love you,i fucking love this song
PF8yXJ6or9SKPsSy	2018,hip hop,experimental,hip-hop,glitch hop
PFfckHhbYAsk7pay	pop,new wave,synth pop,mood music
PGcXHPOXkWiqLq0d	pop,female vocalist,k-pop,girl group,korean,korean pop
PGxLgyGjrrohNdUY	grunge,rock,alternative rock,get born again
PHHFUpXjLjpFyK0H	pop,italian,female vocalists,latin
PHlrMrB8IHTm2gMo	metalcore,christian metalcore,hardcore,screamo
PHzwgGXJJ5m32jIP	mpb,rock,brazilian,brasil,pop
PIt83vXX7TSajS8t	drum and bass,electronic,monstercat
PJGUsjb2i33lMQDB	80s,british,new wave,pop
PJGkXRFSmJzZ0LQ2	sertanejo,brazil
PJS3KitYMyM9yuGo	pop,funk,dance
PJvPympjYB4NCBLR	synthpop,electronic,electropop,indie,female vocalists
PKDLBmk1grFICo0N	ambient,witch house,electronic,dark ambient
PKEuX4f2OlseweNs	country,pop,female vocalists,90s,shania twain
PKWRD63n0QZrXIou	soul,funk
PKkK1yiS9NEyBV69	alternative rock,rock,scott stapp,creed
PKsz5XSuuDQTUmL6	indie,singer-songwriter,folk,alternative,rock
PMIEWP5l1jGMqbE7	chillwave,dream pop,electronic,atmospheric
PMIZBRZiAmrQFFUX	ambient,chill
PMySTe6ejTTsyf3d	classical,piano,klassik
PN6GYJkGD4qPEdN2	ambient,electronic,experimental,instrumental,electronic,experimental,hip-hop
PNEZzZMtlaOWMWJO	hardcore,90s,nyhc,hardcore-punk
PO5Td1vnsEI5BQZs	k-pop,korean,kpop,pop,albumsiown,girl group
POIULxG3H23PUHGW	brazilian,rock nacional,rock,comedy rock,made in brazil
POobfSSZJ0jMSvpn	country,jason michael carroll
PP6poS6XEOaLnHxb	industrial metal,metal,90s
PPL7klhRhjYwcYPL	christian,ccm,singer songwriter,acoustic,christian,ccm,singer songwriter
PPc87NauCUbIkPWN	rock,ringtone,alternative rock,my favs
PPkAoNG5yGwCjdQK	pop punk,punk rock,punk,rock,alternative,alternative rock
PPnXfItUxw7ads47	whitney houston,soul,pop,female vocalists,diva
PPpoW2HACBZj0IrV	soundtrack,contemporary classical
PQQyOEfwGo3H4Avv	dutch artist,symphonic metal,gothic metal,power metal
PQa8xeEclPIe4H2F	soul,60s,oldies
PR0irowHiZ1ND68u	experimental,avant-garde,mike patton,experimental rock,experimental,avant-garde,mike patton
PRVUCu0FWQ0hCR53	space rock,psychedelic rock,psychedelic,progressive rock
PS0AbvJPrp4oa4Yk	pop,80s,t5rpop,1989
PS69taiMbxSFkuEe	punk,punk rock,post-punk,rock
PSo2VGlDQrXU24ah	country,country strong,pop,soundtrack,pop,female vocalists,gossip girl
PTjAgaULILFpDWCm	rock,female vocalists,gothic,gothic rock,evanescence
PUOqj6USjnz8F6RF	christian,worship,contemporary christian,michael w smith
PVY2siDPo4gMrLsI	shoegaze,indie,swedish,best of 2011,indie pop,electronic
PVgxCtsAzUUbzwBn	experimental,electronic,glitch-hop,abstract,experimental hip-hop
PWKrCWMcOlcpErPS	hardcore punk,punk,hardcore,punk rock
PWhdybZyqiCm3V8g	brasil,beautiful,bossa nova,brazilian,joao gilberto
PX06stSZnkhFOdvI	rock,singer-songwriter,david gray,pop
PZcJOvnLlhshDzfF	electronic,darkwave,blaqk audio,electronica
PaBg2azD3G9C2bsT	pop rock,pop,female vocalists,rock,the veronicas
PaBmnNveNo3gg0G2	heavy metal,metal
PaHKeT5vCNsJZjVV	witch house,electronic,dark ambient, dark ambient,2015 releases,newbreed
Pan58M2p4GcUKNmt	heavy metal,metal,nwobhm,speed metal,heavy metal,metal,hard rock
PbF9x3Krh0GU0PTH	icelandic,ambient,instrumental,dreamy
PbeJpzOytm2qNbDd	80s,rock,classic rock,pop,the police
PbeMk8oOAQt9JzzP	country,classic,american,cover
PcdOYsoYIsBu07Mk	sxsw 2016,alternative,rock,indie rock
PcjoJ2YyOdroKlAy	progressive metal,power metal,metal
Pd0uSWxOlR8Dj9iF	indie rock,indie,rock,2016,space rock,indie rock,indie,rock
PdJjAksRAaIqrhag	folk,acoustic,singer-songwriter,indie,folk,singer-songwriter,female vocalists
Pdc9IrO04OqpTttN	pagode,pagode,samba,sorriso maroto
Pdht2AjMJs4b7dRs	cover,punk,tony hawk
PduXZTzf3pTwTVNA	piano,2019,ambient,instrumental,contemporary classical,piano,ambient,instrumental
Pe4RTnSDm9wLHlvn	hip-hop,rap,post-nerdcore,blackmage
Pe6BTnWIlzmTK3zb	progressive metal,progressive rock
Pe6PwGyXroesrEHb	bands,latin
PesitO8AdysGyY98	rock,80s,indie,alt rock,noise pop,1989
PetjPkl2MZwDe02U	melodic death metal,death metal,viking metal
Pf4JCahxtNN0gsEa	pop,rnb,female vocalists,albumsiown,2018,soul
Pf89ffRoZd5ooZ1g	axe,brazilian,brasil,carnaval
PfBpuxtF6tfw1na9	electronic,singer-songwriter,hip-hop,experimental
PfKtDFsWEiTGxfLH	folk,fip,sting,acoustic
PfcT8KH1HXPFEteN	metal,hard rock,thrash metal,heavy metal,milla jovovich,jenna jameson
PfjkHIHQngvl1Uou	melodic death metal,death metal,metal,female fronted metal
Phb9n4ric1ja8273	house,electronic
PhzrnaxDW4E1n2e1	jazz,jazz fusion,progressive rock,progressive rock,experimental,rock
Pla9auqurrjY82lw	dark ambient,notable soft whimsical,females,theta inducing
PlpohkhZ3mHRIFUw	k-pop,kpop,korean,bts,pop,k-pop,kpop,bts
PmO9duahdQqmQXUp	ska,jazz,soul,female vocalists,amy winehouse
Pn6TtxNPZoEV63IQ	k-pop,rap,bap
Pn7fgREphJcF3meK	fip,brazilian,mpb,jazz
PnGXAFFh5RKamr6a	noise rock,punk,post-punk,80s
PnKCeBGOVkGd1yYO	rap,hip hop,hip-hop,alternative
Pnyi9BGrpgoaUyxs	electronic,ethereal,progressive rock,indie pop,ambient,darkwave
PoRyRrygwNsofRJX	folk,singer-songwriter,acoustic,sad,food and drink
PoVysfYbdtjKF0lB	progressive rock,instrumental,rock,art rock
Ppe3fgUJu8wSd3rV	japanese,rock,jrock,japanese rock,female vocalists,female vocals
PpewZQMSDAmAp50X	hip-hop,mos def,hip hop,rap
Pq9EUXZ4ho2ud9aZ	indie rock,indie,whistling,rock
PqLGyjZxwLIiw8dc	post-rock,ambient
Pqy5Q5OYnwq2bwSJ	alternative rock,rock,hard rock,alternative metal,alternative
PrPriYhYSPsB1vzB	rap,hip-hop,comedy,youtuber
PrQIv6FqrsxtIUel	progressive rock,rock,classic rock,frank zappa,zappa
PropD1EDGs2hxXE8	fip,soundtrack,twin peaks
Ps7LnqAko6BLdKBP	indie folk,mellow,indie,alternative,sad,indie,indie folk,acoustic
PsFfFM6CMOQB2K9g	pagode
PsFjGsGhTk7QiGsi	symphonic metal,death metal,symphonic death metal,melodic death metal,progressive metal
PsxsusyXLtlrXrk7	metal,rock,hard rock,alternative metal
Pt4SvpDS5pAhpThh	italian,pop,elisa
Pt7ec3v51nEY0ZGJ	latin,spanish,pop,rock,juanes
PvMw2az2hwaMS5DC	70s,soft rock,folk,ballad
PvQwOzymJiwtOJle	dubstep,electronic,reggae
PvT7HZZCTNlJWpNM	ambient,experimental,terror,burzum,varg vikernes,miedo
PvTBEVgI0fwXNmCI	2018 releases,hardcore,hardcore punk
PvjJksRy67IoefFs	pop,ballad,beyonce,duet
Pw3Dt2hXtLTPQ1xZ	folk,acoustic,indie,beautiful,singer-songwriter,mellow
PwDnKNxxQzJL45AH	rock,alternative rock,alternative,90s,red hot chili peppers,funk rock
Pwk51UY2ezOzXHmK	hip hop,rap,trap,sad af,cloud rap,sad trap
PxfoemzYZM7OCmZ6	folk metal,viking metal,melodic death metal,metal
PxvGk8cKOf3qUthc	80s,pop,female vocalists,rock
PyH37s4GawQB4cFf	rnb,russian,pop,russia
PyQNKiKn3cPWtVfk	indonesia,jazz,indie,britpop
PyT5KRaA9JYMy31U	hip hop,british hip hop,english hip hop
Pz6dZcZKr4aYMGRm	experimental,electronic,alternative,dark,rihanna
PzH2gcYvOMTX79Ml	soul,neo-soul,vivian green,rnb,female vocalists
Q0AKE4VBKpalql3V	stoner rock,desert rock,stoner,rock
Q0FuvjirjmMi2Xy4	progressive metal,progressive rock
Q0ccHDFVN2lwfzG8	gospel,female vocalists,90s,christian,brazilian,00s
Q0t42sd16xXzxWHg	pop,electropop,electro pop,dark pop,velho testamento
Q1TvRJSRlQ6AoFR0	electropop,dance-pop,pop,alternative
Q1YXEwsI5o5zoAUN	alternative,rock,alternative rock,british
Q1kgeOio7y8URTRU	pop punk,pop rock,do caralho,love at first listen,pop punk,powerpop,rock
Q1vaFQj6x9274ZLz	electronic,shoegaze,post-rock,electronica
Q36xayp9RYcO8Lur	metal,hard rock,nu metal,alternative metal,rock,stone sour
Q3hGzDI07MmPODD5	pop punk,easycore
Q3o4j5nBfE0DhI9w	folk rock
Q4U5NVKQYl6t1gKe	rock,alternative rock,indie rock,indie,alternative
Q4ViQM6A1crSWEE5	indie,2017,ambient pop,electronic,indie rock
Q4WKX51QU3F7D4op	surf rock,garage,rock,garage rock,surf,lo-fi
Q4X6CtZXSgN3zBuK	christian rock,rock,hard rock,heavy metal,brazilian,90s
Q4YO6mZBNLAnUDdB	rap,mexican,neo perreo
Q4dOq20NLXiC9qHH	rock nacional,top,charlie brown jr,brasilian rock
Q4nXeRIYrnIzYenm	math rock,instrumental,math rock,instrumental,experimental
Q4oQTC3afihmRHgC	indie rock,rock,indie,alternative,alternative rock,the killers
Q5FpbLUBcj52MXJc	britpop,indie,rock,alternative,british
Q5k2fgtemALXzTUg	groove metal,metalcore,metal,thrash metal,alternative metal
Q63w3uwoh79kaUvg	singer-songwriter,american
Q6N7ZxEuPI11GTVg	new wave,post-punk,the cure,80s,alternative,new wave,post-punk,80s
Q6YS2lyxJbQO86nx	70s,glam rock,art rock,rock,classic rock
Q7CNVZthccPWm7Po	indie rock,british
Q8DbuoSTfvQMtNxK	punk,los angeles,80s,punk rock
Q8IMLp4SPoVEqlr5	2018,black metal,blackened death metal,death metal,finnish black metal
Q8g6kAURAC73Alt2	pop,british,male vocalists,indie
Q8smEfa6FfyISdCt	electronic,drum and bass,disco,dnb,drum n bass
Q8yCi0jmiB1z3xNF	alternative rock,rock,alternative,pop
Q8yyAZavtMg4DgN4	melodic death metal,power metal
Q9Cyij5EkftdQv7H	8 of 10 stars,rock,pop punk,alternative rock,english lyrics,american artist
Q9Vqx1raibZP3Ypu	pop,80s
Q9cLzVHYWRQ1k3gc	darkwave,dark ambient,electronic,instrumental
Q9cORfQkkublNsEA	hip-hop,rap,atlanta
Q9pR6gTnXgCMecvr	new wave,rock,70s,british,1978,elvis costello
Q9w1OPbVjf7rnvBP	hard rock,glam metal
QABFtA5886cSKdKZ	80s,pop,classic rock,rock,phil collins
QAYFCAXaj5k2LHTO	hip hop,hiphop,hardcore hip hop,soundtrack
QAe9QNSpT3sDaaNf	pop punk,emo,dream pop,indie rock,pop punk,emo,dream pop
QB21XNy13HiMBpvl	hip-hop,rap,rnb,hip hop
QB4KZGpZtO5zNcCY	dubstep,electronic,ambient,dub
QB8cVOp81XNtCAYD	60s,rock,oldies
QBH8oqCsuZdKsqHW	pop punk,post-hardcore
QBwTObscjkE6kJ1O	soul,american,rhythm and blues,nu soul,soul,american,fip
QCNBzVZXyd94U6Is	reggae,dancehall,fip,dub
QCYDSf0IM0GoTk9G	indie rock,psychedelic,indie,psychedelia
QDT141UGc4UtyUXC	post-hardcore,metalcore,hardcore,screamo,metal
QDZQ0JMKOcFqAzA7	indie,pop,female vocalists,country
QDif4fbVA23MlIFA	rock,garage rock,stoner rock,alternative rock,10s,rn
QDm5xGGNEC4B93ku	indie,love,pop,sad,love the lyrics,heartbreaking
QDtPFYALLvF0RPoj	thrash metal,metal,thrash
QDuf6mb9iX7XJa9F	2013,tribal,electronic,hip-hop
QEKAvcCWwqWatNVD	hardcore,brazil
QEXC5yKM6xdwcuA7	jazz,free jazz,bebop,saxophone
QFUZlsKe3OVeONCn	post-metal,sludge,2017,post-rock,ambient
QFhstigS9Te3BUNN	remix,electronic,dance,idm
QFtunsQxaL7i4CC1	pop,swedish,eurovision,melodifestivalen,2016
QFvVZ7PhComnNYBS	punk,rock,punk rock,british,70s,the clash
QGjrZZJtYQo7fqYg	hip-hop,rap,post-nerdcore,hip hop
QH67WC5dQtcqgQCJ	rock,fall out boy,alternative,love at first listen,emo
QH71uf3R4mi99EOx	electronic,experimental,chill-step
QHJ1nM1psDS4C5lG	electronic
QI0aOoQI1n0Y3zIh	rock,lounge,rock argentino,drunk,old nostalgic,design
QI6tgOOeejI9pH6r	jazz,canadian,progressive rock,gino vannelli,pop,jazz,male vocalists
QJYJnhJmD9NlJxBh	heavy metal,hard rock
QJqLVmzO7vUNiOb1	2017,indie pop,all,singer-songwriter
QJt9T1Nwp7K6jyTY	shoegaze,electronic,idm,ambient,dream pop,glitch
QJxkFMMBN0wHzRfc	folk,experimental,female vocalists,argentina,folktronica,experimental folk
QJyGLqnO4Eyl6aCE	indie,indie rock,alternative,rock
QK5cs2NnhKsZmUl3	70s,disco,pop,1979,pop,female vocalists,dance
QKr8XSWlnSOVuuGC	rock,alternative rock,female vocalists,alternative
QLYLxLhsi9SJW3Md	progressive rock,alternative rock
QLiy0orzciG3XQIk	indie rock,alternative,post-rock,intro
QMm5mQvpSrqR4vAJ	cloud rap,hip hop,autotune,swedish
QNXKBbzvjl1J7NJ8	psychedelic,psychedelic rock,rock,pink floyd
QNohIgn9wRUuZZAK	classical,violin,electric strings,electronic,electronica,violin,instrumental,electronic
QOjpOTr8e83n48lz	80s,new wave,synthpop,pop,new wave,synthpop,80s
QOry6PaML7fWQaV8	soul,pop,rnb,female vocalists,british,soul,pop,rnb
QOw3afPIA0ToRZqM	pop,instrumental,piano,elton john,pop,classic rock,rock
QP8XrlwWI6wNxRpR	pop,brazilian,female vocalists,rnb,girlband
QPUDzhEyi0Igak0d	death metal,metal
QQuw3c4Wu34pEcEl	instrumental,gothic metal,symphonic metal,dutch artist
QRN0CrtTAlIsfdxl	folk,70s,classic rock,oldies,rock
QRxbGB2vWDsCW6er	fip,mpb,samba,brasil
QSDvM1oXOU0Yej4f	hardcore,acoustic,electronic,hard rock,metalcore,emocore
QTKXRRozTjUJOJwA	lo-fi,ambient,indie,indie folk
QTruQtAjMs3xsDzO	blues,2010s blues rock
QTxf0P1qd3Dsrc5D	alternative rock,rock,christian rock,alternative,post-grunge
QTyXDJe4voGd0WJG	canadian,dance,canada,edm,future bass,monstercat
QTzoty1UtIsiQsks	soundtrack,instrumental,composer,score
QUvC9A2hreqWGuGm	swing,samba,pagode,classe
QV8eHnGJbcXNp3An	metalcore,groove metal,metal,thrash metal,death metal
QVdmB8avqicnC9xg	latin
QVuZQ2BOlobSEJ0g	jazz fusion,fusion,instrumental,jazz
QW1LZPfBgLQaI7cz	lo-fi,new wave,jangle pop,1982
QWTxAo4irYkNas9E	pop,rnb,female vocalists,jordin sparks
QX9UYcKSERHdp1YT	rock,brazilian,emo,emocore,progressive rock,post-hardcore
QXEAJxLN4DSxWMYx	post-hardcore
QXVHDka2XilMo2wh	faber drive,rock,alternative
QXi0fJAoupiPybm1	rock,alternative rock,alternative
QXiMCUHvnpfcZEFg	indie,australian,indie rock,collection,2015,indie,australian,indie rock
QY80YrEUsMQxiwwa	pop,cover
QZ8XBzsVdLGKfZ4R	thrash metal,heavy metal,metal,thrash
QZP45Jz2nT7D0CPt	rnb,indie,funk,smooth
QZQXcZp8CaeNRjsw	k-pop,korean,rock,pop rock,k-pop,korean,female vocalists
QZcvLrIyQ8lUHn6r	pop punk,rock,alternative rock
QZpD2qNTlTJYOcjR	samba,mpb
QbpblikftQXExI6A	break-up music,this man should be poet laureate,heavy bottom end,the good old days of punk rock,punk,punk rock,emo
Qc2Hb6CGjopHaEZv	pop,female vocalists,colbie caillat,mellow
Qcen4n8BJPqUc1NR	metalcore,metal,screamo,emocore
Qcf6JlfEQ6BDwV85	thrash metal,heavy metal
QcoCbyve5S025Eox	rock,alternative,alternative rock,hard rock
Qd3KhZKoy1JyWGBs	twin peaks,noise,industrial,industrial rock,industrial,industrial rock,electronic
QdXlbqjwbM6KICSb	rock,alternative,indie,indie rock,alternative rock,snow patrol
QdyAI7TQPcwb40cu	rock,comedy,acoustic,tenacious d,funny
Qeq6wpAJPSXhjqUY	progressive metal
QeqyElQVdlkYKM70	pop,female vocalists,80s,cyndi lauper
QfUglc6m1JIYhXRH	rock,70s,female vocalists,punk,patti smith
QgzdSogkJ0dJPgwP	soul,jazz,female vocalists,american idol,blues,pop
Qh0B322iktNfQaHT	pop,electronic,indie pop,chillout,pop,electronic,indie pop
Qh6N463vHzOR06Mv	brief brilliance,beautiful,religious,anthem
QhjbEeYnPBhUScon	pop,hannah montana,pop rock,disney,miley cyrus,female vocalists
Qhna4dOpQlHwdnFY	pop,linedance 2019
QiAfI1Y5zJxCdxe5	folk,acoustic,singer-songwriter,melancholic
Qj2KVUAFtIHhx3lV	soundtrack,harry potter
QjF3jJbOEKZzYTsr	power pop,scarebears loved tracks
QjqK21xuQ54Je4zc	reggae,90s,fav,reggae,ska,argentina
QjxUmiXnnXxYDt72	jazz,piano,091jfm
QkLubwzXbEpKWmae	jazz,bebop,cool jazz,50s
QkORhJnJc22BJzj3	post hardcore,rock,post-hardcore,hardcore
Qkqwky7f3NOcasmE	classic rock,60s,rock,british,british invasion
QkrGd5J0jY1vvB6S	fip,soul,classic rock,classic rock,rock,blues
Ql6zY7ZpXjvcBAfY	pop,vocal pop,folk
QlBKRgDwuzN5MQs2	acoustic,singer-songwriter,folk,mellow,rock
QlCzkGwH8QKzyRlE	kick,nu metal,rapcore,alternative
Qm0Jh38RJOxQqc1W	alternative rock,female vocalists,rock,hard rock,alternative
Qmm2IgIopoCDruvz	2018,folk,indie,singer-songwriter,australian,acoustic
Qmypm0wJImrkfDAv	ambient,mellow,singer-songwriter,indie,calm,atmospheric
QnHbbx3VrFJ257Bx	alternative,indie rock,sonic youth,rock
QnPDB3xTKyUib6FJ	black metal,swedish black metal
QoFpZ6TsWnq8aC8H	classic rock,60s,rock,british invasion,60s,classic rock,rock
QoULqlxpfceyKZSS	jazz,mellow
Qodw9Or2M9V4e9Hq	latin pop,soundtrack,pop,latin,spanish
QoeX1MwJMwoUuBFX	hip hop,alternative,alternative hip hop
Qofw5Unfj5V4iOeq	thrash metal,death metal,old school death metal
QompUceb0s9naHPZ	dance,house,90s,eurodance
QpILTNUtcoMKKGZY	punk,rock,punk rock,hardcore,melodic hardcore,hardcore punk
QpIYSh52kM15AgX3	indie,indie pop,indie rock,happy,pop
QptAS6T1NfTrUgJl	metalcore,metal,10s,awesome,metalcore,metal,melodic death metal
Qq0BNBj4q9Fc141o	alternative,rock
QqO36KRoawTTRbn3	k-pop,j-pop,dance,korean,pop,electronic
QqgHteWrUjBA8lXE	electropop
Qr9bNB5XkclVCHpZ	pop,dance,drag queen,house
QrYHI8mIRbyo7SaY	sludge,post-metal,doom metal,aggressive
Qryp9GcFr3qcCDJD	electropop,synthpop,disco,4 stars,synthpop,electronic,italo disco
Qt2K4v72FoqrtJng	funk,soul,60s,70s
Qtg7qg9xLrWN3qZv	pop,female vocalists,british,sugababes
QwQRg7R27Onc6MTU	thrash metal,metal,old school thrash metal,thrash
QweyLv6rMxgvinLs	technical death metal,death metal,2016,brutal technical death metal
QwhSD4d768EcMtFR	alternative,indie,acoustic,experimental,lucas silveira
QwnBAMzVfAqIMbBA	singer-songwriter,dutch,folk,acoustic
QxIYURiSnZjMhXmL	electronic,rad cult,indie,rock
Qy1TWwgrgJxwdpu1	post-punk,1981,80s,f50 1981
QycpcFX49WS6camV	shoegaze,dream pop,indie,alternative
QyhkfWJrYsOJDYvI	chillin,wale,lady gaga,rap,hip-hop
QyzfHiDhy1iq86ho	brazilian,guilty pleasure,brega,personal favourites,2012,fav songs ever
Qz65G7h6WO0F1Zlu	rock,hard rock
QzIpVi163R76dQuq	metalcore,alternative metal,metal,metalcore,melodic metalcore,female fronted metal
QzZtDEQVLiaEr3wa	exploring her voice,toth,cheerleaders,pop,rnb
R0WmdVS28WVvjG2r	rap,hip hop,hip-hop,experimental hip hop
R0xkn6XCIvpT37z0	steampunk,industrial,gothic rock,darkwave
R1KoNU6JCa3egJq6	pop,american,indie,dance
R1ekRqv74Skiu8Wy	czech republic,eurovision song contest,eurovision,esc,eurovision song cz 2019,preselection
R1hPcWpaXZByUoE9	metalcore
R1hvuOiPuvjmfNu2	alternative,latin,rock en espanol,molotov
R1qJBD80vL2nmJ7w	forro,brasil,nordeste,xote,forro,baiao,mpb
R2NG3xqOpK7aStMZ	experimental,glam rock,electronic,70s
R2l1g00z4vPDVKmN	surf rock,garage rock
R39QtDM2H3zW2yKQ	hard rock,heavy metal,hard rock,heavy metal,hair metal
R40p1IMdzyARRuhi	2016,brazilian,folk,mpb,indie,female vocalists
R4VMVAxVOAEWBjgg	90s,britpop,indie,rock,1993
R4juORcJIxBmP0AE	pop,miranda cosgrove,nickelodeon,i love being a girl
R4sm1zJ8iX6ybmRE	80s,poprock,rock,rock 'n' roll
R4tSpxxBs7lcCeQd	classic rock,70s,rock,british,paul mccartney
R5RjYZZSYeNCXXWL	post-punk,psychedelic rock,ambient,alternative
R5q9Qt9b7E4TxMFS	rock,alternative rock
R6GngKj4w5gPISet	fip,synthpop,lo-fi,indie
R6Ocdq5dZykZHz9S	pop,female vocalists,girl power,&lt;3,you go girl,damn that voice
R6TpzhV8LTiHe5ii	trip-hop,electronic,played
R73XiLEKVA7gs36b	fip,punk,rock,punk,female vocalists
R7DycdPXt0Ucdsgm	horrorcore,hip-hop,juggalo,rap,psychopathic
R7EXRQdXkfGGvxTW	black metal,symphonic black metal,norwegian black metal,true norwegian black metal
R7FbN556rUJEKJRA	grunge,rock,alternative,pearl jam-2009-backspacer
R7YoNBbJYL3MAPKI	dance,pop
R7mHO1abXUQv5aSs	garage rock,rock,alternative,alternative rock,blues rock
R8DYebOMfwhzsS1t	soul,funk,80s,female vocalists,1981,rnb
R8eBBwgcjxKgJaBK	ricky martin,latin,español,pink,puerto rican,singsing
R9SJkEXvd0WRYa95	neo-soul,soul,rnb
RA3f8ByMeM6EdHpo	mpb,brazilian,alternative,indie,folk
RAL9I7IQ8cstSeTt	pop,latin,enrique iglesias,dance
RAW7LvLH7WXbrVS5	new wave,post-punk,rock
RAevVHOFlOPFyOBR	pop,rnb,electropop,japanese
RAp6vEnREc66lXxU	folk,canadian
RAvwEuerESZjWx0P	rnb,hip-hop,best song ever,funny,comedy
RBganCZTcS9wOc96	pop,demi lovato,pop,pop rock,female vocalists
RBk0ZKJR1yrNzjGY	house,progressive house
RBx86ASeFzcUIBTi	country,beer for my horses,toby keith
RCEtPqtfCg0R4aMB	psychedelic,rock
RCGLlYCigkopKd7D	alternative rock,space rock,alternative
RCm0SG7RKsvgMLTg	female fronted metal,metal,gothic metal,dutch,symphonic metal,female vocalists
REUvCoOzi7XesygS	female vocalists,folk,singer-songwriter,acoustic,greys anatomy,grey's anatomy
REibdfIo5AYBPuiM	experimental,noisy,experimental,electronic,indie
RF8hmPNXXsXhLrOy	alternative rock,rock
RFhWUIoHcPtayAKI	trip-hop,electronic,chillout,downtempo,trip-hop,electronic,chillout
RFtPG6Of9ydFoamm	indie rock,punk,2014,indie
RGOdMWYbtFWWH9Fe	rock,emocore,emo,melancholic,rock,brazilian,emo
RGiQQ9RNRlsSH27L	soundtrack,instrumental,lord of the rings,classical,soundtrack,instrumental,lord of the rings
RH8IT2pTFZGnGo12	hard rock,rock,hard rock,classic rock,rock
RIUZHxyx6hpJ8H0Y	rock,classic rock,60s,the beatles,cover,classic rock,rock,60s
RIiuxx9W9nBXSkYf	cover,mikey dread cover,indie,britpop,british
RJlV6LdWhXHWZk4w	thrash metal,metal,speed metal,bay area thrash metal
RK4xxzzuWIpgn88M	technical death metal,death metal,avant-garde metal
RKTIXT1byTIFyY6y	punk rock,punk,90s,rock
RLHbq9UXd6cof8Hs	electronic,techno,ambient,idm,electronica
RLRJMPZQZCi4FmVD	hip-hop,rap,trap,emotional rap
RLcDknkzDHtcxtMH	rock,rock brasileiro,brazilian,pop
RLjniJEpmhGFbhON	dream pop,indie,synthpop
RMbq7XtxkfKRZQNd	rock,punk,pop punk,punk rock,2010s
RMzh7SW74mBhm7X7	electronic,noise pop,2017,lo-fi,experimental,female vocalists
RNVSPP65D7O9hYpU	70s,rock,classic rock,soft rock,billy joel
RPaNqk96D5evngJO	singer-songwriter,dutch,dreamy,acoustic
RQ8hKxXxpXHI7MPU	soul,neo-soul,female vocalists,rnb
RQMBz83vnn0zev3k	black metal,orthodox black metal,swedish black metal,metal
RQQ2fQqrvyHVqSUW	deathcore,instrumental,deathcore,beatdown,hardcore
RQaJVHmmWVZt2QRJ	witch house,electronica,witch house,electronic,shoegaze
RQwGEZSIpOTJHeh2	pop punk,garage rock,2016,surf,female vocalists,female vocalist
RRJlddAtuBMWrXlp	classic rock,hard rock,rock,blues rock,led zeppelin
RRZEwA4gez2F70f7	melodic death metal
RReh111JKKzAfr7W	shoegaze,slowcore,noise rock,indie
RSWxhJX0aN0JMdb7	post-hardcore,hardcore,melodic hardcore,is survived by,touche amore,k1r7m
RSijdgCp2HPGn7US	synthpop,vaporboogie,chillwave,future funk
RUSjTLvdc0kIDDbr	electronic,new wave,experimental,r&amp;b,dancehall
RUiYg3xsTuXK20bk	electronic,synthpop,sweet,male vocalist
RV8zH9AHgyco2fIA	80s,rock,hard rock,catchy,freestyle,pop,80s,dance
RVOfT6vAXb8q5glq	soul,80s,funk,rock,political
RVS07gUYLN9Zx8EZ	post-rock,post grindcore,robertitus global,neurotica
RW7GYqWmJ03Z7F3t	cloud rap,hip hop,drain,autotune
RW8AiqCn5s21WuAS	anarcho-punk,punk
RWPNGCx0yZ3cvtE2	electroclash,electronic,electro,house
RWr04oYzjtt3IzOx	thrash metal,cover,metal
RX18FoCVdqSCHfbf	alternative metal,metalcore,modern metal,melodic metalcore
RXAAUWtovzjsQgaL	house,deep house,electronic,techno
RXZjOFdmOqAXUECy	indie,indietronica,indie rock,synth-pop,santa barbara,secretly canadian
RXr0xxmmtklL4gg5	cover,thrash metal
RYFEicGhuPKxtPGk	hip-hop,rap,hip hop,outkast
RYKsu50DUatGzAPI	ambient,miniamalism
RYVe3W02M4Dogfey	rock,alternative,britpop,coldplay,indie,alternative rock
RZfyqLzAzja347dq	punk,garage rock,proto-punk,rock,60s,classic rock
RaTUGTF0qs8GQBVZ	rock,indie,indie rock,new york city,end credits,personal favourites
RaZ8NP7hH86Z8Pne	post-punk,2016,garage rock,indie rock,art punk,post-punk,garage rock,noise rock
RaqrNETn1TQCK5EI	steely dan,easy listening,jazz rock,rock
RazI5H7URnCHa2qw	soul,disco,lovedbyme
RbBT6lQ8UPLxRKWu	rock,funk,lenny kravitz
Rbo1rvmuP6MkT8RN	rock,80s,female vocalists,cover,classic rock
RbsSjxJ4U3DY6lIJ	grindcore,2018,death metal,grindcore,death metal,grind
RcD8RaqiCRghZt35	punk,70s,punk rock,rock,classic rock,1977
RcJmVGZs1HfXb5Er	indie,rock,indie folk,american,folk,male vocalists
Rcee0YV4RP1gFHoy	indie,pop
RdIb9JxJD3y86vk1	post-punk,2-4-19,post-punk,italian,indie
RdTvz5fJqJrc5NOr	rock,hard rock,bon jovi,rock,hard rock,classic rock
ReIqbhXoCgTouwu1	indie rock,indie folk,indie
Reb1b18EqQYzGkAC	power metal,symphonic metal,metal,melodic metal
RfTygqam2DwXnIRa	pop,electronic,swedish,female vocalists,dance,pop,electronic,swedish
RgMvvqtVBcMbvqpy	mathcore,hardcore,chaotic hardcore,metalcore
RhkBVdb2oO7LbvUy	funk,rock,soul,80s,dance
RhqSQmn86EN0Mt3I	progressive trance,deep progressive trance,progressive electro trance
Rhrzyuc1SFVHn9GE	pop,sweden,melodifestivalen,swedish
RhtURb4V1dcIcAlq	classic rock,singer-songwriter,rock,funny
Ri0k5sbVj8akYI3c	rnb,soul,amazing,smooth,female vocalists,rnb,pop,female vocalists
Ri8pB9nUw6QBqLNS	pop,female vocalists,soul,electronic
RiRWaDVNCwPTNYeF	corpus music,rock,brazilian,classic rock
RjUEWwMTgRIMS7A5	lo-fi,instrumental,american,2016,beats,lo-fi beat
RjY12DCcu6IbdcuN	reggae,summer,wonder girls,best of 2016,hyerim,sunmi
Rjop8rDOyRz1qUiI	doom metal,stoner metal,stoner doom,doom,doom metal,stoner metal,stoner doom
Rjpy8DWqNRoA5RIj	metalcore,progressive metalcore,metalcore,mathcore,hardcore
RkOdR088qNiym0LX	riot grrrl,rock,punk rock,nostalgia-inducing,favorite sleater-kinney songs,riot grrl
Rl8DQpVNvjrAIK7i	hard rock,metal,godsmack,rock,nu metal
RlpTemziQOUIxOpd	depressive black metal,swedish,depressive black metal,depressive rock,black metal
RmMSHhTryKoZYEjZ	classic rock,hard rock,rock,70s,led zeppelin
Rmb5iEvHvg5tekV9	downtempo,chillout,trip-hop
Rn2Fk3zmYtMzNBd0	pop,pop rock,female vocalists,dance,ashlee simpson,catchy
RnuaBpCdoNQJZGTT	80s,new wave,synthpop,electronic
Ro9aqTmrmHL8Sd3D	hip-hop,rap,rnb,neo soul,teyana taylor,rnb,female vocalists,hip-hop
Rog9ECe3KPl7DZkB	80s,pop,new wave,glam rock
RoplqBUdch3yk9j4	indie,pop
RpAr9yNbksNUg1Of	pop rock,against the current
Rps7HKymrt7wwiYK	swedish,catchy,cheese,pop,swedish,dance
RqJoFYxZSCiplWeT	country
RrJJbY5F15nnf77b	metalcore,progressive metal,groove metal,progressive metalcore
RrPVUX9k4PU530wB	love at first listen,eargasm,so damn catchy,pop
RskAO4RS8WtAxqfs	2017,experimental,stones throw,soul,violin
RttK2ruJO1pCJ7wb	melodic death metal,screamo
Rtwo5JVPKtmzqJr3	pop,sexy,female vocalists,christina aguilera
Ru2HLZWXSN6p4SWI	pop,beautiful,amazing,love
RvQrSnKN14QMcTm2	alternative,alternative rock,songs that deserve to be tagged yet can not be sufficiently described in a short manner,rock,punk
RvWOxTurV3lrVGQw	60s,fip,pop,motown
RvfnoZoz9UJHU6IA	trap,hip-hop,rap,hip hop
RvsdEASH4XMxZCK8	japanese,punk,rock,j-pop
RwPAbyRk1s43J9uz	mpb,brasil,brazilian
RwlcvAexYnM5JTMa	progressive rock,classic rock,folk rock,60s
RwqhZ1j3ivqxDXIp	post-rock,guitar,ambient,electronic
RxIBDBUrf3RMGBOC	80s,soft rock,pop,rock,progressive rock
RxgANc78Ch3wIGVi	spanish,male vocalists,español,latin
RyRRCkzbQtzvZMHX	electropop,synthpop
RzXzJEREmADsh0HZ	80s,fleetwood mac,christine mcvie,danny kirwan,rock
RzYY6lAYs5WL6tH5	pop,female vocalists,singer-songwriter,canadian
S0IASVtwLrYZEhvM	lo-fi,instrumental,beats,hip-hop,2014,lo-fi,instrumental,beats
S0YzKr4bBulRgx4d	2019,psychedelic,folk,indie pop
S0apnPI33OBv9TJq	soul,jazz,female vocalists,amy winehouse,british
S1eNVvl9eSbVHoZK	folk,singer-songwriter,leonard cohen,acoustic
S1fjf8VznYFUFom2	symphonic metal
S1l0MiYyZviXnvnx	mpb,pop
S25zQb42FLLks5pt	metalcore,progressive metalcore
S2KZSv5xwYwHFm3S	motown,soul,60s,oldies,duets
S2P8vMEzPY4Mctau	female vocalists,singer-songwriter,pop,indie pop,sia
S2eV3ik4P84GxFnY	pure hate,hardcore,crust,hardcore punk,grindcore,hardcore,powerviolence
S3Xqv2iStI1VpZjT	pop punk,rock,alternative rock,emo,pop rock,alternative
S3m3Wdr7VdVKmgPj	experimental,indie,alternative,female vocalists,folk,freak folk
S4GRXVFinDlLO46O	alternative rock,rock,pop punk,paramore,pop rock
S4SEVtZtXgJXFBRZ	classic rock,rock,60s,hard rock,the who
S5IRStik9QcZnB9e	pop,dance,american,love at first listen
S6AUvWRKGNTnbOcV	progressive rock,rock
S6P4KXoBNlQ62xIW	electronic,r&amp;b,2014,fav
S7pvaD40pSMsfPFR	chanson,french,chanson francaise,chanson française,fip
S9308UHgwsHlHkt7	progressive metal,djent,progressive metal,djent,math metal
S9BmZKaZ8NC9NikU	folk,acoustic,british,male vocals
S9WnnETMpWoeq2EH	shoegaze,indie,lo-fi,melancholic
S9nYbv2tAhL0IMpy	rock,canadian,pop punk,alternative,alternative rock,pop rock
S9sZwU4SLhYpzjBn	rock,hard rock,alternative metal,metal
SAb0geK8BkCctKLw	shoegaze,j-pop
SBC97jS80fai3cuo	math rock,progressive rock,alternative rock,indie rock
SBKmHVxbm5L04SQW	2018,madeintyo,hip hop,rap,hip-hop,all
SBe7NNVqlGYWQMrz	latin pop,pop,female vocalists,love songs
SCH7pVPFZ8yFEWbE	fav,pop,piano,male vocalists
SCU8jOAQkPveucE5	rnb,soul,2017,ovo,dvsn
SCYbyeGQ4yiO9bPk	70s,classic rock,pop,elton john
SChBVyATqfByWFXV	indie,synthpop,alternative,indie pop,alternative rock,new wave
SD1D4f4yffuwQMgw	hip-hop,alternative,fm4,10s,2016,trip-hop,electronic,hip-hop
SD24qbtH2KjlUgky	darkwave,gothic,medieval,neoclassical,neofolk,melancholic
SDoi3rmOjzRQx7Bk	thrash metal,heavy metal,metal,speed metal
SE5Y9jrMsXeJBy94	dream pop,ethereal,female vocalists,90s,dream pop,shoegaze,ethereal
SEgS5OHAhzvpnxtD	rock,brazilian,hardcore,alternative rock,rock,brazilian,hardcore
SF2XqpZQYN3Uh5yY	best of 2015,indie,indie pop,female,lady,girl
SFTs6op11EkTAKbt	symphonic metal,symphonic metal,gothic metal,female fronted metal
SFc491eZl7BxSTUu	mpb,brazilian,brasil,experimental,rock,rock brasileiro
SFkkx01Wdd5nX5Mh	progressive metalcore,metalcore
SFqJiSH8oXwtGJ0G	rnb,soul
SGXVsMOgqEg7tUxp	horror punk,misfits,gorg,scary terry...bitch,freddy got fingered,horror punk,punk,punk rock
SGZLkwwd0wHF6LBH	psychedelic rock,indie,hard rock,san francisco,heavy rock,psych rock
SH9y8o4MaMdekCcS	industrial,industrial metal,industrial rock
SHMsui4j314tq4Sj	rnb,ballad,k-pop
SHfUGRrXFJyYg5cX	pop,dance,female vocalists,australian,electronic
SHoRr4pH9n7iM8Z7	rock,punk,indie,pop
SJb1jkcxuZEka8W8	deep house,house,4 stars
SKJISbdIcC9S8w4c	love,classic rock,singer-songwriter,john lennon,rock,70s
SKoOVBWE55peJjb5	90s,hip-hop,rap,hip hop
SLJt7fthFd7JY4VN	pop,singer-songwriter,love at first listen,r&amp;b
SLMm4hSPBChYpw4q	avant-garde metal,avant-garde,hungarian,atmospheric black metal
SMAInbrQC5zl6AhM	dance,eurodance,electronic,pop,italian
SMBaVnO7ABbYsGSQ	somafm,bagel,shoegaze,indie rock,scottish
SMCg403fHrmMXvXm	pop punk,2010s,2018
SMggKcf59wUwsb4o	punk,70s,punk rock,on the coach
SMoQJct8kXpHFjOa	indie rock,lo-fi,indie
SMtoWRrmNRfLziDw	soul,neo-soul
SMwz3itNzeCS8vKZ	indie rock,rock,indie,surf,funk,experimental,freak folk,indie
SN5hL2jdF0YyNkUe	reggae,roots reggae,bob marley,reggae,roots reggae,bob marley
SNrda5weLDBO3j8E	hardcore,hardcore,screamo,hardcore punk
SOVDnGPlKa1f7BDy	pop,bop,lgbt
SOfE3shORVHwD05M	pop,female vocalists
SOwBLydDs3AGgVck	soul,motown,marvin gaye,70s
SPWguBXb4534gHLQ	spanish,trap,spanish trap,rap
SPYw8Ja3OPmdOrp1	80s,shoegaze,1988,1980s,shoegazing goodness,shoegaze,dream pop,post-punk
SPvtz7byC3GH5GgW	electronic,played,synthwave
SQMJzhJarhPJ1mFQ	folk,acoustic,british,folk rock
SQa8i65EQTVfw8Ah	electronic,electropop,synthpop
SQy4fzFwn77U7mkV	post-hardcore,alternative,rock,indie,post-hardcore,alternative,indie
SR5GYmfvhKlhbNJV	instrumental,post-rock,post-rock,instrumental,australian
SRDjDD3R5ZUi8Bny	dream pop,mellow,indie pop,shoegaze
SRcD09CFX1Tgw1Q6	rock,punk,indie,electronica
STJAqagnYA9ppjdM	indie,belgian,alternative,rock,indie rock,belgium
STgw4czOW04jrNzQ	grunge,77davez-all-tracks,blind melon,grunge,alternative rock,rock
STzwWkG53NAFSVGU	twee,pop,cute,female vocalist,indie pop,indie,scottish
SULTDW8mmlWwCwO1	pop,female vocalists
SV9PuBIvOjql6z19	psychedelic,experimental,electronic
SVNQhWwaQoABrefs	hair metal,winger,hard rock,80s
SVS9afwtPRH9SGGm	alternative metal
SVpllV9EukTNIrCS	progressive metal,atmospheric death metal,technical death metal,progressive death metal,death metal
SWPd7eSex7B4my7L	chiptune,power pop,shoegaze,indie rock,2016,punk rock
SWqU7uL2Yt67grsi	pop,&lt;3,michael jackson,motown
SWsOaBS2KxwKzjub	indie,indie pop,indie rock
SXNcBeS3ga5UPdWE	post-punk,garage punk,swedish,running
SXfpzcKdnapTKH0L	experimental,alternative,electronic,female vocalists,icelandic,bjork
SXz8wEnJvIm7EQVU	mpb,brasil,love,90s
SZ22kPG83GnzIEbC	metal,nu metal,alternative metal,slipknot,rock
SZD93zkwR7zJGGxe	funk,soul
SZUUM2UGAdZ9EuTb	classic rock,blues,rock,ballad,guitar,eric clapton
Sa2oqDDMy5VF0CU6	2019,folk,acoustic,singer-songwriter,folk,acoustic,singer-songwriter
Sazd8G63L2f8mHk7	rnb,darkchild,soul,female vocalists
SbXwF9AG14kXrseu	electronic,alternative,british,experimental
Sci3BRUIhSa2S6zl	heavy metal,british artist,hard rock,blues
Sd46Sj6CeWAbLfPm	japanese,j-pop,pop,singer-songwriter,female singer
SdHiAuQAxeAl2hBy	soul,neo-soul
SdVEIjU4rmk1sfyj	beyonce,soul,female vocalists,rnb,ballads
SdbILbM8HMHh1TOw	2019,rnb,pop,soul,electronic,r&amp;b
Sde8iLredx6rZVlj	pop
Se9KDiwbDwmSEBKh	folk,60s,singer-songwriter,classic rock,rock
SfIytf6kzxoMviFJ	salsa,latin
SftQVLG79tz9AyGH	pop,jojo,rnb,female vocalists
Sfxvi1O7PvBj2ghx	60s,classic rock,rock,british invasion
SgF1Kj5AzNob4NO2	dreamy,ballad,melancholy,trip hop
SgNIULCwBB93GksG	post-punk,shoegaze,darkwave,cold wave
SgXZpqKhSTLR5AC1	bubblegum pop,pop,electronic,experimental,british,pc music
Sh3hvmFqsz1u3B7c	gothic metal,symphonic metal,female fronted metal
Sh4i6d5srt7ByEck	post-punk,2018,darkwave,2016,german
ShQbYzolRWEUTjvK	pop,canadian
ShiGVUyfJb4SrOpw	country,indie,british,folk
SiPG9IuBH8pQL4OL	indietronica,funk
SifZfAZeaSlF54AE	2018,indie,indie,lo-fi,indie rock
SjFQpc3FyFbLPN9J	rap,trap,hip-hop,meme,b0ss,autism
SjIxLlcFLLN9bJaj	country,female vocalists,dixie chicks,pop
SjTO6cS6esdwkbiX	pop,happy,dance,british,mika
SkGDmL2s1CwEYXGY	rock,90s,funk,alternative,alternative rock
SkZTMIEZbbrElKCO	electronic,ambient,electronica,swedish,synthpop,electronic,synthpop,swedish
Sl6PiFUmG3ZAqKQn	drum and bass,chillstep
SlHGm9vC7hUtVljJ	progressive rock,classic rock,rock,70s
SlR7IisNKFEIEwgS	rock,progressive rock,80s,classic rock,pop,genesis
Sm1jSliVpRGf42ka	funk,acid jazz,electronic,dance,pop,jazz
Sm5T93ReOlYjxhU8	celtic,celtic woman,new age,female vocalists,celtic,irish,female vocalists
SmOW49nKa5lSyh7n	blues rock,blues,guitar,southern rock
SmSqvwbSstgJu1E4	rock en español,2013,balada,rock chileno,rock,chile
SmcAW9IpuWnxS9v8	folk,indie,singer songwriter,chamber pop,intellipop,roadtripping
Smp4ugSBLCFVX2zF	metalcore,metal,melodic death metal,death metal
SmqLKVQdl6929LXt	gothic metal,symphonic metal,female fronted metal,gothic
SnO8z6CNLIBqi5ZJ	rock,mpb,pop,alternative,brazilian,bahia
SnOkqLzkiIHo21D7	hardcore,emo,alternative rock,emocore,post-hardcore,screamo
SnrC3bsqPqpM5FxQ	indie pop,spanish,pop,indie,female vocalists,spanish indie pop
So4AM4GUjJJnBkBK	pop,pop rock,american,country pop
So7mWWAmQ04PDWdQ	punk,punk rock,the covers record,mc5 cover,punk,punk rock,post-punk
So9VkHvWUHr3xTko	hardcore,metalcore,mathcore,post-hardcore
SoAB4CgvziC0u5sw	rnb,90s,sexy,soul
Sp3mZLAsLxAKPry5	post-punk
SpQWnv7WtkinCnfD	slow jamz,pop,awesome,bianca chills
SpdNbaDDiDboqELy	indie rock,indie,british,scottish
Sq4N6tgAJ7kxaqEC	hardcore punk,punk,hardcore,punk rock,punk,hardcore punk,punk rock
SqDLEUVp5cp9y01L	pop chileno
SqN89wAtkzaLtFqu	singer-songwriter,female vocalists,female vocalist,rock
SqPg5jnGa6IQS4Np	rock,classic rock,80s,progressive rock,genesis
SqUvZds7IilMSNae	cover,indie rock,10s,songs that i will still be listening to in a billion years
SqgPvFQAQGajRcs6	classic rock,70s,rock,soft rock,folk
SqzXbYFohPo79jvl	samba,brazilian
SrTsckVQkMALKDCf	motown,soul,60s,the miracles
SsrBG7aNB51laZ36	folk,singer-songwriter,acoustic,rock,oldies
StK3YBEGBQXG95Nv	post-hardcore,punk
Ste08cqo9WeTmrz5	pop,indie pop,eletronic,electronic,pop,electronic,indie pop
StjywC3BNK6ZQXRy	trip hop,lo-fi beat
Su1CX9btXIQzVWUY	lo-fi,bedroom pop,acoustic,indie
Su22ADSewBqMLTl0	hardcore,alternative rock,punk,indie rock,post-hardcore
SuHMwd8jJ1zrKYrn	blues,rock,british,singer-songwriter
SuHzRtUt2kNGc4nq	ambient,instrumental,soundtrack,beautiful,orchestral,skyrim
SuXDpLCodeK8G6lH	too short,bay area,rap
Sui4UkxqCn3z4n2Q	pop,james morrison,singer-songwriter,british,ballad,acoustic
SuzNf2wNN0fBJi6r	rock,christian,alternative,christian rock
Sv60txNBPDBsiDES	symphonic metal,gothic metal,female fronted metal,symphonic metal,gothic metal,female fronted metal
Sv9BfyAg0QruRYiN	post-hardcore,punk,post-punk
SwZTe2F3YvXKP0OH	black metal,symphonic black metal,norwegian black metal,metal
Swau2orUE67EZixD	jump blues,fallout,1949
SwfTXycH9c6dbovL	vocaloid
SwhMHZyhW6K0rIJZ	post-hardcore
SwrhmeIbeyPDd6vl	bossa nova,mpb,brazilian,female vocalists,brasil
Sx9SCQLsgQyY3BmP	camila,latin,epic,latina
SxDdfO2ZHDbQAy5n	electronic,ambient,electronica,techno,idm,90s
SxEQYkZ0ZAreDrng	electronic,dance,techno,big beat,electronica
SxvwAdBcIOZeQC5Z	cover,rock,blues,male vocalists,rock,blues,singer-songwriter
Sy1c0aSWZLmV8l13	2019,singer-songwriter,new zealand,indie folk,folk,female vocalists
SyU7MomFOxuoSm6f	90s,indie,alternative,pop
SygXSdX0XHCL1OTf	2018,electronic,wonky,glitch hop
SyrnvqdbyZppkQ2L	melodic hardcore,post-hardcore,hardcore,screamo
SyxtslVnJ6gHVw9P	2017,2017 listen,rock,brazilian,glam rock,mpb
SzMF7AqzwXB0O42u	melodic death metal,death metal,metal,swedish metal
Szw8fQLuMZImkhJ2	alternative rock,alternative,rock,emo,punk rock
T1PKsndU5IH51KSd	hip-hop,hip hop,rnb,pop
T2Vw3YtGWRyKIU2O	czech,folk,alternative,indie
T2pFonfIA8B2ra8p	post rock,instrumental,noise rock
T30v8YmoK2XrM41V	rock,punk,alternative,pop
T4cmehm0aALjsXsY	pop,suomipop,2014,2010s
T4jmoWBXQyyEiDez	hard rock,alternative metal,metalcore,metal
T5OzjBq35RFWb02Y	10 out of 10,deutschrap,rap,hip hop,electronic
T5Vtg6SauyU0PBFJ	atmospheric black metal,depressive black metal,black metal,ambient black metal,ambient,dark ambient
T5gPNlHkBeWKJ9zL	alternative metal,metal,rock,alternative rock,mike patton
T5xSdCB7Eih2ho57	2013,dream pop
T6UHxVPe53Yc1yqB	black metal,melodic black metal,melodic death metal,blackened death metal,death metal
T6hl21IpYKTaj2Bj	reggaeton,latin,reggaeton,latin,hip-hop
T6krVA0s4LVnTyT3	metal,awesome,mathcore,math metal,meshuggahcore
T7AbxjVaHHQv1sTl	pop,soul,rnb,female vocalists,2012
T8ViuInpQW52pOwZ	reggae,rocksteady,jamaica
T8Zo0zYb2NXIOuLN	spanish,rocio durcal,the ladies that should sit on my sofa or somewhere else in my flat because they are darlings and oh so lovely,pop
T8vLnvenHpGrbj4V	indie,british,indie rock,rock
T9vQ6i8ijJXw3ziE	indie,gossip girl,indie,indie rock,new wave
TA0exJIfDG8RFUeb	techno
TAHEorKPthNFcphP	indie rock,garage rock,indie,rock,alternative rock,alternative
TAMnNPdUxK5ORdmw	indie pop,jazz fusion,synthpop,usa
TBGZlI4Wy3iqw1cl	rnb,90s,soul,love songs,pop,boyz ii men
TBOGJ93iqLBPyYQG	industrial,electronic
TBfBUWjNk8hLKArj	death metal,technical death metal,progressive death metal,brutal death metal
TBmFJSpylv5GBn1E	indie,emo,indie rock,math rock
TBpLrjCpvVvnQmjv	alternative metal,metal,rock,nu metal,system of a down
TBxiymqOXt4jM2xd	pop,female vocalists
TCYGAcBKbd59EvAY	alternative rock,rock,grunge,alternative,australian
TCqJF2Gy33tHHRVl	indie pop,indie,dream pop,indie rock,lo-fi,be-my-baby drum
TCqgUgltDckVstiq	folk,waltz,realmusic
TD2xLmy1XGOuXPt4	rock,indie,pop,alternative,indie pop
TDGGW5hElAh6xXXi	classical,piano,romantic,polish
TEnAcMdffxfWONyl	psychedelic rock
TEyFkXfGa3tL7Ual	pop,soul
TFBoNslYRCMIYQCK	electronic,rnb,dance
TG2tmrdkIJ5VoQv8	indie,female vocalists,77davez-all-tracks,indie rock
TGNUOmJr65DdLuDM	rock,80s,classic rock,pop,progressive rock,classic rock,rock
TGhfapQKwpoybrG2	pop,spanish,eurovision,female vocalists,pop,spanish,eurovision
TH2xzKYRwDvQ6pWe	indie,funk,alternative rock,experimental,brazil,posso nem ver que adoro
THHxnNrbgtiw2vCE	rock,alternative rock,indie rock,indie,alternative
THXOelCzO6ivoYKC	rap,trap,hip-hop,meme,b0ss,autism
THm0rFBezNfEdiVR	electronica,cute,dat feel,sharon stone,vocaloid,janyce guillot
THtczQxHgtXpnea3	soul,singer-songwriters,rnb,australia,female vocalists,neo soul
TIDAYplHydmOIiMl	pop,rock,onerepublic,2014,love runs out
TIesySrXwnptkX8P	post-rock,post-metal
TJMaNQgEywcFvuWI	sertaneijo,sertanejo,jorge  e mateus,festa junina acho
TJVr2MhTChfTRkgN	alternative rock,rock,female vocalists,10s,favorites 2013
TJhTD4Sg9KBYoiqL	pop rock,brazilian,rock,2010s,brasil,pop
TJo8cvDRfLSBiqhp	hard rock,rock,female vocalists,post-grunge,alternative rock,hard rock,rock,alternative rock
TK8y1ZhrOsriWSvV	brazilian,beautiful,mpb,win my heart,braziliansoul,brasil
TKW9JsX2PTdKnnhu	indie,singer-songwriter,acoustic,x factor,2017,2017 releases
TKsySf2nFm4UV1cK	pop,2017 listen,drag,funk,rap
TL01QP9uqqbomtNv	progressive rock,80s,rock,peter gabriel,progressive rock,rock,classic rock
TLdJnDvY0nqWwxba	stan getz,jazz
TMGYMqGixsc1mwDn	victoria beckham,sexy,pop
TMbxAizHV4p2jY80	electronic,ambient,idm,electronica,chillout,ambient,electronic,idm
TNAiWEBweQSLEdAo	acoustic,rock,surf music,singer-songwriter,folk,summer
TNBg5W535z2TZsY8	rock,pop,sting,british
TNmRIy0FdIN4zeBs	electronic,instrumental,electronica,canadian,indie
TNme1QrU17IHBRsE	metalcore,christian metalcore,technical metalcore,christian metal,metalcore,hardcore,christian metalcore
TO3azVGTDCEgrBnP	dream pop,indie,chillout,beautiful
TOTiGiL4qATx6qyl	acoustic,indie,singer-songwriter,mellow
TOalXjVhNNjBSwPM	post-rock,shoegaze,folk,neofolk
TOs4ZdXqH9ZWXkxn	punk,ska,tony hawk,ska punk,punk,ska punk,ska
TOxvK0xd8hE0c69I	rock,indie
TOyKvuQsBXKmNvOE	rock
TPJVqovicPGJBkqv	dream pop,lo-fi,bedroom pop,indie
TPirKyQRxzEPt278	77davez-all-tracks,1977,ambient,rock
TPp565vc2MUiyTXa	classic rock,rock,british,60s,pop
TQLZ161VRQbgepNb	folk,pop,duo,girls name,2012 single,folk,soul,rock
TQZdrxnNn4jTVBZO	k-pop,kpop,pop,korean,blackpink
TQn7uRhSb1rqraa9	rock gaucho,engenheiros,gessinger,rock,rock,brazilian rock,brazilian
TRoD4iRNca730tgF	soul,minnie riperton
TS6wSkB1kqQhmjUy	female vocalists,singer-songwriter,pop,christian
TSSzjWf1UkfML04w	pop,dance
TSrIAMKnVw6mELoo	mpb,brazilian,forro,brasil,mpb,brazilian,brasil
TSxRF5jWjN6ahj6t	technical death metal,death metal,brutal death metal
TT1X2okInUBT7Kd1	indie rock,female vocalists,indie,rock,electronic,gossip
TTNcE1H5jqNdz8pE	indie rock,alternative rock,rock,american
TTdPbfkpVX4ERufX	2018,singer-songwriter,female vocalists
TV4UmZATQ7zW0cPP	dubstep,drum and bass
TV5fNgqohTLH5tw6	stoner rock,desert rock,hard rock
TVRFBgmM41Q8aj4D	progressive rock,classic rock,rock
TVr4f7r5mpq8VvGR	pop,k-pop,korean,kpop
TWss1TaS2uNhzPMM	worship,gospel,praise,christians
TXePExBjyIlw1DDI	hiphop,rap,hip hop,german
TXgz765tZAJGubJW	indie rock,x-factor
TXhpzkpvGPdl1PvK	surf,instrumental,soundtrack,surf rock,pulp fiction,fip
TXrqYbsVeHnfS5AV	progressive rock,art rock,progressive,progressive rock,art rock,classic rock
TYEzmgqrZ9HdJUik	70s,funk,mpb,brasil
TYLKXnRVII9sD38v	rock,80s,new wave,classic rock,the police
TZ0NRZUo1zC8CU4W	80s,pop,brazilian rock,pop rock,morena,rock nacional
TZWeFyX5kiLYaDvj	heavy metal,true metal,power metal
TZg5CTvsBzSbKdOF	french,indie,slam,rap
TaeREveB9GcfykCB	rock,alternative rock,female vocalists,alternative
TalAnTkxEBVyvz3y	indie,indie rock,post-punk,british
Tas1WRzpg4eft5hH	mpb,brazilian,folk,rock,psychedelic
TbMkaocInjhHZWQq	2018,madeintyo,hip hop,rap,hip-hop,all
TcCRGCw2FOwhR7B8	post-punk,shoegaze,alternative rock,post-punk,shoegaze,psychedelic
TcjwQSLwWGqWiShQ	punk rock,punk,rock,77davez-all-tracks
Td8bA1c5JCb9ERxr	indie rock,indie,british,alternative rock,alternative,rock
TeQlMOFasXOSIfot	post-hardcore,screamo,experimental
TekgxNxoges1rWCc	hip-hop,soul
Tg3jdFYty7UNSpuy	ambient,georgia,places,cities,geohash:djww04xhr7jj,sea sounds
TgVareh63p2MLASF	hip-hop,christian,rap
TgabLRP7tnvXnhcv	uk garage,electronic,wish it was longer,hyperdub
ThboZZqr7dbYhJR1	dance,electronic,eurodance,techno,trance
Ti2PgYB3yXVdLa5s	gothic rock,darkwave,gothic,goth
Tisab4a4jgw5kVgq	60s,psychedelic,folk,singer-songwriter,classic rock
Tj7tHraP3IJiu8lS	metal,rock,heavy metal,metalcore,metalcore,thrash metal,metal
TjYVqSwVlXfNgiJd	deepspaceone,piano,contemporary classical,ambient,neoclassical,post-classical
TjffS3yArACEcine	alternative,indie,rnb,downtempo,female vocalists
TkRj5yFEV29vzLvx	industrial,industrial rock,alternative,rock,nin,industrial,industrial rock,electronic
TlBFDpOo9d9QySF4	electronic,bjork is jesus,avantgarde pop,experimental
TlWFmUie00fHMqDU	sexy,pop,90s,sex,female vocalists,madonna
Tm8OVxgH4HiZql8u	electronic,mellow,indie,beautiful
TmgtWNVEax3fqvIt	dance,house,electronic,trance
TnYpe8MF6wcLpCQD	rock,brazilian,stoner rock,alternative rock
TnqohCfkA5LUV0JU	metalcore,metal,melodic death metal,hardcore
To6fdrdWjvwQ5coC	electronic,soundtrack,instrumental,orchestral,electronic,house,dance
TotL7aNf22YrXexy	heavy metal,rock,metal,hard rock
Tp8JY3ZztaDiZix0	60s,male vocalists,easy listening,singer-songwriter
TpV9ARHykuXpEDAG	pagode,samba,art popular,mpb
TpZOymy2c6RWAdO2	pop,spanish,latin,female vocalists
Tq7DQRmbYlX16A8W	pop,singer-songwriter,soundtrack,musical,female vocalists,90s
TqfQLJGD3ycda4Wx	rnb,pop,female vocalists,soul,hip-hop
TqgJw8AAVbAqiX8a	alternative,rock,brazilian
TqjilSrQ7VXLr8Qk	southern rock,rock,blues rock,blues
TrKpUKeNZtWkcxbO	grunge,rock,alternative rock
TrVkNTDDFNbILoSY	heavy metal,nwobhm,metal,iron maiden
TrvDtpV7b6oUFFZQ	pop,electronic,hino
TrvkuACtZPBkEVnF	experimental,post-rock,dream pop,noise rock
TrxDhezdtE5rKRHW	pop,indie pop,best of 2014,featuring,pop,pop rock,british
TsxYPQOCKSCGFjN5	pop,sexy,katy perry,female vocalists
TtXMvJfn274RpS7F	ambient,instrumental,post-rock,piano
TtvGNOu7IpAOOvs7	acoustic,rock,pop,maroon 5
Tu4cfccIlOWTQmAA	post-hardcore,metal
TuBvinshhNZgQpYN	electronic,alternative,australian
Turi0J2KCkXaiNMO	80s,soul,love songs,pop
Tv8PPECwceIokZ5w	indie rock,post-punk,neo-psychedelia,art rock,fip,jazz-rock
Tv8QzwjzaNjbT9EU	eclectonia,power pop,indie,indie rock
TvuaVo2nW0DlOgi6	electronic,pop,house,electro house,dance
TwM4lpYdQEiDGoNl	pop,rock,female vocalists,american,90s,pop-rock
TwRdKxhfWhNRliIc	shoegaze,90s,british i like,lush
Tx753bAYLiAo28X8	indie,rock,alternative,indie rock
TxQzvCBJbrjDrwSt	jazz,piano
TxirVLQGtdOdeRRb	indietronica,2015 single,experimental,indie,obscure yet streamable tracks,electronic,female vocalists,danish
Ty0LTxO86mClVyAw	nu metal,hardcore,metalcore,metal,beatdown,rock
Ty6OgF440UYuAJbI	eurovision song contest,ukraine,eurovision,esc,eurovision 2017,ukrainian,pop-punk,pop punk
Tymx7DpcXXTTNNd4	k-pop,intro,sistar,bora,hyorin,dasom
U0fKywVjGA8DIWmT	punk rock,pop punk,alternative rock,alternative metal
U1rxuq7zzWxK5Fpi	drum and bass,liquid funk,electronic
U1t8SOBiu1cMN3PC	electronic,goth,1
U286162nJUKz251r	indie,indie rock,alternative,indie,indie rock,alternative
U2Jdc5GIVNaNx5Ri	rap,french,hip-hop,hip hop,rap francais
U2gPr5fPWSbW12ip	nu metal,metal,rock,korn,hard rock,nu metal,metal,rock
U2lYU8jPyvd1KCVw	alternative,jazz,pop,polish,jaslo
U34v3cjLToypjPu7	post-hardcore
U3IFzjHI5BY6eruJ	doom metal,metal,heavy metal,traditional doom metal
U3V3mzrYe7TW20md	camp rock,disney,pop,meaghan martin
U3YFWR1n3PerxCQB	electronic,indie,electropop,dance,electronica
U3fsY4u4EY1LjljU	pop,swedish,female vocalists,eurovision,alternative,best of 2017
U4FYFE6qwU5UtjEq	punk rock,rock,punk,alternative rock
U4LRiY4nE9TitYlG	alternative metal,progressive rock,alternative rock,rock
U4YwpTA6eBKQHvvt	indie,electronic,british,alternative,synth indie rock
U5KoASP6wwYD7Soc	rock,indie rock,2016 single,southern rock
U5gQK62oALn2v6PT	smooth jazz,gimme sum diva luv,soul,female vocalists
U5zyv3OmtLlUfh20	psychedelic rock,remix
U6Lc1cEzGMzfVAdp	pop,female vocalists,gwen stefani,dance
U6OQzeAFDOlUg1Fa	progressive metal,math metal,technical metal,death metal
U6vglOXUiVUQ3jVg	pop,brazil,portuguese,brasileira,pop nacional,ai papai
U7OQvBCYHfJD2PRa	abstract,avantgarde pop,leftfield pop,dream time,freeform manoeuvre,post-revolutionary pop song
U7fE1rOs3vitZGxc	2017,post-punk,swedish,indie rock,indie
U8AnJKUvY9sVKnmX	pop,dance,female vocalists,80s,electronic
U8QmAu5insp2VUSb	turkish rock,sebnemferah
U8R9BXBg06FwnJFT	ambient,neoclassical,solitude
U99GWh8vhPg07u4T	mpb,brasil,brazilian,latin
U9rkQ5wrcltlPr35	dream pop,indie,indie pop,dreamy
U9vo5LiEHh7NJiGZ	electronic,dance,owl city,christian
UARcip8jzQi1xR03	indie,indie rock
UB1yhCi3zeK8ekIn	pop
UBPAnt80fV1kxmtc	rnb,soul,korean,k-pop,jazz
UBVNvC2dmOqWpN0G	alternative,rock,emo,aitchawake
UCbm14L6ORpEMt7B	2017,lo-fi,indie,post-punk,experimental,lo-fi,indie,fip
UCqGfppqiktX1E2y	indie,canadian,chamber pop,male vocals
UCtuvJjJA2QZztih	pop,electropop,electronic,electro pop
UDEAHoPMKuQyQofE	brazilian,dance,rock,10s
UDGsYrAdUxuK6iJM	french,punk,ska,german,dancehall,punk rock
UDIAKmEH3I9DhSVG	cover,covers,female vocalists,indie pop
UDb8MYNDkrMToclA	80s,new wave,pop,synth pop
UDk326AjAHeFYpwD	hip-hop,fip,90s,rap,hip hop,mellow
UDrB1VnVn8SeWdv7	soundtrack,piano,where the wild things are,score,american film score composers
UEVGGqf79SId0oE4	80s,soundtrack,ogun la baraka,i know you have a little life in you yet
UEgLXlctUgHpgijb	pop punk,emo,dream pop,indie rock
UFVDrJTnAsWYP6Vw	black metal,norwegian black metal,norwegian,jazz
UFtJu6lBleIiXhMq	electronic,synthpop,post-punk,indie,experimental
UFwAvz27mnhzu0Wj	progressive metal,progressive rock
UGLBYMkokII0QKRt	black metal,post-black metal,atmospheric black metal
UGtnu5IqlGn5so1r	recalcada,funk,porrada come,rock,guilty pleasure,recalcada,porrada come,progressive funk
UGv2AzMfy59JObIs	rock,alternative rock,female vocalists,british,alternative,singer-songwriter
UHYoHRYeB4TRZiOY	pop,pop rock,canadian,cheerleaders
UHbkjXewyrvQChhx	glam rock,hypnotic,favourite lyrics
UHeJybo0i6V9LOKn	american,1,fm4,2017 single,chillwave
UI36v2mFL3s4aWWg	ambient,chillout,electronic,downtempo,electronica
UJIggk4pkwX2PBC6	sexy voice,dance,electronic,pop
UJx8bQqMtGTwTFXT	70s,rock,classic rock
UKErloGqSFfPBqW3	slowcore,sadcore,indie,garage rock
UKdBUZu4tI8SW0SQ	post-hardcore,screamo
ULL75tcqagASTwne	death metal,brutal death metal,metal
ULmK8tJ3SRjJvl80	black metal,death metal,blackened death metal,metal
UMBqr8q9izuZi2Pf	post-hardcore,rock,ambient,alternative rock,rnb
UMQjpF9HLGjhl5Pw	rap,eminem,aitchrap,sonic rock,mr mathers,aitchsonic
UMi0M65Rhg00vNXY	pop,latin pop,dominican republic,electronica
UN3Aj1HlU6Q7cpC9	beautiful,indie rock,lo-fi,awesome songs
UNPdpmGa0iWgR6AL	cumbia,latin,la sonora dinamita
UNo8XHQHm0H8asCT	rock,alternative,alternative rock,piano rock,the fray
UNqH1aIRpBnKLK8p	love,indie pop,party,upbeat,indie,synthpop,british
UOURAu2AMBQXgHMo	boysband,talent show,2018 single
UOWhonGYRCXtNgRO	gospel,religious,diva,famale vocalists
UPDZbB5LWwqGI9oq	electronic,8-bit,new rave,electronica
UPQKNP367R4yN9cB	destination eurovision 2019,france,eurovision song contest,eurovision
UPk8aawUPzXV2JvB	rock,pop punk,good charlotte,punk
UQXIP8xDym1fHSer	alternative,rock,nu metal,alternative rock,american
UQkcz6dUy3BUaNz8	indie,indie pop,pop,tops
UQlRZBXj9LPU58f7	punk,punk70s,punk,punk rock,british
UR2tfZapr52Zqj8B	french,love,folk,latin
UR8oUIwHlvk50QAF	mpb,brasil,brazilian
URtl1H5JqJIyx3Y7	hardcore,hardcore punk,punk,canadian,punk rock
US3ooDeDl1VdZhhn	indie,indie pop,pop,musical theatre
US6vEaphLgxdzaop	melodic death metal,power metal,pop metal,melodic death metal,power metal,modern metal
USGvCoUKOcm57r5r	alternative rock,alternative,rock,electronic,british,radiohead
UTeoYRTQcDKAUMqD	jazz,fusion,jazz fusion,funk
UULkg6lhfh2E6qAH	indie,indie pop,pop,american
UUSLWHt5vppgBRKD	pop
UUdXOtU3eNNKMQHo	progressive metal
UV14MOuLk8hVApu5	death metal,metal,symphonic,orchestra
UV1l51GI3K1WPBCn	chillstep,dubstep,ambient,electronic,post-dubstep
UVBQ56nKCmpTkzf9	rap,brazil,brazilian,brasil,brazilian rap,rap,brazilian,hip hop
UVI1BupyVL1Gf8rF	metalcore,hardcore,beatdown,metallic hardcore,beatdown hardcore
UVnmEIUBPN0UNA46	dance,house,electronic,deep house
UVuQ21NbCCexmYsi	pop,one direction,catchy,british,pop,british,one direction
UW9g3nxsFahWHWJP	rap,hardcore,bullshit
UWLo1d8o5EZgA6wl	pop,electronic,indie pop,american
UXWBFIa5vnBqwIZU	progressive death metal,progressive metal,death metal,metal,melodic death metal
UXcs6GKgvyJylXR5	punk rock,punk,2017,pop punk,melodic punk,orgcore
UY5CIC9wc86MJXZU	dubstep,jungle,dance
UY9g5bJLBENMIZl8	alternative,electronic,rock,electronica,pop,british
UYTAxbKPpfF3fqXB	industrial metal,black metal,industrial black metal,industrial
UYUUYaiS2Ou78TNq	indie,instrumental,folk,experimental
UYumwPLJl25G5DKs	classical
UZ5THMzOjEWDOucA	funk metal,crossover,brazilian,rap rock
UZEnd6AnZjUSnGES	electronica,house,dubstep,remix,dubstep,drumstep,glitch hop
UZILBOXRzSaB7nwV	pop,good,amo,great
UZOtuTnSW8uJwSME	deepspaceone,ambient,ambient,deepspaceone,minimal
UZYEa992s9ot9BxL	soundtrack,instrumental,lord of the rings,classical
UZcgZJlW8tzAprSL	indie,indie rock,rock,alt-country
UZhkt3dL3fLMA0Em	soundtrack,ost,books,maybe someday,colleen hoover,new adult
Ua8Lqf4K2idVYuoF	pop,rnb,pop,rnb,australian
UaAhZ4Q8GvdL0PX1	electronic,poptron,dance,indie,electro
UaQk68mAFfTuQmKl	indie pop,acoustic,indie,ballad
UaariH1IILmrElHP	spoken word,screamo,2019,ambient,post-hardcore,post-rock
Uayag3e3HKNtF9hz	mpb,pop rock,pop
UcJNhVWNchgvicfd	folk,alternative,british,ben howard
UcxwazIiOaDQwx7N	pop,80s,dance
Uczy8XGSSyL5l85B	power metal,speed metal,german artist
UdQVT83AOpW3V4kM	k-pop,korean,nct dream,kpop
UdemShLSfECBBUce	lo-fi beat,beats,instrumental,lo-fi,instrumental hip-hop
UekQixXKqcyMuKiS	soul,retro,indie
Uf6Ms3f3ZwyvFNXE	post-hardcore,progressive rock,post-hardcore,progressive rock,indie
UfPVOniOeqsf8XTn	synth pop,pop,8 of 10 stars,spotify,6 of 10 stars,7 of 10 stars
UfzixtLV34vdbvWB	blues,classic rock,eric clapton,blues rock,rock,blues,classic rock,blues rock
Ug0MLGzHfYsDDR5I	hip-hop,hip hop,rap,gilles peterson
Ug5JkOar2AMfJkwS	emo
UgsXUNISX6AD5jnU	electronic,rnb,korean
Uh9TSdrQta4CrW1a	pop punk,the cab,alternative,rock
UhKQZQyZu118hOmn	noise,experimental,noise-pop,alternative,shoegaze,alternative rock
Uhe09u1TpC3lo89x	onra,production,music for airports without music for airports,electronic
UhfzaNQfBX71FzPo	progressive rock,melancholic,rock,doom metal
UhhBemxROYQbJM0r	rap,german,hip-hop,deutschrap
Ujnh5fJ49HuvVpxq	pop,female vocalists,natalie imbruglia,pop,female vocalists,australian
UjoiliEQvJeKba58	pop,pop rock,russian,lena katina,my dance room,video clip
Uk5NaEfloLrWACqY	gothic metal,doom metal
Ul6VcTcJMTCJxVyq	punk,punk rock,d-beat,street punk,uk82,d-beat,hardcore punk,punk
UlMK4pZN2gqS9u0N	krautrock,electronic,psychedelic,ambient
UmDzBGnHsnAS179B	pop,rnb,christina aguilera,soul
UmdmjyVEBFK5Usbf	progressive rock,psychedelic rock,classic rock,rock
UnSBlXnb8nZ1lq5l	tropicalia,psychedelic,experimental,brasil
UnUPS3407BuZfaGw	soul,70s
Uo9JPtyTTWxTVLQ1	ambient,future garage
UoUExbO73LEJHkQy	instrumental,post-rock,post-metal,post rock,progressive rock
UoUOF7Sj916oXLZi	ost,singer-songwriter,alternative,female vocals
UoqWPyXGsXquXP53	alternative rock,rock,alternative,90s,pop
Uowmni6gvpAYycFn	misc,electronic,95 bpm,amen break
UoxmLNXFFS1n5k7U	singer-songwriter,pop,alternative,rock
UpUgWZhPp9JKw1RC	soul,60s,rhythm and blues,blues,fip,coffee
UpYOum3iNypkzGUe	indie pop,catchy,echosmith gif
UpzJl6oGaUQ1j2ch	indie rock,rock
UqJqbYzD9GQkSypU	ambient,art rock,experimental,electronic,1975,ambient,experimental,electronic
UrEvxJVtb6dvTIj2	soul,british,2017,female vocalists,pop,alternative
UrScqV99XpEKvgBw	samba,jazz,female vocalists,brasil
UrbTK8HawH3eKXGg	rock,alternative rock,grunge,foo fighters,alternative,rock,alternative rock,grunge
UrlrHNpEtMX6z4qv	atmospheric black metal,black metal,dark ambient,ambient black metal
UsQQYy8jwDN7FOKO	pop,90s,australian,dance,savage garden
UsVozVtLCJkWxrUc	death metal,instrumental,old school death metal
Usia4RUVOeQM5YtA	alternative,pop,german,electronic
Usppprp4thMn6zAc	soul,rnb,john legend
Usy1B96bUQGLjrjx	classic rock,rock,british,60s,pop
Ut82g3WK99JM8w1Q	witch house,dubstep,witch trap,trap,electronic
UtCgFQH0M7cPkidc	coffee,jazz,blues,female vocalist
UtTaxshyBhUAAsCj	indie,alt rock,indie rock,british
Uu8x8wBwOp5mE9oX	brazilian,brasileira,brasileiro,brazil,brasil,sertanejo
UuHmYC46LcxTJptN	dance,pop,2011,pitbull
UuRsypDImZHKvl4L	indie,alternative,indie rock,alternative rock,rock,psychedelic
UujSMDp5gUMWPv6D	blues,blues rock,eric clapton,rock
UvGdptFCT3fHbnpf	post-hardcore,2015,melodic hardcore
UvMV15cZSzzGvlJe	dub,reggae
UvaXt6se6oaBOpJT	electronica,post-rock,math rock,electronic
UvvGWYEw4VkvSPBe	metal,hardcore,metalcore,heavy metal,thrash metal,awesome
Uw1iDeGqs19i8qH6	psychedelic rock,-30t,-r7,1011rh,10rh rem 110205
Uw4FG6kDpdNq3chq	mathcore,death metal,math metal,metalcore,djent,2018
UwNjn0hGc5etuEww	death metal,old school death metal,swedish death metal
UwgcEPBJpmAtk8fZ	hip hop,alternative,hip-hop,sbe,cloud rap
UxD5GLJZuZwH2hos	fip,country,folk,americana
UxaB2FVdnR7IwApj	drum and bass,electronic,breakbeat,dnb
Uxtp9VQrOPIyf0o1	american,letterman,2014 single,rock
UyOmUqLqz6cYNgL2	indie,folk,instrumental,singer-songwriter
UyXMaspsByTEefaT	pop,italian,pop-rock,vocals
Uyaftm9AHsaOXcOl	punk rock,punk,rock,90s
UyqwIKfoa3Nvb0O1	jazz,acoustic,contemporary singersongwriter,rock
Uz2dhECcawPTjjlY	electronic,experimental,hip-hop,instrumental hip-hop,downtempo
UzonlzkG9bRhDKTN	gothic metal,symphonic metal,metal,power metal
UzwkkBkgqupa1rnb	electronic,synth pop,indie,funny
V08y4AUzkqXdtdIs	death metal,technical death metal,brutal death metal,metal
V09A0qNXk9aPa1HQ	alternative rock,alternative,rock,progressive rock,muse
V0GNLi901GIS2NMK	post-hardcore,good song,lovedbyme1,post-hardcore,modern rock,alternative
V2ZdRrEjHBfDH4NB	progressive rock,60s,chapter 9 and 10 - muh i,symphonic rock
V2gZMcXmPM2LxutX	noise,hip hop,hip-hop,experimental
V2vA5RTBtmPl4CvF	focus,getup,acoustic,singer-songwriter,folk
V35uTCmYV21CCTVy	pop,2014,brazilian,funk,dance,female vocalists
V48yQwisRAss8eB6	pop,happy,spanish,easy,mexican
V4z0a3t5zCJ5AEbQ	rap,swag,kill people burn shit fuck school,ofwgkta,hip hop,hip-hop
V5cDNRj1C5k7sgCB	folk,acoustic,indie
V5iiETEmlAGsktrP	metalcore,post-hardcore
V5nMNIb3FoPDwJsj	pop,berlin,singer-songwriter,deutschpop
V5z2dqM6VORUVaUW	pop,80s
V6ExCTd15bgBM1IS	electronic,swedish,female vocalists,synthpop,eletronic
V6LDT6QJdSX8IOUB	rock,hot,alternative rock,touching,great song
V7FqzLN20jGmG1kJ	rap,rnb,juice wrld
V8JngnPdxNaPN4Xb	pop rock,pop,nickelodeon,miranda cosgrove
V8iUw2kfEJpyCCty	80s,pop,phil collins,easy listening,rock
V8obdyehmNDlZuIP	jazz,indie,swing,easy listening
V8tR06OFI9rRMpXh	rock,metal,alternative metal,alternative,alternative rock,post-grunge
V9FxqMlQQuPyW4xg	alternative rock,alternative,rock,indie,77davez-all-tracks,indie rock
V9xZCMOqodcaMBms	pop,electronic,dance,american,2016 single
V9ybctLUiOeBiq1N	rock,power ballad,hard rock,80s
VA5jhgtOxOvM2ifs	classic rock,70s,rock,southern rock,steve miller band
VAGbVYpDCZe8KuYm	nu metal,rock,alternative rock,alternative,metal,hard rock
VAHT6rVt7DfxBzhE	post-hardcore
VBIQTyHlzahRvISE	bossa nova,jazz,female vocalists
VBeREebkSJ1oFXY9	indie rock,rock,indie,alternative,alternative rock,southern rock
VBf0xJJNsyOPVzbc	heavy metal,metal,iron maiden,nwobhm
VC2TYH8ikohiYvOP	alternative,rock,indie,indie,indie rock,alternative
VC2zuFtulEdBvxZR	country,bro-country
VC96BZuLwxZVyKNu	pop,spanish,female vocalists,german
VCtnK3EDSFPawSd7	cover,rock,alternative rock,alternative
VCvtBlp2JaXDoHYJ	black metal,atmospheric black metal
VD5sC8Vbck6IgkX3	pop,80s,rock,soft rock,phil collins
VDEMZWzLAuYbtuox	folk,singer-songwriter,acoustic,female vocalists
VDd4yepMvv0JgoCv	brasil,mpb,totec radio,female vocalists,musica brasileira
VEZkdZg9Tgpd1s22	post-hardcore,alternative rock,emo,indie,indie rock,post-hardcore,emo,indie
VEmWTrLvZHBqvi9F	jazz,love,soul,pop,chance the rapper,days of the week
VF1RU45FsMfbNhtb	folk,radio paradise,2010s folk,radioparadise
VFKGg5XXpQpbTCgo	jazz,minimalism,instrumental,vals
VGHfmeT3G196fp28	hip hop,rap,hip-hop
VHVJlg9f8UnvKJux	techno,electronic,house,deep house
VHapkzIKNII6em3O	k-pop,korean,kpop,vixx,pop,k-pop,korean,vixx
VIha7ZHfbSteIrlQ	indie,pop,belgian,electronic
VIknslOJ85ylmtbI	female vocalists,singer-songwriter,folk,american,female vocalists,folk,singer-songwriter
VJehFK0Q9d2SqDUL	soul,pop,rnb,british
VJhWQtnRhu8NVSuX	rock,classic rock,80s,queen,glam rock
VKIwLN9gtbYSCTSc	soul,funk,rap,hip-hop,rnb
VKw3nzd9xylTCBZc	2013 single,swedish,pop,female vocalist
VLGObkVKbKOWW5Ry	post-hardcore,alternative rock,emo,melodic hardcore,post-hardcore,emo,melodic hardcore
VLQI0kdW1BMBOHtR	reggae,jamaican artist
VMVA0DhhknA4Q0Dj	progressive metal,progressive rock,dream theater
VN31GEGK47IAli4Y	hip-hop,rap,southern rap,gangsta rap,dirty south
VNMuKipkD9OKcbmH	punk rock,punk,rock,classic punk
VNavIarDxPTE6VLm	pop
VNpv3Asav2ALH7NR	melanie c,pop,female vocalists
VOOUpIPgI0zBYdBt	classic rock,70s,rock,progressive rock,supernatural
VPT4olSly49ZNqlh	k-pop,girl group,pop,albumsiown,best of 2016,kpop
VQSUDDIVj2L1U4mb	80s,pop,new wave,rock
VQgq8Wmtur2wj9Zp	progressive rock,hard rock
VQiQfWi5r11JGSYI	experimental,2016,electronic,spanish,tropicalia,psychedelic
VR4lH2MoOi4yEOxf	electronic,witch house,electropop,lo-fi,electro
VRaUoCR4d1gKWTPk	pop,love
VRbp0FJ1Tz5RWB9J	progressive metal,progressive rock,progressive,dream theater
VRvpwgO7xbfUqlEN	technical death metal,death metal
VSsmOKrLPw6MPqZd	pop,french,pop rock,female vocalists
VSvgdhqiAapsTxex	electronic,dance,chopped and screwed,smokey,metro downtempo,music to get the pussy wet
VT3mPpvZkjxW3LoZ	experimental,party,american,freestyle,2015 single,hallucinogen
VTInm3LmhA96XZCQ	2018 releases,folk,singer-songwriter
VTKlqhhFNVWYX5yx	classical,johann sebastian bach,baroque,4 stars
VTPZdXAEsuFmDRXj	alternative,indie,power pop,90s,catchy,nerd rock
VTcg0xrzQQfSBb4Y	classical,composer,impressionist,orchestra,impressionism,when we were young
VURVBtiMUfmKOqWZ	house,dance,electronic,electro house,house,electronic,dance
VUZXrM0WHfN2w986	emo,indie,acoustic,indie rock,punk
VUnI9XZ8eQvNFxHa	depressive,sad,art pop,beautiful,addicitive,celestial
VV2fjj2YlyTmoXoa	post-hardcore,hardcore,screamo,pop punk
VV48v1pNzBHgy9E7	alternative rock,rock,alternative,my chemical romance,emo,punk rock
VWBEQkkxdSt2pxV5	electronic,japanese,j-pop,pop,my favorite albums,albumsiown
VWhLXV3Khaj1F091	hard rock,70s,classic rock,rock,heavy metal,scorpions
VWi0TDOiDugPTEhA	hip hop,fresh,british,spice girls,love at first listen,puppy
VWrGCBMDcIXzoGl8	soul,dance,80s,disco,funk,attitude
VWrUykeicslfUToY	synthpop,futurepop,dreamwave,electropop
VX7r1VqWjJ2r7NxG	heavy metal,metal,judas priest
VXP7WP5J5S2GXoZW	cover,jazz,alternative,blues,indie
VXfpzId7trQ2uW6t	pop,selena gomez,love at first listen
VYCuFUNsEtDzFp3n	soul,british,female vocalists,r'n'b,pop,rnb
VYPcjZYIHcj9pPL8	rock,classic rock,new wave,80s,pop
VYbISPsWqHO29xaI	alternative,rock,emo,alternative rock,panic at the disco,pop punk
VZMyDREHEPzdKaQr	soul,fip,cover,soul,female vocalists,jazz
VZSP8RYP8MQbiO9U	60s,pop,thinking alone with candles,christopher
VZfMSxAS3d9ZB4Ur	hip hop,alternative,alternative hip hop
VZhGCL8OdRxe5YUF	rock,alternative rock,alternative,scottish,indie
Va3XP9NtYp3wbq4o	j-pop,jpop,japan
VapulU9nMVOtKcVy	pop,latin,spanish,&lt;3,linda,pop,latin,female vocalists
VawyAqwzKnr0TUGt	gothic metal,female fronted metal,gothic
Vb75CjToOYjhX1rw	punk rock,rock,punk,alternative
VbXmIoUlIQHuMq2d	hardcore,metal,metalcore,emo,deathcore,screamo
VcQIFXEYksEaSUs5	indie,england,rock,indie rock
VcmlfBqjLWDEQWtU	black metal,depressive rock,depressive black metal,happy massacre
Vco2SHBO36jGIj8g	grunge,rock,90s,alternative rock,pearl jam
VcxIufj7LKsp3fMB	best of 2016,queen of rap,rap,hip hop,hip-hop,rap,pop
Vd29DezmXIlS6Bzp	country
Vd9XChKIKSjEbqdw	pop,catchy,love at first listen,better than selena gomez
VdBtiCRMwoSXQw64	death metal,metal,technical death metal,progressive death metal
VeGRBJgeHwFdtuqC	funk,jazz funk
VeegGr9iYGsNzrW0	progressive metal,progressive rock,progressive,piano
VfVsbIDxnEBVizbG	jazz,nina simone,vocal jazz,female vocalists,fip
VfeOavwmab3va5Zd	pop punk,rock,pop rock,powerpop,2018,best of 2018
Vfex02ZrRoSkCuap	jazz rap,bilal,conscious hip hop,west coast hip hop,anna wise,kendrick lamar
VfsoBIcUHv2qVmL1	classic rock,rock,70s,grateful dead
Vg6KqlcygXFSS7ns	italian,pop,italiana
Vghb4BqufmXDlXpL	piano,instrumental,easy listening,classical
VhGJd1ULpvsii48G	k-pop,korean,hello venus
VhMlrjDwhpeKqGNK	punk rock,punk,melodic punk,rock
VhWDau9cWKU6YbKe	heavy metal,power metal,speed metal,pirate metal
VhZivBtS5v0WO0rf	electronic,sexy,trip-hop,chill,trippy,europe
VhsvhMx5LrCQMcF9	2017 listen,brazil,indie pop,brazil,indie pop,brazilian
Vi7t0EQtm2rKoCTS	indie,folk,indie pop,lo-fi,indie rock
ViN25YCLvU4jrjya	lo-fi,lo-fi beat,instrumental,beats,hip-hop,instrumental hip-hop
VifIUu9Lgm0W2YaC	indie,rock,indie pop,indie rock,dream pop,female vocalists
VjcWHfYXoB29L7RM	nu metal,metal,heavy metal,nu-metal
VlkLhITEkmO9UnIU	post-hardcore,trancecore,screamo,alternative
VlyPBH0EpsKX3zWB	post-punk,80s,hardcore punk,alternative
Vm5b1SyAdaiTqk0d	idm,electronic,four-dimensional giant slugs fighting in a hypercube
Vm758gFGKwQxydoP	classic rock,rock,60s,cover
VmmkAb0DwU646WYI	hip hop,experimental hip hop,rap,alternative
VmuTs5431yNhxVek	soul,60s,oldies,lookup
VmxxBAFrV9Q9s0Sh	instrumental,post-rock,math rock,math-rock
VoB8XsfM4nwSGndF	black metal,viking metal,true norwegian black metal
VoHtMh3XQuGv56mS	indie,folk,baroque pop,classical,12,sxsw 2010
VoKCj5LTuo2JVxh5	metalcore,thrash metal,melodic death metal
VoSxpNn6JFWUG9q7	pop,female vocalists,australian,rock
VohpFbg8Ig9C8ieY	j-rock,japanese,rock,j-pop
Vp7csx25Xod2eJll	avantgarde pop,post-revolutionary pop song,electronica,experimental,avant-garde,female vocalists
VpSMYnDWYN4EC09e	indie,alternative,british,rock
VpaMhb19XEcglAWU	80s,new wave,1983,aztec camera
Vq1DPuvdTYhy93mg	punk rock,rock,alternative,punk,emo,post-hardcore
Vre1Z9chMNxPGjZt	post-punk,hardcore,shoegaze,hardcore punk,2012,hardcore,shoegaze,hardcore punk
VrgVI5kw5yeYFsI9	rb,pop,90s
VroeQr3IvqGChWHN	acoustic,indie,one tree hill,matt nathanson,singer-songwriter,beautiful
Vrs10XvV6sZvMhDq	j-rock,anime
VrwvPV6BuMESsbFB	soul,rnb,rhythm and blues,saxophone,soul,american,fip
Vs5RNE0k4x2gQXSG	indie rock,indie,british,rock
VsOH6OeBlFk4eHzv	2019,cloud rap,rap,hip-hop
VsjSAsuU0RbSZviP	alternative,alternative rock,indie rock,rock,emo
Vstrjcw5lxtwM9fR	metal,industrial metal,industrial,rock
VsxLM8TmxzkwrqjN	folk,indie,female vocalists,acoustic,mellow
Vt05ZOa2QXO48LLc	pop punk,canadian
VuedXLqzH4IdHMJs	japanese,j-pop,jpop,japan,46,keyakizaka46
VunyImbESbnY9WrD	80s,rock,progressive rock,peter gabriel,pop,classic rock
VuswjrFaLItbf6z5	oldies,60s,classic rock,pop,rock
VvUwpA8Yc9ZqbKH3	pop,ballad,australian,the valley,betty who
VvjYtABVAOZC4bC3	punk rock,punk,bad religion,rock
VwRynDNYBux8umfv	soul,funk,covers
Vwlfvr7Uf9Fb7bZo	samba
VwnvNKZtjqGOjVC5	industrial metal,industrial,metal,rock
Vx7tI8MTw8qs2ytA	rock,alternative,emo,taking back sunday,alternative rock,punk
VxCLixc0kKDcJHm2	metalcore,hardcore,melodic metalcore,metal
VxFwLrsZvAq97Zc7	pop punk
VxUHZnN1wNo0ylTz	indie,indie rock,alt-country,emo,rock
Vxoaj94sLm3AKmCO	hino,pop,better than beyonce,brazil
VyBVCdny5qClFTED	classic rock,rock,70s,psychedelic rock
VyLvtk9WRIaVFTwH	heavy metal,hard rock,metal,rock n roll
VyhPFV3CfWzmp7rV	rnb,dance,pop,tango,female vocalists
VzCqluhehzPSk7L6	dubstep,electronic
VzmcxiIkBq8AmSbL	alternative,alternative rock,rock,90s
W01wDGd8M3Yd6aRl	ambient,video game music,instrumental,soundtrack,electronic,france
W0BQaWkhTFn2N391	black metal,folk metal,atmospheric doom metal,gothic metal
W0PEKyYVy9qLWTyT	progressive metal,progressive death metal,jazz metal,instrumental,jazz fusion,death metal
W0ZuNqaCc4uhxLzy	death metal,old school death
W0ah8pt4wj3E1RVY	rock,american artist,english lyrics,hard rock,alternative rock,alternative
W0xsDy4ySjemX9mg	black metal,metal,blackened doom metal,doom
W16PBV1tqeT01fnO	alternative metal,metal,nu metal,rock,system of a down,alternative metal,metal,rock
W1KQe9A1SdbULx79	country,soul,linedance 2018,country,american,linedance 2018
W1KTa5HKhR5BFVj3	rock,alternative rock,alternative,hard rock
W1bGYsTGIt8QvHmv	symphonic metal
W1sYqlg7KDRucqz6	grunge,hard rock
W2Cxn8hSP9QmIEvG	80s,post-punk,new wave,alternative rock
W2KmP7Ka8b1HPBVU	alternative rock,rock,australian,sexy
W2N2RNyhgo91cpGC	mpb,female vocalists,brazilian,brasil
W2gvnydb2w7Axv9l	electroclash,electronic,electronica,synthpop,electropop
W4MHHFZ3irZIB2Ka	deathcore,metalcore,melodic deathcore,melodic death metal
W4cv2Em8hegoO5Sj	indie,indie rock,latino,alternative,garage rock revival
W4fowDznFozv7Jdj	pop rock,alternative rock
W4xU6MFkMZuxRQbK	80s,new wave,pop,1983
W5lQpdn5vDWlwSxi	80s,pop,female vocalists,tiffany
W68UdecNTgs6slU9	rock,happy hardcore,female vocalists,hardcore,pop rock
W6l3uBiMIPJIrT0F	trip-hop,electronic,chillout,female vocalists,trip-hop,electronic,female vocalists
W6w4H1d4COv8Ocrr	post-hardcore,rock,hardcore,emo
W713bbs4KmkQo9qC	pop,dance,rnb,female vocalists
W71Vl3d5LYKagASI	emo,acoustic,the early november,alternative
W8CpYEYsHleUIeph	80s,new wave,pop,james bond,soundtrack
W8XLPXvELVFip7wR	2018,nu metal,alternative,metal,rock
W93eI0Khboh8VDof	alternative rock,hard rock,female vocalists,alternative metal,alternative,gothic metal
W94d5iot98XxM6Ll	2017,sweden,rock,indie,female vocalists
W9f53wbi1YRXWgpK	rnb,soul,pop,female vocalists
W9xPUiK69J44JZKQ	singer-songwriter,pop,female vocalists,piano,british
WA3Jvew7iBp3Z9fn	progressive metal,progressive death metal,metal,progressive rock
WAAO3L8esReiXxJP	rock,indie,2016,british,alternative,blues
WAbTyx902fLAd8Q5	pop,rock,singer-songwriter,indie
WAkX7I2j7uqcuQRs	classic rock,psychedelic,rock,psychedelic rock,experimental,classic rock,rock,blues
WBO04pT29aHe3LV3	rap,hip-hop,grime
WC6vuF9ei2Jkyxd1	2016,technical death metal,death metal,post-metal,brutal death metal,avant-garde metal
WCBcAmaO3enT3XCx	chiptune,soundtrack,video game music,undertale,video game soundtrack
WCSu3Qv2iRfcJWTu	k-pop,kpop,korean,bts,pop,k-pop,kpop,bts
WCbiSRVvcd4ZA9gq	glam rock,rock,classic rock,80s,alternative
WCc5vlSCcJUSLIO5	electronic,krautrock,experimental
WCjuQtE6PEwXqndV	fip,female vocalists,french,indie,singer-songwriter,canadian
WCrDlDnKjHsGjcQV	pop,boum boum boum,2014
WDvyKH5za1tQUhdG	jam,jam band,laughing,rock
WE8Rph9q1wRRN3Go	alternative rock,alternative,rock,punk rock,pop punk
WEI65woIC6f5z2vt	pop punk,rock
WEK5g585TRDSKDpM	fip,folk,fip,canadian
WEnOw3jebyykcgNz	indie,indie pop,alternative,pop rock
WFjrKlcL6yrcLiil	4 stars,chillout,electronic,idm
WGAMB5bAACU9Y8Te	pop,indie,female vocalists,indie pop,alternative,the voice
WGZSmjoZtvxCvO9i	death metal,metal,death metal,old school death metal,metal
WH9mp9uhGMheA6eI	post-hardcore,screamo,metalcore,hardcore,emo
WIgaRTONCZJ8WFlL	pop,female vocalists,dance,bionic,fierce,katy perry
WIqtiSJw7dRnNpgl	melodic death metal,alternative metal,metal
WIzRklMUpOE4do6O	chanson francaise,chanson française,chanson,50s
WJG5SORB5hieD1Kn	stoner rock,alternative rock,rock,hard rock,alternative
WK5j523kDESfo2bJ	techno,electronic,minimal,minimal techno,elektronic beats,minimale techno
WKxeleVWebt75oEd	pop,electronic,dance,2017
WL83hZeAWHlAf726	jazz,female vocalists,sexy,cabaret
WLRmiGIxqFg8vtAy	progressive rock,melancholic
WLSzLf66GHkYhwNK	psychedelic,experimental,noise,avant-garde,2012,new weird america
WLkrjlyxO5bNueft	progressive rock
WMOwOfxVSjaPkBVr	post-hardcore,instrumental,red medicine,experimental
WMcaHClPNE6NXCeM	pop,dance,80s,female vocalists,1990
WMdDysF3kcP9zHp5	mpb,relaxing,gilberto gil,dnfs addictions,eppur mi torna in mente,roberta dice si
WMpJqKcFME7mN2eS	indie rock,argentina
WMrk2Wt2dkUsQJyp	country,blues,outlaw country,good music,country,folk,singer-songwriter
WMyvg6ILs5LHF8k6	indie rock,alternative,indie,canadian
WN6EHznQF0B2KPlr	trip hop,downtempo
WN775HvkYsVjq36d	female vocalists,oldies,50s,jazz
WNg4cGCietVlmT4X	industrial,industrial metal,metal,rock,marilyn manson
WO1VU9w97zcvl705	cloud rap,hip-hop,rap,truth,cloud rap,hip-hop,rap
WOaFj05xgiEosId0	pop,classic rock,rock,pop rock
WOfcbPlR3Cc0kg5U	rnb,pop,male vocalists,2010
WPIDLretR7JZCfNr	pop punk,poppunk,post-hardcore
WPOGw9II1nfOwyvK	indie,danish,indie rock,alternative,rock
WPqt0qwyo1VACRRq	rock n roll,rock,60s,oldies,elvis presley,rock and roll
WQ4H69CEfI5nTVjE	black metal,norwegian black metal
WQPGU9lsvFwTmTZr	mod,freakbeat,rock,indie
WQleu3ByNoMvHNF8	power metal,heavy metal
WQshuIEjh6Xdm6PX	punk rock,punk,female vocalists,riot grrrl
WRiBPRMGbKS5JDBp	rock,indie rock,indie,alternative,canadian
WS1lihs0AGHJrzrM	classic rock,blues rock,blues,70s,rock
WS9bmEr4ZSav6HWe	hip-hop,jazz hop,rap,acid jazz
WSZvrfQzePsFVOAd	pop,female vocalists,mexico,indie,alternative,spanish
WSxC4KdxVjNCKDc2	10s,2015,indie rock,indie
WTI2aTMu4DMwi2ZP	rap,hip-hop,polish,alternative rap
WTTPrDMEGPuvfivo	progressive rock,progressive,alternative metal,alternative rock,post-hardcore,post-hardcore,alternative metal,alternative rock
WTVL9Oo2vMO72qSu	garage rock,rock,alternative rock,alternative,indie rock
WTqeDmf2gp1DypWE	pop,70s,oldies,singer-songwriter,pop,70s,singer-songwriter
WTqlPKpaN3xkolVv	emo,alternative,hawthorne heights,fragile future
WU243cH7cbn7vuio	selena gomez,pop
WU5aUcwn1Vsx3ENb	pop,abba,80s,eighties,swedish
WU74yJyuTArWnj9z	pop,jazz,indonesian,indonesia
WULxxVTA14xMTWWj	fip,melodic,via:8tracks,private:watchlist,indie,experimental,indie pop
WV9SqLLipdWuiclo	shoegaze,post-black metal,post-rock,black metal
WVAC5cTrIq40ub08	cloud rap,rap,hip-hop,trap
WVxEMVN8mzyLwOrC	reggae,pop,american
WWSE7HeEEyDjq8Dw	2017,hardcore,sludge,hardcore punk
WWoDprgmcJzbGDS7	psychedelic,indie pop,cosmos,bopalong
WWrRFxhvTW5pC12I	garage rock,australian
WXBxVtE1T7OhxhgT	pop,electronic,dance,female vocalists
WYXzxJGpKJVVOcIO	pop,french,france,female vocalists
WZDCWMKaHejlGBcg	french,2017,female vocalists,singer-songwriter,chanson,2017 listen
WZYgOhfQWg0faGWq	folk,haunting,doom folk,psychedelic,experimental,folk,female vocalists
WZZeL7EcL2UXOcRt	indie pop,indie
WZlXPrtefFZDVGc4	heavy metal,metal
WZufWxPELH3aI4nm	pop,electronic,masterpiece,lady gaga,venus
WaC4Fli3NEQo9KFR	pop,female vocalists,jessica simpson,dance
Wal4FW7naMJHHoTt	pop,2013,dance,christina aguilera
Wb6UqwYGWPRLOMTV	acoustic,emo,pop punk,new favs
WbLS9B2I6wAAItJR	progressive deathcore,deathcore,djent
WbMKm9eeZKVwctQx	rock n roll,classic rock,rock,oldies,rock and roll
WbU6jALTMWuCd8dX	electropop,house,shangela,werqin girl
WbejgNyvLLjkNPO1	electronic,ambient
WcHIceKXU2Vy4hNN	techno,dreamy,peaceful, pop
WcUZRqjhfy76ju4S	symphonic metal,folk metal,symphonic metal,power metal,gothic metal
Wcsw4XACazYLK6kW	alternative,missing someone,aaargh,blues,singer-songwriter,indie,indie pop
Wd18cGcL1uiDZ4wd	80s,pop,classic rock,singer-songwriter,folk,paul simon
Wd6i5Twqgr8sY16W	hard rock,classic rock,70s,psychedelic rock
WdEBf0CPYZDsmqB6	death metal,brutal death metal
WdJn5xYrt2ADctla	britpop,rock,british,1990s
WdVIBcNlKUe3k36U	pop,7,catchy,fierce
WeGkXvTqGdt2xgvr	alternative,piano,indie,emo,straylight run,indie rock
WeKqbV1llnKyh9VG	indie,rock,indie rock,alternative
WeLuZqtvUiDvLZEM	k-pop,pop,asian,kpop,male vocalists,boy band
WesmxmPASKbV6weJ	alternative rock,indie rock,indie,2013
Wfd0WpDuEV56vIMm	mpb,brasil
WgbtO4CEQ24CWEH0	rock,classic rock,queen,90s
Wgm9FvlM2JZsYk9t	pop,female vocalists,rock,singer-songwriter,sad
WgtWK4BUHNsrU3sR	electronic,hip-hop,experimental,2012
WgxN5HUYK4P6s6ah	dance,zonnebloem,latin
WgxWNGBcj7YTlmfw	hip-hop,rap,kanye west,kid cudi
WgyFFzqilElsiSlh	ambient,amazing,drone,atmospheric
WgysWGs9JAJ5AOkc	country,new country,country,modern country,justin moore
Wh2R5KG2dUjc0Vo2	mellow,rock,indie pop
Wi0PevmHqfXyanSz	psychedelic rock,progressive rock,psychedelic,instrumental,rock,pink floyd
WiWnJPxx1iyYrhzv	new wave,80s,post-punk,alternative,1984,rock
Wiilit8LmUkliZja	dub,reggae,ghettotech,brazillian rap,rock,funk
WisbnjBDPZtMTJsT	rock,punk rock,pop punk,simple plan,punk
WjAQfT9y9XGE2fAS	trance,vocal trance,electronic,dance
WjwNErlMVre3Ki9G	metalcore,hardcore,melodic hardcore,metal
WkrQ3bIQ9sXVMYCl	symphonic metal,gothic metal
Wl1OEb2x0azfWoBk	ambient,electronic,downtempo,idm,post-rock
WlIe6AmtEvsiZwrB	dream pop,2018,shoegaze,indie pop,indie
WlbMwCSHTEc1frGa	soundtrack,rock,female vocalists,alice in wonderland,alternative,pop
Wlsl682TOX0f3eXr	soul,indie,trip-hop,electronic,american
WluewnZClNNS5xoE	gothic metal,2 of 10 stars
WmJjljvPBG58uqQU	samba,cartola,brazilian,brasil
WmUu4mwQ1L184aBX	indie,indie rock,american,masterpiece
WmtRWWUJK8FpUrRP	rock,classic rock,queen,70s,hard rock,glam rock
Wn1GWhYlIOfbNRJ9	church organ,new wave,cold wave,synthpop,electronic,new wave
Wn9s3fqhCPEu5niG	metalcore
WnBwENZ98N2ORcCA	britpop,rock,british,alternative,indie
WnCADnhzWhN64Auk	alternative rock,2018 single
WnPnQuSIyqeO56D3	cumbia,latin,spanish,argentina
WnXysNgD7d8kDES0	alternative metal,nu metal,metal
WnoKj4KyXl3tTXvV	rap,brazilian
Wo4WEW0PxIMtZO9m	black metal,depressive black metal,atmospheric black metal,experimental,blackgaze,doom metal
WoDo7cTs3tHH62X0	dance,electropop,pop,female vocalists
WoKCkDEyqyV9HrTK	classical,opera,baroque,vocal,classical,baroque,italian
WobfxEyY41PHPu0o	electronic,minimal pop,bbc radio1 playlist 2015
WpCcJXRIHyPrv2g7	industrial metal,metal,german,industrial,rock
WpI7Zt9uU5XXQ2Xc	alternative rock,rock,hard rock,alternative,chevelle,alternative metal
WpeEeDBbh55a1wSF	bossa nova,saxophone
WqKFibUWYbKpYiml	cloud rap,hip-hop,2019,rap,trap,cloud rap,hip-hop,rap
WqLn6w24Ufv4b6wl	pop,dance,rnb,love you down,female vocalists,90s
WqMYzCEEorHtumjB	dutch,singer-songwriter,indie,female vocalists,indie pop,dutch,singer-songwriter,indie
WqP09A66KueLFDDm	mathcore,mike patton
WrKEOftLjIO55IYT	post-punk,russian,indie,indie rock
WsKMCk6stloJLoDA	dance,electronic,uplifting,female vocalists,rnb,hip-hop,pop
Wsbyr660U4jyFBJR	k-pop,best of 2017
WsdYNJNSNJAeVq7A	hip-hop,rap,indian
WsytnMOh4ZZU5UdJ	alternative rock,80s,rock,1989
Wtjh06acfgzzI9Z5	german,indie,deutsch,singer-songwriter,german,indie,deutsch
WtnttyF3upyyVOBh	classic rock,rock,psychedelic rock,jimi hendrix
WuEy5vWMQy7uT55o	organ,minimalism,contemporary classical,classical,contemporary classical,classical,minimalism
WvfI9nwOhK7dOlpJ	world
WvvOHdH6KUYmPpCK	happy hardcore,dance,techno,german
WvxgvW82Ru7h7rAj	country,country pop,2019
Ww8ewwgNMjJ40rIu	new wave,80s
Ww95DLD5iRm9Ilqy	darkwave,2018,experimental,lo-fi,darkwave,experimental,lo-fi
WwXnsKABqqrHLj2m	indie,alternative rock
WwfzSlGCtHcACFgV	italian,trap,hiphop,rap
WwoORE93OverCfYL	80s,pop
WwswyNN2sNkTAKo9	woodstock,folk,60s,fip,folk rock,hippie
WxGj1qUm1IfHFRwn	electronic,powerpop,metro station,alternative,dance,indietronica
WxQJGBA27xc0zec2	nu metal,industrial metal,metal
WxziyDQYt1pqX1i8	heavy metal,thrash metal,metal,metallica,thrash metal,heavy metal,metal
WyMaf2bio9jVjs3L	shoegaze,post-rock,epic,experimental
Wys5YD8xP699h8Bb	female vocalists,dream pop,alternative
Wz6FmmXH5vVXDq1b	classic rock,progressive rock,70s,rock
WzYDok8KBzFayUKM	alternative,rock,pop,the fray,me gusta
X0OP4ap7frgQmeyb	hip-hop,rap,emo,emo rap,emo hip-hop,post-nerdcore
X0PIltQAfBnIbcZr	alternative,female vocalists,singer-songwriter,kate bush,pop
X0wCIzOj7Fm3MLG7	electronic,trip-hop
X1KT1homZZlZ3wFW	house,electronic
X2FA9znmJxAvZcAP	orange is the new black,soundtrack,handclaps,modern blues
X2cwMBHd3t8VZZpK	post-rock,icelandic,ambient,beautiful
X3G8vdWV7HdCPc9r	stoner rock,instrumental,desert rock,rock,stoner rock,desert rock,stoner
X3Ob2U7s2c2z6gex	british artist,english lyrics,pop
X5XrxNXzHnBHtDun	rock en espanol,rock en español,love,indie,spanish,mexican rock
X823aG57xSDtY4Ss	female vocalists,rock,alternative rock,rock,alternative,alternative rock
X8vSm0ZEqG7hgJIS	mpb,bossa nova,female vocalists,brasil,brazilian,mpb,bossa nova,brasil
X9A3cxBHBSYPmh7w	mpb,indie
X9CYiEVdpub4XsvV	heavy metal,metal,hard rock,heavy metal,metal,hard rock
X9zyiDeDOr6k8iUd	one call away - chingy,rap,hip hop,rnb,chingy
XATU09ZEQzs7Rnnl	indie,fip,indie rock,new jersey
XAUhMv9Gkoa3bYSe	electronica,played,chillwave
XAzb4ECuva9WbbZ6	power metal,metal,modern metal,gothic rock,pop metal
XB0TCqJj7jyRcPuq	spanish indie pop,indie,indietronica,alternative
XBF6pjiL7JfxF64G	jazz,cover
XC93UUSiMBOHPIJI	indie,indie rock,rock,jazz,indie,indie rock,rock
XCP9012NbkULKwNT	classic rock,blues,rock,the rolling stones,60s,cover
XCVTwcoTJYkfVkoY	punk rock,punk,pop punk,melodic punk,orgcore
XDPaJwx4RuskEE0f	alternative rock
XDVEs7HKCuaFsqJj	metalcore,post-hardcore,hardcore
XDuoUn4JYD64Myiv	melodic death metal,metal
XEAoCVLZU1E4ZuP3	indie,rock,alternative,indie rock
XEDh6PKERoQu0Pjh	female vocalists,rock,90s,joan osborne
XEFxRP8JPqs9PPP7	mpb,female vocalists,brazilian
XEXHspGvxfvIMDnz	classic rock,70s,rock,british,george harrison
XEZ5kIxhoctAyfI6	lush,electronic,female vocalists,indie
XEbyzfafxVpCCLK2	2016,trap,rap,hip hop
XFADVTaWQt89VoZC	progressive metal,2017,progressive rock,metal
XFNL6vBTnCbEGpX1	classic rock,hard rock,rock,70s,progressive rock
XFau9z97mjW9J0Gy	2019,folk,singer-songwriter,female vocalists
XG9oFnhMU2mcwajc	garage rock,rock,alternative rock,alternative,blues rock,rock,alternative rock,alternative
XGAODFqrUeuHMyNZ	black metal
XGCNQiwMMWBT9cuh	rap,hip hop,underground hip hop,houston
XHiSXsf5E2vVKVKE	pop,dance,cover,female vocalists,geri halliwell
XHmFZ09F2rfVqwF9	synthpop
XIFUDCiXv38XEWiX	rock,southern rock,indie rock,alternative
XIGDSPp1GNqEePCN	mpb,brazilian
XIOr1KrGv2RfU3Lm	indie,indie pop,indie rock,female vocals,baltimore,dream pop
XJ1GHHTZxs8ZGYnj	post-hardcore,post-hardcore,rock,hardcore
XJ5j8wnwLb7fygMr	pop,celine dion,female vocalists,love songs,ballad
XKZ3JB78LsPoq0iT	progressive black metal,progressive metal,black metal,metal
XL9ttv6KtHJ4vyhO	classic rock,70s,progressive rock,rock,supertramp
XLv1mSJsVYH7WEIQ	lo-fi,indie rock,midwest emo,post-punk revival
XM5wc5wC96WJ3NVM	hip-hop,rap,underground hip-hop,hip hop
XM9MeCwtsg4ghEFs	christian rock,christian,rock,alternative
XMZ74eiXt2y91Mow	gossip girl,indie,female vocalists,love at first listen,indie rock,indie,female vocalists
XMh2kQAD6ArDk0lr	pop,dance,remix,remixes
XMheSKVIrxIQMREI	reggae
XNHucWSkd38dIArA	electronic,new wave,synthpop,synth pop,80s
XO0Gy724CMw8GaUM	indie,folk,female vocalists,singer-songwriter,acoustic
XPFzFOeACul0PT1n	2019,folk,female vocalists,folk,female vocalists,female vocalist
XQOxtM6Bv92ThoIM	electronic,minimal techno,future garage,ethereal garage
XQd8G30JCAayCOh4	funk,soul,rnb,10s,funk,pop,soul
XR4D4XmWbL9yakwZ	tango,soundtrack,classical tango,carlos gardel
XRs0d5l2y78JSxrZ	hip-hop,jazz,chillout,jazz hop
XRsaK04oXUPDTgkV	eurovision song contest,australia,eurovision,esc,eurovision 2019,preselection
XS1GVnWJZ2VsxAfw	heavy metal,stoner metal,stoner rock,metal
XSv4IxPQzFBulAkd	80s,rock,blues,classic rock,blues,brucecore,rock
XTBLI9bNiPrfLGoF	country
XTf1aYv68GcuXGkA	fip,disco,sophisti-pop,neo-soul
XUCl9nxSssD42GLz	pop,comedy,sex,dirty
XUOH9UXpy34kSahA	90s,electronic,alternative,rock,one hit wonder
XUvQGftTPUDANXxz	hardcore punk,hardcore,punk,punk rock,80s
XUyKQp3dyqTuoNwE	eurovision,pop,female vocalists,portuguese
XVnqWLIDkXJLpeW0	alternative rock,indie rock,electronic,indie
XVvZnNmrN2yypVFs	gothic metal,gothic,darkwave,symphonic metal,gothic rock,neoclassical
XW3ZgDjYvsoX7ooQ	soul,female vocalists,alicia keys,rnb,r&amp;b
XXFd7xa1Z18SLhcq	punk rock,punk,rock,alternative rock
XXO54K1MEAzcrnsq	alt-country,country,americana,rock,alt-country,singer-songwriter,female vocalists
XY6kfpQ5EjYx5r15	hardcore,metal,metalcore,emo,screamo,industrial metal
XY7drfpdm9Kf3n4d	rnb,electronic,trip-hop,experimental,2015,best albums of the 2010's
XYjXXTiXi1wkLWJR	dance,pop,rupaul,electronic
XZMCfhkY6qtrFZN2	post-punk,new wave
XZUkw7UiLw0DeTOv	gospel,mary mary,rnb,christian
XZu7yMb8A0aIFOSu	rock,contemporary,7,6
Xa6wZxNStKhHx1BN	punk rock,punk,rock,alternative,alternative rock
XaAxQzFRIoidiOmw	electronic,american,australian,british,male vocals
XaSIVXJxj6TDiZw6	piano,contemporary classical,neoclassical,ambient,post-classical,piano,ambient,contemporary classical
Xb32dtzFvLVRzhYO	rock,alternative rock,incubus,funk,alternative rock,rock,alternative
Xbid35SMfNBNWeAk	indie,indie rock,2017,indie pop,surf rock
XcSFviCQcVcoru7x	swedish,indie,electronic,alternative,female vocalists,electronic pop
XcSyp1NsVoIdE8NM	progressive metal,technical metal,avant-garde metal
Xd3b163CSICfuVbZ	alternative rock,punk rock,my chemical romance
Xd3lDy6XyV6qW35V	country pop,pop
XdVUFXt4kWo8GD8b	female vocalists,pop,kd lang,country
XeJMkfNefEnvmyYo	indie rock,indie,alternative,rock
XeeKTcoeaPYvUz3M	indie,indie rock,indie pop,piano rock
XerZE5sDVP07zHnM	acoustic,instrumental,strings,orchestral,intro,melodic death metal,death metal,metal
XfWPZPFRkwy5N5OK	pop,female vocalists,gabriella cilmi
Xg2oDTvwyffmbDVD	indie,experimental,2011,indie rock
Xg9IKthG5fmGzyST	00s,garage rock,indie rock,alternative rock
XgGAriqwtJYI9dD7	brasil,brazilian,samba,mpb,indie,nova mpb
XgHmmhdsq9G2wu96	melodic death metal,finnish,death metal
XgOnYkgeDz3Sd0Kw	rapcore,rock,hollywood undead,rap
XgV58s0tFFYQOS7l	lo-fi,2015,experimental,shoegaze,ambient
XgeedjcPw5TCpZDB	post-rock,instrumental,ambient,experimental
XhQiW4s0dhNef2H5	synthpop,new wave,industrial,electronic,80s,depeche mode
Xhu64v4SCFhtycKo	country,90s,country,tim mcgraw,modern country
XjD8BvzVZ6XbyY37	mpb,brasil,pernambuco,brazilian
XjDAW8WjD4Hf3sTP	rock,brazilian,classic rock,mpb,brasil
XjQZQeg7sJg41lNR	pop,dance,britney spears,electronic,dubstep
XjrCcpfyMwX5qSaQ	pop,acoustic,indie pop
XkeEozFJeYtkywVD	industrial,old school industrial,experimental
Xkt46vu5kX4H4C7Q	folk,pop,my funeral songs,home,para escrever a letra na ultima folha do caderno,january 2014
XktugHTyr5plB8f4	emo,punk rock
Xkx0xgFLulIXnmnJ	black metal,symphonic black metal,gothic metal,metal
Xl6SUI3LHa3jCaTq	rock,folk,alternative,epic
XlXk8zYceh9S2Xcw	americana,alt-country,folk,indie
XlZwp5b3d1ewzeOM	heavy metal,metal,judas priest,nwobhm
XlolXoPUYrRe2vaZ	funk,rock
XmCrBstiddSXAW7Y	rock,hard rock,pop rock,arena rock
Xnb2g6IhONdd5bQ6	post-punk,rock,played,indie rock
XnbO54Dn4UPriwTb	ethereal,dream pop,my garden,dreamy
XneOXXZcaCVsSuTy	noise rock,punk,hardcore punk,punk rock,nihilism,noise rock,punk,post-punk
XoDkGUHgmpVgEkfW	electronic,funk,pop,soul,electro
Xp7riCgsSDBH2GWi	mpb,brasil,djavan,brazilian,bossa nova
XpBLhGkdl9hBWXTZ	punk rock,2017,pop punk,punk,orgcore
XpTfpiJsvjXkK2uA	dream pop,indie,dreamy,female vocalists
XpUOxQ8DPq3uT2oG	tohu-bohu,dream pop,dreamy,indie
XpfqjEDHABwecCEe	rock,matchbox twenty,90s,alternative,alternative rock
XqJk8H5dpZyexRD5	80s,pop,female vocalists,sheena easton,pop,80s,female vocalists
Xs0mAmXiMARLlgNg	rap,hip hop,gangster rap,impeach the president
Xs9QVJjvrUfysFgk	pla5tic 3la5tik,grins and smiles and giggles and laughs,1970s electrochanical,progressive rock
XsI8kBk9IBE4zA2s	pop,vocals,britney jean,queen
XsLVhtAZYAGyU9TM	soundtrack,across the universe,beatles cover,cover
XsOQdYxpTVAAXDyB	soul,pretty,favorite by this singer,mood music,romantic tension
XsjkGcnoc1VoAqxP	90s,indie,rock,britpop,alternative
XskinVicWZuFCiHk	2017,mellow,soundtrack
Xsn45OVRvTp8sLih	acoustic,rock,alternative rock,indie,alternative
XspOY1uDjDph8fJb	pop,soundtrack,british,catchy,pop,british,britpop
XstboCzUM7d2lpvM	progressive rock,great song,my life will never be the same
XtEgXAANLRIc7RMm	trip-hop,electronic,2018,soul,post-dubstep
XvhdohqZjnkSplwE	piano anthems,folk,piano,female vocalist
Xvl7dNu8EFHBjMPc	indie rock,indie,catchy,rock,female vocalists,indie,female vocalists,indie rock
Xw6Y6qiJSnxrpLEA	k-pop,tiffany,taeyeon,seohyun,girls generation
XwICWsErA3Jqr8zd	metalcore,post-hardcore,hardcore,metal
XxHlcqd14zUl27sB	hip-hop,hip hop,rap
XxbWaP3M3hV0oZ1x	post-hardcore,screamo,emocore,hardcore,post-hardcore,screamo,emocore
XxiMx87wy4EZZXhC	folk,remix,duet,christmas
XxtWm402gPrx45JM	rock,indie,spanish,indie pop,para escuchar,mola
Xxv9egxd82oCbCIk	motown,soul,60s,oldies
XyBGVJ5FnlKM4MWc	post-rock,alternative rock,french
XyGYoILN64JOsKYB	gothic metal,metal,doom metal,gothic rock,gothic metal,doom metal,metal
XyYUK22MNZA7eFHN	stick it on repeat,pop,backstreet boys,bsb
XyxTw8us7ASDlBhB	country,70s,female vocalists,classic country,oldies
XzKI5YFUGcWVhPSp	pop rock,jonas brothers,pop,love at first listen,male vocalists
XzNzAffA1PxK9jXs	rnb,russian,pop,russia
XzTOWllUxcUYbJaj	american,folk,folk rock,love at first listen,folk,indie,folk rock
Xzpc3XmT0qJsl3Hf	industrial metal,black metal,metal,industrial
Y037pdL1ZrnrbBjh	reggae,80s,dance,pop
Y08V5qGr2GtCbxPX	eurodance,pop,dance
Y0HXGXSuieokwB23	indie,indie rock,2018,indie pop,rock,alternative
Y147dMwTVZxomRyS	2014,indie rock,indie,folk rock,rock,soul
Y1DNp71eiqbflCUK	90s,alternative,alternative rock,rock,toad the wet sprocket
Y2453AJtvRHgPIv5	british,happy,party,pop,indie pop,pop,pop rock,british
Y2DmbilZLKMAjxbm	indie pop,indie,2013 single
Y2LFpvsH3nRdyySb	rap,underground hip-hop
Y2m4UPJQmT8sybBw	rock,alternative,irish,alternative rock,rock,classic rock,u2
Y3UkgwteqedusUjK	house,electronic,dance,electro,electro house
Y3q16Fx6YyoveTd9	reggae,chill
Y3uizboue7dK9TRq	alternative,ambient,art pop,electronic,alternative,experimental
Y44RACH2ctI7Eo7V	electronic,french,electro,electronic,french,electro
Y4eMep7RqOPaYfFl	indie rock,indie,new wave,post-punk,rock,2013
Y4jJEkrX3Ym4VtEE	post-punk,gothic rock
Y5KuJaWFKOqg6YI6	metalcore,metal,hardcore,rock,atreyu
Y6FNahjycLnr7M2P	folk,pop,emo,chilean,postpop
Y6SBSRcHNa6sELAU	cover,industrial,industrial metal,rock,metal
Y6Y35PTI0QmfIkW1	axe,female vocalists,mpb,brazilian,ivete sangalo,pop
Y722vCfq53x0toL6	black metal,norwegian black metal,kill for the goat,dark ambient
Y7k1y1ieO6XUUbyL	rock,brazilian,pitty,brazilian rock
Y8DU49f9VsUXi2gq	indie,alt-country,indie rock,rock
Y8F7T3nS7upMzHQ8	shoegaze,psychedelic
Y8R5BpnNHJmjgO8w	2019,indie,female vocalists,dream pop
Y9Ou3KL4ABNVACkC	post-punk,alternative,rel-yr:2014,club-dance rock
YBGANR5f7Hl3dDkW	electroclash,house,electronic,electro,dance
YBV228QQDjtpqvKa	experimental,noise rock,math rock,noise,avant-garde
YBh5RPi2buFZB7jN	progressive metal,experimental,avant-garde,avant-garde metal,progressive metalcore
YBnRQGFsQ0oQ363W	pop punk,rock,punk rock,alternative
YC4Jcr0Mpa4ATQks	indie rock,indie,rock,alternative,alternative rock,00s
YCCO39sq8eRAMnJs	pop,german,acoustic,singer-songwriter
YDiJfkrG41MOwfPM	fip,jazz
YE7kmhY5oHfzCHsl	rap,hip-hop,emo,post-nerdcore,sad
YEC2ppg7aemXb6oR	love at first listen,dark,pop,indie
YEGh41PUWjqeZgKA	folk,rock,the kelly family,angel
YEHh79g2xBD0ASyL	indie rock,dream pop,argentina,indie,indie rock,dream pop,argentina
YFHz1odL8C1aRBnx	hip-hop,rap,cleveland,hip hop,mgk,machine gun kelly
YFzjDdmMf3UQnZvs	punk,punk rock,80s,rock,british
YG8LkHPAOO6NO1I4	pop punk,emo punk
YGYD7MvP7DWUHNLI	rock,indie,2016,british,alternative,rock,indie,alternative
YHEaZwHuTyp5BhA6	industrial,rock,electronic,techno,big beat,electronic,techno,industrial
YHN7tHSb3iRsYWkP	k-pop,korean
YHeh8ZTEv3Q86BVb	usher,rnb,soul,love
YHkD8Y5ceAUFhuJK	michael jackson,pop,awesome,great songs
YHqx641tn3T3vuNZ	death metal,metal
YHupaKUf3ndWCU0v	blues,guitar,bb king,blues rock
YIIJnxhpBgSXv4U6	female vocalists,indie,alternative rock,rock,indie rock
YIf3vr0ksbKnxLHk	hip hop,german,pop,happy,raop,cro
YIibvLCUbpmXBhGj	love metal,gothic rock,rock,metal,finnish,gothic metal
YIsQZjI2l8mnfVgv	sludge,doom metal,2017,sludge metal,black metal,metal
YJ6ZyonZVISPNoXW	industrial metal,gothic metal,industrial
YJEIiJwFkYxnTc7p	electronic,jazz,metro downtempo
YJa45Vn2J5zK00Id	pop,electropop,dance,soundtrack,disney,pop,electropop,dance
YJcYD4qL2CCtvVjA	eurovision,greek,eurovision 2007
YJxETbIBBKLKOL29	indie,2016,british,folk,singer-songwriter,great hair
YK65S2OD88LgUxdh	rap,rap nacional,brazilian rap,criolo
YK7VYFAyghVgs3vO	2018,indie rock,indie
YKAaTc2sdiHm6IrY	rock,70s
YKrj55PnnD9AiL9m	rnb,pop,2014,rap,female vocalists
YLCafCtIjwWE6dhH	80s,new wave,synthpop,electronic,depeche mode
YLMjXnE6SVNEFIWS	pop,great vocals,2015 gif,youtube,tove styrke gif
YM3IfzrctdSSlDrg	death metal,finland,morbid
YMBz5IBqmQEL1YYJ	soul,female vocalists,blues,60s
YMyrwfTOH7iB77uy	riot grrrl,punk rock,punk,rock
YMzeVpupOPXITL7Q	indie,alternative,indie rock,female vocalist,indie,alternative,indie rock
YNGtvAPPX6sEwkDo	pop,electropop,electronic,american
YNPvgsWt98xOOj7L	hard rock,alternative rock,rock,alternative
YNkhVnuRK4bK4IiQ	hardcore punk,punk,hardcore,80s,hardcore punk,punk,hardcore
YNzwnxHqyvESDONT	90s,alternative,experimental,rock
YO210DDrjtLTJE6g	atmospheric rock,classical
YOAIazOdvN0PeiJO	electronic,indie,british,electropop
YOefg02Pzfktb3nO	rock argentino,rock,divididos
YPEYb5TDfgkiPtlo	modern rock
YPaYhXNEVLMj4K8k	reggae,rocksteady,ska,roots reggae
YPjUTQkQFselFzBB	progressive rock,david gilmour,rock,classic rock,pink floyd
YQ1dxKGwpNsGAjpo	70s,carpenters,pop,easy listening
YQ8V9yH6Beot5H3k	blues,delta blues,gospel,a cappella,blues,delta blues,classic blues
YQB5k7C8XTojLujU	rita lee,radio,brasil,mpb,acoustic
YQapD2Kv24QqbRjT	rock,alt-country,country,country rock,country,outlaw country,singer-songwriter
YQga6eE5ZzEoTGtJ	jazz,male vocalists,easy listening,crooners
YQxdpYvPyEFyqJ1O	james blunt,pop,love,sad,singer-songwriter
YRD32BROZNLcb725	symphonic metal,gothic metal,female fronted metal
YRDosAWoKtA4gZa5	trip hop,instrumental,electronic,music to melt to
YRFrAPumSSMf3v5z	catchy,synthpop,british,masterpiece,pop,folk,indie
YRIN8Rv2y358v05v	progressive rock,rock
YRLbR1PmeXaiDM8n	power metal,heavy metal
YRiE21D12epvf8Uo	2018,folk,2018 releases,singer-songwriter,female vocalists
YSbc6HSHCArRFHEx	viking metal,black metal,epic,metal
YSjgeZwCqXMO5NwA	love,pop,christian,brother,brotherhood,soul brother
YT1ZsHvpwaukvRQv	yacht rock,yacht rock revival
YTGQQ12GC9gof0Kd	punk rock,punk,2019,2010s,punk rock,punk,american artist
YTb03MZRh9mNH8bQ	electronic,psychedelic,synthpop,electropop,indietronica
YTgIO6pLIVRIIcU4	soul,sade,female vocalists,jazz,chillout,soul,jazz,female vocalists
YUEZUauASnaaxsTX	alternative rock,rock,finnish,alternative
YUH9OrTMyDk6yVXF	instrumental,ambient,soundtrack,orchestral,7 of 10 stars,skyrim
YUNWPpKuOHKk5b5E	cover,mellow,modest mouse,singer-songwriter,indie,acoustic
YURpAW4QastKAfGd	70s,rock
YUdjyyU0jmOhDYFU	idm,electronic,glitch,idm,electronic,ambient
YUiLKRNbZ2PXUM33	ska,pop,rock,ska,pop
YUzFQCFZzDeY72Sa	rock,alternative rock
YVwxQ0aF0ALZKMiL	power metal,heavy metal,epic metal,fucking awesome
YWXOmJqXGVUXiGKj	pop,electronic,male vocalists
YWZGij1HUQepzJuI	k-pop,korean,female vocalists,kpop,k-pop,korean,female vocalists
YWedaXd6GgybPnmX	thrash metal,heavy metal,metal,speed metal
YWntluX3i2RPYSsD	brazilian,rock
YXft20HEJJcQxErp	nu metal,rock,korn,heavy metal,metal
YY9vdY3ycCTqFhL4	hard rock,rock,alternative rock,supergroup,alternative,josh homme
YZsxIgCdzWoNdn2Z	progressive rock,rock,classic rock,psychedelic rock
YZyEP4KFF9LpBuiV	electronic,rnb,female vocalists,korean
YaAiYlVpWYLFO7YV	60s,oldies,pop,female vocalists
YbCMnOKdG10N6Psm	rock,indie rock,british,indie
Ybd39MbtGTmtgr4k	indie,mellow,indie rock,rock,indie,chamber pop,alternative
YbudfO7j3SlsGnCb	rock,blues rock,classic rock,badass,classic rock,progressive rock,rock
YcGZsjJmNl4IaHYP	classical,arabic
YeeTVGeug89EtBos	psychedelic rock,psychedelic,indie rock,garage rock,british,surf
YejFcfIPtodWeKqw	k-pop,korean,duo,folk
YepgVH17DmBp8ws4	pop
YfaMn8HVS8IVqTK1	industrial metal,soundtrack,industrial,metal,industrial metal,metal,industrial
YfgPsHpO7OrYU9fH	1994,lo-fi,alternative,rock
YgVNhYhduxzV6eHo	singer-songwriter,rock,irish,indie rock
YgxXUxW2CkaNLsQ3	hair metal,80s,rock,hard rock,classic rock
YhNeuJiF70tsdR18	italian,pop,happy,emotional
YiPcwd4uz9S23qCi	house,house,electro house,electronic
Yiy09Gb9JaNPUEje	southern rock,classic rock,70s,rock
YjdlousNFTSSFdM7	indie,pop,electronic,alternative
YjzcinFmdXVLyg2P	post-punk,new wave,punk,rock,alternative
YkB0ReVl4rsAawTK	rock,alternative rock,irish,rock,classic rock,u2
YkOqpZgHhI4X6KWt	rock,alternative rock
YkkDY2C9mZwQAREy	classic rock,rock,60s,blues,british,the rolling stones
YkmFs1dL5ALLeiDJ	brazilian,mpb,04 essa semana,05 nada pra depois,08 querida,10 manda ela comprar um iglu
Ykpm9MuRdJwU6u1f	cover,metal,rock,power metal
Yl2c52gxOqI3Zaz1	french,electropop,electronic,electro,dance
YlbcipxEkIGsPGcl	electronic,experimental,idm,ambient,electronica
YlhJ9L3Q4US34mrk	alternative metal,metal,nu metal,alternative
YmGZoRwOpTobLpaX	60s,fip,good stuff,1960s,rock,glam rock,classic rock
YmgZ1KD1DjRqjey3	70s,pop rock,elton john,british
YowoW4qGtMl46Oh4	rock,indie rock,indonesia,indonesian
YppWsOzRTs7XtsNI	pagode
Yqth3f5DVRv7BOnk	synthpop,sxsw 2017,vaporwave,chillwave,synthpop
YrmBaYrzmHvYeDpS	pop,dance,catchy,teen pop,pop,new wave,swedish
Ys7Y3f20RME5bzrG	pop
YsUUSu40os5xr1qJ	rock,brasil,rock brasil,rock brazuca
Ysr3x6dHD9lKPnr0	new wave,80s,electronic,1983
Yt5S8BgnxqxD22eB	electronic,house,dubstep,glitch,major lazer,stylo g
YtjKRApQyqJOBUT4	2018,soul
YuEWqlNYMoW0Whb8	alternative rock,alternative,indie,rock
YuXjySdPB2jAlHsW	singer-songwriter,60s,1968,flute,female vocalists
YuzA5gSJM6h8NFNc	j-pop,japanese,pop,electronic,kawaii
YuzdU3ZYnmRDYV7r	punk rock,alternative rock,rock,punk,alternative,punk rock,punk,rock
Yv7Tc8AyNIlMwKWp	technical death metal,death metal,progressive metal,instrumental,technical death metal,progressive death metal,death metal
YvJD01IGlM2bLU1h	indie,folk,freak folk,acoustic,2011,10s
YvtpnHinHdtJdWH5	k-pop,korean,&lt;3,beautiful song,bap,make me cry
YwMY4jAC5RQ87jPQ	piano,ambient,contemporary classical,modern classical,instrumental,neoclassical
YwjjhazGevWRPNIN	hip-hop,french rap,rap,rap francais,french,hip hop
YwrnRiwjq87UtZG0	classic rock,70s,rock,john lennon,singer-songwriter
YwuhW4ISUImPqank	rap,hip hop,90s,gabriel,pensador,brasil funky moods
Yx8KBNp2ZnuF74kD	electronica,singer-songwriter,indie,alternative rock
YxqpkU1qXXH3WNtQ	lo-fi,indie rock,2010,lo-fi,indie,surf rock
Yy0XZrueEVJi5xp7	acoustic,indie pop,female vocalists,piano,indie,acoustic,indie pop,female vocalists
YymUEjFvaDNw3UC8	alternative rock,rock
Yz81cIyFUJsJqfRM	rap,hip-hop,polish rap,polish
YzQCGAF88jVzJCzw	deathcore,brutal deathcore,hardcore,metalcore
Z0ZcsAh2kAjpnKf6	fip,singer-songwriter,folk,indie
Z0jf3GwBSrEBeaet	emo,post-rock,indie,indie rock
Z1buSmXy0nYdvi41	cover,electronic,soundtrack,industrial,2010
Z28SOeCInx3nzHVP	punk rock,punk,rock,pop punk
Z3T9ptfOXTQNv5LM	hard rock,alternative rock,rock,grunge
Z4ksxV9kJZi75J82	indie,experimental,indie rock,handclaps
Z4uhWfW19inP3r8c	electropop,synthpop,pop,indie,chile,female vocalists
Z59JxjON24DBiIU9	turkish,rock,singer-songwriter,eurovision,turkish alternative
Z5D0IbALU7xJYIsk	depressive black metal,black metal,funeral doom metal,atmospheric black metal,funeral doom
Z5blxf9F1KtIuCbN	eps 2014,christian,metal
Z5wNl7F63cc4PY9G	indie,indie rock,rock,2010,alternative rock
Z653kShrtCA5o8Oc	classic rock,rock,hard rock,led zeppelin,70s
Z7TmytFnoM2PfIMR	psychedelic rock,psychedelic,2010,2010s
Z7g2qBYN3XTc1koU	classic rock,progressive rock,60s,rock,progressive rock,classic rock,60s
Z7xZ26uNlNaMYqzm	female vocalists,indie,2017,singer-songwriter,canadian,indie rock
Z8Jr9zvEOyGsVHYo	mpb,rock,brazilian,female vocalists,brasil
Z8TDrjbCjHt0Gcz3	hip-hop,rap,hip hop,love at first listen
Z9IogtTgXNKJJVcn	metalcore,cover,post-hardcore,emocore,post-hardcore,metalcore,screamo
Z9UsnhphVXkcNQcf	bossa nova,jazz,latin jazz,bossanova
Z9VXsQzQVwW2nB8t	soundtrack,beautiful,pure beauty,interstellar
Z9buo48YjTcqqNrW	rock
ZAhe7paix9QRtCRO	techno,90s
ZAiD6EbvgEtbpfCR	indie,folk
ZB4EiZPVttA4uuRI	electronic,dance,future house,party,don diablo,temazo
ZBfLG7Eia5rgo1jI	trip-hop,alternative,progressive rock,atmospheric,electronic
ZC9qCPxDOJtTrA5I	the cake is a lie,soundtrack,game,portal,comedy,singer-songwriter,indie
ZCyJpMQ0Y3rlfxxt	rock,emo,depressive,sad song,fresno,rock,brazilian,emo
ZDpyhC775FSPUU1P	soundtrack,rock,80s,queen,classic rock
ZDwodGlVLDreAqCY	black metal,melodic black metal,gothic metal,symphonic black metal
ZEN26n2In0hcIaQx	thrash metal,death metal,death-thrash metal
ZEPAxLqBswUS8otc	indie,indie rock,pop,retro
ZEexJX2SztZYrOkD	rock,progressive,progressive rock,10s,songs about memory,colbert
ZEtvHYEnk0sJMbo4	electronic,indie,alternative,indietronica,experimental
ZF3d8dvP3iuyargg	indie rock,shoegaze,indie pop,rock
ZFv7pTlhVNwqk3GO	punk rock,rock
ZGS0vwwK1sc9VLIM	grunge,alternative rock,post-grunge,grunge,alternative rock,rock
ZGUZDESRMRodXyWw	trap,rap,italian,italy
ZGyLR4Xbyos615Uc	alternative,chamber pop,4 stars,fip
ZHIKHfLyTuRzAcDU	samba,brasil
ZHTT4bb1vDuRPhYv	post-rock,dnb
ZHWJJCcskphC1H8K	pop,beautiful,bubblegum,chill,fuzzy feeling,blingtacular
ZHe24wKy4lSTSpOf	soundtrack,lord of the rings
ZHnPgdI5mr4SyWCo	folk,brazilian,indie,folk rock,rock
ZHyA8gmdsY9rvn7x	new age,ambient,chillout
ZIBXdQ5DxrjQhzhH	alternative,rock,90s,alternative rock
ZIOOZ63seRv5NgS2	electronic,alternative,female vocalists
ZIi4jPUIy7Y8Cl6T	indie,australian,indie rock,rock
ZImXeKPWr5JpI2eY	dance,house,pop
ZImnDJyB863xs87Z	rap,swag,ofwgkta,hip hop
ZJUbdebKRQPyl2h4	electronic,pop,synthpop,dance
ZJdq9idlcehA8STa	barbra streisand,female vocalists,musicals,easy listening,pop,broadway
ZJmwXuYHqbkJ4cNH	electropop,american,r&amp;b,2017 single
ZKXTWdDMiiTm2C4j	alternative,indie,sonic youth,rock
ZKaHu72uzAqTyIkt	progressive metal,sludge metal,sludge,metal
ZLx6Z7ykKmM2mQgZ	death metal,grave,out of respect for the dead,k1r7m
ZMPwCflu8N47hDXS	progressive rock,classic rock,rock,genesis,pop
ZMouLbGN0LNuzmBT	k-pop,pop,girl group,korean,girl groups
ZN5dkZG3VQVBD9AH	folk,england,alternative,folk rock
ZNPRvnMJuxBHBuao	industrial,metal,rock,alternative metal
ZNQ41BxfLmmUCxDz	lush,chillout,chillout,downtempo,lush
ZNYZ3s3y1Jz6OY3d	new wave,80s,soundtrack,cover
ZOFgTotsnvBaAV4q	melodic death metal,folk metal,viking metal,metal
ZOPoCoFQsHTbU3pk	mpb,singer-songwriter,psychedelic,male vocalists,brazilian,tropicalism
ZOvDKE78T2nGKfX6	pop,rock,female vocalists,natalie imbruglia
ZQAuPCB6xMkz7f0N	dream pop,shoegaze
ZQEoGQMD6Fu7HOA8	indie,indie rock,electronic,synthpop,indie,indie rock,fip
ZQF9ZwwPslcrSNQ3	indie rock,alternative,rock,indie,punk rock,alternative rock
ZQki8qio7CdYxs7H	pop,folk,indie,female vocalists,scottish
ZR4UokUqcWBT4ERU	dance,pop,rnb,955 wkqi,electronic
ZR9nSYK344NlVExh	indie rock,indie,british,rock
ZSABo5aNa9ROh7Ql	electronic,electropop,danish,electroclash,indie,electronic,electropop,danish
ZSEP3aLCH5iHcE1p	dance,electronic,summer,party
ZSHyAOUQhFy9DWMH	alternative,indie rock,indie,alternative rock,male vocalists
ZSiAHiay6ZLlgjeP	party,dance pop,fode tudo,love at first listen
ZT2Q1pX0l15Xb5wA	2015,electronic,synthpop,australian,indie
ZTEB2aGePWr3WqkF	shoegaze,2019,dream pop,noise pop
ZTLk2rms83zXex6H	melodic black metal,black metal,dark metal,metal
ZTauWWtnYiqLBGbv	hip-hop,rap,underground,kill yourself
ZTwBpf2GObCaBp9k	indie pop
ZU6uSutMsslC0uYG	progressive metal,progressive rock,post-hardcore,math rock
ZWRfLvdtnUbOpRYF	rock,brazilian,good as fuck,emocore,hardcore,emo
ZWbE3A6VF42VL6RT	classic rock,rock,blues,joe cocker,soul
ZWbdAzR0PveJEena	rap,eminem,hip-hop,hip hop
ZWcaJtUuOf86TyRr	jazz,80s,easy listening,feeling good
ZWmmC552HlNczZrV	pop,female vocalists
ZXWct312iySKsSfV	metalcore,metal,hardcore,melodic death metal
ZY0cQcEnv1XL0qXB	chillout,downtempo,trip-hop,electronic
ZY7Xo5rkihCuBulJ	country,tv theme,folk,singer-songwriter,country,folk,singer-songwriter
ZYHltJkRsbjg9kF1	cloud rap,hip hop,autotune,swedish
ZYSL88GotwXaZHJk	80s,electronic,new wave,post-punk,new wave,post-punk,80s
Za106I1ZTfta0XrU	folk,female vocal,female vocalists,joan baez,folk,singer-songwriter,female vocalists
Za28qfh56Te2QPBF	k-pop,dance,kpop,rnb
ZaY3EYP42PUDItZW	fip,folk
Zabepjs4yDmOZ7Dw	synthpop,electronic,new wave,80s,depeche mode
ZajPRFe0OXjQdDit	rock,acoustic,love at first listen,indie
ZaqvcTRD01QNTLHk	rap,brazilian,hip hop,2016,rap,hip hop,rap nacional
ZbYcwj5pFmhxu4qP	post-hardcore
Zc3JtoGse5aG4nBT	ambient,new age,dream pop,ethereal
Zc6b09vNBmgWDQAE	heavy metal,power metal,metal,manowar
ZcfNBTDan64hEbj3	country,male country,country,modern country,male vocalists
ZdGRNs3vRWGKyZWy	pop,cover
ZensOBiFD8dQR0mP	indie,british,indie rock,nostalgic,the kooks
ZfBBcqIzmEYbTH5v	reggae,80s,fip,british,reggae,80s,pop
ZfXF9WHqPg4eqvdG	21 savage,rapiscrap,denzelisthegoat,ta13ooisaoty,coadmisstilltrash,trap,hip-hop,rap
ZfaLwOqkxDjobnL3	indie rock,rock,indie,static,indie pop,lo-fi,experimental
Zfpfoy3m8p6Xom7Z	pop,justin bieber,r&amp;b,love at first listen
ZgOb2pT8HPyeCQOz	post-hardcore,screamo
ZhZqkvr2DOPrgeJL	new wave,80s,pop,synth pop,synthpop
Zhr2inoVZZqNikU8	2018,folk,indie,singer-songwriter,australian,acoustic
ZiGYp5KdaNEdplEB	pop,female vocalists,soul,whitney houston,rnb,90s
ZiKvBZMekiLsXq22	pop,love,australian,male vocalists,darren hayes,pop,australian,electronic
ZiLqLrnZuXae7X58	country,classic country,hank williams,americana,honky tonk,40s
ZiOgTDOTGMq1t8oz	stevie nicks,rock,female vocalists,80s
Zjv7x4l1KexQa0TT	soul,rnb,aussie,australian
ZjyL4bDG2X8OVUnC	electronic,synthpop,alternative,electroclash,trip-hop
ZkaxILkDxiDd4L3E	ambient,electronic,experimental,77davez-all-tracks,ambient,drone,electronic
ZlQqLVeZSSqAEPRw	britpop,90s,british,rock,indie
Zm3pSVYvApmD7Ioa	indie rock,favorites of 2018
ZmXdRrIlHv7zdsNj	dream pop,shoegaze,female vocalists,indie,alternative
ZmdJLhQm8gtsOkjW	indie,indie rock,alternative,00s,rock
Zn1KLgKc7mz88kHc	houston,trap,hip hop,hip-hop
ZnCDMdd8R6RYhPHP	melodic death metal,death metal,epic death metal,german
ZnEHKIvoWJqsBBfL	chillout,ambient,electronic,downtempo
Zo0nfkqHXaYuLx31	alternative metal,metal,nu metal
Zp7WcZPGBRxowbAy	post-metal,experimental
ZqCOBh678uPi48hO	male vocalists,musings,pop,theres a world outside
ZqZ4BRrdGZysH32t	hip-hop,kendrick lamar,george clinton,thundercat,2015,hip-hop,rap,hip hop
ZqbASeCG7zMrpYtH	rock en español,mexican pop,2013
ZqkKQJ0LkofetMs4	pop,love at first listen,goodbye song,accoustic
ZrFhrCdXm2zbUzmh	blues rock,guitar,classic rock
ZrZrhHxhPL6eO7Bv	french,jazz,chanson,soul,female vocalists
ZrcWgoTaZGRTFtL5	instrumental,black metal,symphonic black metal,piano
Zs6psISBXqzaJ1zT	female vocalists,singer-songwriter,pop,folk,singer,female vocalists,singer-songwriter,pop
ZsbivHCiYbZcppuH	j-pop,japanese,female vocalists,jpop,anime
Zsu0MGsKn8KZeNsn	cloud rap,electronic,emocore,pop punk,emo rap,gothboiclique
ZuIm3FRGBkvUkq6I	indie,electronic,alternative,handclaps,indie rock,indie,folk,singer-songwriter
ZuujS0YWGIbArbP0	death metal
ZvF8PoBAaY4woN8H	thrash metal,heavy metal,metal,thrash metal,heavy metal,metal
ZvywPkiyyyN0sDXn	indie,indie rock,alternative,christian,rock
Zvz7icGgqqZRaFId	2015,rap,hip-hop,party
Zw3wuV2iohaJKKFX	post-hardcore,emo,screamo,alternative
Zw6QF3Jq5kMrcQZ3	indie,alternative,indie rock,rock
ZwCriSKFExUG0GyZ	country,folk,johnny cash,oldies
ZwWNb5Wu3bRfqvca	rock,indie rock,indonesia,indonesian
ZwZkSOgEIm0N2yTM	electronic,avantgarde pop,homosexual intifada,instrumental,achingly intelligent
Zwq0iMA0iOLqNgST	pop,folk,indie,female vocalists,scottish
ZwuSaBkbDgnUu5Rw	indie,british,rock,pop,indie pop
ZxDSDSwjJzORtgWS	rap,hip-hop,dirty south,ludacris
ZxqUvOHNEzzZ2r4m	classic rock,rock,george harrison,british,beatles,80s
Zy19Mi4Zp2afOGmR	soul,blues,irish,gospel
ZzasiCwa3T1f1Tje	new wave,80s,new romantic,electronica
a00Q1WxDaI5cvshD	shoegaze,dream pop,new wave
a04jxXrU5bXrtWLc	black metal,atmospheric black metal,post-black metal,post-metal,post-rock
a1BL4PzksjOC9lP7	hip-hop,gucci mane,rap,dirty south,southern rap,trap
a26dr7KytwNGy4nk	pop
a38NmSOaS9UwdkWs	dream pop,shoegaze,2018,indie
a3H5gy7mnwJW9u4y	dance,electronic,trap,edm
a3Y6icfzdfdI2072	rock,mcfly,relaxing,slow
a3ggxtkETAgzcCJA	lo-fi,bummer,songs that contain little ghosts
a3yLMxFv65RrAOPl	classic rock,rock,70s,hard rock,queen
a4n91alnnV6qEJMq	indie,alternative,indie rock,indie pop
a56Yb9uPaJSQLMMh	classic rock,southern rock,rock,70s,creedence clearwater revival
a5HYM1UMPftFNEro	antifolk,american,indie,singer-songwriter
a5JYvOuC8lApWBPz	post-rock,japanese,math rock,instrumental
a5OczTk7N77LtLPB	jazz,swing
a5r8cd6niEy3pDzq	soundtrack,tv show,all,tv shows i ought to watch
a6117Ta4k25MTxjx	ambient,minimal
a6ZpHMC1YYPAUhrv	british,2016 single,eclectonia,kiss me in the morning,indie,chamber pop,alternative
a6ukZifuQVAkirmV	pop,hip-hop,becky g
a77EZ0G4JemYTsro	trap,electronic,house
a7el3DDxBUumFVIe	latin,pop,female vocalists,80s,latin pop
a81gFgpx06hK2GHp	classic rock,hard rock,rock,blue oyster cult,progressive rock
a8QnY3CWASBBBkgN	psychedelic,rock,psychedelic rock
a8qtyk3XPlzIyJLC	mpb,brasil,rock,nordestinidades
a8xJOuJDOIe1eke2	rock,canadian,blowing my mind,10s,2014 single,music choice: rock
aA4XDBKkg9IQ8w50	90s,pop,country,swedish
aAQidhsBRTe4Rrto	singer-songwriter,folk,indie,indie rock,folk rock
aAvkM3uOOTQv2cm4	funk,blues-rock
aB5MGbb1KGWRgl2N	alternative,rock,low rock,jazz
aBL0ON8XwEg2utpJ	rap,hip hop,queer,sxsw 2016,swedish,rap,hip-hop
aBowCbxF6RkH9dEa	pop,indie
aC84ymdCxIKd6pW3	punk rock,punk,skate punk,melodic hardcore,pop punk
aCMjR0vM29ooJ5uV	alternative,rock,indie
aCO73NIyjc2L2Xem	post-punk,indie,russian,post-punk revival
aCUiFnWxPVX1hRuz	pop,awesome
aCixcmcrBASu2gzT	rock chileno,amor a primera oida,rock,temazo,para dedicarselo a la chica recien despachada,chile,rock chileno,indie
aCpAz7Mm9EZjXKfK	alternative,singer-songwriter,female vocalists,piano
aD1VdAWXO2sE8vxg	alternative rock,rock,progressive rock,alternative,a perfect circle
aDTtWVDnhhouXcWp	nu metal,rock,alternative,crossover,nu metal,rapcore,rock
aEchp8v0yA0FtIvx	rock,alternative rock,vast,alt rock
aEiRVX9CqdqoYi3n	dream pop,rock,canadian,indie,lo-fi,shoegaze,noise pop
aFJPTi9uPnCcCdjY	soundtrack,dragon,score,blood,2015,2010s
aFoWokJODNSCHlro	indie rock,2011,rock,10s
aFuj6IbQXYMvKV0g	2018,noise rock,post-punk,shoegaze
aGL0Ks0Y23HwAHjs	post-hardcore,screamo,emo
aGc4BpRD7USo9Wjz	rock,pop,singer-songwriter,alternative,melanie c
aGenGqyAioKQzm71	hard rock,rock,stoner rock,australian,psychedelic rock
aGf4DOFlGPDJdbKz	irish,folk,punk,rock
aH1chdvjw95c4Ryt	electronic,minimal,techno,minimal techno,electronica
aHC0wLnfqzNDKfXq	pop,british,featuring,kiss and make up
aHItERfW7uqMixLw	rnb,pop,electronic,uk
aHe8LNDwkAZVz4hv	kick,indie rock,indie
aI7Q3mrQFMBoyPjh	rock,polish,80s
aIHkRpvDISfojoSC	indie,dance,indie pop,usa,american,cut copy
aIfXZE9pyNZEvVPM	rap,hip-hop,drill,french rap
aJKazDWkBw3hCtdY	70s,love,easy listening,classic rock
aJTG9Juq6TPXAn1I	rock,indie rock,00s,southern rock
aJpJRGGCpxjnd9uJ	hinooooo,k-pop,korean,nct dream
aKI4n02KJsrClkBa	rock,80s,alternative rock,alternative
aKMJnMJhmDppXRKQ	synthpop,glitch pop,witch house
aKntDDowLlErakhZ	progressive metal,progressive rock,shot i like
aLvxWFUG2iTvVdEB	2017,french,new wave,rock,80s,french,new wave,rock
aM1ZylFgbEbPhp2J	reggae,natiruts
aM6lNuipz7wQ14vx	rap,hip-hop,rap venezolano
aMuGWbGYJL3st6GC	alternative rock,experimental,sitar,lonely,lass uns ein bisschen rumreisen,alternative,experimental,rock
aP6UiMYSNiXkYrPM	funk,acid jazz,dance,funky,disco
aPGEFVR3wfeLWgA8	acoustic,folk,indie,singer-songwriter
aQIoH8pOP8OsaxcC	poptron,indie,indie rock,british
aQSASn7RGl5BNB1a	alternative rock,rock,alternative,indie,placebo,british
aQtUa94cM9h8Jb4g	rnb,soul,electronic,rnb,soul,electronic
aQuqy0i8EHfHPmOe	experimental,indie,ambient,love
aR0wo7I5yDjrpid9	synthwave,synthpop
aRCGx4nhV5PviN9S	electronic,new wave,synthpop,synth pop,80s
aRN83J2U5Rm9oSvg	funk metal,progressive rock,alternative metal,les claypool
aRUvABrOeGztnPXz	lo-fi,psychedelic,lo fi,indie,chillwave
aRdz1ELD4wD8s8DX	funk rock,rock,alternative rock,funk,alternative,rock,alternative rock,funk rock
aRg4LxwmC7yvhYji	groove metal,metal,thrash metal,heavy metal
aThnNfVlc9IWCFd9	indie,indie rock,rock,female vocalists,yeah yeah yeahs,alternative
aU9WaAPSeOF83CkN	progressive rock
aUbD6C3U0E8e4t3t	hardcore,rock,brasil,nacional,countrycore,matanza
aUzEAFfkaenUIZyG	jazz,instrumental,nu jazz,nujazz
aVHznuhucfKdV3BY	post-hardcore,alternative,rock,alternative metal,emo
aVXgBl00M7PFpRWh	summer,glitch,idm,electronica
aW8rSML6wUSrZyMt	indie,folk,singer-songwriter,indie folk
aWkKbJ0uZ3rvCXYR	pop,dance,rnb,female vocalists
aWqOLbdKQVy7fMGx	j-pop,city pop,idol,vaporwave,japanese,jpop
aX8BTfDuZV4SzyW0	latin,pop,latin pop,spanish,romantica,latin,pop,latin pop
aXsCVzcs27GoblcA	house,garage,deep house
aYEaTM5ZcdDu7h2N	acoustic,mellow,singer-songwriter,indie
aZLdLKFzw3qwAyri	indie,lush,alternative,electronic,british,indie rock
aZQqgibQmvEDIxZa	melodic death metal,metal,death metal
aZrvQTMg7rCXR9Mx	polish,indie,electronic,female vocalist
aava9gRPcQ7mO6A3	melodic death metal,death metal
abYcacgA2sm0daCN	neo-soul,soul,female vocalists,rnb
abvAmtUQR8Y6wkip	clube da esquina,70s,mpb,brasil,mpb,clube da esquina,brazilian
abvIaI26YYhHPVwm	metal,cover,groove metal,soundtrack,thrash metal
accjhFQnHg1gZwQs	psychedelic,psychedelic rock,indie rock,indie,grunge,australian
aceXMM0MhtZEMp9J	indie,indie rock,acoustic,listen with your eyes closed
acfOFFvtMHnkfqSG	60s,classic rock,pop,rock,oldies
acjhg2hVGkR27zLX	space rock,shoegaze,psychedelic,indie,alternative
ad0fOnpjwvGhtLqm	pop,dance,female vocalists,gwen stefani
ae4gTp2329gBuzdd	folk,christmas,christmas songs,singer-songwriter
aeyhSNlz7VfE6wBP	black metal,old school black metal
afmSDk2caOd8CCfx	pop,90s,irish
ag7wQWpT7m7tqyCl	folk punk,rock,punk
ag8ZUUnjQRaX6eCx	post-punk,melancholic,i,atmospheric,post-punk,new wave,indie
agF7GNHr5zQChv9b	pop,love,jordin sparks,bloodshy and avant
agJzBRCgZxsHMFe1	good lyrics,greatest guitar solos,turk rock,touching solos,pinhani -ne guzel guldun,turkish rock,turkish,soft rock
agQRGRGsrciJHywA	doom metal,2017,traditional doom metal
ah4k9wIAii5ZYefA	punk rock,punk,rock,punk rock,punk,rock
ahG5rLCZkoeswOyr	rock,alternative rock,muse,alternative,british
ahs9pXb2YTj5hx29	jazz,female vocalists,blues,jazz vocal,fip
ai9RiaIwL4heOeyG	shoegaze
aiTcinX9660OVlG3	guitar,indie,finnish,singer-songwriter
aiYjIzQKIlo90ddq	alternative rock,alternative,rock,placebo,90s
aiitiMQSSlvJDqpD	indie,acoustic,singer-songwriter,emo,indie rock,folk rock
aiqSAbP4IMaOvHxj	punk rock,melodic hardcore,rock,rise against
ajY2DyuWBZwq1ljE	emo,pop-punk,emo,pop punk,indie
ajugVzaPifYPebiB	80s,pop,new wave,love
ak6x8Hu0EPXMaNA5	shoegaze,80s pop,darkwave,cold wave
ak9tLVJdRicqd54g	nu metal,hard rock,metal,heavy metal
akCadU3h1HTA4D2T	house,2018 releases,electronic,deep house,french
akyl6Y3wuZVxWvvZ	rap,hip-hop,hip hop,eminem
alKUXvCYBFzkFXxV	pop,ronan keating,rock
alLiFpkto84bTls1	alternative psychedelic,art pop,clinically romantic,avantgarde pop
amfj6mY9IDwjljuT	nautical,rock,indie rock,ween,alternative
an1sxulm4vBcc5az	thrash metal,metal,heavy metal,testament
angkRVGHTyMrz6I0	indie rock,rock,indie,alternative,garage rock,alternative rock
apIpt4mxGncZKNSv	hardcore,indie,uk,screamo,british,hardcore,indie,uk
apKie7ES4VWZn0ix	post-punk,alternative,80s
apiiHI5RubJLhV7m	folk,indie,indie pop,love at first listen,6 of 10 stars
aqNG1JrdAABhxBrA	brasil,love songs,mpb,5 of 10 stars
aqf3MfFiPlMsoNdC	pop,dance,ballad
ar5wWQPVWasoHI9C	rap,hip-hop
arFact5frY7Il4l3	pop,french,female vocalists,80s
at8RA9hndRumOFQD	blues,soul,female vocalists,rhythm and blues
atOPJOcBxoTaNZAK	pop,british,bittersweet,chillout,minimal
atbVc1L7CNJTbM14	metal,power metal,progressive metal,symphonic metal,oriental metal,tunisian
atbhcVg8HAYhGrnx	alternative,indie pop,alternative pop,5432fun
atdFGYF4KsvFap5z	new wave,80s,post-punk,electronic
athZShpJEYgE5Dqx	melodic death metal,female fronted metal
ausIejFCXCHSe3mn	power metal,brazilian,progressive metal
avNXrFuXcjRVyDVO	love,indie,indie rock,danish
avTefuLjqVTOchyR	country,brooks and dunn,country rock,male vocalists
avqg3c2IqMZN6nas	doom metal,doom,heavy metal,traditional doom metal
avvaMT48CG8kcJ5m	experimental,weird,a capella,indie,alternative,a cappella
awEmTXDvAQ1bkwbw	alternative,indie,alternative rock,rock,panic at the disco,alternative,rock,indie
awu3Sk6GcajXpgKo	rock,80s,new wave,pop,female vocalists,90s
awz8VZr24UlrPQu3	intro,soundtrack,the vampire diaries,pittsburgh penguins
axubrXOqsop1FpkW	post-hardcore,metal,emocore,emo
axvpCJsqDIBG7164	teen,lotus,hetero,sertanejo,flop,fim
ayH8E72NTuOu1SPE	female vocalists,singer-songwriter,alternative,piano,rock
ayscvFYQiw8A9qL6	k-pop,korean,btob,kpop
az0tkpW6rJUzES6I	progressive rock,post-rock,british,rock
azLOHkh51WAbtzRa	2014,female vocalists,chamber pop
azsUSW5ji21khs0S	chillout,electronica,-favorites-,mellow mood
b06N3VdGxGtqNJpe	pop,italian,x factor,italian pop,italians do it better
b0ZircMC00oin2og	shreds,indie rock
b15HwJMw75Oti8qV	pop,female vocals,denmark,danish
b1EmQGbIP5iA7b77	brasil,rock nacional,rock gaucho,engenheiros,bluz
b1FMg1NFyfjPm7dn	hard rock,classic rock,70s,deep purple,rock,hard rock,classic rock,rock
b1FOyCr8Futqw0lf	country,pop,dixie chicks,country,female vocalists,bluegrass
b1gYQ76OfuIJDx4D	folk,nordic folk,neofolk,norwegian,folk,neofolk,ambient
b1zUVHW2rTsC0niU	rock,new wave,80s,classic rock
b2IercF7lOU1dj4f	electronic,future garage,idm,brainfeeder,experimental,dubstep
b2d2F0KkUlAWna5t	mellow,female vocalists,dream pop,indie,beautiful,melancholy
b35FyntYBrV84iaN	los hermanos,rock,brazilian rock,mpb,brazilian,mpb,alternative rock
b480cZP9cTdB8T12	female vocalists,bossa nova
b4AlyvmSpX8EKBtX	pop,rock
b4GbTZpgeOIE32k0	pop,soundtrack,american,home,movie song,new york rangers
b58NG6ZlayiJZflq	folk,2018,hardcore,female vocalists,indie folk,acoustic
b6GvzyVKuN6hPCcg	classic rock,rock,70s,british,the rolling stones,fip
b6pUONQ1cQW50iMp	smooth jazz,brian culbertson,jazzyspianojams
b7B9HWNmMTN5h2hZ	90s,brazilian rock,rock brazuca,rock brasil
b8Jb95SRVnl7DL7v	experimental,indie,songs about aids
b8g7a7SBTTU1EDDz	lo-fi,alternative,noise pop,party hard,i want back to the 2010s
b8oIPzxrJUZkeXhS	punk,punk rock,indie rock,rock
b8qdr9JEkvClBKB7	brandy,rnb,soul,female vocalists,slow jams
b8qlPORztQLRaoPl	metalcore,melodic death metal,metal,hardcore
b8rSxomJMbzjH1QM	country
b8sfXTZOsfAAa4AN	heavy metal,metal,thrash metal,metallica,rock
b92O1HDFfA7MKEqA	progressive rock,peter gabriel
b94gCxshy0dXbZoA	melodic hardcore,hardcore,screamo,post-hardcore,hardcore,screamo,melodic hardcore
b9AQbQu1Gx9jchbd	reggae,brazil
b9kmI9TuST3JDKzv	indie rock,rock,indie,british,alternative
bAGXPZfeQaHMpURx	heavy metal,power metal
bAl6GqgGi7fFZqU6	progressive rock,amazing,progressive rock,experimental,indie
bB0eeg7XN1TEjNrE	pop,indie,swedish,wtf,czy ty jestes szwedzka slonico normalna,pokurwiona
bBgjksPVwpGiRKGr	cover,pop,dance,german,eurodance
bBm6R74Occ0T9WFv	downtempo,glitch hop,wonky,chiptune,electronic,glitch
bBquA6LRnsrO0Orj	thrash metal,metalcore,heavy metal,metal,trivium
bCKvKdnDqolBYsE1	new jack swing,pop,dance,female vocalists,rnb
bDImq3tOXw447l4o	funk
bDb6BHAZBiOswRXL	singer-songwriter,alt-country,american,indie rock,screw you up the butthole ryan adams,2017 single
bDcDcHWitglRzpjs	doom metal,progressive metal,depressive rock,gothic metal,metal
bDmecyTaV0HUL74I	french,acoustic,french pop,downtempo,5
bEvqT5kD0osBlAwd	rock,alternative rock,nu metal,alternative
bFOJfWoxOjDW4XlV	alternative rock,christian rock,hard rock,best forever and ever to me untill i die
bFfPn9KwgSd09j8b	alternative rock,rock,funtime
bGIPmBYilP8udbgg	punk,punk rock
bGJ1fPLmmLZElMwP	90s,pop,summer,happy,alternative
bGOsJLprj3lrJs1X	progressive metal,avant-garde,avant-garde metal,progressive metal,avant-garde metal,avant-garde
bGl7grA0FI4vR4R5	metalcore,metal
bGntq2M7i3og37wz	pop,dance,happy,mika,britpop
bHHxTEIjL3PuReYE	j-pop,punk,jpop,pop,idol,asian
bHJlWxI4J5w3CN2D	heavy metal,hard rock,metal,classic rock
bHhyWHrpLNSK7CCC	indie,indie pop,indie rock,dream pop
bIM5Q201HcVYT3PK	piano rock,indie pop,indie,pop,pop rock,piano rock,indie pop,indie
bJXqTWW3IhEc1QRe	canadian,alternative,rock,queer as folk,alternative rock,indie
bJbd5isjj4wqId0B	alternative rock,rock,alternative,90s,soundtrack,grunge
bJmutNf4pJb3JNJ9	rock,80s,punk,iggy pop
bKLAO03gUUZ1rfT4	dream pop,indie,indie pop,singapore,dream pop,indie,indie pop
bKU8R1YmN96mDFKs	folk,neofolk,beautiful
bKxJHUbk5MmT4UqK	piano,ambient,contemporary classical,melancholic,post-classical,neoclassical
bLmTpCdQ2pvzsb6l	post-punk,new wave,alternative,the cure
bMY5UhoJzK554rK8	pop,electropop,female vocalists,indie pop
bMmqOt28D3vYEnSU	k-pop,korean,btob,kpop
bN5ba7NPC3zGyI6e	indie rock,indie,rock,brunelds
bN9egN6fJRxGWe4C	fip,hip-hop,rap,hip hop
bOI4UsGCA3FhjMRH	electroclash,instrumental,electronic,electropop,electronica
bOYCcpbUP5L6fzh3	rnb,jagged edge,slow jams,lets get married - jagged edge,soul,rnb,jagged edge,soul
bOgcWhux4B9dVecb	dream pop,ethereal,cocteau twins,dream,she sings so sweetly,smile
bOw9ut5CxATBFXzm	canadian,best of 2012,indie,indie,indie pop,canadian
bPYhJWYCPySRkHKC	post-rock,instrumental,post rock,famous names
bPdK3pYsPQvRaTf4	post-rock,instrumental,ambient,post rock,post-rock,instrumental,ambient
bPsteBFRiBgUi5tH	rnb,beyonce,pop,female vocalists,best thing i never had
bQ73YjpQvHdreWOe	country,pop,female vocalists,singer-songwriter,acoustic
bQuFUmXyiMRof0KO	pop,pop rock,brazilian,00s,dance
bQvewFp4galdxvFq	new wave,rock,female vocalists,80s,new wave,pop
bQz00TdWrcSsbZOd	electronic,new wave,depeche mode,alternative,synth pop,synthpop
bR7sn2qJU5j5irG5	latin pop,colombian
bRF8pBKpzCRAsn6t	engelbert humperdinck,oldies,easy listening,release me,60s,oldies,60s,easy listening
bRfjJJUAMnmoNHGh	country,alan jackson
bRrNAKvE5CreT3GG	acoustic,singer-songwriter,jack johnson,chill
bSPICnBZJQyZ8E4x	spanish,electronic,electropop,synthpop,spanish pop
bSkN1CylTQ1mc0S7	indie,indie pop,happy,upbeat,makes me smile
bT75PhG3NdF7PZ1W	pop,scottish,love at first listen,psychedelic pop
bTZAQWb0rLzftxrJ	power metal,symphonic metal,symphonic power metal,ballad
bTcxdTd00Ed7eFgw	alternative rock,alternative,rock,indie,britpop
bU8ldLxKSMFmkJdT	77davez-all-tracks,new wave,rock,70s,alternative,post-punk
bUwq9R146ZWcAK3u	post-rock,instrumental
bVGPPAanYoqw1ElE	trance,dance,vocal trance,atb,electronic
bVLvgquuk6mwc1Zp	latin
bVkNV9YcmvfE2x2d	synthwave,synthpop,electropop,electroclash,ebm,synthwave,synthpop,electropop
bVxU4bkXQcooOUxF	french,chanson francaise,chanson,oldies
bWKX11QKBmnybgKC	rap,hip-hop,rap triste,rap,hip-hop,rap triste
bWWdx7UWIoiACEdg	swedish,pop,male vocalists,2010
bWpIS4YhMBK5KxjL	pop punk,rock,pop,alternative,pop rock
bWuofLm0XpcWnEnS	hip-hop,russian,underground hip-hop,abstract hip-hop,rap,rock
bX5M3qUMGBUjjMqT	rap,trap,cloud rap
bXEQUkwhMeCgyAUs	power metal,heavy metal
bXKybqsyy7KDlYtN	rap,brazilian,underground
bXUtXEansZmn31Bl	fip,blues,60s,classic rock,rock n roll,oldies,classic rock
bY10EPWCJ9dl6baS	dance,pop,electronic
bY1z9WCAB0ymqD22	oldies,60s,classic rock,pop,rock,singer-songwriter,classic rock,pop
bYIE2wsyipy49tFj	female vocalists,indie pop,pop,loved,indie,female vocalists,indie pop
bYqZW9G7sBuJXwUa	post-hardcore,ambient,hardcore,post hardcore
bYvzL9r2329xog6m	love songs,80s,soul,pop,lionel richie
bZOe91GTFbo16Eqh	metalcore,progressive metal,progressive metalcore,djent
baMIxwzJb7u5qTLN	death metal,old school death metal
baN3c1PKr6M9Vb6Z	rock,alternative rock,alternative,incubus,90s
bbI3jFRHtMWPKwJo	indie,spanish indie pop,spanish
bbVpQclTUoGuvvP0	pop,rnb,british,male vocalists,electronic
bbqpHOxoSblhGnX6	ambient,experimental,winter,electronic
bcXs6aKaTCvO33i9	dubstep,electronic,ambient,dub
bcezPilJO8OYJLdW	j-pop,japanese,pop
bcfXyBVTHa8cK1Gi	grunge,alternative rock,rock,alternative,australian
bcfmgB53YEYuYVyY	chaotic hardcore,mathcore,hardcore,metalcore,experimental,chaotic hardcore,hardcore,mathcore
bdw1UJJiVDwzWxTA	post-punk,80s,new wave,rock,1980s
be5ULvKwfaKpUOA3	mpb,brazilian,brasil,folk
beG9rSyZQEchmGPZ	cover,pop,country,female vocalists
beYu2TN89KrdfD2x	symphonic metal,gothic metal,female fronted metal
beufDWK6CE4eDuD0	oldies,easy listening,danny kaye
bfAJnlVNbnSeVHK7	pop,alternative pop,fav,catchy,norwegian,pepp
bfIPnBrrD16nvc0h	post-hardcore,screamo,rock,alternative rock
bfZ29kKH6bnC6TaU	folk,guitar,pop,acoustic,female vocalists,singer-songwriter
bffvNF2nWIRx5BWs	nu jazz,mellow,chillout,lounge
bfrMWPVsRglKR83D	indie,acoustic,indie rock,00s
bh015Iz4RVf1KBWQ	experimental hip-hop,rap,experimental,track of the year
bh2cTu0WT4xkT7Bf	heavy metal,power metal,2019,finnish,metal
bhC2irBn6eOqLnqY	k-pop,korean,rnb,se7en,k-pop,korean,se7en
bhTLRMfKnCUFzExH	rock,classic rock,glam rock,70s,david bowie
bhUzZjcw4Ja2yPfU	pj harvey,female vocalists,british,rock,alternative,alternative rock
bi878sdqYHuvH8kB	soul,jazz,blues,rhythm and blues,ray charles
biFqaKzSGxmYyfgX	electropop,electroclash,synthpop,hino
bjOD9cPE8aINcfxK	mod,freakbeat,rock,indie
bkDQIyAFj2CIiL8r	pop,brazilian,mpb,female vocalist,brazilian music,female vocalists
bkWIzj3kIoGXyBZz	rock,classic rock,british,singer-songwriter,classic rock,rock,british
blZ9zSQBqOMxcPhN	pop,christmas,vanessa carlton,female vocalists
bmGCAfAjJGc5HG0r	post-hardcore,a day to remember,pop punk,hardcore
bmUo44WgvLNmEOoG	latin pop,mexican pop,2015
bnOxKlH33gGRva6m	punk rock,rock,punk,green day,alternative
bnnkS6qAnxJlz8VJ	gothic,gothic rock,goth,new wave
bnomEQbVPsiOUMbs	soundtrack,instrumental,2018 releases,trailer music,orchestral,soundtrack,instrumental,trailer music
bo5vKAMfEMFmj4IF	pop,groovy,feel good,influential,life song,attitude
boEUnEUEkZ9N0Bcu	70s,dance,disco
boLtFF3Jejg1Pm5q	heavy metal,hard rock,metal,classic rock,dio
boQoVaKvCyKOjpbk	pop,ukrainian,electronic,ukraine
botiD7zE4uDh9IwJ	alternative rock,indie,brasil,mpb,los hermanos,brazilian
bozS7S1Bd397C0iE	belgian,2015 single,soul,female vocalists,jazz
bq3DFXzQdCgL5Yx1	beats,instrumental,hip hop,beats,instrumental,hip hop
bqZzl4bUlrvoBWhv	witcher,soundtrack,instrumental,epic
bqdc8C3NQUOudxWK	70s,pop,female vocalists
bqhTTyfHjZm37yCv	latin,pop,latin pop,pop latino
bqjM8SupQNqUaPBE	post-hardcore,punk,punk rock
bqk4aDgA8YXkshM1	punk,post-punk
br8LGoIoLZ7AXJNR	shoegaze,2017,emo,post-hardcore,slowcore,shoegaze,emo,post-hardcore
brBpKsxXpkxKWOIM	rock,classic rock,hard rock,70s,60s,british
brLdKgZoZL3MFDxD	mpb,bossa nova,samba,brazilian,brasil
bsizTBFio63TNrJO	progressive rock,classic rock,rock,80s,alan parsons
bt05OEJoJtVqMAlZ	punk,russian,riot grrrl,female vocalists,punk rock
btvTYZbEkPT017Tm	post-rock,instrumental
bu12l8MrV8lV8LNK	garage rock,post-punk,garage punk,riot grrrl,indie
bu1VAGtGFvEdQ4xC	swing,40s,jazz,oldies,female vocalists
buHeO5K8Osr4o2xQ	k-pop,girl group
buL8XwkXo77c2rgc	dance,pop,great lyrics,10s,2016,puzata xata
buj0BUAyzLrx5hGN	pop,latin pop,latin,spanish,dance,90s
bvLm90ppTqGEo6e9	soul,80s,female vocalists,quiet storm
bvQOW9z5bt67w4i7	pop,soul,female vocalists,hip-hop,sad,warm
bw5Mrk31wgy8PikG	beautiful,indie,peaceful,melancholy,acoustic,singer-songwriter,indie
bwcGtV1nV8WPfuEO	lo-fi,hip-hop,2,chill
bwrsbEP5ebgcQTO7	hard rock,classic rock,70s
bwscgLmAUxV6fjer	country,female vocalists
bwzZkvE0ihEkS0UE	electronic,synthpop,australian,indie,electro,indietronica
bxDwTve1BPQ32mGN	rock,alternative rock,brazilian rock,indie,moveis coloniais de acaju
bxV5qfy1L4hXsKxT	death metal,old school death metal,metal
bxdnwFPMNVQYHPWo	indie,garage rock,rock,alternative rock,garage rock,indie,indie rock
bxk6WOp7BpL0wppg	acoustic,mellow,indie pop
byXORiSPZADaSCxL	soundtrack,star wars
byZ4FrDQ0vQ82QBX	girl group,female vocals,k-pop,female vocalists,korean,kpop
bypsB2K6ADXUTBfl	gothic rock,singer-songwriter,female vocalists,experimental,darkwave
bz6QqJ0JTB1oHkOV	2014,pop,dance,female vocalists
bzHwDeJj9UjIcofm	2019,post-punk,punk,spoken word,british
bzKC3quTf7xliRmN	indie,folk,pop
bzqg8Cq18O1nJIiQ	electro,electronic,electronica,electroclash,dance
bzyMAj2zih80Su8W	hard rock,post-grunge
c0DOx4e1YPc1Gdhn	hip-hop,rap,underground hip-hop,underground rap
c0QsAKW6CrKULjVQ	hip-hop,lil skies,2018,rap,cloud rap,hip-hop,rap,cloud rap
c0VQUnEe2miJhKSn	rap,hip hop,hip-hop,alternative,female vocalists
c0oTPqvKZKkIyvkx	electronic,electroclash,electropop,synthpop,synth pop,electronica
c1NfTE4ELlK56buS	ambient,contemporary classical,icelandic,soundtrack,electronic,film score
c1RfCbcaU8UjIl5C	electronic,synthpop,new wave,goth,american,post-punk
c1U1QpDeVb5657Jb	experimental,icelandic,electronic,singer-songwriter
c1VjMYXO17ZsIoPx	pop,urban,rnb,groovy,attitude
c2TVWgfugYp9lHcR	nu metal,stabbing westward,bliston,gorg,bison burger,nu metal,metal,rock
c2fPDlCAAF6AK7sq	latin,party
c2ver6lYpL1yWUI9	post-hardcore,alternative rock,angsty,rock
c31h1TkpfspcVM0N	punk,oi,british
c3pVu5Vh7lXpomUr	acoustic,folk,pop,indonesian
c3rvoc9eNmJ8bNCj	thai,pop,thai pop,female vocalists
c44tYj67oU0cFHe4	mpb,pop,brasil
c4NvI7LVw2G9lIV8	pop,brazilian,female vocalists,rnb,dance,pop,brazilian,female vocalists
c4oeRmbmqozrYQ0M	post-hardcore,saosin,post-hardcore,emo,screamo
c5NmembXHyw9yNxs	fip,rock,indie,alternative,garage rock,lo-fi,psychedelic
c5qNyFeeXepXU6Mx	pop,90s,rock,dance,cher,pop,female vocalists,dance
c6xpIU8h8Tqt020P	rock,alternative rock,alternative,indie rock
c7w6n6KAUo9Psh4U	rock,swedish,alternative,indie,rock,swedish,indie
c88PmdhhS7mXgRZQ	folk,indie,loved
c8CxxTCEAD99pd7w	rap,hip hop,rap nacional
c8J37j3zl9dxOzP9	pop,dance,princesa do pop,hino,anitta chora e esperneia,que tiro
c8PgsLUYYNVTQEtI	electronic,electronica,dance,techno,big beat
c9MIKOu6DMVQmW73	singer-songwriter,folk,anti-folk,indie
c9W6h4NmedTuTQgP	alternative,alternative rock,new wave,rock,best of the cure
c9azALt30ol36Sfr	heavy metal,metal,iron maiden,nwobhm
cAxcW63QKdgQEr6l	progressive metal,metal,progressive rock,dream theater
cB0Q4iGuS9IQ5Ido	pop,christina aguilera,female vocalists,rnb
cB6Xtcs569wQnxxl	gothic rock,gothic metal,gothic,finnish,gothic rock,finnish,gothic metal
cBHUZNr249XTmxwL	soul,indie,electronic,alternative,rnb,british
cBLLRWdFVuEX3FeJ	j-rock,visual kei,japanese,jrock,rock,hard rock
cBbuwK42P6TivY32	indie,dreampop,female vocalists,pop,dreamy
cBrElDA4dxCJ3C6l	mpb,brazilian,tropicalia,bossa nova,brasil
cBxt9mrvcgPWB7Ph	gothic metal,doom metal,metal
cCTOkAC3enFtOUMh	power metal,heavy metal,symphonic metal,metal
cD7UWcobaN8mLqyb	60s,rock,classic rock,psychedelic,1969,cosmic country and psychedelic americana
cDBVsXA8aI7P5QiL	britpop,indie,90s,british,1992
cDUDWICCP4YvwXYU	rnb,soul,uk,pop
cDgtmqxPaNaZQeV4	love,mellow,alternative rock,rock
cEAm0nZDHEs4tiXo	alternative,indie,indie rock,experimental
cEJHrKsbqXW3uLkT	ambient,ethereal,darkwave,gothic
cEbpmBXZQ16JLcYn	punk rock,melodic hardcore,punk,rock
cEkzeQ2Yqmmi1NuR	pagode,brazilian,samba,male vocalists
cEnxd5Ltx3EgedgS	indie pop,experimental,dream pop,pop,synthpop
cEvDgA1voE4yaxb1	electronic,idm,ambient,electronica,downtempo,loved
cGLi5tm4WpRJwL8g	punk rock,punk,hardcore punk
cH0LL6St3qiZRfaO	pop,electropop,rnb,beautiful,2018 single,hino
cH1YE9vFx7jk1rfv	progressive metal,progressive rock,nostalgic,beautiful,metalcore,progressive
cHN1hiQQJOz93Msc	post-rock,instrumental,experimental,electronic
cHitdXIBiJZdPJEW	folk,indie pop,indie,british
cHl5TI3jKBcNuuIA	rap,hip-hop,brazil
cHskexca51Qry0Tw	country,country rock,cover
cHtHcdeinkUAOF8L	hip-hop,shoegaze,experimental,industrial,melancholy,dark
cIR5GlaQRMsrcCMK	pop,female vocalists,romanian,electronic
cIskT8L3XmYmrBmS	funk,acid jazz,dance,funky,jamiroquai
cItkoIyGIr9LrIJS	folk,indie,indie folk,alternative,beirut
cJaHOM5cdGW2klUa	as only tim buckley can do it,folk,singer/songwriter,lovely
cJuKNBNeeYlQ7Vds	rap,brazilian,rap nacional
cKFTcdU3JUGDWb2B	indie rock,indie,alternative,canadian,rock
cKIYRmQBNTGxx8er	pop,rock
cKSvVxApROAbGJRx	hip-hop,pop,rnb
cLg3AIgxxlI1U0sy	chillout,trip-hop,downtempo,lounge,electronic
cLkKPegusNN2b7T2	funk,soul,jamz,mpls
cMHzioKLJ3XhWhrc	indie,2000,dol jak chuj,ogod music,indie rock,indie,alternative
cMXaDXpguB78WKz4	indie rock,punk,pop punk,indie,texas
cNQFW3pirJTrHbQY	indie,alternative,british,rock,morrissey
cNTb3CpXBs0mvUC3	rock nacional,pop rock,jota quest,brasil
cNylkOoSfpQ0Nnax	folk,singer-songwriter,country,americana
cOTFYq3WJs2aamwL	alternative,shoegaze,alternative rock,indie rock,experimental,experimental rock
cOWHM7Mdr9hqTYp8	experimental,psychedelic,folk,indie,experimental,folk,female vocalists
cPa09lVKwJ1DNaA7	pop,rock,pop rock,girly
cPkE9eyJLx6GBoL2	doom metal,depressive rock,progressive metal,gothic metal
cQ0zoRvoRgcnzEjR	post-hardcore,hardcore,hardcore punk,rock
cQ290rikR8d5JKMs	brega,brazilian,aleister crowley,argeu california seixas,jovem guarda
cQ2962d0RaXKUsCN	pop,female vocalists
cQQ53HScKnKwPW2k	female vocalists,infantil,children,iconic,pop,brazilian
cQsZfwVrJQcFDRbT	k-pop,korean,kpop
cQshYcYPsUiNA7Tp	rnb,pop,female vocalists,mya,soul,rnb,soul,pop
cQu2iSKTkfzWu3qe	nu metal,alternative rock
cRFIidG8QXsT3ZuD	indie rock,rock,indie,alternative rock
cRZcFdDKBzLxQwtG	technical death metal,progressive death metal,technical deathmetal
cRbAoi8NLm9rrnlZ	post-hardcore,finchley
cRdN7qxblxmiwGba	rock,punk,pop rock,pop punk
cS31IowR78ysCs7E	emo,mellow,beautiful,melancholic
cSJ3rv6DiHqyBJot	indie,rock,indie rock,alternative,swedish
cT5V6t1fbrGBBVLa	instrumental,piano,folk metal,classical,transitmelancolic,doom metal,neofolk,folk metal
cTKycnG91soC0EQP	rock,classic rock,pop,70s,singer-songwriter,male vocalists
cTR9zROwHv8WuPDb	lounge,party,rock en español,latino,2006,rock argentino,rock,rock en espanol
cTvlGd7IXjcUxW09	alternative rock,rock,sad,chill
cUNaYKXkpKqYKVf7	trip-hop,chillout,female vocalists,electronic
cUT2zCZ1hBxr9H0z	electronic,dubstep,experimental,idm,dubstep,ambient,electronic
cUaqk07LqH7mddcu	pop
cV2axTtnrRZsQKSw	industrial,ebm,icelandic,aggrotech
cVMgVJIpEkhFiQlR	hip house,electronic,hip-hop,uk funky,hip-hop,rap,electronic
cVYwfz0gxp4WGbz4	post-hardcore,2003,mars hill
cXObHyfRP9zXpzul	j-pop,japanese
cXTVGLCOksWefM7q	2015,pop,female vocalists
cXimRhwBB8HEPiE4	mpb,brazilian,brasil,brazil
cXxuXZwzAetR1tDQ	heavy metal,metal,epic,progressive metal,avenged sevenfold,metalcore
cYboSOMMLKKWXrn0	psychedelic funk,funk
cZ8e4ORu3ST8sM0I	alternative,rock,rockin,upbeat,indie,title is a full sentence
cZXcA0XJNGeXkzgu	classic rock,rock,singer-songwriter,pop,billy joel,70s
cZxw2bGGvryL8kB8	horror,vai vendo,puro veneno,vida loka desde cedo,eu quiria muda,all,rap,hip hop
caWnywsQKdyH9BmU	brazilian,brasil,brazil,singer-songwriter
cavk0sXOTxs3FLJk	punk,brazilian,do caralho
cciNyHBq9rkjKLyy	brazilian,experimental,mpb,rock,brazilian,experimental,mpb
cd2mZcSgcOnNNMpB	superb lyricism,pure beauty,japanese,favourite lyrics,j-rock,greatest songs of all time
cd6olQ8uvmtJq3C4	chillout,female vocalists,downtempo,trip-hop,sia
cdlDm0Ljwooja2H9	lo-fi,2015,experimental,shoegaze,ambient
cdp2w9xlOKFj02pH	idm,ambient,electronic,idm,electronic,ambient
cdrlQKi8EptnYz7f	sertanejo
cdtYnXLkjKctKcZz	pop,80s,female vocalists
ceHoFk2UITZ172aw	electro,electro house,drum and bass,neurofunk,techstep
ceMurvtSAArJ0yAA	industrial,synth-rock,gothic,gothic rock
ceXwFzD28XT3KHwP	pop,80s,female vocalists,dance
cecbkoxOOnVb2ZJ9	rap,electronic,k-pop,dance
cf6sJ8Tl2Co4BtzM	2015,indie,alternative,rock
cfX4i7whBCN74mup	why on earth is this just a bonus track,pop,pop,female vocalists,dance
cfa1O9W6VdSgQyhw	rap,alternative,hip-hop,xxxtentacion,post-nerdcore
cfiDkgCBCwzQWOYt	70s,glam rock
cfnCDKI8VbHs2jd9	punk,punk rock,70s,british,punk,punk rock,post-punk
cgKjyAYHpM5QoXSd	pop,r&amp;b,conor maynard
ciiX4dklkSIbwmqg	neofolk
cj0qWQxGkV9zaMRi	fip,female vocalists,folk,singer-songwriter
cjNWhVdO6mb2H3dX	alternative rock,rock,3 doors down,american artist,alternative
cjYyE8UAC9o9oPfm	forro,brazilian,brasil
ckBvgQf8v5qLUuYo	ambient,chillout,digitalis,somafm,idm
ckVFnF7AkRKT9Iip	new wave,80s,pop,1986
ckaKt1njaJekt91k	disney,soundtrack,10s,songs for kids,soundtrack,musical,spotify
ckwv1SbW0SEktBLn	piano,instrumental,contemporary classical
cl1d5Fr8rliarHpy	female vocalists,rock,alternative,pop,cover
cldjlH1SMgV9I10R	soundtrack,instrumental,pirates of the caribbean,classical
cmZEB268vbVbUhGy	indie rock,alternative rock,rock,2014 single
cmwsqSdRME6aLNYH	synthpop,idm
cn5TczLB4jQm39AL	alternative rock,rock,hoobastank,alternative
cn5cIXow0ir00qNa	shoegaze,alternative,dream pop,post-rock,noise pop,atmospheric
cnFslNvlfALL7ZJC	soundtrack,legacies
cnIfyMxPhA53V89i	pop,00s,brasil,pop rock
cnP4lKPZu8jfUWHP	jazz,swing,frank sinatra,easy listening,oldies,fip
cnZGAtU1SnrKddra	country
cnyZUM6yigWZ8lcW	shoegaze,dream pop,indie,indie rock,shoegaze,dream pop,indie
coP1B7rV2E1ZgSqt	hip hop,german,hip-hop,rap,2019,deutsch
cobqPU5dWFN2g6ky	rock,alternative rock,nickelback,alternative,hard rock
cop99EBSranLGdjs	alternative rock,rock,american artist,alternative
cqO02dSdiVvPKzx8	noise,electro,noise pop,4 of 10 stars,title is declarative,electronic,noise pop,lo-fi
crCZy21TXQWbFkGy	album,worship,lizzo,ep,the bold type,hip-hop,rnb,hip hop
crFzyeqFkSb4K0TO	classical,opera,italian,male vocalists,andrea bocelli
crrB8KOjPTgtV2ad	metalcore,post-hardcore,screamo,hardcore
crs60EtFSRAxDkzH	post-punk,rock,alternative,singer-songwriter,alternative rock
ct7bVVlVkBhAFLYM	pop,electropop,electronic,dance,happiness,best song
ctZd9CAMpqy9XjVf	dance,electropop,electronic,house
ctlsoJYATG0HAqko	soundtrack,instrumental,instrumentease
cudXzRRb1vbS8Kdx	psychedelic,psychedelic rock,instrumental,girls name
cut5UFvCdLIYnXEr	post-hardcore,screamo,emocore,hardcore,post-hardcore,screamo,emocore
cvc9vgjLRH1He6KJ	sludge,stoner rock,sludge metal,metal
cvxuj49cKp4aRh4r	british,pop rock,pop,mcfly,love at first listen
cwhv5CpgKslLAmUr	latin,favs luan,luan santana
cwiZYNfqsd4SyuTA	funk,pop,brazilian,dance
cwtOkntn5tcz5MYO	indie rock,indie,upbeat,night
cwx9veaKUEzw6evL	funk,acid jazz,dance,jamiroquai,chillout
cx7Nqp8UVV51mYMC	electronic,indie,2018,synthpop,dreamy,electronica
cyRMqYRBDcRleNsa	post-punk,new wave,80s,dream pop
cyT9Tv23GrgnAcpw	sofar nyc,singer-songwriter,australian,indie
cyVqOKOMyHHkrR27	chillout,downtempo,lounge,electronic,fip
cyqzXkXOOKIB9zdc	pop,mika
czGR7pTsV6UyfZyc	ambient black metal,atmospheric black metal,black metal,dark ambient
czggisdgwcizxCV9	folk,2011,brazilian,alternative,indie
czvd0Ao7P0KV1uMB	salsa,salsa romantica
d0MOmuVVM9KBQiiC	gothic,gothic metal,symphonic metal,darkwave,german
d0aswhzYC2ZqMzud	thrash metal,heavy metal,metal,hard rock
d0cUXIetpuWjoETL	pop,electronic,dance,sexy,dubstep,madonna
d1Wqi6ncXRfhEpOn	west coast swing,pop,dance,rnb,rnb,pop,female vocalists
d1fYUEnvKW7E7jVc	emo,post-hardcore,lindos
d2mh4hWjfW0rmHvz	rock,tropicalia,brasil,psychedelic
d35iXg7GmGpOTuuT	indie,british,indie rock,rock
d3XJODyFgcy3ZPiY	trance,electronic,chillout,90s,dance
d3XsHNV1UNoNx5gc	indie,dream pop,dreamy,chile,chilean,under 2000 listeners
d3Z8kIYMeLbiZWYR	dub,reggae,reggae,dub,covers
d3aQlD9eyXSIDM3p	rap,hip-hop,i am the cowboy on my own trip
d3rnBgVE8tAWRUgC	indie,2014,indie rock,saxophone
d41q23C3RzLCuhyi	singer-songwriter,john mayer,rock,pop rock,mellow
d41rVa4fkK2uBVTh	hip-hop,underground hip hop,hip hop,save 4 later
d4RdoOUWkxPBJtkB	indie,alternative,indie pop,chill,female vocalists,love at first listen
d4toJom4WfS3zx8h	pop,pop rock,teen pop,2017 single
d4v7MgW4JZhlsrE8	neofolk,folk,dark folk,acoustic
d4v8YU6YvDVqCZkc	viking metal,folk metal,instrumental,acoustic
d5B55Bk3l9LxTKZo	rnb,soul,r&amp;b,female vocalist
d6UsE8dg3m9NgAOk	punk rock,punk,girls
d6zTS27fzoySRhTd	alternative rock,rock,alternative,hoobastank,punk rock
d7LUnjrh9V7ORJSu	lo-fi,indie,noise pop,indie rock
d7NgZeGLMUMtG8kK	folk metal,folk rock,female fronted metal,female vocalists
d7QHDkDK4cXrIuLu	country,female vocalists,sad,story
d7Y8U8RXZSdKGYk0	britpop,90s,1998,indie,british,glorify my drug usage
d7ivSqjtaFDGHu2p	piano,contemporary classical,instrumental,chillout
d83HsVAIrEFaAJ5D	pop,progressive,sleek,haunting,influential,disco,pop,70s
d8GT82qTPHbJFsqN	electronic,polish,alternative
d8riXUibMsxBq7eA	lo-fi,ambient,indie,indie folk
d8syBjdNDWoy87As	britpop,indie,90s,english lyrics,british artist
d9gqQrTy6u3fml8j	shoegaze,space rock
dAVSHlWNfvQTLyU7	punk,rock,british,violin,the clash,punk,punk rock,rock
dAZsHUJ3OPr4Wwz4	glam rock,70s,classic rock,glam,rock,british
dBGg6kM6ZrBfA5ZH	french,60s,pop,female vocalists
dBKSiW5Jh7FqUqTS	hard rock,2010s,2017
dBN1jkuchsGU5X5r	electronic,techno,idm,london
dBSALjcI00vCQNYT	rock,all,mexico,mexican,leo larregui,rock,all,mexico
dBmY626rpQspSGuB	lo-fi,indie,post-punk,experimental,lo-fi,indie,fip
dCARCidUqQ5k2Bm8	alternative metal,groove metal,djent,barb,thrash metal,metalcore,metal
dDGHGXWwkKHGnLau	synthpop,canada,2017 releases,james-joul - 2017 releases - albums and eps,james-joul - 2017 albums,pop
dDHKN9U5bWG7dqmb	soul,rnb,female vocalists,90s,en vogue
dDiwF9ctvCCELTE4	rap,hip hop,hip-hop,german,female rap,deutschrap
dDyJBl7FGVK0IaSE	rock,alternative rock,alternative,emo,my chemical romance,punk rock
dE5BHELZHqUhNa79	indie rock,indie,cold war kids,alternative,rock
dFJF4Ip54UdVAAQl	heavy metal,hard rock,classic rock,metal
dFJdDlSyWECT25PV	funk,soul,70s,rhythm and blues
dFSAqmJvCkZAMEHH	hip-hop,old school,rap,hip hop
dFTPlYByIaC04qVY	southern rock,classic rock,70s,rock
dFaoGkAXWhAzWF0V	mpb,bossa nova,brazilian,female vocalists,brasil
dFw4uIKeFCx32If9	grunge,riot grrrl,alternative metal
dGRO6FY1BRlU9az4	indie rock,all,london,british
dH1yAwifW0fSu1p1	60s,oldies,female vocalists,pop
dH77BneQXfLdLRHP	classic rock,rock,70s,the rolling stones,ballad
dIME7mg1G2WHUAcE	electronic,testing 1-2-3
dJ7NGiyfZ0jsw48q	instrumental,black metal,piano,melodic black metal
dJI2bNwz6Ei3mtko	80s,disco,italo disco,dance
dJxMJaQj015mf6dN	indie,indie pop,saxophone,canadian
dK4L2hw63zomOqRL	folk,singer-songwriter,female vocalists,joan baez
dKZS5hhjbx9OA0gI	90s,rock,alternative,pop,alternative rock
dKlkQ3xm3H2SSX3T	indie,indie pop,indie rock,voice from the black lagoon,010s
dKs6Vloq5HG3ezq7	dream pop,shoegaze,2013,psychedelic
dLDFtW8U2pTHfXHJ	britpop,indie,british,alternative,best of 2019,indie,britpop,british
dLE3N9WRWNP4VHNY	rap,hip-hop,polish hip-hop
dLlehvbOL1agzTXY	pop,classic rock,elton john,rock,british
dMNhmXKjExE2uAAZ	folk rock,punk,folk punk,indie folk,2010s,2018
dMyLFaAgwgkbDgiT	pop,70s,1971
dNAiNjvdqjA56Ufi	soul,quiet storm,motown,70s,soul,motown,60s
dNNLQ7dklc6Kyf0a	fip,grunge,alternative rock,soundtrack
dNSoebAJGqJyMF3v	pop rock,chillout,female,chill,world,pop,female vocalists,brazilian
dNz8emMxgHK6j9Aw	australian,pop,dance,remix
dOZLy4CMYHUeZbGT	pop,dance,the wanted
dOf1myAN4Zyashbu	pop,male vocalists,latin,spanish
dOq6K4nqJhdHl8Gk	electronic,synthpop,disco,electro,synthpop,electronic,disco
dP8f73PZPrKWgoZA	indie,indie rock,canadian,rock,female vocalists,mellow
dPa2ZmGsMqympPA0	indie rock,indie,alternative,arctic monkeys,rock
dPePGjewuupFHrpG	rnb,pop,girlband,english
dPmrxbN2pr8pOhlk	symphonic metal
dPrbQWyErvxpbuIw	psychedelic rock,traditionnal doom metal
dR5hiDFUu6S57TbA	indie,alternative,indie rock,chillout,synthpop,fip
dRAADFtskK7RKp9N	darkwave,medieval,electronic,mystical perfection,neoclassical darkwave
dRcbqPR2dCz1EWw7	electropop,synthpop,indie,electronica,electronic,electro
dSKY3nYW6KpsdsAD	electronic,ambient,indie
dSYM3UaIQUnP1mMp	rock argentino,argentina,rock,latin
dTAdQFSFKnrrgpxD	psychedelic rock,psychedelic,brazilian,brazil
dTGcbDK0JoYGWrBr	progressive metal,female vocalists,atmospheric rock,gothic metal
dTHD4GbtN7FekfSD	indie,acoustic,2014,singer-songwriter
dTiuvSmZgLD5d9Q7	industrial,experimental,noise,avant-garde
dU1VXsiyUrucXuRj	indie,mellow,indie rock,the shins
dUC5YiCc94PvRn6p	60s,classic rock,oldies,rock
dUqPap0gTdTYmVGG	indie,emo,pop,rock,indie rock,indie pop
dUv1pNGCxdgjiADT	pop,electropop,electronic,synthpop,female vocalists,great discovery
dV2YtC4fFKvlhUc4	metal,heavy metal,hard rock,thrash metal
dWKGYuzneNFSaBVt	gino vannelli,pop,fip,soul
dWVCy0Oic16LcymK	rock,uruguay,rock en espanol,rock uruguayo,indie
dWX8hGdDWhMdpwKY	female vocalists,guilty pleasures,eurodance,90s,sing along,1992
dWoAt8vpq9BABlIH	soul,jazz,female vocalists,british,amy winehouse
dXK1MBFB8xrq9EQf	power metal,metal,power metal,progressive metal,melodic metal
dXK297H4Frcx689S	indie rock,post-punk,british,indie,post-punk revival,indie rock,post-punk,indie
dXL57RDsxQpelf1N	mpb,brasil,zeca baleiro,summer night
dXhWKWGLtImCpBuZ	instrumental,ambient,experimental,alternative
dXx9T9mSffPjbvNU	salsa,jerry rivera -amores como el nuestro,latin
dYQnx33lmLPebLWl	kpop,k-pop,pop,dream pop,girl group,korean
dYqf5QnXZlG6z4LK	rock,alternative,alternative rock,90s,quirky
dYrxagyHkRPKGXW3	irish,female vocalists,alternative,90s,rock
dZ3f6u3YVSi6nHez	trance,classic trance
dZ78PEKlaMMKloOy	french,rock,swiss,80s
dZkwm3mNKgcnwEM2	indie pop
dZvLP1oOKVbj8iHm	indie,psychedelic,electronic,alternative,rock
daYUAS48wMELACAL	pop rock,chillout,amazing,chill,world music,guilty pleasures
dbBe5QIybmgQqaIi	k-pop,kpop,korean,nct 127,hip-hop,japanese
dbBeaHqh4nvqhjlU	80s,simple minds,pop,new wave,fip
dceR6NFMjNf3ppZg	punk,punk rock,1979,f50 1980
dddRSAzGZZfhrXeO	trap,hip-hop,rap,hip hop
deBXMEPJpKzvqPo8	hip-hop,rap,trap,hip hop
deZ1GXaWJR0MBxFZ	rap,hip hop,hip-hop,german,female rap,deutschrap
dep4VtnWjkTwbDna	rock,synthpop,gothic metal,sad,gothic,gothic metal,doom metal,metal
df1K1mbXTgX9fXGl	90s,pop,dance,eurodance,swedish
dfHiLJCoCPdURReM	soul,british,amy winehouse,rb
dfiGMYi6lD7BeBW3	pop,mid,good times,low self-esteem,pop,new wave,80s
dgAYJMlpDgfFYJdX	chile,bolero,cebolla,vals peruano,macha,chico trujillo
dgRHo2PdKc1PJcwk	vaporwave,electronic,seapunk,chillwave
dgbJdoKcROoCwgWy	soul,70s,oldies,old school soul,fip
dgp8eb2ACOrV3li2	guitar,rock,classic rock,blues
dgsMDwMphLDW5h3N	male vocalists,hairy chest,electronic,garage
dgy1pto0JzRwSgEK	latin,cuba,cuban,buena vista social club,world
dhxGnut2Tv3H7eK8	melodic death metal,death metal
di9bJvJ3S6ts9wyE	british,alternative,alternative rock,coldplay,rock,sunny day music
diMTvkLN0lKzdQFH	donell jones,rnb,soul,neo-soul,wherw i wanna be - donnell jones,mellow
djBAikmNLW3qu0M3	country,80s,folk,guitar
djHn5riOawShC3Co	electronic,adorable,saga,movie,jogos vorazes,rick nowels
djW5pI4XOcVN2ydD	pop,hilary duff,female vocalists
djteuweFLXIYsYvt	rock chileno,rock,pop,piano,chile,rock chileno,female vocalists
dkmG8Yw9m5mtbrI5	country,female vocalists,crystal gayle,70s,romantic
dlP7acilJOdgUUBV	rnb,hip-hop,synthpop,electropop
dlhQEIwWmkqYsXFB	australian,folk,indie,alternative,indie folk,dom
dmEk2RcKRvLs8Tvc	alternative rock,alt rock,indie rock,british,2010s,greys anatomy
dmMqCuv4GVxK8LYg	rap,hip-hop,genre: hip-hop
dmTpBfGDATt7k7Xx	emo,punk,indie,indie rock
dmo4pqOdOl1zShtt	death metal,black metal
dnWE5NcEL9P6lh67	alternative rock,stoner rock,rock,hard rock
doTZ8XgWGQL3JaI3	pop,maltese,female vocalists,malta
doUiLcUAhLqrvC2Q	trap,pop,alternative,art pop
dp8biSIE7MNvvsGL	lo-fi,love,electronic,night
dq0nGjPSyRebrKQm	zappa nebula,progressive rock,77davez-all-tracks,rock,experimental,rockin
dqJamOgts6cLmoPD	blues,fleetwood mac,blues rock,rock,guitar,peter green
drA9gwq7wLwRSHWS	indie rock,indie,british,rock,alternative
drubvR3FjEs8AUZF	chillout,electronic,ambient,instrumental,norwegian
ds0eRDSA55dHlJ9H	classic rock,southern rock,rock,cosmic american music
dsRt34fCsLOMMKMB	idm,electronic,experimental,abstract
dsZ9d0zfgo1U8buA	pop
dslUp8QjcNUA0Ioz	indie pop,indie,surf rock,beach pop
dtLctsWLfkSHFwDt	progressive metal,banned,progressive metal,djent,math metal
dtWO8AcxSGGO4ymE	rock and roll,50s,oldies,rock n roll,rock,classic rock
du8ExHdf8y53qfeS	electronica,minimal techno
dunNc9mzHAIYTJoh	punk cabaret,female vocalists,cabaret,alternative,piano,dark cabaret
duoLAyjVpRFhPjHM	stoner rock,rock,desert rock,garage rock
dupNCoeOKtVcU9ZR	grunge,90s,alternative rock,rock
dvBUzrJdSoOE7n5b	80s,pop,austrian,austropop,falco
dvhol9hwaEiZKucA	melodic death metal,viking metal,death metal,metal,melodic death metal,viking metal,death metal
dvp503Pcem3TEqzR	dance,90s,funk,80s
dw61WvGU01aJ3X5m	glee,pop,cover,best of glee
dw8IkK4rPlDamYsd	rnb,pop,powerpop,electronic
dwo9CZ4cYlYrsiZH	progressive rock
dwpODe8SVpfU7u1W	2013,indie,chamber pop,night,fip,domino
dx9zci4xuPgDSDuk	alternative,reggae,alternative rock,rock,ska,funk metal
dxsmPnBfNLPdQYc3	post-hardcore,metalcore
dy1qrpXlqJrdl5im	ambient pop,art pop
dyvSQUjJVyLwWihf	pop,synthpop,electronic,dance
dz8iyRAzhhEDJRJR	pop,rock,freedom,magnificent
dzHqHSexhR2NFKVR	folk,queens,sunday morning music,october
dzI6Y66aZ8U62zH5	indie,rock,folk
dzSxjboeKbp4FpSG	jazz,great cover
dzxepb8xJQb2nwkQ	singer-songwriter,folk,indie,indie rock
e0B5VfnoESm695pb	southern rock,classic rock,blues rock,blues,rock,guitar
e1TNM1HzChHMJ2MB	pop,british,lily allen,female vocalists
e2GO6tUUAQZmIbgd	electronic,indie,dance,pop rock,drum and bass,breakbeat
e2TUfiK9wKHaylb5	female vocalists,rock,sheryl crow,pop,singer-songwriter
e2aHTq8MGDbVHgO0	alternative,rock,nu metal,rapcore
e2hrbpU3TMmRYAOv	90s,alternative,alternative rock,rock
e2zoorChCJMhQFQZ	pirate metal,folk metal,power metal,metal
e3PT8Gi89KAobs8D	pop punk,pop rock,pop,australian,rock
e3VS5Gyg4TxlER2V	technical death metal,death metal,progressive death metal,avant-garde death metal,would drive normal people insane
e42BDZS0sZlTx5mu	mary j blige,rnb,female vocalists,soul
e44FxXQgIlJmtoPx	japanese,j-rock,rock,indie,indie rock,rock pop-rock j-rock
e4U2Hmwm9h0NvXik	country,female vocalists,shania twain,pop country
e4gdrmCa9mPyReKD	progressive rock,progressive metal,progressive metal,progressive death metal,progressive rock
e55oRU788XzFHbQN	mpb,indie,brazilian,brasil,folk,alternative
e580FNBIp1iKiCE2	emo,punk,indie rock,punk rock,powerpop,pop rock
e59PGVX4HKOyequs	electronic,acid house,house,80s
e5Kt45S1JTk53ir5	drum and bass,liquid funk
e65qHaAwMmtxdldI	pop,romanian
e6Ec6fthABkE2N8F	heavy metal,metal
e6WKXXMuC8atO6ZM	lo-fi,bedroom pop,psychedelic,indie,lo-fi,bedroom pop,psychedelic
e70dbP4owsoEaPDG	nu metal,rapcore,alternative,rock,limp bizkit
e7Zrt4JuoMfM1EZl	grunge,rock,alternative rock,alternative,raw,1989
e7zYmicD4RTy1fMj	emo,indie,emocore,beautiful
e8DmUUguFOszBWWp	fip,soul,motown
e8UAUMqcUea8w94M	2014 single,rock,american
e8lwRwb4BJW30zhl	dream pop,banned,some type of way,some kinda way
e9Ap0DvsoklMMkN2	mpb
e9WnQvGcAFs2FDyC	melodic death metal,viking metal,death metal,metal
e9hFdGfKFyxPuQvq	pop
e9v6XWPgG8iUE78k	hiphop,rap,hip-hop
eABMD16TVN5rb4KT	pop,boybands,90s,rock
eCYQUO51t9TVMBQK	indie,folk,pop,australian
eD0LakhcKp3W8zFl	pop,lugnt0
eD9xjvDGjyxZ2PEc	pagode,belo,samba,brazilian
eDvb89jn5GhhpAm0	sexy,pop,great shapely butt,all,busty,i would explore that hole
eEG83AadWO9Fbqom	power metal,war metal,metal,heavy metal
eEUQBXm8oqYyRO9h	sad bastard,electronic,synthpop
eEvpCRTIM0ch3r2Z	brazilian,brasil,bossa nova,brazilian music,mpb
eEweWjVgVuhJTMps	folk,singer-songwriter,2013,lo-fi,rock,justin sullivan
eFEY5JiDF3ZLpXBZ	industrial,electronic,industrial rock,synthpop
eFufCMPCSjzIAdk0	grunge,alternative rock,rock,90s
eGKQsMMDiZJEGmBY	death metal,technical death metal,progressive death metal,metal
eGRPey7sjdh0awxB	indie rock,indie,pop,rock,indie,indie rock,female vocalists
eGdSduVcqH0jldUr	progressive rock,classic rock,80s,rock,yes
eH1juQdTcnCzxcEX	new wave,fip,80s,funk,1981
eHMkOyZCcsFVtyzB	indie,rock,2010,psychedelic,10s
eIrMCPlKoV8cKiQY	hardcore,punk rock,brazilian,melodic hardcore
eIw06KYUHqdDOf5P	rock,pop,soul,female vocalists
eJQOgKLgS60fQRse	instrumental,industrial,electronic,industrial,industrial rock,electronic
eJer89NHNtFOyJ07	post-hardcore,hardcore,90s
eK1Ovvm4LiTZRmEv	power metal,metal,power metal,heavy metal,metal
eLEfh6yeuQd0KIJg	indie,indie pop,fave indie pop,pop,tops
eLSm1SD8kJq2jq6j	poptron,shoegaze,experimental,indie
eM4oZDIgh73UgazN	electropop,indie,electronic,pop,female vocalists,new wave
eM4zVjzJGzzQHqhb	female vocalists,r&amp;b,pop,spoken word
eMEDvHi2Ld847jEB	industrial,colourful song titles
eMVTHC67JjlQXHFU	alternative,indie rock,indie,rock
eMY7Q96FiKPZJOUk	hard rock,rock,classic rock,van halen
eNf9oepTdvnskrFR	riot grrrl,indie,fuck you,love
eOojErxvVmAq2pGb	emo,indie rock,pop punk,topshelf records,indie
ePrUn8VGQsK1u5cs	pop,female vocalists,80s,dance,rock
ePyJTAgehh3zHvD1	singer-songwriter,poetry,male vocalists,hairy chest,a long red glare
eQ5dRWXYy8e2pKeV	chillwave,electronic,alternative,experimental
eQlvolLO1ZGfK39G	60s,oldies,british,pop
eRjUjFJqA4fW1qji	2018,black metal,death metal,blackened death metal
eRmoTvyBe3H4hfnF	pop punk,punk rock,punk,alternative
eRusfEpLB2iPbMJj	rapcore,rap,2018,hardcore,screamo
eRvFibBaTQ5OlkPz	folk,acoustic,singer-songwriter
eRzxCfYiuSb4nMaY	pop,bubblegoth,kerli,dance,alternative,female vocalists
eTArPT9xEh7dgm2j	rnb,soul,female vocalists,r&amp;b,pop,rnb,mariah carey
eTJ5dZRD9hQ9cS7F	female vocalists,indie,pop,world
eTTmWAi6wdU98EZl	dance,house,electronic,club,david guetta
eU30OjpKt9zzV6R6	trap,shitty music,cloud rap,hip-hop,rap
eU78Be3V2ZLc6rWg	soundtrack,violin,classical,instrumental
eUMBOqY1UX7I3qYN	singer-songwriter,folk,female vocalists,tracy chapman,rock
eUl1TqatACm1jecD	alternative metal,metal,industrial metal,rock n roll,in this moment,electronic metal
eUlhn79wHyJlbiyQ	mod,freakbeat,rock,indie
eUy9o6l6WAzA0mL7	2011,10s,psychedelic rock,rock
eV4l4AtG8S2B01x3	pop,80s,simply red,soul,90s
eV8PSJ5kxg39h4tV	metal,hard rock,heavy metal,devon,miley cyrus,heavy metal,metal,nwobhm
eVUv9DOM0WpREOlI	dream pop,psychedelic,female vocalists
eVitSt9LTOmeDCe1	japanese,hip hop,electronic,hip-hop
eW2fJtSB5huU5PoW	hip hop,rap,german,hip-hop,political,mortem und makeup
eW9pPDn8unCH2wkh	love,meu deus eu amo essa musica socorro,pop,dance
eXcxpB6wWsvYpP4S	acoustic,rock,emo,american artist
eXhFtuk6SuV9mllS	symphonic metal
eY4WBa0s0gvNNhNL	heavy metal,power metal,heavy metal,metal
eZ2QKVsVCY5fyZqF	electronic,experimental,indie,indietronica
eZCpRHu3aS2liPVu	electronic,sohn,postdubstep,alternative,idm
eZMsXaWDGQ33sndK	folk,indie,devendra banhart-2005-cripple crow,indie folk
eZNhgoDWuI1TJK6g	pop,electronic,chilean,rock chileno,2012,electropop
eawvJhfISkbW9xCJ	indie rock,indie,love at first listen,sexy,british
ebsr6NShYvKqDsgl	pop,female vocalists,rock,alternative,swedish,indie
ebxey19CqlX1AJzM	love at first listen,rock,hand claps,heartbreaking,fukc im crying,so much love for this song
ec6JoJjf20KvmU34	boa,k-pop,j-pop,pop
ec7LiGY9ESGY0Jor	goth,cloud rap,gothboiclique,rap,hip-hop,goth boi clique
ecAahfaVW2Ma47DI	rock,brasil,brazilian,brazilian rock
ectPdOvyeE2AGOd0	2018,indie pop,lo-fi,indie,female vocalists,indie pop,lo-fi,indie
ecu1uPiN39lE6cZR	post-punk,brazilian,alternative rock,punk,hardcore
edioHpaAIzCdwvO6	hard rock,classic rock,rock,70s,american artist
edlSXuGQagrwQYef	guitar,classical,soundtrack
ee6JXRVCPjiKrepN	rock,indie,rock mexicano,alternative
eeEcN8NwihuVwbYb	deepspaceone,lo-fi,psychedelic,indie rock
eeTTLpbLVk7jxrms	folk,folk rock,studio version,the white buffalo,2010s americana,listen ccpl
eedafZNzG5YlrYjV	electronic,big beat,dance,techno
efeP6vhgGuhCRV0T	soul,funk,jazz
eg81Yjs1SEAhV8ln	heavy metal,hard rock
egGT8x3SdNoW45A3	k-pop,female vocalists,korean,kpop,korean pop,asian
egQZuFN4P7l95iEU	90s,pop,rock,alternative
eh6M16G9mXtASoEY	pop,jessica simpson,female vocalists,ballad
ei1Li9X9N8Mu1sah	experimental,psychedelic,avant-garde,electronic,experimental,avant-garde,electronic
eiWW0dbgirD2VdbF	alternative rock,punk rock,lo-fi,noise rock
ejSk2vYK6mo05cng	fip,alternative,rock,indie,00s,singer-songwriter
ejYZs3VCMP2WEw6Q	brazilian,2016,dub,reggae,ghettotech,brazillian rap
ejuYpVOnAT6pdvOV	pop punk,pop-punk
el7xxtaxRWLsRCN0	garage rock,lo-fi,rock,garage punk,garage,vinyl
emD2fMHWUOKjqJyU	mpb,psychedelic,belchior
emJNaBns0WKvqCRe	electronic,alternative,experimental,chillout
emOTaSmHGoza1bJF	post-punk,sexy,darkness,love songs,death songs,essentials
enm2nmqHe8NyEeuF	psychedelic,2015,listened in 2k15,indie rock,indie
eodVeUIBYM886o8W	indie,post-punk,indie rock,post-punk revival,rock,alternative rock
eojI9Oxpa7xJwa1h	bitpop,synthpop,glitch pop
eon7lwdaC4UU5WF3	rap,poop,hip-hop,hip hop
eotWvNVVxCzQyGs8	pop,calypso,tecnobrega,makes me wanna dance
ep31bbKcqsUDR1Cm	pop,george michael,soul,90s
epJnfU47uQhM8Dtl	k-pop,happy,super junior,pop,k-pop,korean,super junior
epU5woIvtxh7x14t	pop,jangly,names,julie,for howisya to hear,lovedbybeyondwithin
epUPV6Hmt7p96Z3U	thrash metal,municipal waste,k1r7m,slime and punishment,pizza thrash
eqINJGVWxSgQvGOd	hard rock,classic rock,progressive rock,70s,rock,hard rock,classic rock,progressive rock
esCrzkhcUgU1TIn9	gothic metal,halloween,doom metal,metal
esKsaW5wbDeeX8j3	alternative rock,rock,grunge,corporal elements
esemxDGswO2PsXYh	k-pop,korean,shinee,kpop
esezBQxT4oZwZVUU	reggae,rocksteady,77davez-all-tracks
etNEBz8F62yig7ZJ	alternative,ska,alternative rock,alternative,reggae,alternative rock
ettmP9hcOWIUIOnA	synthpop,electronic,dreamy,art pop,alternative
ev5h0gSqTzuhThJP	melodic death metal,folk metal,viking metal,metal
ev6NpEP35NWJApAQ	pop,glam,amazing,sweet
ev8BH8kJZ6doXyLb	christmas,xmas,christmas songs,chris rea,rock,blues,soft rock
evKTOc5UnhNZ5Com	shoegaze,psychedelic,drone
evmDTkpGVZ8fli3s	rock,metal,hardcore,grunge,90s
ewC5c1y2YlwR8FuT	deepspaceone,ambient,chillout,electronic
ewsl6tqteOOzXo3q	my melancholy,folk,indie,eargasm,indie,folk,australian
ex0MYXa9HZU0Kys1	metalcore,metal,thrash metal,groove metal,death metal
ex4I92BINn9f9RKb	pop punk,powerpop,alternative,rock
ex4OLWDIUFGVAiiy	hit,best song,pop,rnb
exGaEji2EjGU5lXB	instrumental,chill,funk,70s
exwZtPyPm587VBKG	pop,female vocalists,r&amp;b,brazilian,dance,brazil
eyIMobLbzhExde7I	electronic
eyJANYgffN1L2zlu	contemporary gospel,gospel,contemporary gospel tag,gospel,christian,contemporary gospel
eycCpxDG3s2h8uqL	jazz,funky,funk,soul
eyiL8jXhtdKzeD6R	shoegaze,dream pop
eyoaxysQrEl4vWRK	swedish,remix,female vocalists,indie pop,female vocalists,swedish
eyqylWttUwtTnwBx	alternative,synthpop,brazilian,brasil,brazilian,alternative,synthpop
ez6C2gbivMpcHf2z	indie,pop,electronic,alternative
ezIt1OXJP7hkGedv	pop,mexican,latin,female vocalists,spanish
ezd9XLexeLakyr2H	singer-songwriter,beautiful,john frusciante,alternative rock
f0KiTNtBSITC9Otf	progressive rock,80s,rock,peter gabriel,classic rock
f0otT22Ib5qW7Vml	rock,alternative,alternative rock,bossa nova,2016
f0pxNsW75CUZHqsG	pop,guitar,dance,amazing,queen
f16In5RT65kumIKM	alternative,rock,indie rock,garage rock,los angeles,american
f17S9vnTmqnjbdjs	hard rock,rock,90s,tesla
f1El6qG5Cjqrkslf	k-pop,korean
f1lBONsKdeRks8LL	female vocalists,rock,indie,singer-songwriter,pop
f1sSsuxCJsfO3iJf	ambient,eurorack,progressive ambient,modular synthesizer
f2J0JMZakb7Xbxyk	k-pop,korean,shinee,kpop,pop
f2dBYUEkBuKyMkdF	industrial metal,nu metal,metal,rock,dope
f2qd0T5pkcKiecJe	doom metal,progressive rock,atmospheric rock,progressive metal,melancholic,metal
f2zhK4MufPeuSC4G	pop punk,rock,6 of 10 stars
f3MV82NDZaUDvAqB	smash,musical,soundtrack,pop
f3c3crmpT7QCu2x1	catchy,beautiful,top500,acoustic,indie,indie rock
f3xdR9oEkBKQNayf	black metal,true norwegian black metal
f6D8Q1UOj9CiNrRq	dream pop,2017,shoegaze,indie rock,indie,female vocalists
f6XLiMNcIfzycZph	post-hardcore,metalcore,nu metal,screamo,electronic,alternative metal
f6Za9kvFnzwyCFKd	new wave,80s
f6uZlyP5QUrdfLHl	death metal,old school death metal,death metal,old school death metal,metal
f7cEpbJqKUyjAk8j	rock,christian hard rock,hard rock,male vocals
f7dYeIecQg2vPr34	female vocalists,dream pop,indie,electronic,indie pop
f7wq42rSWgolvi4w	electronic,dubstep
f7yurSJM1RkgvnFy	folk,classic rock,canadian,70s
f82kCGrrzP5Yh6Qs	electropop,electropop,duo,2017 single
f87VuyyZBMlzKCEu	80s,new wave,pop,90s,rock
f8ShIOVdUVpQ0eit	soundtrack,female vocalists,pop
f8XDIT7gNWle2TpN	experimental,electronic,dubstep,soul
f8sI74oHn08VWP79	soft rock,80s,easy listening,pop,yacht rock
f9Afw6PjBpor8gtX	indie,folk,new weird america,indie folk,progressive folk
f9bUDlf2WNVHMFwG	progressive rock,rock,80s
f9z9YysUS94SD0D9	japanese,alternative,rock,j-rock,indie,indie rock
fA4TLE2x9rFoamM1	80s,funk,pop,prince,rock
fA7B2cQ2YCI6ZT7L	pop,indie pop,eletronic,electronic
fA9xe9jJclzBQ2on	rock,80s,canadian,classic rock
fAAwfXul3Cp16HwS	2017 releases,electronic,australian,dance,australia
fAdGfsWVOJigYhLC	alternative rock,alternative,rock,indie,placebo,british
fBjUOOTgz9NBQdBe	names of people,soul,rnb,pop
fBttX61Ro7rl3Wkg	soundtrack,lea michele,rachel berry,cover
fBuQZ19jGbfpODLp	swedish,2017,indie pop,indie,pop,electronic
fC5oMlzXE7Bju7Zh	death metal,metal,brutal death metal,brutal death
fCSun4QsfO089sJZ	dance,shakira,sexy,latin,pop,electronic
fCsMBhAKIR23er8r	thrash metal,heavy metal,speed metal,metal
fDTVWQwYdXlKF27m	pop,battleground,uk,awesome
fEDy5mhoLB8Qzd2I	punk,rockabilly,punk rock,trashy blues-rock-boogie
fG6oWoUK0LxuyyuE	blues rock,blues,soul,guitar,blues rock,blues,soul
fGTZ7Nl7a8mDEwSO	heavy metal,hard rock,doom metal
fGh0Usll1AkEPWe4	melodic death metal,death metal
fGniCmwF4drUgP8p	rock,hard rock,stoner rock,alternative rock,australian
fGzmpsiijB9s2dGF	90s,all-4-one,love,rnb,pop,ballad
fHETcGYPFPkWl5yh	lo-fi,indie pop,alternative rock
fI7MER1FdMhlah83	alternative,rock,alternative rock,radiohead,indie,melancholy
fIBllAKPOXbsQtjA	60s,rock,british,1960s
fIovfPJPOL6WcL8v	hip-hop,rap,hip hop,experimental hip hop
fIs82n32GIzRGfrQ	power metal,brazilian,melodic metal,metal
fJG2ESj0iqkBCiwQ	ambient,chillout,electronic,atmospheric,ambient,electronic,chillout
fJGuElEABUmYxkHI	pop,dance,female vocalists,nelly furtado
fJKgUsdA35rhHcqJ	pop,rnb,female vocalists,amazing
fJaVbYxGfjyWW1VV	matchbook romance,screamo,lovely songs,wow
fJhOrZcuFoca6CIr	pop,britpop,british,rock,male vocalists
fJrIkNnlOcg71yDN	soul,blues,funk,syl johnson
fJtISy8oWgXi3wwh	70s,baroque,mpb,brasil,songs about love,ba
fK6wijJubggXpBfc	punk,industrial jungle pussy punk,post-nerdcore,industrial,industrial jungle pussy punk,punk
fKMyHXI9jMOpY658	indie rock,rock,british,indie,alternative,indie rock,indie,british
fKRV7FJF5POPasKH	post-hardcore,rock,emo,hardcore
fKhzVeUSWITbWSox	alternative,rock,indie,britpop,rock,britpop,british
fL2riNLB25EQon2X	pop
fLyvtRcRozsxjog7	indie,blues,american,rock
fM9gzs5hnQR0yAiG	electronic,french,electronica,fabric,fabriclive
fMPtLsUMc27KWuWc	pop,house,electronic,epic,synth pop,michael nyman
fMQbg39kJSgjvxAQ	acoustic,folk,indie,pop-punk,indie rock,emo
fNWCfCGe5qQohlpN	instrumental,gothic metal,piano,symphonic metal,gothic
fNZCVqWmauROhrmP	2017,indie pop,electronic,indie,female vocalists
fNk8Y6uKy3uYeTv1	country,kacey musgraves
fO1MUH1nbfaq7y5Q	alternative,rock,pop punk,indie,emo,alternative rock
fOfSlSZzwKfbnh6n	alternative rock,rock,hoobastank,alternative,alternative rock,rock,alternative
fOrDQrXRkF9wG0JQ	instrumental,progressive metal,acoustic,progressive death metal
fPYzK8yEYuy3thcS	post-punk,new wave,80s,70s
fPsHJeHxjZPsALmb	rock,fip,classic rock
fQTZ7nOrICndZiMu	pop punk,rock,fall out boy,punk
fQh0Z8DF0QU0mgZ4	rock,mpb,pop,alternative,brazilian,bahia
fQrmEm90xsPF283O	alternative,electropop,pop rock,american,2018,alternative,rock,indie
fR6DLkaWfAT6YWil	melodic death metal,death metal
fRMJgtiXyl81FQGA	metalcore,deathcore,post-hardcore,screamo
fRNDGc3ymRc9lMff	disco,80s,funk,dance
fRXMwIeShq5FQapM	hardcore,brazilian,melodic hardcore,alternative,hardcore,brazilian,melodic hardcore
fRZaWVTM1NaubR5P	indie,electronic,alternative,british
fRacbojVDroL3usO	argentina,pop,dance,spanish,latin pop,argentine
fTGAzmE6KEQRbn1K	indie,female vocalists,singer-songwriter,canadian,indie pop,pop
fTju4hW2AsGoDVPD	alternative rock,awesome,pop punk,tonight alive
fTlDp8RwS0Y2vbQa	pop,norway,norwegian,norsk
fULu6xDMJOyIxeLf	emotion,bossa nova,mpb,brazilian
fV343QyhCaKUzCeQ	pop punk,alternative rock,adult alternative
fVw6y0rR7FfpM0xG	2018,black metal,blackened death metal,death metal,finnish black metal
fW8bqgXvbQVpp8rh	alternative rock,rock,electronic rock,alternative
fWfMlU7lpVsJniy4	pop,rock,uk,under 20000 listeners
fZ60ddjJfE9upHNN	garage rock,dutch
fZQXpY6Fvpilc900	mpb,female vocalists,brazilian,brasil
fZR3uMEppQfeEDia	pop,slow,zabiore na bezludna wyspe,chill,irina shayk,black angelika
fZf3eawZAk4ZZjv7	darkwave,synthpop,industrial,gothic,darkwave,synthpop,industrial
faqWt9mHug3pmNue	indie,indie rock,2019,alternative,emo,indie,indie rock,alternative
fb0ZLl3dxiqbpGT2	electronic,experimental,breakcore,idm,vaporwave,witch house
fbOVlfMz0Ca7Gnqz	britpop,indie,90s,rock,alternative,british
fbxMw3cx2KIS0KWa	pop,epic,electronic,best of 2012,electro,dubstep
fbzUFYcYQsKsarGO	gothic metal
fcaLatWhqrbZlBpa	metalcore,hardcore,melodic hardcore,melodic metalcore,metalcore,hardcore,melodic hardcore
fcddp3UQLkuH9rZR	soul,rhythm and blues,funk,deep soul
fcoAkVf09mBCWBGE	rock,post-hardcore,alternative rock,hardcore,pop,pop rock
fdGkrI01Ldm92y7t	rap,pop,80s,dance
fdIrMjSrVL2JlSzO	dream pop,shoegaze,my heart is a jerk,indie,sad,dreamy
fdttOPdm1wxYngin	female vocalists,pop,pop rock,singer-songwriter,one tree hill
fe7ecXDIulghG1JD	rap,90s,hip-hop,west coast hip hop
feB4VWckEeFAYROf	60s,singer-songwriter,folk,oldies
felPRvsplGz0NdMs	pop,british,female vocalists,rnb,singer-songwriter
ffTYmL9TnRTBmw0j	symphonic metal,gothic metal,female fronted metal,gothic rock,gothic
ffrr19LJScn4TwaI	space rock,psychedelic,slowcore,shoegaze,selected slowcore,alison shaw please sing this
ffuRWwoVSsQrNnRj	pop punk,alternative,rock,forever the sickest kids
fgZNtaMxRETh50Wb	electronic,pop,experimental,dance,bubblegum bass,pc music
fh1ToBftPVjt51H1	french,pop,electronic,female vocalists,indie
fh1qNjGsjXIPDYtL	singer-songwriter,pop,male vocalists,little star
fh6RxKu0lPrw5RhK	alternative,female vocalists,pop,hopeful
fhRWfc0ThRYFT0hQ	mpb,brasil,samba,bossa nova,brazil soft
fi5YrspvvYd5E0ub	ambient,pop,electronic,techno,hip-hop,alternative
fi5n8ebWgobH5tkJ	industrial,gothic,gothic rock,electronic,female vocalists
fiSW39IPNV9xZRgb	pop,deep house,2015 single,house
fiSZ2ynZsymu3JFm	rock,80s,classic rock,album rock
fidWfmxpObBgikpc	horror punk,punk rock,punk,hardcore punk
fjqoS7lqsRrROtSd	nu metal,rapcore,alternative,rock
fjsQ3dViuKbmTRrd	progressive rock,david gilmour,classic rock,rock,pink floyd
fk65oTcgif8mWbwn	new york,retrowave,synthwave,80s,synthpop,retrowave,synthwave,synthpop
fklHHZdMiLHSckMS	cover,alternative rock
fldONFJGGYFZdCSO	2014,canadian,singer-songwriter,rock,indie
fllWmN283qDZ5n64	soundtrack,instrumental,classical,composer
fm7yhW8ylsNHEiBN	singer-songwriter,folk,cuban,world,about myself,es
fmBK2iToAcxCKVDA	celtic,folk,new age,medieval
fmQnpuZusMyYyW0C	pop,spanish,80s,female vocalists,spanish pop
fmx4vckmH0azZ8tQ	60s,rock,classic rock,the velvet underground
fn7Bh0jSaaZLvYc9	classical,romantic era,classical,romantic,composers
fnKWlxwLsOmN9hrg	britpop,rock,90s,british,oasis
fo1H40LvsK9gx0L8	pop,hino,american,queen
fo8G4CGz5Nrg2UTl	a capella,rock,alternative,comedy,rock,alternative,alternative rock
foXboRhnMqlwJDvq	post-rock,instrumental,experimental,electronic
fpwmYBhILrgf4bGA	electronic,experimental,ambient,breakcore
fpzFex5EAvl92CFt	pagode,turma do pagode,samba
fqSiJ2TfAyuIxjc0	80s,disco,modern talking,pop
fqdqn65iYblvQBxC	singer-songwriter,melancholy,despair,desperation
fr2Aug40bR9rwvme	mathcore
frEqbF4JlWgs0dqv	soul,pop,seal,rock
frMavdeEyegQ8Tuq	80s,rock,scottish,pop
frSRkpYb2enWFSIh	synthpop,personal favourites,pop,electronic,swedish
frWrCV62OGeNpmFR	progressive rock,classic rock,yes,rock
fs27Tx6FDldpCqqO	electronic,hip hop,hip-hop,r&amp;b
fsgfz7JRDT75EXgM	cover,pop rock,singer,1967,ode,goddamn
ftpGCWKIsTJtkuzc	hardcore,hardcore punk,punk,straight edge
fu9rBg3xD7V15jsj	progressive rock,love,ms-echo-love
fugcFMzFtrzhbiaE	post-hardcore,furious
fumXsmK1ZhOxGXVJ	polish,rock,female vocalists,party
fuuNKKCChI2nDNvx	death metal,old school death metal,brutal death metal
fvtswfmWfAJ2yqZx	pop,dance,jennifer lopez,latin
fw00XPJzsur0Otkb	indie rock,female-vocalist,indie,alternative rock,american
fwAhLluNd4RL27KZ	indie pop,indie,twee,indie rock,2013
fxSZeVtb8QXMbBgt	synthpop,new wave,80s,electronic,synthpop,new wave,80s
fyOU6i1g9rKhX9lb	drone,dark ambient,drone doom,doom metal,drone,doom metal,dark ambient
fyQyjwU2vsgFEl1r	exo-k,kpop,k-pop,korean,exo
fysP9BMzTho3Nnng	acoustic,alternative,singer-songwriter,john frusciante,rock
fz1aCgn15jwOkkrR	alternative,emo,alternative rock,punk rock,10s
fz9If9FRc5gJXnjv	post-hardcore,metalcore,electronic,post-hardcore,electronic,metalcore
fzQ2WvY4NJLZgQq7	baroque pop
fzWADyPMAdW1T6yw	oldies,50s,pop
fzne11iMG84oP2Lz	singer-songwriter,rock,alternative rock,piano,ha,b
fzxhZEs5bRMj3sUr	rock,music choice: rock,2010s,dallas stars
g05yezyL0g2YpJYl	pop punk,melodic hardcore
g0OKQtCU4YrT468h	melodic death metal,death metal,swedish death metal
g3IWRs8B76hME4fm	acoustic,mellow,singer-songwriter,indie,folk
g3QurFGQ6IFgsiRI	mpb,female vocalists,marisa monte,brazilian,brasil,mpb,female vocalists,brazilian
g3VbDUQbStZbE07o	rock,alternative,alternative rock,1997,indie,electronic
g3n7qsKcS74DZhc7	2017,folk,indie
g3rwjEp7I7omCNNE	2018,indie,indie pop,indie rock,norway
g4L8HFH5c5h21fIG	60s,folk rock,classic rock,fip,bob dylan cover,rock
g4gxKdTrEpEDucKM	eurovision,eurovision 2014,switzerland,eurovision song contest
g4mKXVUXhDZ7kk29	idm,electronic,77davez-all-tracks
g5Y3fz7C9EnMXdMA	remix,pop,lana del rey,electronic,electro,indie,female vocalists,pop
g7J6nIVSNDxmA4aW	minimal,minimal techno,techno,electronic
g7dgCIjAnL8JU8iV	modern hard rock,hard rock,alternative rock,alternative metal,modern rock
g9ZLqrtFklLIwpAW	indescriptiblemente bueno,electropop,personal favourites,fuckin genius
gA6G8oX37ssKmIL9	pop punk,emo,incredible,lyrical brilliance,powerpop,electronic,electronica
gADr3cegyMGVlTsY	folk,indie,soul,singer-songwriter,australian
gAVXFGakgQwhUwee	electronic,2015,blackbear,hip hop,hip-hop,electronic,hip hop,hip-hop
gB4s1l5AhO7gJKQu	alternative rock,rock,female vocalists,alternative,christian rock,hard rock
gB5tVNVEMKQLsTYC	synthpop,soundtrack,the guest
gBFmuIxwoFxOnL0L	trip-hop,electronic,alternative,psychedelic
gBvZCvMpSSKuimfi	new wave,80s,rock
gCQIfw3VYakZjELZ	pop,british,electropop,female vocalists
gD8uvsWwDz1jDyMI	rock,moonlight-metal,moonlight-classic,moonlight-free
gFg3ezCO8HGRN69w	indie rock,driving,alternative,british
gFhvYxsB8FnUp4Lp	black metal,kvelertak,hardcore,black n roll,black metal,hardcore,black n roll
gFuFumXX8wzZ6rPP	female vocalists,iconic,infantil,children,pop,brazilian
gG8SHsGc7uKrMH0c	dance,math rock,indie,noise rock,rock,samba
gGEsFK8GywTMmGYS	trap,hiphop,rap,newyork
gGvTHJ3CyAa082Dk	pop,cool,fav,dance
gHBhsdU5oXE7xwJc	pagode,turma do pagode,samba
gI45zhQX6skjy3xj	country,american,and it breaks my heart,country,modern country,lady antebellum
gIEVlZSsLqTBe2ku	spanish,pop,rock,spanish rock
gISCNNxJAXEBd159	progressive rock,80s,rock,hard rock
gIbQVJSWeIIIRKVX	k-pop,korean,dance,rnb,10s,best of 2017
gInWJxe0SIMlNYYg	classical,black metal,instrumental,melancholy
gJ4fzQ7YL9nUeDRe	progressive metal,melodic death metal,death metal,metal,progressive metal,melodic death metal,death metal
gJBEh44JWAlYZgaM	canadian,indie rock,rock,indie
gJNbEHcdlLkxG5IY	heavy metal,metal,power metal,true metal,heavy metal,power metal,metal
gKMvqO3btqFJ7L2Y	christmas,pop,holiday
gKSgjtnh6rbIfqSq	melodic death metal,metal
gL9VkGgGyUv3bmL7	singer-songwriter,acoustic,folk,irish,indie
gLCpeB5a3uumARLF	indie rock,rock en espanol,indie,cool
gLewFtUTBHWxC7qS	indie rock,indie,british,2013,alternative,rock
gMEPV6kFdHfiA1jK	lo-fi,indie rock,indie,alternative
gMLePF6hs6Jkv6Rm	pop,soul,2018,danish,retro pop
gMVOnFnTZJXXQgtN	shoegaze,drone,indie,us rock
gMbzEdSzWCzwuNH8	indie,female vocalists,indie pop,tegan and sara,veronica mars,indie rock
gMdQONPf9JdWb6MS	heavy metal,hard rock,rock,ozzy osbourne,metal
gMqwmr34unR4CqRV	post-punk,2017,experimental,russian,avant-pop
gN3HJyEplNIpIQ22	pop,catchy,no
gNOQLfmb3QbIuXDY	american,indie,handclaps,indie pop
gOfiqPMAdU9kS703	horror punk,punk,punk rock,misfits
gPvB7NzUMFOWdB7f	soul,fip,70s,funk,stax,soul,gospel,funk
gQ9ce0TOzXtxfAhh	pop,dance,party,catchy
gQwglXv6knKfQQgn	ambient
gRFKOLZKWuiOodgT	nelly,pop,post-nerdcore
gS1vEYz8UgKRCsfS	rock,alternative,folk,indie
gSDEde5fekD0MWlk	pop,dance,pop,synthpop,british
gTsNkCDS3o4XGtUM	alternative rock,alternative,ska,90s,rock
gTzDqR6qb88s7Fkl	future funk,vaporwave,electronic,nu disco,future funk,vaporwave,nu disco
gUEzP7371oFCauFw	post-punk,new wave,gothic rock,gothic,80s,rock
gUHRIdKS7624cY2P	folk,male,british,2010s,2017
gUbkWthGY0ub4mGA	post-punk,indie rock
gV3OjndzQAEtIxRo	post-punk,new wave,indie,indie pop,2018,russian
gV5IddD5QYMygm11	a bad idea whose time has come,animals,shoegaze,dream pop,indie
gVqLKphzBjL5F7JY	industrial,metal,industrial metal,marilyn manson
gVqbLjeGFEI7o4yl	soul,rnb,jazz
gWJf35SZd7IROlmd	krautrock,progressive rock,psychedelic rock,psychedelic,experimental
gWSt6UGfKat5L6pY	pop,awesome,to download,ballad,2018 single,linedance 2018
gWofl1aute0K51Ud	alternative rock,weird,personal favourites,brown,boognish,alternative,experimental,rock
gX0rgtPnKPOD9qhT	pop,rb,90s,love
gX5SsJssDtTrNyyd	hey john doe,synthpop,k-pop,pop rock
gXFQFfCS2YjzlP4N	sertanejo,brazilian
gXJE1QpcIkscz0Ma	jonas brothers,pop,pop rock
gXNjgcQrLSxe4tQF	funk,soul,70s
gYIV9MmKc976LKsX	progressive rock,gentle giant,fusion,rock
gZ8BePdLaZWY9QvO	rock,singer-songwriter,experimental,alternative rock,exciting,cheers me up
gZdDX4tF8kHTRn65	soundtrack,electronic,icelandic,bjork,alternative,female vocalists
gadbmFD3ed72REmk	80s,soft rock,classic rock,pop,rock
gbKOtlNFe2jrXGL8	rock,cover,kate bush cover,80s,rock,80s,female vocalists
gcFfKAX8vSRWOtqk	60s,psychedelic,psychedelic rock,1968
gdHmkEd0uy5HzhlM	8 of 10 stars,metal,death metal
geEuUG41A8bqT5N6	synthwave,synthpop,synth pop,game music
geGgEPDfZD2FuxXP	classic rock,hard rock,rock,70s
geQkpn7w6zJMWdJ6	80s,new wave,fip,rock,alternative
gfB4JEoAJ33BvjF4	latin,pop,spanish,female vocalists,dance,shakira
gfEKM1V8FIZoTWFL	french,electronic,female vocalists,play again,dia de los muertos,french,electronic,electropop
gfZ44wiAt0Xnkt1c	synthpop,lo-fi,electronic,swedish,synthpop,lo-fi,electronic
gfuSUYpsLqpiGSqp	hardcore,awesome,metalcore,metal
ggOUNtVmUIah47Pt	hip-hop,rap,rnb,underground hip-hop
ggqXwlrKr9xZL0fW	progressive metal,metal,progressive rock,progressive,dream theater
gh75Z0LfzWSjhaZi	heavy metal,metal,nwobhm,iron maiden
ghxNiRSoZNQNtSup	black metal,symphonic black metal
gi3cLeN4YmYmYD7r	dance,90s,pop,eurodance
gjRZoJZDL4hriKYJ	shoegaze,indie,indie rock
gkbdyrUW75YF5iWF	indie,alternative,rock,snow patrol,britpop,sad
gkiGC27Div9Gy9gG	math rock,emo,indie rock
gkkIBMfgjiHDsO9f	post-punk,new wave,gothic rock,alternative
gl3cJltvbLjeFxFk	synthwave,synthpop,electronic,electropop
glA5bmVvtrApuc4q	eurovision class of 2019 previous works,pop,eurovision 2019
glgqke0nogUZSew1	indie pop,soul,funk,british
gljnpe8gsuV3aDeV	80s,rock,soundtrack,pop,pop rock
gn3nIryi8ZIv7bIL	alternative,indie,rock,need for speed,soundtrack,alternative,dance rock,progressive rock
gn756NRDuHsxjbxy	electronic,idm,atmospheric,ambient
gnOx9AoROvJp16cK	opm,rock,sing-along,like,eraserheads,filipino
gnojycdXU2agRIHc	pop punk,punk,emo,sad
goM5NQMp5PKbqJ7x	country,garth brooks,90s
goidmgsPXFgc7B5R	2011,winter,electronic,indie,italo disco,synthpop,electronic,disco
gpBbrlL5zHQqXlzf	pop,80s,british,soul
gpIN5l2aCYFISRh3	trip-hop,beautiful,flight facilities,electronic
gq7X9o3uJG3wxXdi	disco,70s
gqH8vk608iBD1P1C	post-hardcore,metalcore,hardcore,emo,post-hardcore,experimental,screamo
gqI0nkItVlQKVp5O	jazz,saxophone,jazz,free jazz,saxophone
gqVkVxcKKKG26UeO	soul,rnb,american,r'n'b
gqlD12cEuaj1dgyu	indietronica,electropop,neo-psychedelia,synthpop,british,played
grcS1wbNsPEBGL8t	electronic,synthpop,electronica,fip,80s,german
grjWXvZiLQEHMKp3	post-rock,instrumental,experimental
gsLgKCKPvyxdq7uK	new age,celtic,female vocalists,ambient,enya,new age,celtic,ambient
gsreA31ea6Prv9yT	grupo limite,latin,mexico,90s
gsutEDk1S7I7IwgP	folk,pop,singer-songwriter,acoustic,female vocalists,pop,female vocalists,folk
gt3mYJNA5LSce4ci	90s,rock,alternative rock,alternative
gtER2AzI2ryJT5bz	sexy,pop,love at first listen,2018 single,dance-pop ethnic latin reggaeton laiko,greek,female vocalists,greek pop
gtF9QHVWOp6RKsYg	pop punk,rock,alternative,emo,fall out boy
gtKG576bqLR4uA7m	cover,punk,punk rock,horror punk
gtqbaqjcwGxJ0Ddz	power metal,heavy metal,war metal,metal
guGliIEGHFZ9TnFA	alternative rock,rock,alternative
guJkxm02xMtCEavI	experimental,world,chanson,fusion,oriental,egyptian
guPi24zR8PJkRFGH	hip hop,soul,experimental,counter strike
guZt5KggjFtPgSr2	experimental,2016,electronic,spanish,tropicalia,psychedelic
gulMT0CvnMtXNiqh	somafm,digitalis,post-rock,ambient,ambient,post-rock,instrumental
guybcrNDTkTwUdMb	progressive rock,beautiful,rock,mellow
gvCrByDB90ESZdBg	soundtrack,score,avatar,instrumental
gvGhFo6yA2faaqhT	cloud rap,rap
gvSYClIBV3zWxFOf	classic rock,folk rock,rock,folk,americana
gvdQQmKOy7BMoFwE	rock,alternative rock,grunge,alternative,hard rock
gvrb8Iqzd77Ur6k3	folk metal,pagan metal,viking metal,metal
gvyzKcTPtTBFN8HP	pepe aguilar,ranchera,latin,mariachi,mexico
gwA1T2AdIcltCeUF	british,gaensehaut,indie rock,10s,eyes closed
gwKMRFe39PPpYCk2	art pop,great way to start an album
gwQesBfalyqw1Wdn	urban,drama,heartfelt rnbgem,00s rnb,vixen with a splash of swagger stright up
gwqVyuUyVo6b8rlw	ambient,drone,experimental,noise
gxQO19RYsBXtamwN	metal,heavy metal,black metal,thrash metal
gyXgfQKk3xIuMn6n	pop,justin bieber,vicio,biebs you surprised me
gyzHsPTCnaH4Vx8J	2019,folk,singer-songwriter,folk,singer-songwriter,lo-fi
gzBilUKgHBLjK0Hi	hardcore,mathcore,metalcore,metal,hardcore punk,post-hardcore
gzLpz2H0AmLPMV0T	french,rock,80's,chanson francaise
gzsNK8DSccCn9mzK	symphonic metal,female fronted metal,female vocalists,tarja
gzyMTcgZy5KwbSGQ	reggaeton,latin,pop,colombia
h01wejjkd9PjMJmD	shoegaze,noise rock,post-rock,slowcore
h1UAGyt5SIIZISad	punk rock,punk,box car racer,rock,punk rock,pop punk,punk
h1q4YxtYWzPtoxJV	country,classic country,fallout
h22S1JLaI5GwRXV6	love at first listen,pop,electronic,electronica
h33uCNxGy7kzXvYD	samba,mpb,chico buarque,brasil
h3JkS4lufiqfx4H2	dark ambient,experimental,electronic,experimental,ambient
h3hN1VXfBIn211Pd	reggae,fip,reggae,dub,roots reggae
h3lUvTgJdtxvHe5k	2018,indie pop
h4BowZF6cccx9YlU	pop,pop rock,soledad,kudai,ternura,hermoso y desconocido
h5gpvQjTqmGo3wem	chillout,female vocalists,french,bossa nova,lounge
h6Bkk9kvY7NzBvfQ	pop punk,rock
h6TdqYYRKpfrTwsn	2017,punk rock,punk,ska punk,skacore,ska
h6eeOKF9hvuF6me9	hardcore,metal
h6o0wscN3MNvHWsE	doom metal,metal
h7M8JDhAzmwA75ro	singer-songwriter,about a girl,indie rock,indie
h7TXwZR8TRp2aTfy	rock,alternative rock,indie rock,punk rock,post-punk,american
h8RCkWOfYJQNTHEt	folk,singer-songwriter,leonard cohen,canadian
h8TZh7cCfYSiCYbV	britpop,indie,90s,alternative
h8ZTDJKHAyYgMSHx	alternative rock,rock,indie,indie rock,2015,alternative
h8aLIvzoAJ3ybaqH	j-pop,japanese,j-rock,female vocalists,jpop,female fronted
h8kFtfHIVjE0N5Zu	power pop,70s,pop,1978
h91CVT6hpy8BHkZI	real hiphop,dutch,hip-hop,rap
hAJame0Q8Im4e6RG	rock,alt rock,alternative rock,pop rock
hAjVyAJjJeXj6zUU	stoner rock,instrumental,metal,whisky swamp and cigar smoke
hB82dCGIpGp0mhfy	pop,michael jackson,90s,dance,king of pop
hBLhDvIZ6S4VU3Ya	thrash metal,heavy metal,metal,hard rock,thrash metal,heavy metal,metal
hBd8MLEhDcKof1RF	brasil,mpb,brazilian music,mpb,bossa nova,brasil
hBkKFMiqWNVS8szS	indie rock,indie,british,alternative
hBqDds6gdVRmA5HA	experimental,indie,freak folk,folk,indie rock
hC5U5tMqzu8UtQge	folk,indie,indie folk
hDn8NQfZsLjyCQTm	electronic,rap,hip-hop,usa
hEpcXjNhOJnGViRf	k-pop,ballad,k-pop,soul,korean
hEtFLkqquz5sVeuT	dream pop,2015,ambient,indie,melancholy,nostalgia
hEy120usewJykO5K	folk,blues,americana
hF3bV1ws7s5ds49Z	pop,pop,female vocalists,canadian
hFsDiPlpRuY6M6Oa	melodic death metal,death metal,metal
hFyZ5XhMYVw65GN9	surf,mellow,acoustic,folk,1309fh
hGMz3PBRD9IJU7x0	funk,soul
hGboq1hyagj5eirz	celtic,folk,new age,female vocalists,ethereal
hGw83TJlxx4Qzz8E	post-hardcore,drums,1998,3 stars
hHXNwJIIqYMLMrF9	oldies,doo wop,soul,60s,50s
hIEzZ8NCNNFdoCZ4	jazz,easy listening,michael buble,swing
hIdD6H9PRYjq83ln	acoustic,indie folk,indie,folk,mellow
hIobrPQIFUreQibd	pop,90s,rock,swedish
hJ8v9focfSnyWUkb	foi assim,brasil,mpb,bossa nova
hJmmkGEbJ5dx8gzv	folk,indie,dream pop,rock
hK7lSBsIu9Trjsiy	good beat,power metal,heavy metal,acordes geniales
hK8eHfDMLBfjtBIR	jazz,bossa nova,bossanova,brazilian
hK90MIlTIUxASdrV	lord of the rings,soundtrack,loved,tolkien,soundtrack,instrumental,lord of the rings
hKElxMyzEVpytG4E	rock,alternative rock,funk rock,alternative
hKiRdLfYNzuzG95Q	shoegaze,indie,chill,summer
hL3m3I4DvO86zjYs	post-black metal,atmospheric black metal,shoegaze black metal,blackgaze,black metal,post-black metal,atmospheric black metal
hLXLP5F4xBeq7Alz	blues,rhythm and blues,jazz,rock and roll
hMBQp8FCNoNFiA6l	electronic,synthpop,experimental,indie
hN8Hrpaw5ObtGDoE	mpb,brasil,brazilian
hNBmplVvAwsGkeCN	indie rock,indie,alternative,female vocalists,rock,indie,indie rock,alternative
hNHnwSPwxp8Z7IY3	alternative,electronic,female vocalists,icelandic,experimental,bjork
hNPII41mRaGZumVx	uk funky,future garage,electronic,house
hNPvamPY2RDL4XwX	70s,classic rock,rock,pop,art rock
hOmxnIoRnTcCaRAc	reggaeton,latin pop,dance,chris brown
hOpYbvaHCX788otq	rock,alternative rock,manic street preachers-1998-this is my truth tell me yours,indie
hP05XX7VvrgQwET1	electronic,indiepop,pherfavs
hPLslLmO660okcc4	soul,rnb,jazz,funk
hPrdxI3FfPFBElN2	mpb,brasil,marisa monte,female vocalists,brazilian
hQm6r2BukHiTFYFP	hard rock,rock,heavy metal,speed metal,british metal,new wave of british heavy metal
hQn985sHASnX5CUY	rap,rap nacional,brazilian,hip hop,heavy metal
hRMeYCFIbdsOST2m	shoegaze,dream pop,electronic touch,acoustic,rock,summery
hROLmpegC9KSvwbY	lord of the rings,soundtrack,howard shore,tolkien
hRny0RAgvxB0Q8Sw	indie,alternative,indie pop,indie-pop,austrian,p6dramaja
hRvjE32LocA4VxGM	alternative rock,alternative,indie,indie rock,rock
hS2znJTUra2WC4sv	2015,swedish,pop,electropop,electronic
hSRu836hzGXHDalh	rap,hip-hop,trap,bor
hShQ860obiR7jXCp	rock nacional,rock,brasil,brazil,brazilian,nacional
hU5auxUq1oIhjWin	metal,love,you swore you would return,night lights,emily ratajkowski,moera michalon
hU7yckCKoiTkHjwi	pop,mexico,rock,latin,spanish,female vocalists
hUAManEWdt48ZT1o	samba,brasil,mpb,samba,mpb,female vocalists
hULqjj5XbRVgdr84	2018,folk,indie,british,acoustic,experimental
hUX2rxUzweCf1Q6s	indie rock,indie,alternative,electronic,love at first listen
hUfq3w0cRzw5cmOg	indie,folk,electronic,indie pop
hWUFXhbgf1jKAcOW	heavy metal,metal
hWwLyENI8gJUq7uz	rock,irish,alternative rock,female vocalists,alternative,rock,alternative,alternative rock
hWy8KQvExPZuvk3s	rock,garage rock,alternative rock,alternative,blues
hX06Kd6PrrAxDBnB	progressive metal,instrumental,progressive rock,dream theater,progressive metal,progressive rock,metal
hX5kpRioXesaHjqr	grunge,rock,space rock,instrumental,alternative rock
hXBGOXUayEPVvA9c	fallout new vegas,oldies,country,pop,60s,50s,country,oldies
hY1VDwQkNQyJzWTm	fip,downtempo,future garage,uk funky
hYYG21vNgRwf6F1d	folk,singer-songwriter,chile,cantautores,nueva cancion chilena,chile,folk,female vocalists
hYippqM5UfSyk2jv	funk,prince,pop,fip,sexy,1991
hYyk7Inc18yvUfWV	hard rock,scream,alternative metal
hZ3h3IN7A4hUbeWT	pop,female vocalists,singer-songwriter,alternative,female vocalists,singer-songwriter,pop
hZ56Ror6mfRSOR5T	rock en español,1985,rock argentino,rock argentino,rock,rock en espanol
hZAqXn3HJQYg7kDs	black metal,canadian,nightmare
haLdI9oIx6c6GEDt	pop,dance,progressive,influential,sleek,lush
haTjdUlLYh5TRL5A	finnish,rock,epic,truth about life,this song has a strong connection to a particular time in my life,the concept of life in a nutshell
haobVgss6klmt7SQ	pop punk,2014
hb3xTU3DA893ihQk	black metal,atmospheric black metal
hbmP7Bs3h1s8U9g9	west coast rap,rap,gangsta rap,sick as fuck,rap,hip-hop,gangsta rap
hbvMu60fzTn54U7k	agnetha,pop,abba
hce5DKqD7T6UOcIv	pop,party,latin pop,spanish,wake-up song,2017 single
hdD66ZknDbV446VT	reggae,roots reggae,rastafarian,singjaying
hdOS2ZcJXyqLtdkm	pop,pop rock,brazilian,00s,pop,pop rock,brazilian
hdvYzCba1UBlQ4d8	swedish,garage rock,punk rock,rock,punk,garage rock,rock,indie
heG2pOBbOfC0G1KZ	thrash metal,heavy metal
heOHJENCKXXCKM0e	mpb,brasil,brazilian,female vocalists,mpb,female vocalists,brazilian
heW1ZGGNCmr4ztzU	cover,glee,pop,soundtrack,male vocalists
hecj00yfnGVxT8GB	rock,80s,new wave,punk,new wave,80s,rock
hecj0XKqhuEsOUFE	mpb,brazilian,tropicalia,bossa nova,brasil
heoiH2KVtICYJWOp	doo wop,oldies,50s,soul
hfVXoVKHX7sxlvwl	black metal,ambient black metal,dark ambient,ambient,atmospheric black metal,norwegian black metal
hg6FOXvrISEpwQnh	2017 releases,electronic,australian,dance,australia,electronic,australian,dance
hgIJdGJSHcxaD6rd	mpb,samba,bossa nova,brasil,brazilian
hgY9F8IWzvvZV9xO	rock,masterpiece,pop,canadian
hgmA13e78Emn4c9d	mpb,brasil,bossa nova,brazil,mpb,bossa nova,tropicalia
hhSQ7drD1SqFcL1T	heavy metal,nwobhm,metal,iron maiden
hhpFVe329vIvG0lw	math rock,emo,sad
hi7uuNrlNhOwKPpV	psycho-pass,anime,j-rock,ling tosite sigure,post-hardcore,japan post-hardcore,alternative
hiSuC1GSQl9oscb2	grunge,rock,alternative rock,90s,alternative
hiTENBGkx9RdohaO	soundtrack,instrumental,ambient,composers,soundtrack,instrumental,ambient
hinWqnleXFK29w7W	acoustic,singer-songwriter,indie,mellow,chillout
hj3tRa0glz6hf6Wz	dark electro,ebm,aggrotech,industrial
hjPxjiwpwiontaDk	indie pop,american
hk0FIs65TEKZDRaK	electronica,electronic,electroclash,electropop
hkECjY8PfY1VYY8S	synthpop,mindless self indulgence,jimmy urine,psychedelic,punk,electronic
hlQx7ci7BvCDdc86	chiptune,soundtrack,video game music,undertale,video game soundtrack
hlXjzMEKTvozulON	minimal,techno,minimal techno,electronic
hmAeB9VAUaJTmqRc	punk rock,rock,punk,90s
hmW92Y9XjK7o63XW	country
hmn0W8bgOtqFai6U	acid jazz,bossa nova,female vocalists,jazz
hnG8IBGI5bH6kOsF	80s,new wave,synthpop,synth pop,new wave,synthpop,80s
hnRD5wPoIeTJs0Cz	electronic,trip-hop,chillout,belgian
hoF2Tj3zVworjhDY	70s,female vocalist,pop,dance
hoHjUAkEvtJusUlW	pop
hpcJb9EAHymfJtkl	alternative rock,rock,alternative,punk pop
hq6ofGKCsWAX4XUp	alternative rock,rock,muse,instrumental,alternative,experimental
hqG3ZE10gZugYbkf	female vocalists,alternative,singer-songwriter,piano
hqNYqK8WPzqxi3ZZ	flamenco,spanish,chillout,flamenco chill,latin
hqgKVxnBHf8t686i	death metal,chainsaw gutsfuck,blood paints the walls,the slaughtered black ram,the blood that leaves the body,death metal,brutal death metal,metal
hqxxeEcHAZvtSpEW	acoustic rock,folk rock,psychedelic folk
hr8vahjE7uMAop2h	post-hardcore,screamo,experimental,hardcore
hrIe6eUsbZFS1A7F	rock,indie rock,alternative,alternative rock,snow patrol
hrT8tMLHCq5ocGHy	trip-hop,electronic,alternative,chillout
hrek0SJ8DcHEzo0d	cover,black metal,special,black,landberk cover
hsAJm29MZq9KfiuV	ethereal,darkwave,neoclassical darkwave,gothic,ethereal,neoclassical,darkwave
hsOwP26rl4jFlhsS	2017,pop,indie pop,singer-songwriter,2017 listen,ukulele
hsSep8DAcfWb2YY6	melodic death metal
hsfBxVKJjDRMDPmX	punk,rock,punk rock,british
htTyJzo0hQT3OBTh	acoustic,folk,indie
htZdj59ynRkq2M1J	lo-fi,alternative,female vocalists
htn2TgYwJeeeimHn	rock,brazilian rock,brazilian,rock gaucho,90s,brasil
htn9V7zLY5FJNyer	psytrance,electronic,tribal,goa,natural trance,didgeridoo
htqwrYELLQpry8hQ	electroclash,bulgarian,electronic,synthpop
hu4lEsb46ldjAIPv	house,electronic,eletro
hujmlhwtNNEisQgj	lo-fi,indie,10s,indie pop,indie rock,relax
hveBajmwORL0GXfh	singer-songwriter,soft rock,soul,pop,rock,80s
hvgMFXaQg6571jcH	indie,4 stars,indie rock,smoking hot
hwWvK8qMWZiz193s	ambient,lounge,dancing on frozen lakes,trip hop
hwoZuSZOQA48sIso	ambient,electronic,chillout,pop,downtempo,easy listening
hxEnf6riU328VDp7	funk metal,alternative rock,alternative metal
hxGBTxhSf7o6b1fz	pop,ballad,beautiful
hxKAY2pAtxaioSWj	dream pop,indie,indie rock,magic
hyAOwBgnAOL7f66Q	latin pop,italiana,pop latino
hyuPDrMEiPJSDreA	rap,batuk freak
hzB6Jnll0o1qR2tq	pop punk
hzaGn3jqxOiVvsME	polish,rock,pop,dance,polish,pop rock,rock
hzeKGdEgTUl6tR8Y	folk,australian,acoustic,singer-songwriter,indie
hzs6vWsOEZXtFhhe	poptron,shoegaze,electronic,dream pop
i0HBECAxXAP1Lsbd	punk,punk rock,bad religion
i19hxqFBrvPDNqqF	bluegrass,folk,minnesota,indie
i1SIVTXAFnv0ouOz	alternative rock,happysad,polish,rock,alternative
i2TKUAC4U1cFtSUa	rock,alternative
i2h3nplLnvefTsxW	metalcore,hardcore,mathcore,noise rock,christian,chaotic hardcore
i3XyxzUqUKTKnYAG	guitar,acoustic,pop ballad,pop rock,eureka ohara,rock ballad
i3gUK5ghOZoNfsjO	60s,oldies,classic rock,liverpool fc
i3rmnzm3aWNCu1wP	brazilian,synthpop,female vocalists,indie,pop rock
i47dGeEN2xBpvQ70	cover,instrumental,cello
i4OHqjO07NNG5BZy	indie,indie pop,electronic,chill
i4RqIicZcx9FNadZ	canadian,experimental,r&amp;b,dub
i4SJJjolN8YH7FGT	cover,punk,punk rock,rolling stones cover
i4pLKarsOTcPR9rb	pop rock,pop,country,female vocalists,the voice,pop rock,pop,female vocalists
i5eyyg51Bqn5Emjh	punk rock,rock,pop punk,punk,good charlotte,alternative
i5pSYtOHdfQlF07t	emo,punk,indie,alternative,hot topic emo
i5wUuL5G3rtfunSY	instrumental,soundtrack,french,piano,classical
i6GDfQmdAYYAqMvx	country,lady antebellum,modern country
i6nt8FnwDC964QtH	post-rock,post rock,ambient,instrumental
i6o9MqibS28LLSeN	ballad,soul,sad,love
i7kfmiAR8MfCvd8m	post-hardcore,favorite choruses
i87WnfmeIHgDwlMR	deathcore,electronic,metalcore,experimental,epic,masterpiece
i8Mj4u2PEZm0So05	indie,timj,indie rock
i8lIyiFzhb5iKBT5	shoegaze,dream pop,indie,indie pop
i8smFKIIpeOfPoJ4	covers,piano,beautiful,soundtrack
iB3U5eO2LIxm7cj1	rock,latin rock
iBKEh3FGdpwe56s3	folk,psychedelic,acoustic,singer-songwriter,female vocalists,folk,indie rock,indie
iC2hjAVlHa4bjiY1	new wave,mellow
iCJ48pYSeCRohDrJ	pop,american,hino,romantic,minha lea está viva,2017 single
iChfD2M03EUdi0xE	post-hardcore,post-hardcore,screamo,metalcore
iD8rTiUcP8HIjfnU	grunge,90s,rock,alternative rock,pearl jam
iDYEP4YOYdBf5o0c	dream pop,alternative,female vocalists,90s,dream pop,female vocalists,shoegaze
iDZwo3Y4UTjBuFJP	60s,classic rock,oldies,pop,60s,classic rock,british
iDvDkJR7sjYhZROu	instrumental,black metal,avant-garde black metal,swiss
iEOc5UkEhb9n73Lm	hours of the southern afternoon,jazz,and this is the place,beherenow
iEOu66qARkRNQIh9	psychedelic rock,60s,psychedelic,classic rock,rock
iEbpQ84KI5zwjbTY	metalcore,melodic metalcore,hardcore
iEtYMUDeOTIhkJL3	pop,attitude,lyricism,affirming,vocalization,major anthem
iG2ef3gvUPRnU1HD	electronic,big beat,techno,electronica,dance
iGBEpL6uXBm9encc	grunge,rock,soundtrack,singer-songwriter,into the wild,eddie vedder
iGDJUIpqJ2lQr2Lm	soul,french
iGVQ9qSpp8tvj2bf	alternative hip-hop,rap,hip-hop,lo-fi,hip-hop,rap,ofwgkta
iGbjPObKOlxD8o7s	pop,female vocalists,pop rock,youtube
iGdvzetEaNrITd15	canadian,indie pop,indie,female vocalists,indie rock,stars
iHRt8u88DH1Dq7SP	rnb,pop,hip hop,boring,rnb,hip-hop,chris brown
iHcGCqLwMcQ676gy	electronic,indie pop,brazil,brasil,brasil brazil
iI5bYXYOPkG23iFO	melodic hardcore,hardcore,2013,is survived by,k1r7m,touche amore
iIAPvAXz3sN4Fscf	reggae,jewish,jewish reggae,hip-hop
iIFClkedrRRMlPzL	thrash metal
iIMjsIc6UoKiXbUw	british,rock,singer-songwriter,pop,00s,classic rock
iIP5VH4NSykV9T8x	blues,chicago blues
iIjSqT8C6ZxYDuN0	rock,singer-songwriter
iIqrXA6PydukFi8e	tropicalia,mpb,experimental,brazilian,brasil
iJECx2PKzm9YuKdd	pop,90s,boybands,5ive,abz love
iJshEhVT9RkdI1tn	lovestep,breakbeat
iJxIlJwzo8ojOvMh	korean,k-pop
iJyeRvosG2zzZVuS	80s,rock,classic rock,female vocalists,acordes geniales
iK2528ShQVATZD7f	jazz,female vocalists,musicals,cabaret,soundtrack,fip
iKyAR0QERFip8FDH	synthpop,electronic,10s
iL41JdAqCd3JmcMo	mpb,brasil,elis regina,bossa nova
iL86Cz3UJwRFWRVD	post-punk,industrial rock,industrial metal,industrial
iLEntlMBGZfqIWIi	folk,singer-songwriter,sweden,female vocalists
iMLAVA8LZTpDhqk9	doom metal,metal
iNmzxJl00Ynckskz	mpb,soul,brasil,1971
iPZca7FLXozJtOWa	progressive rock,epic,rock,classic rock
iPj5BJZukA47syaQ	folk rock,indie folk,folk,post-punk,folk rock,indie folk,folk
iQ4AtWkAvHFHjBct	psychedelic rock,psychedelic,garage rock,rock,australian
iQQ1UXP7LVjIj7i5	pop,90s,female vocalists,soundtrack
iQTrMhGnQQzSIhgw	new wave,post-punk,rock
iQXH6jMveMeVgxwM	disney,soundtrack,hercules
iQXfEHS4vBzOvOXK	alternative,emo,rock,screamo,alternative rock,punk rock
iQyZijLhpKEiD7EE	brazilian,mpb,alternative rock,indie,snooker,rock
iRDpgulsikdHNmL6	rap,weed,budsmokers only,ganja,hip-hop,420
iSKsGnSLJ8Cr5apj	soul,60s,oldies
iSXyuQGOP2l7Kmly	new wave,80s,loved,simple minds
iSad3oV9tVAOQvnF	country,2016,rock,awesome,country,singer-songwriter,keith urban
iSt3QuDWi3qtqxpf	mexico,pop,70's,male vocalists,mexican,bolero,spanish,jose jose
iT2g9xeIHCSXJlvg	hip-hop,rap,polish,polski hip hop,hip hop,hip-hop,rap,polish
iT4I07OUBhTcApOd	hip-hop,spanish,hip-hop,rap,spanish hip-hop
iT5Vg9GxAowfS1j5	alternative rock,rock,alternative,christian rock,christian
iT9iz69XiOI3zRiI	pop,swedish,idol
iUBCw0tQPww4pBx5	pop,80s,rock,new wave,multi-layered,story telling
iUjrDDWbmkGP2Nhv	pop punk
iVpQ5ySaQfWR6wqP	rock,classic rock,hard rock,aerosmith,90s
iVsHZZhadwP3QM8B	christmas,indie pop,indie,synthpop
iW2R02mdhKgCkekH	indie rock,rocking out,indie,british,kaiser chiefs
iWFj17LZwynfIeQf	jazz,cool jazz,instrumental,saxophone
iWYyJqFE5EvHrL3M	oldies,60s,love,easy listening
iWdhKlRqvMUNJOmQ	indie,alternative,indie rock,clap your hands say yeah,indie pop
iWupbDWLUss59IAo	2014 single,new wave,2014,youtube
iX47tAtqpRt2nFEO	ambient,ethereal,gothic,darkwave
iYQ4nSFoAVzRzVhe	70s,pop,david cassidy,bubblegum
iYrDEjFIZ5cCtb5n	electronic,progressive house
iYwMg0rLRuUNt3Ew	power metal,brazilian,melodic metal
iZ47o3mKwAebUSnh	soul,rnb,solange,female vocalists,groovy,attitude
iZ7GYfPvhPQeyAwY	cool,downtempo,easy,dramatic,mushy,rock
ia6MOjJdZLBlbxmP	awesome,80s,rock,pop rock
ibMP0aG2gSZUVPdO	indie pop,private:watchlist,via:8tracks,songrider
ibpcxyHvTMnfx5M6	experimental hip hop,hip hop,hardcore hip hop,rap
ibwH6xR1egmMImbs	instrumental,jazz,blues,rock
ic7PCgSKN9hYUSyB	indie,rock,japanese,alternative
idPLWgYIkcigRqOa	pop,female vocalists,singer-songwriter,girlie,pop rock,pop,female vocalists,singer-songwriter
iepW1QpfWz0ZwTAV	soul,funk,motown,pop
ifRPWxZtPZ6P2rPL	folk,russian,female vocalists,fantasy
igSa9pgHwNn8dzK2	progressive rock,instrumental
igUZKMdundk65wXH	shoegaze,night,bass,hyper,cool intro,english lyrics
ignNbBJsIlIeQNje	post-punk,post punk,kill rock stars
ihIPmfWNPZjO5lEq	alternative,indie,pop
ihh3K888bIKfq4vg	indie,alternative,indie rock,alternative rock,female vocalists,pop rock
ii3iDONilcXXUode	metal,nu metal,metalcore,slipknot,alternative,alternative metal
iinhvTlCvkymxrn2	80s,pop,new wave,british,soft rock
iisCbnEEPUGug9wL	polish,electronic,indie,female vocalist,alternative,female vocalists
ijD2zJ2yzdEYSkhF	indie rock,indie,the national
ijL8jOJcRDAPzznn	folk,2016,singer-songwriter,female vocalists,freak folk,2016 releases
ijXwL9OLY0165I7z	soul,electronic,chillout,rnb
ijlvKADNT1S4ZF2O	indie rock,rock,indie,alternative,alternative rock
ijrqGUk1HzidUTxw	chillwave,electronic,ambient,glo-fi,electronica
ikRredZN07sr19bU	pop punk,rock,pop,alternative,pop rock
ilgxxjD4vmViKS0W	post-hardcore,screamo,ambient,amazing
imCSIpfMpFfM68qZ	mathcore,death metal,math metal,metalcore,djent,2018
imZW8jm3RT6VEBAZ	rock,indie rock,indie,imagine dragons,indie,indie rock,alternative
imoBSsvNg3JUkQnd	singer-songwriter,acoustic
imwzoNsMpAbZ7pmH	hard rock,heavy metal,glam rock
imyMbYferHzCkeM8	mpb,samba,brazilian,bossa nova,brasil
inBJRVhVI115ouCf	country,2010s,2018
io5SpEq5ZWLFVyOG	experimental,ambient,field recording,experimental,indie,freak folk
ioIcVtTIT7M5w1Wr	pop,pop rock,brazilian,00s,dance
ioWQsK6JZW0idikA	downtempo,chillout,electronic,lounge,fip
iovM1BawBG5xqSDD	rap,trap,hip-hop,meme,b0ss,autism
ipDOM62QzRsNxUOH	rap,hip-hop,italian,hip hop
ipfD6n5mwFEZzAeM	pop,indie pop,twee,upbeat
irDYZ9JSM0hINNxH	micropop,indie pop
irY9SySCtNykwlJa	noise rock,experimental,alternative,alternative rock
irnXFBQtGe5XzQqQ	indie,cool,electronic,swedish
isXod6lpzpvfBkGd	mpb,bossa nova,brazilian,female vocalists,brasil
isdzGMd0B1e3TxOU	sertanejo,brazilian
isgB2lA8MuLtgHMY	electronic,pop,synthpop,dance
ishK1BTkLBkQomBj	pop rock,alternative rock
islu6cWIWc9zIWW1	death metal,2018,old school death metal
itSY2C7KhPGc5mrS	synthwave,swedish,synthpop,electronic
itbhMrrvPvMpAUMn	post-rock,rock
iuFRkbpj2KxFPwId	soundtrack,jazz,disney,instrumental
iuHbnYvYNECSlmEa	industrial metal,gothic metal,industrial,deathstars
iuLn5ZVWf4KBJYiu	2018,folktronica
iuW0Tt4HiZVR3lJ3	post-punk,new wave,alternative,rock,alternative rock,new wave,post-punk,80s
iugC8h9e4JyJ24ie	dream pop,masterpiece,best of 2014,frogs,fedora
iujX5K5bdx92kePp	alternative,rock,indie
iv4YaA13iyQ6a2cA	minimal,minimal techno,electronic,techno
ivAz0nLd0ACToP2V	folk,indie,alternative,acoustic,indie folk
ivKpW6LvDCpztiVc	pop,cover,british,2017 single
ivbHSoLWJ3QBKql5	hardcore,nostalgic
iwXfZMnpBhPtgKwj	pop,female vocalists,latin pop,dance-pop
iwjIGftuqv0eUGNw	funk rock,rock,funk,80s
ixBoLyz9KXQ8M9Dq	dream pop,indie,lo-fi,surf
ixEqAeb2x98C0mOF	alternative rnb,pop,american,2017 single
ixYvysvpxiy6Ke72	80s,pop,new wave
iy7e6b5n23MfllKs	classic rock,rock,hard rock,glam rock,80s
iyNWilhAG0a3k0R1	hip-hop,rap,2017,dirty south,gucci mane,southern rap
iySVyADdWDEsM60S	cover,pop
iyoidfDE4jIht7Rq	acoustic,chile,folk,indie
iyxKHmSwk4upK59f	rock,classic rock,queen,hard rock
iyypWzisJ4TkGF7Q	indie rock,alternative,british,indie
iz3YHY6tODI03xhi	reggae,dancehall,german,deutsch,ragga
izDMR5h9pAl44gKH	cold wave,industrial,post-punk,synth,post-punk,coldwave,darkwave
j04wbsnfPDdLG1yM	progressive rock,progressive metal,jazz fusion
j09HIxv0r1Wu3DTK	progressive rock,rock,classic rock,roger waters
j2XiWOY3CUtCZ4m9	punk rock,rock,punk,green day,alternative
j2gJrWAahHvwzXV4	alternative,emo,alternative rock,10s,2016
j3DatktUwIzbWSDy	carnaval,latin,brasil,samba
j4gEb0Kv7ezCxOCK	electronic,synthpop,rnb,hino,electronic,trip-hop,uk garage
j52C7IWtCjHQmYOD	emo,emo rap,trap,rap
j5QrFmGMsNnktS9P	new wave,fictional,80s,synthpop
j5TF5AOiAxBadwMX	indie,pop,brazil,latin pop,reggaeton,baile funk
j6g7V0va8XKqcIjP	pop,dance,rnb,party
j6sPrMF6OtFSu1rL	classic rock,blues rock,hard rock
j72tS2mSBr5edkxQ	indie,blues rock,rock and roll,indonesian,60s revival,indonesian indie
j8nFJWJFOneBMnn6	industrial,industrial metal,metal,rock,alternative,alternative rock
j9tXsE4ZEJKYQSFL	folk rock,indie,indie rock 
jA5WvgKmF8EynYqR	wonky,alt rock,unexpected,quirky,huh,what
jAAzK2WwKAzlk1Uz	mellow,chill,r&amp;b,wavy,ski mask the slump god,hip-hop,rap,trap
jATIvJWDjD3J2RCM	rap,hip hop,trap,hip-hop
jAUYtsKlKjD8ZCJz	indie,britpop,british artist,00s
jAj4iC3Z9CAn93eZ	2013,best of 2013,electronic,relaxing
jB0eid5pRWbNTgyB	chiaroscuro,rock nacional,pitty,rock
jBWO08HDiKs3bGzu	indie,britpop,rock,indie rock,alternative
jBjCWiIWOW0jIfBk	60s,classic rock,folk rock,rock
jBplpJQcwYiyhKqn	spoken word,eerie,janelle monae
jBrToWq5vPMW9tAt	kpop,pop,k-pop,ballad,k-pop,kpop,korean
jCV9RNKVFqXk8twj	indie,indie pop,indie rock,dream pop
jCYEHfZDZ6qGK5aE	i miss ariana grande,ariana grande,rnb,pop,r&amp;b
jCsFmNpyC60TPOJ8	pop,pop,british,male vocalists
jCvNnsqnBO4k2TdK	symphonic metal
jDSfFjMoT383SaA3	art pop,baroque pop,chamber folk,free folk,dream jazz
jEWIj8C5fOBjmU0Z	rap,karol conka,2013,batuk freak
jEmItt68LJ6FpVrI	symphonic black metal,black metal,melodic black metal,epic
jF4Czp9NiGNsToi2	indie,melancholy,00s,indie rock
jFMxU0fzllSDYgeL	indie pop,synthpop,dream pop,pop,new zealand,female vocalists
jFko8CM2jEtdb8qn	folk,acoustic,indie,mellow,singer-songwriter
jG1CB11ylso0AdZ7	country,johnny cash,folk,1957
jGY3bg0d0iW3GBtT	hard bop,fip,jazz
jGjGSX5T8iArwZPj	black metal,black n roll,kvelertak,hardcore,black metal,hardcore,black n roll
jGwvkEBpgHkzK4FM	indie rock,indie,alternative,rock,modest mouse
jHCVQg1KPWp9jEgD	live,coldplay,alternative rock,fix you
jHTZwi0UUuf2C2Zx	classic rock,steely dan,jazz rock,jazz-rock
jHcM9lXJqxrzwKhC	indie rock,indie,canadian,rock
jIUWmcXQ80Xn31CI	ballad,pop,sad,love at first listen
jJ6eMUPmEXsOwtOS	alternative,rock,britpop,coldplay,alternative rock,british
jJFSoKCVKxgM1wqu	songs that grow on you,disney,teen pop,perfect
jJTyOckRu1WYNk1W	rock,alternative,pop rock,sunrise avenue
jJUHwWiUC6nLzn4p	progressive metal,progressive rock,heavy metal,dream theater,progressive
jJecc84eUKPiBO3e	witch house,synthpop,trap,electronic,8-bit,new rave
jJprKWgJSErIWw3E	indie,rock,shoegaze,alternative,alternative rock,new wave
jKW9kcLuohKhHPLO	deep house
jL1PGaDU5zvpZIZk	country,female vocalists,female country
jLEl86eajnOjnrwh	metalcore,melodic death metal,metal,melodic metalcore
jLt1zKcx5y5YM6R5	indie,indie rock,2019,alternative,emo,slowcore
jN0Udh0JRsRjcolX	classic rock,70s,rock,bachman-turner overdrive,classic rock,rock,70s
jN3tIjHpB4t9ilqc	singer-songwriter,piano,folk,live performance,folk,singer-songwriter,female vocalists
jNQVI254qWEotBEw	rock
jO4KlsmqrANpSyOv	alternative rock,brazilian rock,soco na cara,pra pensar,me faz querer cantar gritando
jPAUILIclYTv7TcG	heavy metal,hard rock,metal,classic rock,rock
jPkHPF8ciw1nLCPX	rock,funk rock,funk,alternative rock,alternative
jPnGekiV1IADNima	indie,drag city,herzaua,psychedelic rock,alternative,solo
jQFT10trz26JdtwD	hip hop,glitch hop,hip-hop,experimental,avant-garde,spain
jQYLaYeOnQt0E839	2017,punk,post-punk,noise rock,post-hardcore
jQYwMX9zSuZxe3tJ	korean,rock,indie,indie rock
jQyCF2yrqDI878UU	heavy metal,metal
jReZjxRp2qpEMyhf	melodic death metal,death metal,metal,swedish metal
jTu1oCtfsLEsvI4a	70s,rock,glam rock
jUGjh936OAuxkPs1	80s,new wave,synthpop,pop,new wave,80s,synthpop
jUh2m3eBJHO6JWCa	classic rock,rock,hard rock,glam rock,80s
jVE4jDGpWd0EezOo	r8,2015,pop,rihanna
jVKxtaprPBQH2y4Z	pop,teen pop,hailee steinfeld,dance pop,pop,female vocalists,dance
jVMI6YkQ9YHnPXMB	post-rock,sludge,post-metal,progressive metal,post metal
jVoqwIjGN4Su2HLW	rock,folk rock,ghotic rock,rock n roll
jWQODe7jJ7CElZA0	hardcore,punk rock,melodic hardcore,brazilian,punk
jWqafp5BLZ2Hn1IR	2019,indie,rock,alternative,indie rock
jXGJbQFcfWsHLsSk	art pop,ambient pop,synthpop,downtempo
jXY89PK5tf2HXMyp	pop,alternative pop,british,electro,movie song,pop,alternative pop,british
jXsHuFPMDpUJiHcd	melodic death metal,instrumental,metal,death metal
jXwopYooh38JdGsL	rock,indie rock,dream pop
jXyOhAsVqcNSpMHf	k-pop,korean,kpop,pop,girl group,collection
jYPNwmsb4xDAfRKb	rock,pop punk,alternative,the all-american rejects,emo,alternative rock
jYaDlk288Yxe3kMX	80s,new wave,bronski beat,dance,disco
jZYlPJAVhYGf6PTd	rnb,soul,pop,american
jZfcQW4j46BN4TBr	french,world,chanson francaise,chanson
jZhqaXgAiPMNkuMC	soul,dance,feel good,fun,throwback,pop,soul,female vocalists
ja8uOz3HUUIoDbKr	rock,punk rock,punk,alternative,green day
jaJzmmNr1sWLN3nx	lyttil,furrin,psychedelic rock,psychedelic,swedish
jaxgJipkU6fItTSi	deathrock,gothic rock,goth rock,goth
jbPhzvhwQYEYiy6F	korean,indie rock,k-rock,k-indie
jbS1nCb7FIZJjdqT	progressive metal,progressive rock,progressive,progressive rock,progressive metal,polish
jbzGbgLgSFAs9ocN	rock,alternative,alternative rock,the calling
jc13KzuUPRSNrx15	thrash metal,heavy metal,megadeth,thrash metal,heavy metal,metal
jc7UO1VvduMbWWmu	progressive rock,progressive metal
jcnc03s1vhtVxagb	japanese,j-pop,pop,singer-songwriter,female singer,japanese,j-pop,pop
jd7Q4dRKSCcKriAn	electropop,bitpop,bubblegum bass,personal favourites
jdEiUtnpuu23cMdI	alternative,electronic,female vocalists,icelandic,experimental,trip-hop
jdSKj4AkgLZUYpKe	acoustic,elliott smith,singer-songwriter,indie folk
jdaSJssrvjSUyaYl	indie,indie rock,alternative rock,alternative
jdhsFTWkAgAa8AW2	indie,indie rock,female vocalists,rock
jdotQSuPL3oyn3IF	disney,pop,rock,pop rock
jedSAFuflOCD6G1u	progressive metal,progressive death metal,instrumental,death metal,metal
jg6DDDHAzmCRkmLx	shoegaze,90s
jgZQDCMnMcAa296l	electronic,synthpop,post-punk,indie,experimental,electronic,synthpop,post-punk
jhT8aWvbNi3x0rGp	spanish indie pop,spanish pop rock
jhYbWxh4cTHT9DNA	jazz,saxophone
jhtLKjkXXUMQi6LG	rock nacional,rock,brasil,brazil,brazilian,nacional
ji0fO07X4be5g3r9	indie,pop,spanish,spain
jiDUuP4ZFZzZ7FsA	female vocalists,pop,singer-songwriter,mellow
jiGhGgc9N0S7wkn0	electronic,hip-hop
jj54uH9K3Fzvqtma	pop,love at first listen,rnb,sweet
jkAejP0afvWmr7FF	folk,blues,alternative,writing,southern gothic,witchy women
jkMWRK1XOS1dLQJn	2015,rap,love at first listen
jkpkc18FAXsP3CBQ	rock n roll,oldies,50s,country
jlEBaB64Yrr1nbMI	pop,spanish,flamenco,female vocalists,folk,eurovision
jlhgaiS3FgGIuOo8	jazz,swing,john coltrane,masterpiece,duke ellington,coltrane and ellington
jlpWL2EFvIMLVPYn	rock,brazilian,emo,emocore,hardcore
jmeQncDfJyTx3MqJ	soul,love songs,70s,quiet storm
jmfgWY1PwgfnT4h0	female vocalists,pop,brasil,relaxing
jmqBf2Ypj2zoMVLU	pop,edm,night,alternative,indie,indie pop,israeli
jnYpdVCd2xL3UxXB	alternative metal
jnhkLKdeL9RyjxTS	pop,female vocalists,boneriffic,british,2017 releases,james-joul - 2017 releases - albums and eps
joKTVker1m2rei1C	country,love at first listen,female vocalists,lucy hale,pop,female vocalists,country
jpOpFL7WM44XP0ya	indie,indie rock,british,rock,arctic monkeys
js74S8K3XJwDPadb	k-pop
ju5ICGSDCpBZ5FrE	mpb,samba,brasil,brazil
jugq0634ActnnD1x	70s,classic rock,soft rock,pop,rock
juoLoztvRPrfYmjH	2015,electronic,british,party
juuVazcnlBwv3c8b	piano,instrumental,post-rock
juxL6GajrMsX6GhI	reggae,dub,77davez-all-tracks
jv8XkyHDEZ9MHesB	heavy metal,speed metal,french heavy metal,francais
jvJk7pqom2xBkwyq	folk,acoustic,singer-songwriter,folk rock,music choice: adult alternative,folk,alt-country,bluegrass
jveaGFCF5DLLzUGj	pop,british,take that,britpop
jvxHeGqmE2iltyUq	indie,indie pop,shoegaze,rock
jvy9KWvYW5DmkEkD	nu metal
jwDDYgvz3OSD79wf	female vocalists,pop,k-pop,korean,kpop,underrated
jwEuB9n3WFOAFEJ5	metalcore
jwHNT97GGxCV4ZPC	emo,indie,ambition,hopelessness,insanely sad,feels
jwoeW9hH4aUb6Aeq	synthpop,fav
jxcIvzsI3kfwq7nc	noise,electronic,experimental,psychedelic
jxf3CpmhCJR6KdW3	hip-hop,rap,underground hip-hop,hip hop
jxkqDWpwcLm6yBH4	grunge,90s,rock,alternative rock
jzDBJsGThhoF19rQ	progressive rock,70s,classic rock,rock,jethro tull
jznaBggs140GlHGH	pop,alternative,2017,dance
jzq1MjCEw9xBVvIo	indie,indie rock,alternative,emo,experimental,progressive
jzwK8ASEiHPamXBm	80s,synthpop,new wave,cover
k08gQq3xxjtgN8t1	minimal,minimal techno,electronic,techno,minimal,minimal techno,electronic
k0X0JerQZgivQeCN	folk,indie
k0aIqi3nSGHYDDbF	hip-hop,rap,tde,trap,jay rock
k1QUIXIOykIDcsG2	rock,alternative rock,pop,alternative
k1WYdPP3kNSqvCSu	synthpop,electropop,dance-pop
k1lbvRNvoZoMvRKx	ambient,post-rock,experimental,instrumental,ambient,post-rock,experimental
k2DddATWJWf3z6Ih	sertanejo,brazilian country,sertaneja,brazilian
k2kGxVAFnVBywxwj	soul,smooth,7 of 10 stars
k31RUdREKdKFS747	emo,pop punk,indie rock,indie
k3FPwF5E4hLTlXRr	drum and bass,dnb,techstep,vocal dnb
k41wndTFswPlBiG9	funk,gostoso,funk erudito
k4ejQkimaU7REQYT	hardcore hip hop,industrial hip hop,trap rap
k4zHM5e4EmOV2TNi	pop,electropop,dance,electronic,american,party
k54A8KHcznXLy22A	indie rock,alternative rock
k54gTyUJ6zmbmtZc	cover,melodic death metal,death metal,iron maiden cover
k5IP53hCRO1JFjR0	dream pop,indie pop,art pop,psychedelic pop,alternative dance,indie
k5O4fLTsul5NNzpz	pop,dance,rnb,hip-hop,female vocalists
k5S6lNIEQNErXRAw	electropop,indie pop
k5gaHDivros6gF9X	rock,emo,alternative rock,bayside,new york rangers
k5utxZAsb5b5hRcU	love metal,rock,gothic rock,him,finnish
k68WuDMJJvrWeeXX	pop,2016,rock,alternative
k6FDKDlKluvBgKZb	classic rock,rock,hard rock,glam rock,80s
k6vicslMKbDQOjIh	lush,trip-hop,chillout,electronic
k6vpOoh2CeE5m4GG	hard rock,hair metal,glam metal
k7Nh93qJae1HAoRo	rock,christian rock,rosa de saron,acoustic,alternative,alternative rock
k8VKJGoODL2CjrA7	fip,rock,singer-songwriter,diva
k8ZN7PZk7Aym3voY	mpb
k8jF8vmCF7S0MDQx	cloud rap,emo,electronic,emo rap,gothboiclique,cloud rap,electronic,emo rap
k8omNdZLaeCfZ3FS	pop,french,2019
k9EmVfPi8IvSeQCd	fip,psychedelic,bossa nova,tropicalia
k9ol4zweC9fIE8fK	futurepop,ebm,electronic
kAMGFuW84UdVWePm	jazz,best,70s brazil,bossa nova
kAvvkZTDd5xpmxyT	pop,michael jackson,king of pop,soul
kBRce6XeE9zEPzbX	instrumental,piano,new age,relaxing
kBpAO75NCHn8s5jL	rock,mpb,brasil,acoustic,rock nacional,rock,brazilian rock,80s
kBwRVb68o1yRCtxG	singer-songwriter,folk
kC2I0Bq5XV7AQRkM	blues rock,rock,blues,90s
kCD5rbZ8QPWodvlI	download,pop
kCYzwg9x3Gufrfh5	k-pop
kCjoZhap3XdiCWsC	pop rock,alternative rock,redrage classics,gals,my 10s
kDc3qplXRZClxisC	samba,bossa nova,brasil,latin
kEF6uTgXzyAEuWCT	breakbeat,electronic,breaks,soundtrack
kFA0hCUEWER9tgZF	pop,80s,michael jackson,rock
kFOZox4AAlGfbqrl	funk,disco,disco funk,nudisco,disco,funk,soul
kFRmXstvdQB0RooN	hard rock,2015
kGlATk0zOkic5LNn	ambient,contemporary classical,icelandic,electronic,experimental,modern classical
kHfP0hOte6XuMZfd	shoegaze,psychedelic
kI17P9xI7vwoCKoM	indie,punk,emo,pop punk
kII5vIXskpk7zeIq	post-rock,ambient,icelandic,beautiful,sigur ros
kIuHn9e3K0yqKmUo	somafm,spacestation,ambient
kJ1oyIEM2if8hWZG	rock,alternative,britpop,alternative rock,indie,british
kJ8NGe33c8Jldned	pop,male,male vocalists,best,pop,male vocalists,american
kJi48WgEphq8EU3L	metal,nu metal,hard rock
kKezaUNKA6buoF07	electronic,electropop,synthpop,lofi,indiepop,new pop
kKg3iaSKjyAkNM42	hip hop,grime,british hip hop,british rap,english hip hop,runt
kLWiPkoBWys5Hw8g	instrumental,electronic,soundtrack,marvel,mcu,marvel comics
kLhE1m7zDJWehqwK	mpb,bossa nova,tropicalia,brazilian,brasil
kNYOW0Df5fZzJok4	trip hop,electronic,chillwave,synthpop
kNdrcfWT6KzJZjIF	synthpop
kNmffv0WNcty1KRc	emo,classic,lovelovelove,post-emo indie rock,midwest emo,songs that remind me
kNr3kfrT3rc78X5l	black metal,norwegian black metal,true black metal,norway
kNvcNfhpp0e9KDQe	catchy,happy,piano,singer-songwriter
kODK41pxGfEtrrGO	2019,experimental,psychedelic,freak folk
kOvv2IRcUdCKsWX5	rnb,soul,pop,female vocalist
kOz5ey3aMxy7boyX	neofolk,dark folk,apocalyptic folk,industrial,2018,experimental
kPRuHJPp4SUEEWTm	hip-hop,rap,dance,hip hop
kPRy8BqnCfS2oxwF	pop punk,emo punk,pop punk,emo punk,emo
kQSTu8Qt47sS6Hsy	progressive rock,guitar,acoustic,instrumental
kR3goARYKL6Yadin	soul,mellow,fip,indie,ray lamontagne
kR9McLnQBm73xzGg	experimental,brazilian,jazz,mpb,rock,metal
kRGfQ0X5BQQkKoPr	music i wanna hug but can not hug because it is music and you can not hug sounds,acoustic,indie,folk
kRchjKgKuHX86vOv	pop punk,indie,alternative,punk
kRpM4sDe296nGdQX	southern rock,classic rock,instrumental,rock,70s,fip
kRvLtVHHwfnJ7vxn	alternative rock,modern rock,rock,hard rock
kSXJOChkzkEpN9H7	psychedelic,psytrance,electronic,progressive,goa,progressive psytrance
kSbWbtucGj8mNRzK	metal,hardcore,metalcore,emo,post-hardcore,christian
kSrEcV4JCpZwDR1T	80s,french,chanson francaise,new wave
kTi1WF4m26YVNsVu	post-punk,danish,rock,indie,2013,punk rock
kU8zk2nribAcsKo4	soul,beautiful,gilles peterson,r and b
kURnZLQoMwAiYjrO	pop,danish,electronic,female vocalists,soul
kUkkODkkxLsJpnKg	pop,indie,indie pop,russian,pop,indie,indie pop
kUpKZvqw7TMafVOq	rnb,90s,hip-hop,blackstreet,hip hop,no diggity
kVAqNushjm7xPaZz	pop,pop rock
kVJrgk5VyxX9Nprz	fip,progressive rock,classic rock,rock,progressive rock,classic rock,rock
kVMJmuozaAY9qUZa	rap,hip-hop,rnb,2018 single
kVdFXGdey3S6xJqL	great groove,where is my bong,angular guitar playing,superb song to drive to,post-rock,alternative
kVsT1dMKiqecVBuY	country,shania twain,pop,love,90s,female vocalists
kWChxi2arkGmOwSB	new wave,post-punk,rock,electronic
kWJr1xnTogSnfUjw	post-hardcore,emo,rock
kWrR2AarJP1iXQyV	indie,pop,female vocalists
kXDZPyj1HsCLUYeQ	1995,90s,power pop
kXSocZt6URw19O4m	2017,rock,avant-garde,alternative rock,norwegian,progressive rock
kXgSpOX4yeTohHtS	80s,female vocalists,pop,cover
kXvJMrHKByHGRJOW	reggae,bob marley,roots reggae
kYQFmjSBdqxS0pHf	electronic,alternative,rnb,experimental,trip-hop,farsi
kYWRnW9YUQqGdhIr	disco,70s,female vocalists,drjazzmrfunkmusic
kYfCb26Tr5KHGNMa	emo,math rock,midwest emo,emomath
kYhneXgc9yWuCykx	pretty little liars,indie,2011,ost,indie,soul,female vocalists
kYkF4YYPiyKeEp1C	jazz,oldies,50s,swing,love
kZXTmnVP8x2hXi1g	singer-songwriter,norwegian,indie,2017,indie pop,folk
kZqix9HNuP0fgwZF	soundtrack,love at first listen,the fault in our stars,i could listen to this song forever
ka22IxAAHD2NOEMJ	rock,hard rock,80s,bon jovi,rock,hard rock,classic rock
kai5nqDde3oSoKoJ	post-rock,instrumental,experimental
kb1drEW9Bmb4X2Ds	darkwave,cold wave,minimal synth,post-punk
kb7H6FbRLXnCra6z	chillout,electronic,ambient,moby,electronica
kc935wucfFk69M3h	electronic,shoegaze,warm
kcTWhD6uAo52JrV0	pop,german,2018 single
kcpClnJJUUy4tJUB	indie rock,indie,lo-fi,alternative,rock,indie rock,lo-fi,indie
kdEOHRDp47fXjlr2	new wave,80s,electronic,synthpop
kdKxhkBtHVavNfiU	punk,hardcore,melodic hardcore,rock,punk rock,anthemic punk
kdUbSwoKGapZ95eu	black metal,2015,technical black metal,progressive black metal,avant-garde black metal
kddQjiYkXzZbVrGN	post-hardcore,hardcore,pop punk,metalcore
kdp8XvaqEYgwDfYU	dance-pop,pop,fun,influential,pop,dance,female vocalists
kdwkjRMmRlvRRUZx	pop punk,punk,2014,emo,punk rock,indie rock
keFgdEki3kOHJCpk	british,rock,scottish,2014 single
keI4135yoBWBdkKS	dischord,alternative,post-hardcore
kenT6uby8feJsEJU	jazz,nu jazz,chillout,ninja tune
kfPkWkX08izMZFi8	eurovision,germany,eurovision song contest,esc,preselection,eurovision 2019
kfZxBoyOwuapCBNd	kanye west,hip-hop,rap,hip hop
kfa8gLijGSx507Vp	symphonic death metal,death metal,2017,melodic death metal,epic death metal
kg8fP9etq3U3fFjx	indie,mellow,singer-songwriter,indie rock,female vocalists,90s
kgJpzAll4gUiem8r	rock,acoustic,alternative,alternative rock,pop rock,accustic
kgQDYWvh50tgBPZa	indie,garage rock,alternative rock,female vocalists
kgT09p8VkYSVAXa4	dubstep
khHTeeI6eGbaD3Ph	death metal,metal
khsvA860kSBZiyjt	rock,hard rock,classic rock,80s
kht831Et4Dbp6TIz	90s,rock,grunge,hard rock
khymRW0B0p6aUuSm	punk,hardcore punk,hardcore,anthem
ki6QDi6UjuC4FoLN	pop,latin,sad
kikH93xwI4lQRlRS	pop,cool,british,uk,pop rock
kisc1hml7Lb0pkPd	japanese,electronic,edm,japanese,electronic,edm
kjLVZo2gmkj2CUMJ	post-hardcore,hardcore,pop punk
kkFKnqYD8BwoHz5D	shoegaze,dream pop,90s
kkc39SmO3aNGbtx3	electronic,indietronica,british
klt3UvIIfQmaj0Bd	gothic metal,metal,7 of 10 stars,doom metal,gothic rock
klvnvCQeSesb2sKa	post-rock,post rock,instrumental
kmYheGIWdIJk8idW	indie,melancholy,pop,alternative rock
kmfEYMjEwILu1uWM	post-hardcore
kn3eQbZUHj9jDvWz	ambient pop,downtempo,art pop,soundscape
kofCEetOZo7Lb9Sg	love at first listen,rock
kofPoBh8Aw42LFGE	electronic,electroclash,2019,bubblegum bass,electropop,electro
kpQ76lrMBdTXlBnW	pop,swedish,rnb,ed sheeran
kpo4xkFEvbx9ho9X	indie,indie rock,british
kqFP2Ke09xbMlqJs	pop,electronic,summer,party
kr14nUpQZ1GR6YwV	new wave,80s,alternative,new wave,80s,ska
ks4DR3VD6XAcC6aI	piano,contemporary classical,modern classical,neoclassical,neo-classical,post classical
ksOL6QlyOpTHsM6S	electronic,ethereal,progressive rock,indie pop,ambient,darkwave
ksf8RYBjhfQGcEUt	chiptune,soundtrack,video game music,undertale,video game soundtrack
ktUYE4DXz1AXckgs	blues,funk,new orleans,70s,1973
ktvDsuP6w4sJH2JG	funk,funk melody,feminismo,a danada sou eu,ludmilla
kvK6TNtc2dGwp7o2	death metal,technical death metal,progressive death metal,metal
kvVt020zvdZAJ7Dt	trip rock,gothic metal,female vocalists
kvZYXknSk2G2pbMf	britpop,synthpop,alternative rock,keane,songs i absolutely love
kvcLq2kow8lysxDs	alternative rock,rock,indie rock,alternative,indie,garage rock
kvpJnRX6kwlaAm0p	2018,hip hop,experimental,hip-hop,glitch hop
kw9CuTAqnMdoBLvJ	alternative,rock,brazilian
kwSmPYUxr6JVJF84	oldies,female vocalists,50s,doris day,soundtrack
kwSqKLtWXIw7dExE	indie rock,indie,alternative,british,rock
kwfAHZAtvKS78X17	crossover,thrash metal,thrashcore,hardcore,brazilian
kwhjTQTm33lNLxgH	dance,pop
kxICAqZXmKFepJUF	80s,new wave,pop,synth pop,new wave,80s,synth pop
kyf3DVxqEukIKxr9	experimental,chillout,idm,downtempo
kyi0drTSTxao6tNe	mpb,afropop,brasilian singers,role certo,bahia,2017
kzURsyjBMGPfXwqx	2018,jazz,french,female vocalists,chanson
kzcUWQF9Hi1VkD23	piano,soul,alternative,female vocalist
l0jg4smRKLjvqbVA	pop,boybands
l0w4xTzjY3h1tbi0	american,r&amp;b,idol,love at first listen,hino,right here right now
l12Aa5zz1bulSu23	pop punk,rock garage,ouvir antes de dormir
l1LBGSY2s620v1uk	2018,indie,indie rock,alternative,british,synthpop
l1mUyBwlNMAcPxd0	indie rock,british,indie,rock
l2FLoiTRKXdyH3jm	experimental,electronic
l37cVEDES82eQsD9	pop,dance,sexy,britney spears,female vocalists
l3Q3mL1u1SdjvME9	rock,brasilian,reggae,pop
l3ZaYBL5pHoIn3u8	experimental rock
l3hSiU6bzp8CG4Wp	synthpop,electronic,electoclash
l3nRNCf13nhrJQCC	new wave,80s,post-punk,punk,1981
l3xmztZLKLeJkLgt	ska punk,ska,punk
l4sXFIWhDOrdjv84	rock,pop,alternative,rnb
l4xmXeBkN0CUuIQv	shoegaze,johnnytop,indie,alternative
l5Gq2tAbpBcjpHjT	pop,zedd,dance,farofa,ariana grande,pop,female vocalists,rnb
l5W3IeiDmDlXrt25	progressive rock,77davez-all-tracks,rock,classic rock,progressive rock,experimental,rock
l5lTIHCodNPwK8XK	cloud rap,alternative rock
l6ND3l6MnAea5OfZ	electronic,techno
l6dR8Bnl6wELFM91	pagode,romanticas,belo,pixote
l6n7s6HeDbBuaTIf	spanish,pop,female vocalists,latin,ballad
l77gvMb3jTXBm2YC	acoustic,singer-songwriter,love,mellow,matt nathanson,pop
l7qkdaD1i3DURG32	soundtrack,game,10s
l8A90cHfbXmMuyRt	electronic,synthpop,pop,2011,electronic,indie,powerpop
l8LkTQkojqBR1aiW	ska,punk,pop,new wave
l8jkCwzynd8cFW06	british,jessie j,pop,addicted,10s
l90eoHoZ3sI8dDZv	hard rock,rock
l949D1UQAvijQiUZ	indie pop,dream pop,indie,pop,american
l9Tib6V6S4Dffe0m	death metal,brutal death metal,metal,cannibal corpse
lA6zw3vdfDVODQSs	disney,soundtrack,pocahontas,female vocalist
lA7x9OQQPbk5dYGj	progressive metal,metal,sludge,baroness
lAX41Yy1M3L22dtZ	rap,hip-hop,rap fr
lAqJT67LHqQS6UiL	french,pop,female vocalists
lArcpnObfVmc1OAd	pinoy rock,opm,opm rock,pinoy pop rock
lBBXT8sSMcKEBpfI	pop rock,pop,disco,california,aleister crowley,christopher lee
lBMuBeWhPZh9Nkpt	rock,rockabilly
lBi4UCZrZhOYdVvB	garage rock,lo-fi,surf,surf rock
lBjdeEN0SjC0gxhg	turkish,turkish pop,c best,c light,c bestvid,c russian
lCakQALXWZSghMkq	alternative rock,piano rock,alternative,rock
lClfBSIUdEXQgLZv	shoegaze,indie,90s,rock,1992
lDAnfyDH4CvnG5Zf	britpop,90s,rock,indie,british
lEFOKqNbs8sUtOT9	jazz,cover,piano,pop
lEXSux1ZUEjPFeW9	southern rock,classic rock,rock,70s,lynyrd skynyrd
lFt5kQ64gDRKDwq7	acoustic,80s,post-punk,pop,atmospheric,synth
lFwoNPComBWXKoy1	synthpop,new wave,frauen und technik,ladytronica
lGY9g9IQzhyBpLYL	pop,disney,catchy,hey
lH1ocbPMv0HSUi1c	thrash metal,heavy metal,metal,megadeth
lH33YM3Sy4kK3j6M	spanish,female vocalists,ranchera,latin,spanish,rocio durcal,the ladies that should sit on my sofa or somewhere else in my flat because they are darlings and oh so lovely
lH6MmvwEGAhkD4ED	electronic,ambient,electronica,pop
lHJY1X3qDrYWVSBZ	pop,rnb,disney,dance,female vocalists
lHK8CogJRBjuEK1m	new wave,80s,synthpop,pop
lHqjf2DMFroMTf3Q	ambient,chillout,electronic,dark ambient
lHtCKaNzZMT7Bauz	80s,new wave,post-punk,rock,good stuff,post-punk,new wave,80s
lI4WSeabbrlK4BFh	indie rock,indie,rock,british,alternative
lIt2ccDfWQK0iI0t	soul,pop,rnb,british
lJ0P6hsqJ3spnLMH	indie,indie pop
lJLU6s4DMwegBIuj	chillout,ambient,trip-hop,downtempo,somafm,lounge
lJNFRMtEweJcdgDh	alternative metal,nu metal,metal,hard rock,rock
lK0ylUKuiVm0We4E	rock,alternative rock,alternative
lKJc2DDZnJvdIGcQ	dance,pop,electronic,september
lKJnqf0X8U7vJFGT	rock,alternative,emo,punk rock,alternative rock,punk
lKV1ejXR2L7GqF4f	indie folk,folk,indie,pop
lLLaMUOFl7atjXzt	singer-songwriter,female vocalists,pop,rock
lLN6g4FDpvzDXJl0	glam rock,classic rock,rock,female vocalists,70s
lLdUeA8iY3WciodG	heavy metal,metal
lLeji3uYRILLHfUe	mpb,rock,brazilian,female vocalists,brasil
lLfKM4dOcwvjBz9C	70s,power pop,rock,classic rock,big star
lLoGpllpP6pr445E	turkish,pop,turkish pop,female vocalists
lMBFCNXTRpilOCwa	mpb,brasil,baroque,70s
lMeEMcn3RbJebB7C	indie pop,pop,indie,alternative,indie rock,indie,electronic,alternative
lNLAvnGSYGlAGSJV	underground hip hop,rap,hip hop,alternative hip-hop,hip-hop,underground hip-hop,rap
lOA7Jr4jBwgqM5c3	indie pop,indie rock,indie,piano rock
lOFgSHkzsp0Xhuwz	emo,post-hardcore,lindos
lOFidX8Jxs0ViNRG	60s,oldies,pop,rock,classic rock,60s,oldies
lOJwrPgzFr21cxjK	jazz,ecclectic,hip-hop,rap
lOlc5YLc3ateiAmN	hip-hop,underground hip-hop,mf doom,hip hop
lP765nl3Ds3RsvRo	bachata,latin
lPiG8gbPafVh0SOD	rock,folk,pitty,alternative,rock,female vocalists,brazilian rock
lPuRn0W8QGV3waIC	hard rock,hair metal
lQ5Ao6DK3PYAzzoq	synthpop,dreamwave,synthwave
lQAYJSIRqX2DBNtg	indie,folk,british,male vocalists
lQUJvukizipWC574	synthwave,electronic,retrowave,dreamwave
lQWEHNbWiknD8yYs	folk,indie,indie rock,baroque pop
lRh6XFFfD7VmAhFU	alternative rock,rock,hard rock,alternative
lS5Z7Yf23WvPxJkI	indie,german,indie rock,alternative
lSTqO4bmcyTwF2kK	ballad,dark pop,pop,makes me cry
lT1mNgqhOlIxt5lv	melodic death metal,metalcore,metal,female fronted metal
lTF94dslpvnGIa2T	2019,electronic,electroclash,synthpop,electropop
lTfwEl35vUc3Hw1h	pop,swedish,dance,00s
lTnSI4DXSRIrKijS	brazilian,2016,dub,reggae,ghettotech,brazillian rap
lU0m0JOKlp4UgwF9	rock,latin,argentina,2000s
lUEe1bAmzyswYRKq	acoustic,britpop,rock,sad,british,beautiful
lUbDazuReTSu6TyX	futurepop,industrial,ebm,electronic
lUkLcw49tAyXQ3sN	post-hardcore,ambient,screamo,progressive metal
lV5FirW7hGo2RBPa	rock,indie rock,alternative,indie
lVlN2OTey5gKDv5U	darkwave,gothic,ebm,industrial,electronic
lW8tADQazCyj0XeG	pop,piano,male vocalists,teen pop,blues,pop,piano,male vocalists
lWN0txucZNvYP5td	rap,desiigner,hip-hop,industrial hip-hop,hip-hop,rap,hip hop
lWf389lVtajfPXfE	chillhop,hip-hop
lXoQnPc4WjMDg9tU	female vocalists,70s,punk,punk rock,rock
lY4qGppTFjktynIW	pop,sexy,electronic,groovy
lYQ0AemEMRkbt8li	soul,neo-soul,rnb,90s
lYRbqYLm1IcfI2tH	alternative,rock,britpop,welsh,rock,britpop,alternative rock
lYYaBzvALQ0ZNcsR	acoustic,metal,nu metal,beautiful,slipknot
lYpNXS17S3BVo2lV	australian,female vocalists,indie,singer-songwriter,alternative
lZSQvnrUSxVIYNn2	electronic,indie,electronica,electropop,mellow,electronic,electropop,indie
lZWv197Exi4my8uq	pop,electronic,dance,dubstep
lZbFqSTJpFpXvofN	rock,indie,pop,alternative,dragonity
lZuTBRyWraGdP8QS	2018,indie pop,lo-fi,indie,female vocalists,bedroom pop
laguswJtrqr5eaVC	acoustic,folk,indie,welsh,male vocalists,interesting
latkO2enZdR2t7LL	italian,blues,cover,rock
lcn4wPRuozpNitzx	metalcore,sick breakdowns,deathcore,metalcore,reggae
ld0r2fGTPU8pUzpX	funk,pop,soul,rock,80s
ldue2k1eVOVofdlO	electronic,swedish,electroclash,the knife
le0a61Jf7TXjE0in	2019,germany,chamber pop,chamber pop,germany,sophisti-pop
leYFuBX5356RVcJQ	reggaeton,latin
lerzvWRlm5eIo63q	2step,british,uk garage,2-step
lfDSzOSkpulrDN5d	folk,singer-songwriter
lgN9SuiAOAsnsbgr	heavy metal,hard rock,british artist
lgYNNvIGLVNgS7GI	progressive rock,rock,hard rock
lgj96upYCkkM7xk4	soul,rnb,soul,rnb
lgyUUbP9SkoZla1t	pop,alternative,alternative pop
lh8R2dOH0RTEKG7e	piano,female vocalists,alternative,soundtrack,beautiful,singer-songwriter
lhAAsKqPo9CBpCfo	2018,hypnagogic pop,alternative,indie rock,indie pop,psychedelic pop
liHbVR1A9GKOyDX0	rap,electronic,trap,hip-hop
liV3IcPslu8LJYFk	hip-hop,rap,2017,hip hop,southern hip hop,dirty south
liugCPDXGe12SMjq	pop,dance,britney spears,f-u-c-k me,pop,dance,britney spears
ljB2sgtAyNFLBsvN	emo rap,trap
ljOkn3HLORs3Hcgj	metalcore,metal,metalcore,melodic metalcore,hardcore
ljj26QYEJcJX4m0Z	symphonic metal,fucking awesome,10 of 10 stars,symphonic metal,gothic metal,female fronted metal
ljwHKPtFjOQlgcSn	death metal
ljxbPRmRkMdVhaH1	indie rock,indie,canadian,piano rock
lk7oRMPWR10H5iOB	rock,finnish,suomi,love,finnish,rock,pop
lkSYBptyqNdXbOBK	black metal,melodic black metal,metal
llbxlng6c0iAn9ik	american artist,hard rock
llmdBr61L7LfpmgR	latin,juanes,spanish,pop
lmh4GcqNZWiM61qu	british,alternative rnb,uk bass,2017 single,future garage
lmx8hofKGbp7YhXp	rihanna,rnb,ballad,pop,female vocalists
lmxV7UbqW09Nc2wb	pop,rap,electropop,hip-hop,pc music,cloud rap
ln7XH844MFewx54f	2017 releases,australian,psychedelic,indie rock,dream pop
lnFKLY40a8wDRvog	ambient,2018,drone,electronic,experimental,glitch
lnSMbyE5IE67Iq42	rnb,soul,brandy,female vocalists,90s,slow jams
lnZKR1oTOCESG5zU	metalcore,deathcore,symphonic deathcore
lnlERmLHi1f1J2dV	k-pop
lnoIDTOBIMIILzX9	gospel,fernanda brum,adoracao,espirito santo
loHZtfAmjOHPfm27	darkwave,gothic,medieval,neoclassical,neofolk,melancholic
lobkBaqaP03LpX5H	alternative,indie rock,portuguese,indie folk
lot6gLYA59Mn53bz	indie rock,cover,british,indie
lpFtqZBO36bJvAa9	classic rock,hard rock
lpT51J2X5PB7vVaE	rock,indie,singer-songwriter,indie rock,female vocalists,portland
lpbuq0yOzNKwVGJi	electropop,indie,indie pop
lq2q0kjjJ36crq24	soundtrack,rock,james bond,alternative,female vocalists
lqGmEh8rzGXM4Z60	folk,indie,acoustic
lqhNT0flYsfRt40T	60s,oldies,pop,yesterday man
lqvAkWoz0xl6sdZW	rock,new wave,alternative,80s
lr4NVmH6OD6FlR2C	cover,rock,pop,female vocalists,alternative,alternative rock
lrEymwv2MmVUgJTO	pop,beautiful people,party hard,lucky me,pop,rnb,dance
lrLUUC8FrKCARfCg	alternative rock,rock,grunge,alternative rock,rock,grunge
lrZxL0bnPBJohrJi	60s,baroque pop,psychedelic,classic rock,pop
lrf3h2SZgmuSflgm	grunge,alternative rock,soundgarden,rock
lsudfeEGosAqzZI0	black metal,norwegian black metal,norwegian,metal
ltZ7TJG6yGDNXzd4	post-punk,swedish,indie rock,2009,indie
ltiNQlpq74ozeUfx	rock,alternative rock,funk,alternative,funk rock,red hot chili peppers
ltuqdl7RA2AnWOCR	hip-hop,rap,nelly,hip hop,rnb,2002
lu49ZGXrDxDznfm6	post-rock,emo,indie rock,midwest emo
luKiswcWXx4yRQ0R	rock,indie,britpop,british,oasis,britpop,rock,british
lucRuYES8hIpEqN5	indie,surf,shoegaze,indie rock,dream pop,lo-fi
lv9qo6razyeNcMvG	nocne wyciszenie,alternative rock,american,new wave
lwRWyW7W8kgTUtwq	country,pop
lwjCqRX8vexafTOd	female vocalists,singer-songwriter,rock,pop
lx5TLpzdQGsheGnh	female vocalists,guitar,love at first listen,country pop,hino
lxBjUaQk69np1sOj	japanese,hip-hop,j-pop,electronic,female vocalists,indie
lxCACkLHofS7imn9	instrumental,alternative,electronic,love
lxIk6SqJ6HQVNgbr	indie pop,indie,indie rock,female vocalists,pop,alternative rock
lxMVvMEW8La21pWQ	classic rock,rock,symphonic rock,80s,pop,loved
lzF03M4H0QnKBXZn	pop,big time rush,rnb,catchy
lzgQLpXrGUArelxV	indie,indie pop,alternative,pop rock
lzlyaLL4NZTvth9S	alternative rock,rock,alternative,love,carolina liar,upbeat
lzmqvOHMGPiirgGS	glam rock,rock,classic rock,80s,alternative,rock,glam rock,classic rock
lzv3p4nMYfuhjEza	alternative,rock,singer-songwriter,indie,beck,indie rock
m03JSJArgnUvRkjV	axe,brazilian,brasil,carnaval
m0dEoCeugkhJNEoe	folk,indie,instrumental,british,atmospheric,slowcore
m0dN1gfQpORBXC6R	pop,rnb,90s,female vocalists,r&amp;b
m0jJb93u5Q0BxXOc	hip hop,90s,rap,1990s,hip-hop,hip hop,rap
m0z9Ta1oY0tcMuOw	fip,turkish,psychedelic rock,rock,turkish,psychedelic rock,anatolian rock
m1yHJx08PIwviZwm	indie,acoustic,pop,american
m26rC3RtYEtOpJ0u	k-pop,korean,kpop,boyband,k-pop,korean,kpop
m2h2BBXGBwq6iykm	soul
m3BDp0WO1IA8gapw	j-rock,visual kei,japanese
m3gopfX6etVD3fmw	pop,pop perfection,love at first listen,2018 single,pop,female vocalists,disney
m53MAiqMF9Sp7jPf	indie,indie rock,indie pop,american
m55suftS64OqGs5B	post-punk,punk,london,electronic
m5VnZKdJGPhzq2MM	britpop,indie,rock,1993
m5frr7I41gKgIsgp	chillwave,idm,electronic
m6RhrAaZd67WuSOi	alternative,electronic,female vocalists,bjork,electronic,alternative,experimental
m6wDD2TJe6r4Y6gP	pop,brazilian,female vocalists,rnb
m7BeikdE73aJDNm5	pop,demi lovato,pop rock
m7gADmFpdvANqa6k	shoegaze,90s,indie,alternative rock,shoegaze,dream pop,indie
m7wg6EHAqjK6AP5p	progressive rock,progressive metal,rock
m8kgaB6kDdrkXThs	folk,singer-songwriter,leonard cohen,canadian,folk,singer-songwriter,canadian
m8oqnIEeRk8v9eL9	alternative rock,rock,alternative,90s,grunge,foo fighters
m9ZCSq3BhsrYje87	thrash metal,progressive metal,metal,718 metal
m9w7OcJ2dqRSoosM	soul,neo-soul,anthony hamilton,rnb,slow jams
mAb9hLbSHoj33VQ8	folk,lo-fi,experimental,indie
mB0a1FsImdPG2NCh	indie,pop,indietronica,alternative,indie pop,indie,pop
mBWF5tEgoTIH7wTK	soul,funk,1969,rhythm and blues,soul,new orleans,funk
mCHoVnVlkRQzlSC8	afrobeat,funk,instrumental,brazilian,afrobeat,funk,instrumental
mD2GtGWpt7tm5tWV	indie pop,pop,new wave,2018 single
mDGMGTcpm3ujiTzZ	metalcore,metal
mDUPLPyuMCbspZI2	singer-songwriter,folk,indie
mDZ54xwbRmbQiKOK	singer-songwriter,indie,german,deutsch
mDbAUfW15RTdmOTX	pop,sweden,melodifestivalen,swedish
mDxQC8jH10alFtZT	rock,80s,supergroup,pop,pop rock
mE9QjziJAflanWbh	rock,queen,hard rock,classic rock,90s
mEBVYMOzVEZcws0D	rock,indie,indie rock,alternative rock
mEU5Tub6cekNIUVc	80s,new wave,pop,british
mFH9EuL7pjB9tmxZ	post-hardcore,screamo,emocore,emo,hardcore,escape the fate
mFVnWasYyY6jolgH	electronic,ambient,idm,instrumental
mFrBhZ1Qlf8REPxP	80s,pop,new wave,1980s
mG0mL0C1sq0y9wHE	hip-hop,rap,2017,trap
mGLRdmS40lxuTIBt	progressive rock,experimental,jazz,rock,classic rock
mHU9ULMCZOXn0vdm	folk,indie,pop,australia,female vocalists
mHZxu8lThvzmatkp	progressive rock,rock,psychedelic
mHiIhYAiXxNFdpSV	soul,smooth,calm,sophisticated
mHtW3xpHpijTAJ6a	blues,new orleans,psychedelic,fip
mINOuy0ubZuxiz1r	trip-hop,electronic,chillout
mJ0guutXfHp8C62b	alternative metal,metal,rock,nu metal,system of a down
mJ5EBXzR6Qor6iAg	stoner rock,rock,alternative rock,sexy
mJEYm5FN4l1eJxQb	soul,80s,erotic,sensual,female vocalists
mJJ2NzoZMDEmx9xi	k-pop,korean,k-pop,korean,kpop
mK7vPTu71ytAChLp	electronic,chillout,indie experimental,indie
mKd9jP6q6gEezlQu	dream pop,indie
mLOYQMMMpyUVTCYt	brasil,mpb,male vocal,musica brasileira
mLZSZ3rgUowMErLn	indie,songs i would marry if i could,psychedelic rock,rock
mLZr4Ms9tkh0XCK6	80s,pop,female vocalists,jennifer rush,ballad,pop,80s,female vocalists
mLlZNVAQ9R2CnqNy	electronic,electronica,dance,chillout,downtempo
mLnuSDmDv9xpCbDd	rock,pop,latin rock,guitar,latin
mLvpbHOHaEwIv967	pop,90s,soul,george michael,male vocalists,pop,80s,soul
mMfdAAzLQl2EmnS4	nu metal,rock,alternative rock,linkin park,alternative,rock,nu metal,alternative rock
mN5wv2NEPKC6P8od	metalcore,metal,hardcore,emocore,metalcore,metal,hardcore
mNP02lm9TrvMjgSI	black metal
mNY7qscv5JHM2pTl	alternative,rock,brazilian,alternative,rock,brazilian
mNt1L5N3AKO0QlhK	midwest emo
mO4eAVdWoYXELw2H	indie,indie rock,2016,alternative,alt-country,rock
mOE0FELwQ7CBHKI9	post-hardcore,progressive metal,instrumental,progressive rock,alternative rock,progressive
mOHb9wV1eIQarLHe	mpb,female vocalists,brazilian,bossa nova,2014,brasil
mOJxv3jrKsalfHZ0	hardcore,rock,emo,brazilian,post-hardcore,punk rock
mPrTOa9e5ZllvH8O	ambient,pop,instrumental,emo,chicago,chill
mQQexN2jZzGa3WCD	pop,dance,rnb
mQiXBoBK6Bq1p46O	80s,sleep and dreams,mod,punk
mQmxqfpDo9SPBO6L	shoegaze,ambient,endless summer without sun,beautiful,dream pop
mQwhIpOa3maW1MVg	lounge,chillout,deep house,downtempo
mQwiiryXir6fsErT	alternative rock,rock,funk,funk rock,kick,british
mR0HHeNgtIvxHygv	mpb,o meu brasil
mS2DJ1a3dByaclIi	britpop,90s,british artist,indie
mS77mmYTILW93w4I	k-pop,girl group,korean,kpop
mSLLmz7iFCtTPYlQ	indie,alternative rock,rock,brazilian
mSQ3XEiwlnAzPCN7	2019,experimental,folk,psychedelic,electronic
mTO7HdtUqVycC47Q	60s,oldies,easy listening
mTrUxHgS9FfJ8qGr	deep house,electronic,dark
mU1KfJEX8Ly8YAWO	acoustic rhythm piano,minor key tonality,prominent organ,a dynamic female vocalist,a twelve-eight time signature,blues,soul,jazz
mUnXZmIBXB6tBEsz	math rock,post rock,noise rock
mUoG7JeJG8HlRiNc	electronic,indie,house,electro,electronica
mUwYWuajZhy3MTmM	funk metal,funk,primus,superbass,alternative,funk metal,alternative rock,alternative
mVcD43BU6dWJlB4i	mpb,musica popular brasileira,clube da esquina
mW3QTRFGMRpk78RP	hip-hop,rap,nas,kanye west,slick rick
mXB6NigvPB9jYwIZ	post-rock,dropped something,take me in your arms boys
mXfj5KtF8brL0ktD	shoegaze,90s,britpop,united kingdom,shoegaze,dream pop,britpop
mXmKrNtnsFLtRLHa	classic rock,rock,reggae,hard rock,led zeppelin,70s
mYYCMpw7MVJxR2Wt	alternative rock,loved,alternative,rock,indie,female vocalists
mYbxCy9uBs0lRWyq	doom metal,progressive metal,depressive rock,gothic metal
mZRgvScBgX3wtwCM	swedish,trance,pop,electropop
ma0gFRJc2lN2HcGH	indie,singer-songwriter,folk,soul,2019
maPmvYldS97runEi	rock,britpop,indie,british,alternative rock
mas1tN4UHGAvc3JC	black metal
mbA7Jz2HsW3WzPQg	folk,ambient,fip
mbQaXTestBJcVt6c	post-hardcore,names,air drums,freddy
mc0Ig612SdSCNYRY	reggae,brazilian,reggae brasileiro,brasil
mcNbkeQaDjo6CYuz	disney,rock,soundtrack,black,pop,disney,hannah montana
mcQM5G3GMffWXzOu	alternative metal,metal,rock,system of a down,alternative
mcoFK4Q4wyaJQ5iW	indie rock,alternative rock,indie,rock,female vocalists,alternative
mcsBMuPgB2GmS9XU	hip-hop,dope,2011,hip pop
mdCsm7CFipESXIv1	pop,serbian,house,dance,female vocalists,rnb
mdgYYER2bPK0gMOg	darkwave,gothic,ebm,industrial,electronic
meWpkqLU1DR82m94	pop,electropop,female vocalists
mecwZwZuoSBF7zYs	metalcore,metal,hardcore,melodic metalcore
mewHMFxN7cB2on6B	electronic,abstract,instrumental hip-hop,instrumental,electronic,experimental,hip-hop
meyRuHSugFCQytN3	satanic pop,japanese,folk,j-pop,pop,experimental
mfNc2QhbGuu9FDGS	spanish,electropop,pop,electronic,synthpop
mgfs7A2PgnzcxK1v	hard rock,melodic rock,2010,aor,swedish
mgjqZmWcBEdrt3eP	latin,all,reggaeton,pop
mgpqUBhB0r3sKs3Q	90s,dance,pop
mhhlipNkUzjN5WV9	dream pop,indie pop,close my eyes and float away
mhs0vZrFAuq0WkXR	rap,hip-hop,2pac,90s,west coast rap,hip hop
mhul34hlsA4XGYiH	post-rock
miGoravjm57LPxYg	blues
mjRbLS3t7yeWpqUN	trip-hop,electronic,chillout,female vocalists,trip-hop,electronic,female vocalists
mjmulGjYy1ogo7PP	indie,britpop,alternative,alternative rock,00s
mkZMjWVvydJtj0Nw	why on earth is this just a bonus track,rnb,soul,dance
mku4H6zuJ8yxxACr	cover,covers,crossover,soundtrack
mlHenRzB3gMOjCLj	wave,contemporary rnb,chill rap,chill bass
mlJ6PgeUP9C9dJ4K	melodic hardcore,metalcore,hardcore,hardcore punk,melodic metalcore,melodic hardcore,metalcore,hardcore
mo6LF6YNB4ySSZj5	hip-hop,hip hop
mo9bFoNGXVok32K5	beautiful,female vocalists,a discovery,sweet,work those forms and updates,soul,female vocalists,neo-soul
mog1os72QLHlgW36	acid jazz,nu-jazz,jazz,electronic,trip-hop,fip
mokkHmNUUHUlx9Bi	k-pop,kpop,pop,jungkook
moyPkcbe09viAuV0	djent,progressive metal,math metal
mpRnXB9IPlU7qkAT	art pop,ambient pop,downtempo,ethereal
mpX16vGfsts7yzHP	ska,latin,argentina,rock en espanol
mpd8nWUscKpDz9Yt	pop,british,favorites 2015
mpg2q3J0wVb1GeJ2	pop,90s,dance,eurodance
mqEG5rNU4mgIHxqq	ska,rock,ska punk,fun
mqidFs9AjDQ8coD5	pop,latin pop,rbd,latin,mexico,pop,latin,rbd
mrCWd4wEqSDtZpWG	pop,2017 listen,pop rock,british,indie,acoustic
mrHLgE4mZFfQ8K3Y	indie rock,indie,rock,british,indie rock,indie,rock
mrL476gnmst6Gjfg	rock,alternative,alternative rock,incubus,hard rock,alternative rock,rock,alternative
msU39doBcQ7sSTqH	folk metal,viking metal,progressive metal,power metal,pagan metal
msmaXj6ztPcW5q0N	new wave,synthpop,1980s,1982
mssxr6bHcLrXov7a	spanish,pop,la oreja de van gogh
mtWOmBYkCcG4BRQV	rock,classic rock
mu3SWuD9vWkLwlX7	electronic,ambient,house,indie pop
muNKL9lLnw7adwcH	female vocalists,rnb,pop,american
muOGkG0bSl7qaS1Z	cloud rap,hip-hop,rap,trap,phonk
mumfFTrnPMaTm4u0	country,sexy voice,hairy chest,hunks
mvuQ6mRf2Nv3g3aR	psychedelic rock,psychedelic,rock,syd barrett
mw6a1mcqf3nGLD9i	psychedelic rock,garage rock,progressive rock,psychedelic,2017,australian
mwLjpMXA8cVhCtTz	ambient,ethereal,female vocalists,the lovely bones,dream pop,beautiful
mwYQMc8FgUTV5Bmo	black metal,metal,death metal,thrash metal,death metal,blackened death metal,black metal
mx5od0xKI15BvzIi	power metal,war metal,heavy metal,metal,swedish
mxTapJ9Mu83ASNiQ	rapcore,hollywood undead,screamo,rap-rock
myRhzdJFW6KUWj5V	brasil,singer-songwriter,tropicalia,psychedelia,rita lee,tropicalismo
myY0UlrN8xZmnuoz	xenomania,pop,pop,dance,female vocalists
mz7vVCHrbCJXqmj4	post-hardcore,trancecore,2015
mzQScWWlAbKHI7Rb	power metal,metal,cover,heavy metal
mzbUtcwlqLbaxePQ	minimal,minimal techno,techno,electronic
n0T1qwXEnVt2coEX	punk,70s,punk rock,british
n0VEZINbgUOEp1jq	female vocalists,infantil,children,pop,albuns i own,brazilian
n0XeTUFDqvKwq9ov	jazz,jazz guitar,guitar,bebop
n1Wy5Iz2eNm3XPsn	80s,pop,bucks fizz,80s,pop,eurovision
n1fapLzHMsuetH6h	latin pop,romantica,latin,pop
n1tnSfg3WWlTtzXH	house,dance,club,electronic
n2gcjzcamAGcX2zc	alternative,rock,post-grunge,indie
n32K8BxcNKOSGlUG	pop,soul,2018,rnb,canadian,female vocalists
n337VTB5d04w7q0n	alternative rock,modern rock,post-grunge,rock
n36aAWNnnYpe8l1e	90s,alternative rock,songs you have to listen to at least twice in succession,rock
n3HgGAIBadbP8ceN	industrial,dark,metal,nu-metal
n3sVdHCovwsURq2P	pop,psychedelic,lo-fi,california,chill,synth
n42hIzaDq0YCyf6U	polish,fucking awesome,alternative rock,songs on repeat
n4JrOkRysTahDyyM	post-hardcore,887 cimx,hardcore,alternative,screamo
n4P9GzU5ga60N5oP	singer-songwriter,rock,alternative,alt-country
n4rABMASJ1zROt5b	blues,blues rock,female vocalists,susan tedeschi
n53YzeCcWxYUy6zW	remix,dance,electronic,pop
n5Wbk2xaanaZicuz	folk,singer-songwriter,retro,world,indie,indie rock,danish
n6BkmeSZsH22vnPm	acoustic,rock,john mayer,male vocalists,singer-songwriter
n74xddJ3ud7ROzLR	acoustic,singer-songwriter,folk,mellow,brett dennen
n7Tg0UZ5TgnZ1LTV	pop,indie,british,00s
n7fW0gsuVnl729dS	pop punk
n7ztaEdEONz8579H	electronica,electronic,guateque,quirky,fip
n8G1zHht9dBL2X5Z	k-pop,korean
n8brmwq3EOUPf0DY	soul,urban,groovy,feel good,breezy,pop,rnb,mariah carey
n8f3Ggus0FD7DTuo	rock,indie rock,british,indie,alternative
n8xvKt17lWgyprS9	noise rock
n91w39l4hF6FcYdG	13 reasons why,folk,indie rock,indie
n9a6Q6iaPIsz1kqf	bossa nova,brasil,brazilian,joao gilberto
n9oe1nmpKvkV3E6M	glitch,minimal
nADwkyZDkKizRlqO	non english,pop
nAS0qD3vZ7ekGIfI	lo-fi,experimental,synthpop,avant-garde,pop
nATEWfU09W7gFBMX	indie rock,rock,alternative,indie,rock,britpop,indie
nBdPVhqwb0wwqZo7	screamo,some of the best shit ive ever heard
nCRwxIVfPkkOuRtw	pop,dance,female vocalists,electronic
nDIqoLn0PsylIbpk	female vocalists,folk,acoustic,indie
nDarbiVtsaHmiI75	soundtrack,favorites 2016,the vampire diaries
nDxZJo6HwY0Op0GW	reggae,ska
nEDQ9xA29qLPLOKM	lush,trip-hop,female vocalists,electronic
nETVg0jyX7d0az9M	punk,punk rock,70s,rock,british
nEchofwGXxIZzv4p	alternative,rock,indie rock,indie rock,indie,british
nEe3B0Zk4TRcjsJt	dream pop,indie,lo-fi,surf
nF8R01cxMxtWmLgn	indie pop,indie,alternative,female vocalists
nG0YNdNS2zrJN4Rg	thrash metal,metal,speed metal,heavy metal,anthrax
nGDODC1ni8KSFs3S	country,country pop,beautiful,modern country
nGZhprdUvUM3JaUL	death metal,brutal death metal
nGvcA2E17oa2vdNS	indie rock,dreampop
nH2S1ksqiG9WoYnf	britpop,indie,90s,rock
nHCDyywOBly6TijJ	synthpop,indietronica,trip hop,dream pop,twee pop,hypnagogic pop
nHKP2Hrs77h9JyBb	indie,rock,alternative,indie rock
nHQtMLCCqk6O0Rvz	post-rock,ambient,chillout,instrumental
nHmx9OEQu7ydkzYQ	power pop,angular guitar playing,post-punk,80s
nIGre1Noh6z9ASqL	77davez-all-tracks,instrumental,post-rock,math rock
nILB8rWJQjmbZySI	dream pop,brazilian,rock alternativo,rock triste
nILbsQmMPLjDAINz	folk,singer-songwriter,female vocalists,mellow,soft
nIMUCm9agWr9oLwv	rock,alternative rock,alternative
nIcPv3NKMN22CiWF	60s,phil spector,1962,pop,mad men
nIn0PfPxmGfarnyu	lo-fi,acoustic,folk,sad
nJ1d2gM99jxik8cG	metalcore,progressive metalcore
nJJxhLt1q0Eyd2XC	power metal,heavy metal,metal
nL5OISo1ClBQrJ2y	fip,indie,indie folk
nLWa3GoWCE5lAJSb	vampire diaries,beautiful,perfection,soundtrack
nMUaWFvnUnuI9Ac1	post-hardcore,pop rock,screamo,alternative,british
nMdBpusgXsxGcfdZ	2013,experimental,lo-fi,avant-garde,dub
nN3O8VNYQCYjMekm	pop,dance-pop,steps
nN7xNQVoHjcoSpC2	post-hardcore,lovedbyme1
nOH4zvXsKu4BspFh	soul,female vocalists,joss stone,neo-soul,rnb,pop
nPDuwlTGLMy2pVIc	latin,pop,spanish,beautiful
nPUnaSw2di6dN2RB	classical,waltz,instrumental,classic,classical,romantic,waltz
nPxMaxP8fMxl6qmK	indie pop,rock,indie,indie rock
nR8ZAw5ZsGriuFGK	dance,house,electronic,trance,folk,latin
nRKxeMZ7lPmyhLRC	ambient,contemporary classical,neoclassical,cinematic,piano,minimalism
nRMEuBumDTScsiGv	pop,dance,j-pop,electronic
nRNVhcp9YtVXYq5h	post apocalyptic,indie,british,alternative,post-punk,indie,british
nROgbxPk7lgXPE0X	colecaomerkiclavedeiglamarana,bossa nova,mpb,brazilian
nRPftBFrdAiW8Lj6	rock,alternative rock,alternative,bagel,somafm,rock,alternative rock,alternative
nRocxGEqZFYlfgNV	pop,canadian,soundtrack,disney,movie song,pop,soul,rnb
nSEJQ4sZ3ypfoluJ	rock,10s,2013,british,rock,glam rock,classic rock
nSMAjBGtbR6MVJwx	rap,hip-hop,emo,post-nerdcore
nSfM5WsmOPzwpMnC	pop,female vocalists
nUeujbG1fzIjEeRm	bossa nova,mpb,brazilian,female vocalists,brasil
nVJ46U5XJp6vVBAT	pop,dance,female vocalists,britney spears
nVUZNjJPFDVOyVVK	2018,indie,indie pop,singer-songwriter
nWLYOvar0i992XYK	reggae,latin,world,ska
nWamstGAwBbfV6Zn	classic rock,rock,60s,southern rock
nXnslafha5exl2wG	indie,acoustic,folk,singer-songwriter
nXvv4prUv9neoDTH	pop,cheryl cole,british,female vocalists
nXzCXxOF61QR74iW	80s,indie,alternative,new wave,the smiths,rock
nY793S0Nmnw3WVah	acoustic,singer-songwriter,mellow,jack johnson
nYIltGMJloIMEpka	heavy metal,nwobhm,metal,iron maiden
nZBEv5uKLVIkwFYZ	k-pop,korean,ballad,male vocalists,k-pop,korean,ballad
naYyqlV896qcW9Ib	grunge,rock,90s,alternative rock,grunge,rock,alternative rock
nb6LuREzlRpr5aLi	rap,piano,trap,rap,ceara
nbRSgR24dEWGfdhh	female vocalists,soul,rnb,acoustic
nbWQ6SOuRoBpS9Cw	jazz,bebop
nbkyUSWlmSZ7BJlR	rock nacional,nando reis,braziliansongs,brazilian rock
nc4SARK6P3qrsRSj	electronic,electropop,synthpop,sweden
ncSSmL3hiZR8Km1L	rock,rock gaucho,80s,classic rock
ncVC39967S2luyxl	progressive rock,classic rock,60s,symphonic rock
ndXBIsqaPi7IiFQY	singer-songwriter,pop,male vocalists,soul
neJbL20BpMe1HT7l	cover,ska,ska punk,covers
nfBTxeGY09zLP6Eh	80s,pop,new wave,trevor horn
nfHK3hrKteXZB6oF	night,ambient pop,electronic,ambient
nglKi37XDOu1v7tn	rock,pop punk,2015 single,sws
ngzBocDgeJXBDlyI	pop,female vocalists
ni6EeaNJ4FeZnn1Z	pop,rnb,bop,pride
niEffBEGRADgYdQN	hip-hop,funky,soul
niNxIWxw3NO1yW1s	punk rock,pop punk,punk,rock
niRBN14d2jkTn4Tj	2018,folk,singer-songwriter,female vocalists,freak folk
niSzJNsME53hGC3M	jazz,cover
niUYgqkjIOwLEtPb	k-pop,kpop,korean,pop
njJJOYIrieErTAZH	banned,hip-hop,rap,underground hip-hop
njSr67xjadTZAbsu	post-hardcore,rock,ambient,alternative rock
njmVfMWpaLUTSPJi	pop,spanish,trilleville,easy listening
nkcT8p5p79e83Nh2	female vocalists,merkliste,best of 2014,radioeins,indie,electronic
nlQpZZBdaUdtPurM	pop
nlnBghrlZaWjKhUt	pop,swedish
nlqjkYH8fIDud7YW	post-hardcore,screamo,2014,the wave
nlwdfGw4ITli4enw	rap,hip-hop,hip hop,female vocalists
nmETyL3HfxFtdKXX	rock,alternative,pop punk
nn187jg75UFzwJrv	indie pop,2017,indie,electronic,american
nn1wiCesSEnTrI7a	pop,latin pop,latin,spanish,reik
nn8OOySF7hezKY6Q	heavy metal,hard rock,classic rock,metal
nn8ksVCArK3kzXW0	2019,cloud rap,rap,hip-hop
nnGqwGWCOSmceOGQ	pop,brazil,brasil,ballad,brazilian pop
nnf9XEqKR3MxaLxQ	shoegaze,post-rock,dream pop,dreamy,7 of 10 stars
nnmUHACiZjVUt2sp	indie,rock,indie rock,alternative
nntfTdvyRfW9RbK0	electronic,alternative,experimental,funk,alternative,electronic,hip-hop
nnxad8rXiojcpFCy	rnb,american,r&amp;b,epic,2012,rnb,soul,female vocalists
noDaZ3mJhuaqVa9j	female vocalists,pop,pop rock,love songs
noJGfdyDVoktAqrc	ambient,drone
nopK3mCFEFr4vLlq	thrash metal,progressive thrash metal,progressive metal,metal
npF8z2i4UDkPpF1i	rock,alternative rock,alternative,female vocalists,sexy,veronica mars
nphtg4s2OkmhCeq5	indie rock,indie,alternative,post-punk,rock
nqUNuogbzQWmIFbF	mpb,extremamente cantavel,psychedelic rock,rock
nqUT7zCu1dispxw8	post-hardcore,screamo,hardcore,emocore,post-hardcore,screamo,hardcore
nqyxZqm7A9fptn5V	atmospheric,post-rock,dream pop,chamber pop,indie,art pop
nrokoexlqVdshFlJ	j-rock, pop rock
nsCQHt8EBDUBsQq8	hardcore,jazz,mathcore,jazz fusion,progressive metalcore,the dillinger escape plan
nsErWH3ZbbTjwt9A	pop,electronic,teen pop,male vocalists
nsFwXCnPaODZwSSp	indie,experimental,rock,psychedelic rock,2013,indie,electronic,psychedelic
nsoojDZXee47OxRm	metalcore,deathcore,hardcore,metal
ntAf241hE7f1GBNV	trance,electronic,ambient,chillout,dance
ntEBAcYFLk2JFP7Y	funk,brazil
ntsZ7NCxS8L9VoYH	post-rock,shoegaze,post-punk,french,trip-hop,dream pop
ntukK8rr6sX6s9P7	classic rock,70s,rock,power pop,british
nusYUEXufftC8Qr9	country
nv00pislrfOkUfpE	soul,90s,rnb
nv3xSg0A9aHJgQi4	pagode,romantico,rio de janeiro
nvPEiHnxPLNMmdny	indie,alternative,lofi,ukulele,ukelele,uke
nw3VdcFQcpnl6iw2	electronic,pop,electropop
nwF0dGv2LsDNQTwS	metalcore,progressive metal,mathcore,technical metal
nwzkts3Vdc3Q2zK7	pop,spanish,latino,español
nxPWzSZBZ4j2fjNI	hard rock,rock,alternative metal,metal,alternative rock,egypt
nxac5MTo9k79IR6p	indie,indie rock,indie pop,alternative,rock
ny5WWW4UDPYKaum7	folk,indie,singer-songwriter,folk,indie,singer-songwriter
nyiadiR65NY3v4Jk	soul,seattle,northwest,incredible
nzjzCo2D9ddKggJb	emo,indie,indie rock,punk,emo,indie,indie rock
nzxEOuTlFv5uSZ0o	indie,indie pop,lofi,dream pop
o09RlJoTLezEnLZo	experimental
o0AsplF6PujqsR4H	german,indie,rock,deutsch,deutsch rock
o0TmAD9tlB3NDNYS	electronic,dance,trance,electronica
o0bb0ugouucbor8h	folk,indie,fip,indie folk,folk,indie,fip
o0slFl1grEy2mkit	90s,electronic,pop,chillout,dance
o1ezFNExL7OlOaGp	rap,hiphop,hip-hop,hip hop
o1ht8481qc8Bv1NC	hard rock,psychedelic rock,progressive rock,psychedelic
o1l4EgRv1OOF3aVs	folk,indie,singer-songwriter,british
o2MLqKbKs5NUGtDO	synthpop,pop,electronic
o2QcjsZQqAw0bA1Y	k-pop,korean,kpop,block b
o3IbPJ1pP7MUZowG	electronic,jazz,nu jazz,progressive electronic,4 stars
o3YYgcW9uo3KmFbr	samba,o meu brasil,2011,mpb,female vocalists,brasil
o3zSZmG7kyacdFYX	cover,heavy metal,metal,fleetwood mac,7 of 10 stars
o4lOApQQ2dKRVzUe	dream pop,electronic,alternative rock,shoegaze
o5A50wpxwBcZkkex	rock,hard rock,classic rock,80s,hair metal
o5C3Zi8GpvxtFxaG	soul,soundtrack,the help,private practice,rnb,soul,female vocalists
o64J3SARDQwwk8yP	pop,lyrics,best of 2013
o6NF2i5lZvp79KWq	trancecore
o6f1vBg76XF1vxJR	symphonic metal,power metal
o71YQ00mYNAS6tnb	pop punk,punk,punk rock,rock,pop punk,punk rock,punk
o74lzgfgplhdBxzK	shoegaze,alt-country,indie,banjo
o7r5c2Ct4et5Qnnt	fip,folk,singer-songwriter,acoustic
o83Oide1YU4nvUeh	fip,oldies,classic rock
o8XJnygJx27rWNeB	alt-country,indie,indie rock,folk pop,rock,alternative
o8eKq8Y5IwHjNvC3	thrash metal,metal
o8fa8lVeEAD4N6xz	electronic,tropical house,house,party
o9DjEkfL0XFltWjF	turkish,electronic,pop,turkish pop,female vocalists
o9OocaPGmJHLoAcW	hard rock,rock,alternative metal,halestorm
o9Ri93h9CgQdsYb6	black metal,progressive metal,folk metal,doom metal,progressive black metal,doom metal,folk metal,black metal
o9TOqBk57OKneCJi	soul
oA7uzNqqVEIYY2RN	shoegaze,ambient,instrumental,post-rock
oAeWeUD8gzs7QYYH	chill,lo-fi,soul,rnb
oAjbcmZrYSGUnVrK	pop,pop rock,acoustic,sexy
oAvJ5hCBXGC2dpjJ	jazz,jazz,saxophone,swing
oAvTgJtnLVBjdEcj	lo-fi,downtempo,folk,tonight belongs to you alone
oB3vaE9GJgvV42av	hard rock,rock,2010s,2018
oBeZT3y9P9Pa7J7E	swedish,post-punk,indie,new wave,indie rock
oBjXMZHnfXwxl2NQ	rock,uruguay,rock uruguayo,ska,latin
oCL7oLwZ2J4sgK2d	indie pop,pop,the bold type,hey man
oCnkH9LKVJJuWOh5	jazz,female vocalists,jazzvocal,jazz,female vocalists,jazz vocal
oD1CELlwEoxJHukk	pop,piano
oDAsL8lw4IRwDzA2	90s,indie,britpop,1990
oDF4ZW8PChJO0DNx	colbert,singer-songwriter,alt-country,indie
oDFSdbjkyVqWow5b	mathcore,progressive metal,metal,experimental,mathcore,experimental,hardcore
oDbr0TKBk1jt4kc1	mpb,folk,cidade negra,reggae,brazilian,brazilian reggae
oDnuXDaCIkscsA9v	psychedelic,ethereal,dreamy,chillout,dream pop,haunting
oDt0Uex3Y2PzhwYI	funk,soul,kool and the gang
oEAJQ7KVHew2tjFF	rock,female vocalists,90s,alternative,pop
oEjZGKTBZ0ja9Ypp	kpop,kings,station,lendas,nct u,kpop,k-pop,korean
oFVs2lt9wbHdWiO5	awesome,love,electronic,pop,owl city,fucking amazing
oGDJhvkjk7dMBTcg	epic,indie,post-rock
oHBSl7aP4WuNuq2M	psychedelic rock,60s
oJTDc0Cw5ZQpDNch	indie rock,british,2013,rock
oJbLFzfGodSA74Pp	new wave,80s,synthpop,synth pop,british,new romantic
oJvYrCSTGL2y97Aq	pop punk,post-hardcore,easycore
oJz5caTKAhOJPur6	indie,rock,scottish,british,indie,rock,scottish
oK0M8BwORMOWOGUF	pop,britney spears,dance,female vocalists
oKNu3wmU88In3Mm3	indie,indie rock,2011,folk,indie folk
oKlRejCdgxIgaauC	70s,oldies,neil diamond,pop,singer-songwriter
oKoE0HXvBO21OMxS	soul,blues,rhythm and blues,oldies,motown,love songs
oL7R00aRmL9z1e5B	punk rock,punk,australian
oLr7VqRsMkOtr3Pm	house,electronic,deep house,omg the title
oM82hSsW3aA2MkRd	soul,hip-hop,alternative,british
oMg1M0qNOPVDdAyZ	fip,60s,cover,covers,60s,female vocalists,pop
oMwMItMFB0OthJg6	pop punk,pop punk,rock,indie
oMz4FQmPRzdk3rLU	indie,folk,alternative,piano,british
oNf01m7GAPp3SoxE	60s,classic rock,rock,alternative,proto-punk
oNkx5Atzov6s9g62	italian,sanremo 2009,pop,female vocalists
oOTeyYPGHa0ZhN3r	alternative rock,rock,scottish
oOy3JOWtSQRAVtWk	world,club dance,rakt over disc,2012,arab remix,arabic,rai,world
oPigzupOOncRLEvu	folk,singer-songwriter,female vocalists,freak folk,2014
oPyfsuPz96kvFsDT	jazz,oldies,swing,easy listening,male vocalists
oQE5m5QsWCCe6tCn	country,eric church,modern country
oRnIcnOyIvxVyEbr	indie,indie rock,british,rock,math rock,alternative
oRzfUTqrfDrnGGO3	industrial,noise,experimental,dark ambient
oS1OjybSuOhRCZ6p	lo-fi beat,beats,instrumental
oS4QxHFeXJCFcJDZ	indie,indie rock,usa
oSHJ4yVgCtggk7u4	rnb,pop,beyonce,female vocalists
oSIpDC4MEUnXgRsP	groove metal,metalcore,metal,thrash metal,nu metal
oSesjsfIGdjcswFY	male vocalists,group,pop,rock,pop,pop rock,90s
oTNcKAMxTruEdq0Y	house,progressive house
oTiz5jIDgsoHTv4J	pop,piano,british,deep house,approved
oTnxVesx9z3FyTH4	death metal
oTqTECRqXDxu9j86	post-rock,indie,pop,female vocalists
oU2ZHvbupLJCrzs3	symphonic metal,gothic metal,female fronted metal,metal
oUBOESKk4oq3p5Cy	k-pop,kpop,asian,korean pop,asian pop,10s
oUHRF179nQPFwhH3	summer,electronic,garage,love at first listen
oUVIn0gE1qqM6uEq	pop,soul,female vocalists,rnb,80s,pop,soul,female vocalists
oUfP5dhymZi6qoKb	female vocalists,singer-songwriter,pop
oUjAwd88ee1FQEXb	2016,indie pop
oUrBRzt0Sfu4lyLV	rock,alternative rock,post-grunge,female vocals,rocking out,beautiful
oVEcBGcAomW7cuAj	pop,dream,girlsband,j-pop,japanese,pop
oVNzQtf3mUZrmeq3	bossa nova,chillout,latin,female vocalists,brazilian,bossa nova,brazilian,female vocalists
oVxmlOPr6W8miu6z	rap,hip-hop,emo,2-17-19,post-nerdcore
oW65OvZX3DGNsZiN	grindcore,metal
oW9eWP4LLgKOOp53	rnb,soul
oWIKXcggbJ59FBK1	punk rock,punk,oi,the bouncing souls
oWIW532xFTFoVRV7	mpb,bossa nova,brazilian,female vocalists,brasil
oXaJjb8rjpUCB7pj	psychedelic rock,classic rock,60s
oXgfTuNOvCktA5bu	folk,lo-fi,2014,indie folk,female vocalists,dark folk
oXhMIv7tCI3mZ6PN	70s,the who,classic rock,british
oYLbfNIHbOCAZiAT	coldwave,synthpop,post-punk,new wave
oYP5X3LtlKBBYHvY	places,indie,post-punk,russian,post-punk,indie,russian
oYY3ViVyL5RmjBJl	electronic,trip-hop,shoegaze,indie
oYbTjQsSrDhXzpK5	electronic,chillout
oYmCwkD62fD98sNB	post-punk,noise rock,10s
oYyQUlk847e4fWXI	french,indie pop,pop,indie,alternative,french,indie pop,pop
oYySnUK9gYzXXDVu	axe
oZfT9xe6xR8u8P1Q	thrash metal,metal
oZgwgxzO2w5MOnpk	lo-fi,emo trap
oZjJrTShSQMSllPp	hip-hop,rap,nas,hip hop
oaKhdqbEH5y967s7	80s,pop,new wave,paul young
ob0hB3kb2TjrlY63	beautiful,female vocalists,happiness,melancholic,symphonic metal,female vocalists,female fronted metal
obh0GDKmGL3NAviC	jazz,sexy,cover,love,relaxing,jazz,lounge,bossa nova
obqWNcyT7ggZDLr4	classic rock,rock,60s,the who,mod,classic rock,rock,60s
obuEIRqng4XXMUxN	hip-hop,beats,black,blue
obxWltockucb9rGD	hip-hop,rap,underground hip-hop,hip hop,dilated peoples
oc49Thxw6F4ef4dS	indie,canadian,indie pop,indie rock,tegan and sara,female vocalists
oc5KIeLjELQhcUuj	check out,2018 releases,indie rock,australian
ocoDwp4ged1raXpV	pop,80s,pop rock,spanish
odYQLgcOBMfXZ2Gr	experimental,instrumental
odaiCyEKerGZY3Uo	rock,indie rock,indie,british,alternative rock
odbsrmRnJnr9s13g	new wave,the cure,post-punk
oeLHJHBGVbkNSouT	soul,john legend,rnb,neo-soul
oeNipz2YMkm6SLy5	eurodance,90s,dance,techno
oeQwDGf7Q6X5pY6o	latin,pop,dance,90s,ricky martin
oej2fCZ2DGvXjf3O	alternative,indie rock,awesome,dark pop,linedance 2018
ofDWYDgdmwQRaZ6e	technical death metal,2017,death metal,best of 2017,brutal death metal,technical brutal death metal
ofposGxlMvW2l448	electronic,house,progressive house,electro house,electronic,house,electro house
ofqFeUvSIwIQwbuM	funk,soul,70s,disco
og4lAykOilUzUe3h	singer-songwriter,indie pop,dream pop
ogH6ZnPePE3s4osq	experimental
ogIP2pDuibwECNXH	2008,b-sides,b-side,rock,southern rock,kings of leon
ohuzYjb0fxrNG3Yz	pop,sweden,melodifestivalen,swedish
oixBJUdsyUzA1mOi	alternative metal,alternative rock,hard rock,rock,damn great song
oj6Hc8tTigYOOs7A	cover,metalcore,progressive metalcore,australian
ojbwCMSHgIDT6Qq6	metalcore,mathcore,hardcore,metal,math metal
ojeQdo6NxUx6HLLy	death metal
ok6kJpc40tWTKiSf	90s,pop,rock,mellow
okK6zKu96oeZwdlc	black metal,ambient black metal
okaLYKOYloMp1EaD	new wave,80s,post-punk,rock,funk,fip
okwJZLoxvcidsWgf	japanese,j-pop,anime,kalafina,garden of sinners,japanese,j-pop,anime
olUmqXBuI2HIcfxO	post-hardcore,screamo,hardcore,melodic hardcore,emocore
oll8ho3mdBIi0MFK	dance,90s,eurodance,trance,pop,eurodance,electronic,dance
olyQncVzwINjsi8m	pop,demi lovato,emotional,sad
omWIhzCNj4V1tcxx	electronic,alternative,dream pop,ethereal,linedance 2017,etheral
omaiCdhkZC7PDMlJ	eurodance
omcTNhhFvdgvIm7B	jazz,free jazz
on5YoGIxbWJJisFY	rnb,female vocalists,soul,the heat
onVx0LUE6COU6KoK	experimental
onfl6TnAN8An3kMr	rock,brazilian,brazilian rock,80s
onj0loLwe8zTqNeq	country,male vocalists
onu1ncT91AWXXJiF	experimental,electronic,fip,avant-garde,80s,female vocalists
ooNdKYBUi1FK026F	classic rock,hard rock,rock,70s,led zeppelin
ooVEG7hjAf7hY24F	house,electronic,deep house,trance
oomObFXsfiEwptAu	darkwave,gothic,gothic rock,atmospheric
opAMW1rxZig70rhM	alternative rock,instrumental
opXnBz1qtWojh4W6	stoner rock,hard rock,rock
opxNfsWLpwSQNZnN	soul,hip-hop,lauryn hill,female vocalists,rnb,90s
oqF5JBtX3gMldUM8	heavy metal,nwobhm,metal,iron maiden
oqLVWJQ5bISwcFRb	rock,90s,alternative,pop,soundtrack,alternative rock
oqlLoXwoqhtUgv5n	electronic,experimental,trip-hop,ambient,indie
orVANz3iqnM4O6iQ	pop,synthpop,bop,love at second listen
orX0jGEmPHTm4Att	crossover,hardcore,thrashcore,hardcore punk
orzwFrro1PgsBysQ	japanese,hip hop,electronic,hip-hop,japanese,hip hop,electronic
os8RKOPjc4pr472P	idm,drone,ambient,psychedelic
osE8EKs0vKtc2GIg	power metal,melodic metal,metal,heavy metal
oslD4dIvYIi7aIlo	pop punk,punk
osrkngau0oa9mmAi	shoegaze,cover,dream pop,covers
osuxt5oiNbMjgCqA	piano,alternative,female vocalists,beautiful,singer-songwriter,soft rock
otpmKPki6xLvPaG7	alternative rock,hard rock,staind,rock,metal
ouCz0m4ZJ6stmqGq	eurovision,pop,serbian,eurovision 2007
ouJPk73YZ3K9zOm5	deathcore,death metal,brutal death metal,melodic death metal,deathcore,death metal,metalcore
oupLLUNjWtksavOA	rock,hard rock,indie rock,so cute,timj,voice crush
outq88QO9BkWwynl	indie,chillout,german,sexy,electronic,alternative
ov3moLva9pg5CfPw	progressive metal,music to fist a cat to,i suck dick for crackmoney
ow4fVugICjxz8trr	pop,rnb,australian,female vocalists,r&amp;b
owPjxatK3F2kLYTx	punk rock,rock,punk,pop punk,sum 41
owUT8r69ReOqhRAB	electronic,hip-hop,hino,epic
ox1BMIIV9kMUXO6z	metalcore
oxPxFXgsrkcXsuto	rock,80s,classic rock,hard rock,female vocalists
oxQoQT3053utzkXv	britpop,rock,british,indie,alternative,oasis
oxah61n20HF6EzTH	group1,love this song,britpop,rock n' roll,group2,rock
oyrTPe6dOmUVQXjF	deathcore,hardcore,downtempo,metalcore
ozQABjVAvEUZbC6l	melodic hardcore
ozorILeSOu3Xqb3D	power metal,melodic death metal,pop metal,awesome
p09sVaz3sDmZBz2W	britpop,80s,1987,1980s
p0hFc9Y2eWzYVEzN	electronic,alternative,female vocalists,indie,electro
p1VP0vVJmgPUIrqH	fip,indietronica,indie,electronic,british
p2C11NvlN0hm4tjX	indie,indie rock,indie pop,surf rock,electronic,new wave
p2Fx7VmT8OVTkxUx	punk,punk rock,hardcore
p2JhBbYaPZzyadAW	chiptune,electronica,electro house,synthpop
p30aZD9IEuTFXfqQ	rnb,female vocalists,pop,hip hop,hip-hop,rnb,female vocalists,hip-hop
p3RhCgawpmIu87Jg	piano,contemporary classical,instrumental,italian,piano,contemporary classical,classical
p3qDTJAGVCKtoqz4	pop,dance,electronica
p4XjV5ejfRmZMj8S	soul,chillout,indie,alternative rnb,pop
p56FKImzwjSbmWim	female vocalists,70s,singer-songwriter,alternative
p5HtO2R3uTnstIKJ	darkwave,minimal synth,synthpop,minimal wave,ebm,darkwave,minimal synth,synthpop
p5MSuwwvXMktLevN	scrubs,acoustic,singer-songwriter
p5NrlwC4GVSjFhFh	electronic,korean,indie,singer-songwriter,female vocalists
p5dgjKlXcmMugTwh	dance,pop,drag queens,diva,queer
p5ywwKVV4r0Nz1WA	rock,pop,pop rock,female vocalists,avril lavigne
p6MTx41uFtPJcimZ	funk,dance,electronica,funk,dance,electronica
p6XNfHfVfQ8IijdJ	indie rock,rock,piano rock,indie
p6ywZ67s8CskiOkB	k-pop,korean,kpop,hip-hop,male vocalists
p7FDCInYIE2kTwu8	female vocalists,90s,singer-songwriter,rock,alternative,pop
p8TpMdwHUylAMmIb	acoustic,folk,piano,singer-songwriter,mpb,singer-songwriter,acoustic,mpb
p8ZtFvOfKvzgWlRh	pop,rock,glam,american idol
p94OXn3JfaPBLLub	indie rock,jangle pop,post-britpop
p96ecYYwux3sfnuI	post-black metal
p9EaYpek5p0O3ZOM	indie,indie pop,songs i wish were written for me
p9FqZK3en62G5hQZ	ambient,contemporary classical,experimental,piano,avant-garde,neoclassical
p9hEB1F0n4sk0TU2	female vocalists,2012,electronica,gossip
p9l4iJpMptX8KjC7	dark electro,electro-industrial,industrial
pA4GYy7eeRo60I7s	2015,electroclash,electronic,female vocalists,electro
pA9XkzxAthZUcxhr	80s,new wave,rock,pop,80s,new wave,pop
pAzgyML8giA3E70J	alternative,indie,rock
pDIukwJ1WHb5SWRL	60s,oldies,folk,pop,georgy girl
pDgv9RYO0CIaKHsL	idm,jungle
pE41p7CevT2YMMuk	female vocalists,pop,german,singer- songwriter,singer-songwriter
pERsfsISTXg8ZNfa	eurovision,2012,eurovision 2012,iceland,eurovision song contest,icelandic,pop,eurovision
pFiSDWOmVCxWU1jP	rap,brazilian,rap nacional
pFsHbz4NiRIPdWTU	2018,indie,indie rock,folk,female vocalists,chamber pop
pFxs9ExGmEVjIvL1	rock,alternative,alternative rock,female vocalists,90s,garbage
pGMcCP4Tw1EWJCxj	progressive rock,progressive metal,doom metal,atmospheric rock
pGMhzNzWZPbzPEWZ	pop,uplifting,canadian,love
pGmccNX6NInwgRut	post-punk,new wave,alternative,80s
pH97idDxXVlnq3xH	country,dixie chicks
pI3oFDhVorJRRpwH	eurovision,esc,switzerland,eurovision song contest,eurovision,pop,swiss
pI8pEepzPFOJ7fa3	progressive rock,melancholic,mellow,beautiful
pIEVzi5STKUj99hL	punk rock,punk
pIgaxnuoMqgU93LG	classic rock,rock,70s,the who
pInAet83BcRrOJ1Q	symphonic metal,gothic metal,female fronted metal,metal
pJvIwrMWOZ7SqezB	industrial rock,electronic rock
pKG73LcLu9IOwQIe	portugal,good,gosto mto,poetry
pKKWSRBGCXy9RWw2	electronic,experimental,alternative,female vocalists,icelandic
pKhTiiQuWXebPJgV	pop,rnb,black metal,justin bieber,2015,pop,rnb,justin bieber
pL1Qnfj8IPjKrzXu	country,dolly parton
pLHicvkgqFLpvj1E	thrash metal
pLrBgzYu0wXsq1SQ	rap,hip-hop,hip hop,eminem
pLzVfVM0ulScobjS	classic rock,hard rock,rock
pM3HbhKQYzERrfDp	metalcore,progressive metalcore,6 of 10 stars
pMBZbu8Q8hasOEiv	pop,elina born
pMdgYE9VTAnYeiWz	2016,indie rock,indie,female vocalists,british,rock
pNUcTH7vMfVZ7yYs	pop,cover,summer,uplifting,2001,pop,female vocalists,british
pOdtRWD0re8PHjnb	catalan,folk,pop,all
pOeblkNJkVqaYsB8	alternative metal,metal,metalcore,hard rock
pPC261uFVJDGKODR	progressive metal,metal,progressive metal,sludge,metal
pPO6D7zh9D3q9BL1	hip-hop,rap,underground hip-hop,stories
pPXS3vdr7zN5c9WW	funk,rock,prince,00s
pPhgSadZphSZkwam	classic rock,70s,british,pop
pQP7ON6hChmjx3kz	pop,rnb,female vocalists
pQTg5VHeTv4pMo6o	fip,jazz,swing
pQVtEGdK8bfK9LHB	pop punk,female vocalists,hey monday,punk
pQfTIHmVYxPDrMx3	electronic,american,chillwave,indie
pRXJu8ro7xUxj77b	fip,tango,lounge,chillout,electronic
pRbxDKaY9uKqWCVL	hip-hop,underground hip-hop,2018,rap,hip hop,hip-hop,underground hip-hop,rap
pSD8rcEcgqnjU5BA	synthpop
pSMEiJYsZi6HDWBI	grindcore,crust
pSTHHXQ9LWLDcapN	electronic,chillout,lo-fi,ambient
pSlZY2HIj1tinSv8	deathcore,metalcore,hardcore,screamo,death metal
pSornxzq4Lgmtry6	pop,ivete sangalo,mpb,female vocalists
pTGkzCiBsxblfb0B	heavy metal,metal,hard rock,instrumental
pU2GWGf2qj21Skhk	chillout,downtempo,trip-hop,lounge,electronic,chill
pU898rd99dwJXmFP	selena gomez,pop,dance,pop rock
pUAd3C0mmlR4gY3S	disco,latin,funk,disco
pUNz82CMydiJPzeW	progressive rock,rock,progressive,prog-rock
pUheVknkO9TFMTg2	art rock,2018 single
pUvl2VhaCiqo48kN	classic rock,hard rock,rock,rock ballad,70s
pUx00vPWGXyDHTUV	singer-songwriter,indie,2018,female vocalists,alternative,acoustic
pVU418KZuM6FPqLf	dark,experimental,autumn tapes,instrumental
pVidfQyCntTCkBph	awesome,folk,electronic,american
pVpLCYoT0XLVq2cx	soul,pop
pW6Bb9hoKK45z1ZM	drone,noise,shoegaze,epic,ambient drone,drone,shoegaze,ambient
pWxzZ2jkbbZV0SZJ	alternative rock,rock,90s,counting crows,mellow,alternative
pX6PUgrvbUL7K939	post-hardcore,alternative rock
pX877XjZZoXvyhP4	60s,1967,psychedelic,folk rock
pX8IEBAy4f9ndQko	post-hardcore,hard rock
pXG1Nh1mTqrPSPqF	grunge,rock,alternative
pXxSlviEbBElxSEQ	rock,alternative rock,alternative,grunge,alternative rock,rock,grunge
pYF9u07i4V1mXdie	alternative rock,john frusciante,alternative,guitar
pYMmaH1WELKGBrHE	lush,electronic,downtempo,female vocalists
pYbjrIDObV1ZLgxt	classic rock,70s,rock,country rock,eagles,soft rock
pYhUOR925maoe3Cy	80s,alternative,new wave,british
pa5bxtAsLOShYZKQ	sertanejo,brazilian,brazilian country,male vocalists,sertanejo,brazilian,brazilian country
paL4zqtJ7glD9oj8	rock,britpop,90s,alternative,alternative rock,british
pabvO5rWXuYL7obJ	ska,ska punk,skacore,punk,ska,ska punk,skacore
paj0BiIzHaqZJB76	pop,alternative
pbKuPAGh0AraqrEZ	female vocalists,alternative,rock,singer-songwriter,indie
pbNoCvI6x4lUXbHm	melodic death metal,death metal
pcSi1Kyvbmt7gi3Z	punk,punk rock,post-hardcore,indie
pcW3EZP8xEnsA9B6	progressive metal,djent,instrumental,dark
pce3mqXGPEijdmf1	chillout,downtempo,ambient,electronic,jazz,electronic,chillout
pdBTkpGulQJPnPMX	shoegaze,2016,dream pop
pdQgz2jbIlOXEhgb	indie rock,noise rock,lo-fi
pdVTRk30QFf9MJ3j	death metal,technical death metal,brutal death metal,grindcore
pdZM8albTFnV8wPO	2017,pop,indie pop,singer-songwriter,2017 listen,pop,singer-songwriter,indie pop
pdk1ca0vrPCG1yBC	progressive metal,electronic
peBJkWdR1cED9iWz	love at first listen,underrated,pop,indie,electronic
peoPhubxKzFogZ8y	ambient,folk,acoustic,instrumental,piano,melancholy
pfBuIuauWYR1YJjY	folk,country,female vocalist,indie folk,why on earth is this just a bonus track,love at first listen
pfMkGlRlGjI9fcIG	electronic,ambient,techno
pgAQbyhPZk9GIklA	alternative rock,rock,alternative,progressive rock,muse,epic
pgqB9dDvFjGJIdah	ambient,piano,instrumental
ph0D69acp8AgdDyt	indie rock,rock,garage rock,swedish
ph8tpucS8v8qYK8G	metalcore,deathcore,post-hardcore
phF9Nm9Gcx7JUw6N	trance,progressive trance,armin van buuren,tech trance,trance,progressive trance,vocal trance
phRJSvlCiJchnDsh	britpop,90s,indie,rock
pi2nAGGVWpUeiW7Q	singer-songwriter,acoustic,folk,irish,indie
pijTe6WJCY0lLzZ5	indie,poptron,alternative,indie rock,british
pjhNdLYq7pWFoAGQ	post-punk,gothic rock,new wave,gothic
pkHMaA7BPeYE5r9J	indie,singer-songwriter,folk,soul,2019
pkJ0tYkGWNaLd6VV	indie,female vocalists,swedish,atmospheric,indie pop,indie pop,female vocalists,swedish
pkVGkmrHXlWJKoxk	pop rock
plSA4Ajbgfc1xYei	punk,1984,alternative rock,80s
plzfKjieZQ8RY9AR	emo,rock,indie,punk
pmOoPwYksH6GKItr	80s,new edition,rnb,cool it now,soul
pn2NcV7I0HWsqvEV	rock,brazilian rock,brazilian,pop rock,alternative rock
pnGRzwb0YikKvRGM	soundtrack,kanal 65,folk,celtic
pndcDA5JhrAf26eR	swing,soundtrack,oldies,crooner,8 of 10 stars
poEYxRBIG1trLoVe	dream pop,indie,dreamy,mellow
poOGjXPsPTkUwSQE	power metal,progressive metal,metal,heavy metal
poVe8ib6urD93rvA	alternative rock,summer2016
popiDW57nh9KgAYz	pop,female vocalists,folk,singer-songwriter,nelly furtado
pptm8fcfXcc6eVCW	lo-fi,indie rock,indie,alternative,rock
pqe99ZoVQ63MTmSR	pop,hip hop,brazilian pop,get down,kelly key,elize
pqePomA8V9ybapXi	rock,singer-songwriter,fip,lou reed
pr3oqUwWEUvdVFyj	rap,brazilian,rap nacional
pr9ilCBzuVs96cOS	pop,female vocalists,pop rock,girlie,singer-songwriter
prG0EigAs20J50ZZ	pop,indie,2017 releases,2017 listen,australian,james-joul - 2017 albums
prHUDFDdJouLOznv	pop,80s,rock,singer-songwriter
prVky8MabZY60zIG	instrumental,downtempo,trip hop,nu jazz
prXZZzLFersawUtw	shoegaze,indie,cool,unusual,dual entwining vocals,long titles
prvyhKtPfDyRKWAL	synthpop,darkwave,coldwave
psK37QFvjBvJhDHI	rock,polish,alternative,happysad,polish rock
psrJpeRAs0pdQYTa	grunge,rock,stoner rock,fukked up,sludge,grunge,stoner rock
ptSQMoK9d8CydnHP	indie,french,indie pop
ptheZcpbpXzilkW2	shoegaze,indie,90s,under heavy riffage,shoegaze,dream pop,indie
ptrGzxnR6AeKn1Vr	slowcore,mellow,alternative rock,rock
puJ7J7HuNnCSmDjR	post-rock,instrumental,ambient,atmospheric
puJFIu3Of2SFgsiu	electronic,indietronica,dubstep,electro house,kitsch,dubstep,electronic,electro
puWkQ7NDdLOVsWJ0	indie rock,rock,alternative,alternative rock
pvBheIjnH1jAKU5V	trip-hop,future bass,indie,electronic
pvHr2mkUMl4yr2zs	indie,psychedelic,folk,indie pop
pvahQL85Q34av3Uu	house,progressive house,electronic,electro,retrowave,synthwave
pvfXocTXGUk0y0JZ	indie rock,alternative rock,indie
pvrWMNDCQanhGHD4	post-punk,80s,goth,alternative rock
pwaVQ9TyW8E96TWX	rapcore,rap,crunkcore,hollywood undead,emo
pwrAUsQMtqKwjyet	tontipop,pop,indie pop,reverb
pwyGfWCz3mnybeTQ	best of 2012,post-hardcore,indie rock,blaengar
px4T9cVQ8uZ5GA22	psychedelic,folk,indie,acoustic,pop,singer-songwriter
pyARG2xVqADaAUQw	grunge,rock,alternative rock
pyQzJOAlMO139lsi	rnb,hip-hop,rap,r&amp;b,rnb,hip-hop,rap
pz4u6conqqR7dCfW	blues rock,blues,guitar,hard rock,blues rock,blues,guitar
q08KAXL5sHjFfoDl	symphonic metal,gothic metal,female fronted metal,metal,gothic
q0H90swl2jbhmN33	love metal,rock
q0ZXx6myjx8zUfsf	post-hardcore,metalcore,post-hardcore,metalcore,hardcore
q1Yxa9vyc63EUnF0	indie,rock,alternative,indie rock
q1rofslYFkR5QS9u	mpb,alternative,female vocalists,brasil,brazilian
q2DknXyQJ90OrqnD	indie,folk,neo-psychedelia,5 stars
q2OqtxUIUXXLl65i	hard rock,metal,alternative metal,rock,stone sour
q2P1i7EPOFeocEB8	blues rock,rock,hard rock,blues
q2jULMn1w6TWIMm1	rock,soul,lenny kravitz,90s
q4JarpfrzvLxdqeu	2018,indie,folk,indie rock
q4fa77hmmx90rkzT	blackened thrash metal,melodic black thrash metal,thrash metal,black metal
q4z34lVe27hdx7OU	indie,spanish indie pop,indie pop,indie rock,spanish
q5Xsvmnbpv7wo2St	mpb,female vocalists,brazilian,brasil,pop,mpb,female vocalists,brazilian
q6hD12Kn19uKyEtq	pop,guitar,indie pop,sad,amazing,chill
q7dqinoNJxPIsLQs	j-pop,japanese,jpop,dance
q8gOiAxsMelsfMW7	twee,indie pop,twee pop,twee,indie pop,twee pop
q8kAwmd1WTYbIfZG	house,electronic,pure bliss
q9AgjJ93qezrV4IJ	folk,singer-songwriter,acoustic,ellias
q9TZUhafAgCJ4uZz	indie,acoustic,indie pop,soundtrack,juno,belle and sebastian-2003-dear catastrophe waitress
q9qy4x1DrcC2beZb	rnb,soul,chris brown,r&amp;b
qANJcVnJI0zJ9dsX	indie pop,female vocalists,soul,alternative,alternative pop,indie
qAfVzCEQmVkjsdi2	post-rock,indie,experimental,rock
qB5PKmSCDlmu57kT	grey's anatomy,greys anatomy,indie,indie rock,female vocalists
qB5WK1ZPGZ6qEH0O	christian rock,rock,epic,awesome
qBHAEmcYwTX5tZQ6	post-hardcore,techno,experimental,electronic
qBuiEboqw2hhi43r	post-rock,shoegaze,post-metal,black metal,black metal,post-black metal,atmospheric black metal
qCuhdtCsi34aP4EO	k-pop,exo,korean,kpop
qDIwghrmNyb7kf2N	eurodance,dance,90s,party,eurodance,dance,90s
qDh4xLO206lKIV5c	electronic,female vocalists,swedish,ambient
qDum1AgTRAoqu6Uf	shoegaze,dream pop,indie
qDwNRnqnXHEwN0W8	post-rock,1102rh,ambient,--4
qE41Uu1uUjFvywwA	pop,new wave,80s,synth pop,norwegian,a-ha
qEkNMoMAoaD1iIPH	sweden,eurovision song contest,esc,eurovision,melodifestivalen 2019,preselection
qFFUr7JDLoagf5Hs	rock,pop punk,simple plan,punk rock,punk,pop punk,punk rock,rock
qFjyQwbMgoa2Oq0b	punk rock,punk,ska punk,ska
qFtFy6lKMxtazxdJ	christian rock,catchy,love life,good music,lovely
qGJF6pwPUjAyyTJE	post-hardcore,screamo
qGe4jNj9nqi3X27t	easycore,pop punk,pop punk,post-hardcore,easycore
qHloQhlO5s8l5uGq	post-grunge,hard rock,alternative rock,rock,grunge,alternative
qHtUrX8dz6u43xJ6	progressive rock,classic rock,psychedelic rock,rock
qII3SownfkoyWh2F	rock,alternative,indie rock,punk,female vocalist,alternative rock
qJo1eZIXWg3mqKne	jazz,soundtrack,instrumental,easy listening,lounge
qK0KtbRjIJ3YOPgu	rock,alternative,alternative rock,emo,pop punk,rock,pop punk,alternative
qKuZv2redUkM0CKy	black metal,metal,death metal,metalcore,deathcore,blackened deathcore
qLJ1SjefOj7dg4Zk	melodic death metal,death metal,metal,female fronted metal
qLVWsrjkSN42GdHj	alternative rock,greatest of the greatest,rock,funny
qLo5AmMqFpKLCeSN	power metal,heavy metal,cloud rap,russian,rap,hip-hop
qMoPzWVE3leJ4We0	eurodance,dance,electronica,techno,90s
qNE3HH6fAAO3yyJD	indie,experimental,female vocalists,folk
qOHjOBm8rTWghidr	alternative rock,pop,britpop,indie,rock
qOSbF506IiybDyoL	alternative rock,grunge,indie rock,90s
qOeLMWiAzeo7clko	indie,indie pop,electronic,pop,alternative
qOgHh3SDqV3FEQkc	soul,70s
qP3KCiiU5xgrTQo1	post-hardcore,pop rock,screamo,alternative,british
qPSZ5pDnUGONx2XI	indie,country
qPdrSLJZJ3ben7b2	power metal,symphonic metal,epic metal,symphonic power metal,metal
qPyC1HRmel6uTaqv	britpop,indie,rock,love,alternative
qQ3Qa11BuHCilpRB	pop,female vocalists,pop,disney,female vocalists
qQBq74HukaC6W1wI	folk,singer-songwriter,pop,female vocalists,folk,singer-songwriter,pop
qQd2jbaW9zXYB3Kb	samba,pagode,brazilian,mpb
qRUVHPoXPqstdnYL	melodic death metal,death metal,metal,power metal
qRqKR6j7DYnCV0F5	polish,rock,polish rock,alternative,kult,rock,polish,alternative
qRvKZ6PY51VDOZmP	progressive rock,psychedelic rock,experimental,rock
qSEy5OiW84jPqQb5	classic rock,80s,rock,melodic rock
qSGr5A8aI1NOBdA7	pop,guitar,norway,instrumental
qT0YDHRT1YLfb3zW	trap,hip-hop,rap,pop rap
qTVkhXDu40SJC4l7	soundtrack,classical,piano
qTnKN7r0c5brSb3u	pop,country,taylor swift,love,female vocalists,soundtrack
qTysXBk9PbqJORu2	ambient,electronic,soundtrack,chillout
qUCvPaMMkfRxLaDI	power pop,indie,rock,alternative
qUEQ6tR4wNAo0uBh	neo-psychedelia,indie,electronic,indietronica
qUF7sYaYLdD5BIco	electro,10s
qUK8yXZWDAthLLfB	house,electronic,deep house,trance
qURBfv9DPpAro1YN	gothic metal,gothic,german,favourite songs
qUXiWt6W7DedIiWA	classic rock,80s,rock,female vocalists,heart
qUkFjTESBWgMVveZ	hip-hop,hip hop,90s,rap,a tribe called quest
qVROa7IwZ45taDqT	progressive rock,progressive,alternative rock,guitar,progressive rock,alternative rock,alternative
qW3nXxa5dWhiDPcP	electronic,soundtrack,daft punk,electronica
qWaJj0IItdHXVAHU	indie,emo
qWt55YWuCLtAxkFY	electronic,progressive,synthwave,synthpop
qX8vjEll8cSIU5kN	country,new country,colder weather
qX9Xz4Q8EaoJSY9m	indie,chillout,electronic,german,alternative,indie pop
qXBg4WhOxnsHw53a	pop,soul,michael jackson,70s
qYG74yLsgmZawsh3	soul,funk,rhythm and blues,soul,funk,fip
qYPSz5jllRN3VuLz	ambient,chillout,electronic,electronica
qYfr0fJlPwCF0Y5o	shoegaze,drone,post-metal,post-rock,ambient,shoegaze,drone,post-rock
qZ3ihnR1ZJqCogCL	country,country,female vocalists,contemporary country
qZHOs7YtczxoLSC0	indie rock,ambient
qZNHIIvHB280TcJE	hip hop,pittsburgh,old school,best day ever
qZn1cbGLoPzjYkFj	bossa nova,brasil,tropicalia,mpb
qa36z4mD1XVECGGO	rock,brazilian rock,brazilian,2002,pop rock,alternative rock
qaipJ5trI1hT4zfS	progressive rock,psychedelic,instrumental,rock
qc0fkQ16bS7C0E8v	70s,rock,classic rock,1970s
qcFYSTB4Ale4lgjj	mpb,folk,brazilian,duo
qcUvs7BssXOWyJET	melodic death metal,female fronted metal
qcYUcxSZmBN1igkD	pop,dance,90s,female vocalists,cher
qcaseQkEoJWnVWG7	experimental,psychedelic,dark ambient
qceFFzffOdbBJiQS	heavy metal,hard rock,metal
qd1VZ38Fec46Geak	2008,noise rock,00s,surf rock,noise rock,experimental,indie rock
qd3fCVKuF2d4blpu	funk,baile funk
qdBz1KDXebHxqNZ7	futurepop,electronic,ebm,industrial
qddQMVRFz6Tbs9uK	post-hardcore,progressive,experimental,hardcore,post-hardcore,experimental,progressive
qdlSVIQHo7DIVTe5	black metal,metal,atmospheric black metal,melodic black metal,depressive black metal
qe2Td51PT3qwOw0W	2014,coldwave,synthpop,electronic,post-punk,1984
qe9FUufAqvqEGY6Q	love at first listen,pop,alternative
qfHy1biJIcfWE0vs	death metal,hardcore,2019
qflaka4F2aSheiQ0	funk,soul,groove based composition,heavy syncopation
qgFtWDQXrw1EzKmv	dance,electronic,trance,pop
qgGxLkOpuQ6uTD9V	indie rock,sxsw 2012,parts of the body,sxsw 2011
qgKIuhcSo5Q9ia8Z	death metal,metal,melodic death metal
qgMhKXN6y7KpZzQj	electropop,indie pop
qgs8Rj4SAAGcFDlN	canadian,folk,2011,1live fiehe
qgvpPNPLmGcFkbUG	indie,electronic,female vocalists,indie rock
qh7TlX17yipUk4ES	glitch,experimental,minimal,noise
qhGKQN4Ci1pkqMxc	indie,psychedelic,indie rock,rock,british,indie rock,indie,british
qhPN8WpUOTCVMAvQ	electric strings,instrumental,classical,electronica,violin,epic
qiY1zJBuyz9wd4nx	90s,electronic,dance,pop,summer
qiffpVrSMfQpGcfS	electronic,chillstep,indie,midtempo,future bass,dance
qj5RmIVdGRPouvAv	female vocalists,singer-songwriter,piano,indie,sad,beautiful
qjK0yBof7qv94UyT	pop,synthpop,80s,omd
qjPjQdBaBZpdfuy2	death metal,epic death metal,melodic death metal
qkA3xSueBkHaQSga	depressive black metal,metal,black metal,doom
qlS98M73HNBS073z	emo,math rock
qm02WH4CryQ28UNH	synthwave,electronic,darkwave,synth
qn72a2F9NBw7xVeX	2017,jangle pop,indie,indie rock,lo-fi,jangle pop,indie,indie rock
qnKrJZsb6OwtBicC	indie pop,ohio,cincinatti,publicmusic,indie pop,ohio,cincinatti
qno1HSH6OPaOJZxF	soul,female vocalists,60s,six feet under
qo3CdcWFYmmtjvAh	experimental,glam rock,70s,progressive
qopqwJNFk59JIfAz	trip-hop,electronic,downtempo
qpQIkvSvspJU0ppo	trance,vocal trance,kocham,massari
qph4SU1yeG7zuU9Q	pop,justin bieber,love,somebody to love,dance,justin bieber - somebody to love
qpjhQbNDSNAQHK6T	pop,r&amp;b,2011
qq4jOzmQZrFKbimy	djent,covers
qqK5YSxDteNXrJJI	pop,male vocalists,jaden smith,r&amp;b
qrlDRF9cwEnGW1hu	pop,groovy,attitude,sexy,spice girls,flirty
qsLNY4ACKEWh6wzD	acoustic,indie,silence,folk rock
qstnjWWGIig2iRdl	pop rock,chile,latin,female vocalists,rock,pop
qsu2PDpTpPpzmvIz	alternative rock,rock,ballads,beautiful
qtmVgCEMawYrJadS	indie,experimental,2013,folk,lo-fi,freak folk
quCnblfqv4EL5Ajl	country,american,kacey musgraves,catchy
quGCY8GXevYbY7CI	rap,rnb,urban,featuring,pnb rock,2016 single
quS3lq1cqp96LuRn	pop,80s,1987,pop,female vocalists,dance
quWL7o8LgpGH6wW4	rock,argentina,favs,electric,myargentina,rock argentino,rock,argentina
qv0QBR9djc9UhRaI	dance,swedish,pop,electronic
qv7VZTS0eXutF2I6	post-punk,80s,new wave,alternative,post-punk,new wave,80s
qv8cEZ7N46tQYZRI	indie pop,pop,spanish,spanish indie pop,indie,mellow
qvJAfdsDTWN4INEl	indietronica,brazil,brazilian,indietronic,future pop,electrorock
qvmK7CcflfnPiGFP	soul,pop,british,singer-songwriter,rock
qwafa4tUoJslv2X5	celtic,instrumental,folk,new age
qx6nFY8jowL7inuS	chillwave,electronic,ambient,glo-fi,electronica
qx8gSNvqI49QyJpE	post-rock,ambient,shoegaze,instrumental
qxIB3r6d6Y5MSb4B	jazz,female vocalists,nina simone,blues
qyqwB2kTDpZUEZ5U	cuban,trova,cuba
qzNrTkjQB8STKA2l	pop,latin
qzjawOWnmLku8BO0	symphonic metal,acoustic,female fronted metal,pop,emotional,symphonic metal,gothic metal,female fronted metal
r0jy6FHNNzuLN4f0	country,10s
r0wt0bxwIfdklXDq	60s,female vocalists,soul,oldies
r12YaC766KCjZTB1	soul,rnb,neo-soul,sexy,maxwell
r16hfSMj0oANh5fo	electronic,british,dance,ambient
r1Op3qmZmwEi5Zg8	dance,pop,house,dance,pop,house
r1awBqP49slKIhVb	female vocalists,piano,alternative,singer-songwriter,sad,female vocalists,alternative,singer-songwriter
r1iqfUUbBv8j2kS7	f50 1984,80s,1984,post-punk,festive fifty,post-punk,new wave,80s
r1u30icbyUZ2dKzB	cloud rap,rap,hip-hop,cloud rap,rap,hip-hop
r2HCPMCP75f3yLuB	japanese,rock,j-pop,pop
r2RGegcvs7MeJpy7	pop,classic rock,singer-songwriter,rock,piano
r2lYSwHWFEjzMg81	rock,classic rock,80s,u2,irish
r34bG75rk9BLtEcY	k-pop,korean,female vocalists,kpop,sexy
r3UVKUUUfM5MqosA	french,rap,soul,france
r3cyr8GMa6OMPB4m	herz-2,radio-andree,nu-disco,edm
r3iYh0h7ytuodyMo	sertanejo,brazil,brasil,arrocha
r4kZgxj9Gt4S0200	female vocalists,broadway,musicals,musical,glee,broadway,female vocalists,musicals
r5kGB7E8H1eFUQQ9	pop,rnb,dance,female vocalists,jennifer lopez
r6kKHyzeIRwPbbRx	alternative,piano,female vocalists,singer-songwriter
r6s6ScMmqDmHh2J6	soundtrack,piano,instrumental,danny elfman
r7CQf2Vn83wY9aRE	soul,jazz,rnb,british
r7FNSUJoMzSouwjd	hip hop,argentina,cumbia,indie
r7gueNRxXw9er8rw	mpb,pop,sai de casa,ainda penso
r9dn8MAzIMIkCAy8	alternative rock,music choice: rock,adam title,2010s,columbus blues jackets
rBHzkubA5fwEHCAs	mpb,folk,feminismo,female vocalists,brazilian
rBJX3LZ1Ve0bAMYg	rock argentino,rock,pop,moody
rBL21jDfPKoEqrX6	progressive rock,psychedelic rock,classic rock,rock
rBQUyheFeCrSMt4k	folk,guitar,acoustic,indie,alternative,folk,singer-songwriter,female vocalists
rD4GCW87Qaoc3ytr	indie,rock,alternative,love,omgomgomg
rDGwk4sPntHOWox9	synthpop,electropop,dance-pop
rDVHSu2H8COqnvVc	kpop,pop,korean,kpop,pop,korean
rFIYQEoLzsHkyURM	spanish,pop,latin pop,spain,aguacate,esto es esparta
rFkTQfZprstvhfuj	2018,folk,drone,ambient,folk,drone,ambient
rFl4HEdeGjhImyL1	post-nerdcore,rap,hip hop,alternative
rGQS2G358WHHGdpK	brazilian,pop rock,alternative,rock
rGqXZ2YR23CgmsGx	cover,rock,punk,soundtrack
rGvgB9oxhcWD3bPl	folk rock,folk,singer-songwriter
rHaNjMdUQ38WNx1P	90s,power pop,rock,alternative,guitar hero
rI7IdBtmAsUHpZjK	synthpop,art pop
rIIqZKHa3Y3fMCoA	heavy metal,gothic rock
rJJlmbVNsXAEH5hE	rock,classic rock,pop,70s,billy joel,classic rock,rock,singer-songwriter
rJeSmcm921mHKBog	electro,electroclash,electronic,french,electronica,electroclash,electronic,synthpop
rK4DAgNAHJaV9HtE	brasil,tropicalia,psychedelic rock,psychedelic
rKLskgBTOIJSONf6	electro,dance,female vocalists,00s
rL9PXUANvpS77plH	soul,pop,indie pop,usa,soul,pop,indie pop
rLCKyRKpuFuAqM0V	hip-hop,rap
rMM8Ycllcz8V0ClE	gothic metal,symphonic metal,metal,gothic
rMZKnLbNskAMSXC7	drum and bass,liquid,liquid funk
rO2i6lA7dwilLXOL	emo
rOZO8z81Zg2VLwBl	gothic metal,doom metal,90s
rP6172n5QoKCppwm	house,brazil,brazilian,sao paulo,brutal bass
rPZxa6r5Ru4e2nW8	folk,acoustic,christian,worship
rQ21587PTUuvDmcz	indie rock,indie,2015,alternative,indie pop,indie,indie rock,alternative
rQHDa6jrvXjlFNes	folk,radio paradise,radioparadise,acoustic
rQPv5R7kDFc5DpLM	rnb,french,pop,hip-hop
rR83rdLJpRmDASOo	mod,freakbeat,rock,indie
rRthx9ZublOlFcAp	sludge,post-metal,progressive metal,doom metal
rS5ZdyxwbuP98bbB	folk,classic rock,rock,singer-songwriter,folk rock,bob dylan
rSCPCpcuI2bbtgGp	post-punk,batcave,deathrock,gothic rock,gothic
rSIFIAlSRGmjz31R	experimental,art rock,glam rock,70s,experimental rock,1974
rSZ71tsqQD5GsgSN	80s,pop,female vocalists,cyndi lauper
rSlUzLIuDbULrlnj	nu metal,metal,alternative metal,slipknot,heavy metal
rTECSL1aRhKsJue3	pop,dance,electro house,edm,inna,zara larsson
rTGTnxKIuNwhaRfb	drone,doom metal,drone doom metal,stoner
rTYiFwE0anu5vEGG	dance,electronic,remix,pop
rV4K5ayVEI68Iwl0	pop punk,rock,punk rock,good charlotte,punk rock,pop punk,rock
rVLVRbYhaXLZkuuX	piano,instrumental,classical,korean,new age
rVjt8aEl9iRUMZtj	punk rock,rock
rVrU7XxN2QnkxYJk	electro house,progressive house,electronica,tech house
rVurM2psHjqLTaut	rock,french,canadian,female vocalists,francophone,pop
rW8DfBLvGYZEAOFU	reggae,alternative,forfun,pop rock,terra de cego,ep forfun
rWMjLxocE5sXKxgO	rock,lyrics,6 of 10 stars,she sings so sweetly,500 essential songs,the sky was grey like your heart
rWZuGUkoemVKpWLq	brazil,brasil,all,funk paulista,funk ostentacao
rWbJuRlD3h6d9sAH	pop,indie,chile,indie pop
rWwkUe6opmHQj0SA	post-hardcore,punk
rX7FF8oUhzmqbVVN	motown
rXI4SWTiudXCQLFq	indie,french,indie pop,electronic
rYOevH2eTOvU9F30	pop,latin,love,rnb
rZALhLot1YLX6UaN	funk,baile funk
rapNBbseIXjAdI7O	7soul,soul,funk,70s,soundtrack
rbBqIyreFBO1u9kE	metalcore,metal,hardcore,hard rock
rbOFPKrN2yMhIoQq	pop,female vocalists,electronic,90s
rbVSL7S5QU05Wsby	grunge,rock,90s,alternative,nirvana
rbplwluf1y8JQluI	electronic,pop,house,electro house,dance
rbvkUU9aKO7HNKt1	ambient,modern classical,2017,2017 releases,electronic,instrumental
rc1kub0pghETZRS1	soundtrack,funk,australian,boysband
rcFTmD6EIBuG5mWF	love metal,rock,metal
rdGXULaRMgXeW8Wo	punk rock,pop punk,rock,brazilian rock,brazilian
rdLP9SJTbmBHKLsR	screamo,rock,post-hardcore,alternative rock
reNEwPcQXwWA2g6F	country,kacey musgraves,female vocalists,singer-songwriter
rf13bNJM7uGVMrmb	synthpop,sophisti-pop,new discovery,pop
rfBUNcqIQm28znC6	progressive rock,post-rock,art rock,neo prog,progressive rock,post-rock,neo progressive
rfG74wOs9shDpEXQ	alternative rock,grunge,rock,alternative
rgHL3MgnSeCy84ef	rock,folk,pop,acoustic,female vocalists,singer-songwriter
rgVUDPpGjFJwjVDp	hard rock,classic rock,rock,70s,deep purple
rh1AwUVdiCpHKkdY	deathcore,technical deathcore,death metal,brutal deathcore,blackened deathcore
riNZMvvwIjBhFNiL	punk rock,rock,pop punk,alternative,good charlotte,punk
rioA8CFgYPRy0rJC	power metal,heavy metal,power metal,heavy metal,metal
rj1EnhXauSr5vg3A	2018 single,indie pop,art pop,electronic
rj5SVtcu3YCSnOSI	neofolk,apocalyptic folk,dark folk,psychedelic
rjDNyrjtNWtT0K16	hip-hop,rap,2016,underground hip-hop,best of 2016,hip-hop,underground hip-hop,rap
rjDTAI5uF5vXRV1L	psychedelic rock,stoner rock,2015,greece
rjKSFYzJl9yy5ISe	fip,electronic,avant-garde,experimental
rjVnl6e9lDhKzMwl	soul,jazz,indie,swing
rjYP2Z32gyhCiiMP	brazilian music,samba,pagode,pura magia,popular-brasileiro
rk3PaehbIQfU4AI8	instrumental,industrial,industrial rock,beautiful,alternative
rlUP4wS4mCbFDtAd	stoner rock,psychedelic rock,2018,blues rock,psychedelic
rnCZMhp4VD5oPM2I	hip hop,rap,deutschrap,hip-hop,german
rnCvJGyOrxGADMXB	kills me softly,luv,sad night at the blue light,luv is real,lo-fi,experimental,avant-garde
rnMuTirR0xz1fFYx	hardcore,melodic hardcore,punk rock,brazilian
rnPFHBjH130GHppv	post-hardcore,screamo,christian
rnhoeloouUaUEKki	shoegaze,instrumental,noise,psychedelic
robRRkWWSe2Od9pi	pop,rock,dance,electronic,female vocalists,female singers
rp3vxnov0AHXIvMv	pop,electropop,2013,japanese,british,bitpop
rpX3tXqABSEU2PnT	thrash metal,speed metal,heavy metal
rpaeywBCR8CPnUrR	electronic,progressive house,electro house,trance
rpcqZyt8lQMAWHH8	rock,70s,glam rock,classic rock,art rock
rq7cicYQoSfTclYy	70s,soft rock,oldies,pop
rqp4klTiECS3oiQa	k-pop,kpop,male vocalists,asian,boyband,boy band
rqrBzG8eZWHMSaTU	soundtrack,across the universe,beatles cover,cover,love
rrkwuU1iI9mUi4Nq	electronic,australian,plunderphonics
rsFqPZRV47wB8kBD	thrash metal,metal,thrash metal,metal,heavy metal
rslRkzwn9Uc97ZDH	melodic death metal,death metal,metal,gothenburg metal
rtYdEHNWHFA0LLR8	soul,fip,cover,jazz,british
ru7tTgHQ3Pn5sFku	classic rock,rock,70s,blues,pop
ruJlP0qkxGg7WI3j	fip,pop,fip,soul
ruMKSS6C00pr83GN	k-pop,retro,dance pop,best of 2018
rui9lL0iIqhP7jsA	satan is dead,post-black metal,post-modernist propaganda,shove the sigil of baphomet up your ass,toggaf a si natas
ruoCmRUeqpBRAjLT	60s,classic rock,rock,blues rock,oldies
rvWuO4LrweERtqwh	indie,indie rock,2017,indie pop,surf rock
rwFetNv4CFEarpwX	electronic,80s,techno,electro
rxFJIgchEXajpO9G	rock,70s,live,saxophone,allegro
ry6NLrGidCaUVRGL	electronic,electropop,canadian,indie,city slang,best albums of the 2010s
ry7KVHYQ10CXYDmE	classic rock,70s,glam rock,rock,singer-songwriter
ryIHhmWVKFYle2H9	alternative rock,rock,pop,onerepublic,alternative
ryY3kGHHvSVirFna	harry potter,soundtrack,instrumental,soundtrack,classical,instrumental
rz6DTMrynUcnIjZP	swedish,chillout,pop,video clip,sunflower,my dance room
rzuWysllfv6MNSAo	synthpop,futurepop,electronic
s0a7aVWzr5x8DFVK	emo,hardcore,screamo,emocore,post-hardcore
s0h7WVclF8EgXnYM	symphonic metal,power metal,tchaikovsky,power metal,symphonic metal,symphonic power metal
s1EqdNLL9dsDrt8K	pop,rnb,female vocalists,rihanna
s1Lnqu2iDAFyR6sf	v,k-pop,kpop,bts,bighit
s1tnUjc25kOwhXae	korean,hip-hop,k-pop,hip hop
s2TcnKDy6d4Zk0KQ	post-punk,80s,gothic rock,new wave,post-punk,new wave,80s
s3czXM1hA3uKP62i	post-punk,new wave,synthpop,shoegaze
s3eFX6HDysVCWfCp	epic,new wave,love at first listen,amazing
s4M1sRvtfEG9GjAS	british,soundtrack,pop,x-men first class
s4c16QNqbHuHSLk7	nu metal,rock,alternative rock,alternative,metal
s4fTGSvu1BceBdFF	synthpop,electropop,canadian,pop,female vocalists,dance-pop
s4vP996HH5nNblET	folk metal,pagan metal,celtic folk metal,melodic death metal,celtic metal
s5L53PO0qPFSy4pa	indie,indie pop,danish,ballad
s5VkZVhFxqFZrlDj	piano,female vocalists,singer-songwriter,indie,regina spektor,alternative
s6Q31sMccogT1zI0	alternative metal,metalcore,alternative rock,post-hardcore,metal,rock
s6QgWMAiY5hHzjTx	grunge,rock,alternative rock,hard rock
s6QmGhY8ECr3Smy7	alternative rock,not metal,indie,rock,indie rock,indie,alternative
s6rX0gGMolUAfVyE	electronic,experimental,dubstep,chill
s7J2pJg5MnQoiEcj	acoustic,rock,emo,taking back sunday
s7f6VKariF11TTjK	alternative rock,pop punk,synth rock
s7gKhgi7DZKAX2Yw	soul,amy winehouse,female vocalists,jazz,soul,jazz,female vocalists
s81oaunXHo1Vb8FE	pop,amazing,ballad,female
s8FAviSsj7QSy2i4	country,miley cyrus,soul,easy listening
s8Q01ICTOQETXIeJ	pop,70s,female vocalists,cher,oldies,pop,female vocalists,dance
s8U5asylf8Qv1Y3V	indie pop,mellow,indie rock,alternative
s8jJJEeNKB5WAn7H	trip-hop,electronic,female vocalists,chillout,trip-hop,electronic,female vocalists
s9vQiHDbSCWDJCmw	pop,dance,electronic,urban
sAFIU0hW4Eo7FgZ0	rock,pop rock nacional
sBAkrBwkTZB8YvxB	doom metal
sBNOWx8PVNHWj9uP	alternative metal,rock,funk metal,80s
sBbZnyHMReT79Uj4	brasil,flute,mpb,milton nascimento
sBg97ZwMVeSHxsjx	indie,alternative,twee,indie pop,00s,pop
sBvEOPjpkhPK4lb8	oldies,60s,doiyes,rock n roll,rock n roll,oldies,classic rock
sC5mgbIXj7Jj7I7Q	hard rock,classic rock,rock ballads,rock,hard rock,classic rock,rock
sCOMeyGSSJ4QYDUc	indie,melancholy,rock,love,epic,mellow
sCROycIv2MiczTUf	soundtrack,instrumental,composer,classical
sCWHWUf9oySysEPE	polish,rock,polish rock
sCkzLtpTeNEEoenn	80s,german,neue deutsche welle,electronic
sCtNuIItgPigQety	hardcore,crossover thrash
sD2A6gy1Vz4xzswu	bluegrass,folk,country,americana
sDEyz2VMAGP5FoHY	thrash metal,groove metal,metal,heavy metal
sDGzyX6TiPSjGgiu	punk rock,pop punk,punk,american artist
sDSnjyax8ttPZvHr	brasil,80s,mpb,pop nacional,tim maia,funk nacional
sDdlGjDbAaZSOHbo	post-punk,2010
sEGBgaw9QdOHu2ht	pop,dance,rihanna,rnb,female vocalists
sFIPvqpY2T7U6YOr	art pop,alternative rnb,trip hop,rnb,electronic,trip-hop
sFfq2LzvamBQOGQc	ambient,melancholic,trip-hop
sFzsdXwpX4hIxFgZ	post-hardcore,screamo,emocore
sG0klFe8tIgJoYRv	jazz,female vocalists,soul,swing
sGbvMAN70wHRivlt	piano,instrumental,minimalism,soundtrack
sGiQOQUB3NgUj4dk	female vocalists,punk,electronic,indie rock
sHgF31xz7dBH0deX	k-pop,super junior,korean,dance
sHjRLbqjyK5du0VJ	pop,dance,female vocalists,disco,kylie minogue
sHqmoUfCp8jOxAnJ	70s,soul,funk,oldies
sICipS4pEqMHj44a	house,progressive,electro house
sJEyxvJLWZ6z3rRt	garage rock,10s
sJSE7QmZK3eRYaZO	experimental,2016,electronic,spanish,tropicalia,psychedelic
sJiUq12OsTNT5bjh	pop,edm,dance
sKBdCFoua5XXhlpm	rap,german hiphop,german,hip hop
sKSHER7MRXchLdmv	symphonic metal,epic,female vocalists,symphonic metal,gothic metal,female fronted metal
sKpfApYzyc2nYUK3	gothic metal,gothic doom metal,doom metal,symphonic metal,female fronted metal
sLGNMN1alVtJxofH	rnb,soul,synthpop,hip-hop
sLh4EUeP6NL02A0V	electro-swing,electronic,swing,freaky
sMhnUAi0EutrIzVh	pop,indie
sN66qoRGSuLY7zAj	electronic,electronica,hercules and love affair,disco,electronic,disco,dance
sNNKDpvSgIBQL73v	soul,chillout,indie,alternative rnb,pop
sNPbN3kHMz0H08S7	hip hop,rap,nelly,hip-hop,rnb
sNRn9fdDYcva49rQ	alternative metal,metal,gothic metal
sNvHU6Jajohc2iSI	glitch,ambient,experimental,electronic
sOUu0IoRYWPdztLy	coldwave,new wave,80s,french
sPOztHy9EMH5clRz	2018,lo-fi,psychedelic,ambient,noise
sPcwnkFOJqWeu29v	pop,70s,male vocalists,oldies,brel
sPwl8miyElAS9O8c	progressive rock,progressive rock,alternative rock,australian
sQ3063RXlYbZNcJS	mathcore,the dillinger escape plan,brutal,angry
sQ3eJwrkj2ByRh3p	ambient,folk,pop,tribal,ancient estonian music,dark pop
sQHDV0JDpsf765Kb	punk,pop punk,punk rock,post-hardcore
sQOajjnbVG4O9TiR	indie rock,rock,indie,alternative rock
sQdvQ2mfJN0zJp4w	german,indie,deutsch,singer-songwriter,german,indie,deutsch
sRXgbffsZqNJa7yL	country,singer-songwriter,female vocalists,alt country,miranda lambert,country,female vocalists,singer-songwriter
sRb2HfwQooRc6MAJ	mpb,inevitavel
sSxKIggGrBWRWzCJ	electronic,ambient,indie,french
sT7pfT6vDvhpMFHz	comedy,acoustic,female vocalists,indie,folk,female vocalist
sTuwjUWEeLCdM2TC	progressive metal,progressive rock,like if opeth played tool,chill
sTyzVWdhze0FMqon	heavy metal,hard rock,rock
sU7ka1kL1XyjHIug	metal,alternative metal,deftones,alternative
sUD72xaDwKmbjW9W	gothic rock,gothic metal,german,glam rock,rock,metal
sUYRy6BewmmvHms5	pop,rock,electronic,alternative
sVGP4NammcN84Jcs	new wave,instrumental,electronic,rock
sVIGaYE78OxO4Zi7	sertanejo,sertanejo universitario
sVWZ7mofFRtjpLks	90s,indie,pop,swedish,happy,swedish,indie,pop
sVY73YpNZe5uoA4w	60s,soul,oldies,female vocalists
sW3m7h8Z5CwG0912	experimental,noise,noise rock
sWFe7KI2xb3sRd4t	monica naranjo - sobrevivire,pop,spanish
sWOcri3CDSQGmCX2	indie rock,2015,indie,alt-country,emo
sWmNFRNMpNbFB1kV	indie pop,american,echosmith,like paramore,2015 single,fallon
sXEgIxC7LI0vI7rh	death metal,brutal death metal,technical death metal,grindcore
sXHrVwfb7GP5gE1l	folk,indie,swedish
sXoE0nCNjuWbtUX2	hip-hop,rap,drill,gangsta rap,chicago,trap
sY3HjRjt9lJNwdwx	2013,dream pop
sY8txJvexPSRaMmW	latin,spanish,latin pop
sYHMW3u2BykXiurD	rock,brazilian rock,new wave,brazilian,rock gaucho,post-punk
sYrNQb5jAfFD8tMa	pop,dance,electronic,2000,00s,william orbit
sYwvPempK1tPQtjp	post-punk,experimental,industrial
sZc4soLUCBYUE88x	deathcore,intro
sZeQQoQWzH6aJ3bu	progressive rock,flamenco rock,classic rock,70s,progressive rock,rock andaluz,flamenco rock
sam8LDtnhI1PNbAk	rock,brazilian rock,brazilian,pop rock,alternative rock
sbVVSka6WIwpmIIA	hardcore,rock,rap,alternative,screamo,emo
sc4GyuaMba36y54e	music to kill yourself to,doom metal,gothic metal,beautiful
sc82dMNdjp8IbiB4	brazilian,rock,indie,indie rock,psychedelic rock
scPQ3PeiON06BTcR	indie,folk,singer-songwriter
sczqTaEODMhawDEj	sertanejo,brazilian,pop,sertanejo universitario,sertanejo,brazilian,pop
sdFkhRQdC3Xg9j6R	emo rap,rap,trap,hip-hop,trap,yeah
sdfNWSOcXsJuaI2K	k-pop,korean,kpop
sdpGUS9p5A8ZyF3v	indie rock,alternative rock,alternative
seSSjEgjdUV0CbWO	indie,rock,britpop,2000s
setJZvLZdXx3CTnh	death metal,technical death metal,technical brutal death metal,awesome
sfRfTaHY9kcBR32O	shoegaze,dream pop,post-rock,indie
sfnhqwt54lCeAx4h	electronic,synthpop,electroclash,electropop,female vocalists
sfsv9BbfxBr0G3Qo	atmospheric,experimental,neoclassical,gothic
sgXMOEOOWiDkhrPm	indie,latin,spanish pop,female vocalists
sgXj32xoEToOHNhp	pop,cute
sgZmqxE12jqHAwPc	rnb,2015,soul,canadian,neo-soul
shYMZ5kTmmZz48gF	electronic,remix,team fortress 2,undertale,five nights at freddys
shjm5lpCb2kYN9Kt	mathcore
siHK1g75ahuQCV2X	synthpop,electronic,80s,new wave
siMWuEul22mfvZ2I	psychedelic rock,progressive rock,alternative rock
siYjgGKtDI5TeBdb	treme,pop,dance,comic
sj4fWwdY93r0MB5c	country,folk,johnny cash,singer-songwriter
sjODWa3JxVATzwhh	lush,trip-hop,chillout,female vocalists,trip-hop,chillout,downtempo
sjsa30Kl7uqmEJhX	jazz,soul,female vocalists,vocal jazz,jazz,soul,blues
skaU451rezXKpLMR	deathcore,brutal deathcore,hardcore,metalcore
skomum7Fh96hJFi9	pop,blues,canadian,french
sl2BArDa9Fd7f2CF	electronic,french,dance,electro,house,live
slLBbJNnSA0KFpaD	post-punk,1978,new wave
slcZ4N7xFmdS4u8k	rap,hip-hop,polish
slczSQDRADhDg1B3	rock,pop,pop rock,2004,00s,2000s
slphrYnGLGsERzIM	indie,love at first listen,trap,pop,alternative
sn3ntbUzXR3J7UXk	alternative rock,alternative,rock,british,placebo
snCdynHRO3QgxPIO	turkish pop
snGOpaJb0JH7nJx3	depressive black metal,depressive rock,black metal,doom metal
snx0o7umbFB4leXa	rock,60s,psychedelic,experimental,proto-punk,psychedelic rock
soVqpILJ998m6JOA	rock,classic rock,christmas,queen,winter,classic rock,rock,hard rock
soypfAcrVZlmkT6B	rap,hip-hop
sp2WvWeGtr7fYy1S	brasil,brazilian indie
sp4qJkcvzE80xNFN	melodic hardcore,emo,post-rock
sp7bCKfR7gsV2a0i	pop,female vocalists,soft rock,sara bareilles
spacU2skHfWmbU28	ambient,electronic,idm,downtempo
spoJKX9PcJJMWSqs	post-hardcore,electronic,electronic rock
sqJtRMqKAexDFLwl	black metal,melodic black metal,death metal
sqagTxqynJCqYqgR	sludge,post-metal,post-hardcore,hardcore
sr84jBIuqyZ0Pu9g	80s,new wave,pop,duran duran,new wave,80s,pop
srKItrVn5rxsExlQ	progressive metal,progressive rock
srMekzwdWGZWrFhC	progressive rock,classic rock,psychedelic rock,rock,pink floyd,progressive rock,psychedelic rock,classic rock
srQn2P5TxvMyNdn1	heavy metal,power metal,metal,true metal
srjYkYyODYIjZzYQ	death metal,old school death metal,metal
srsTKU5MRK6KqdzE	indie,emo,indie rock,american,lofi,emo as fuck and makes me wanna die
ssHTnUgXnCbX2ZvY	country,singer-songwriter,folk,alt-country
ssWA89zlHgm2QWx0	eurovision,eurovision song contest,romania,esc
ssevHdRZEOKyq13T	death metal,brutal death metal,metal
stTnYvyHjaiSxiDE	electropop,electronic,indie,female vocalists,synthpop,pop
stqCmOJYrKoDsT2X	thrash metal,heavy metal
strKo2dsP7uWutYt	80s,rock,david lee roth,cover,pop
stvYUQr68IiRl0gX	female vocalists,chillout,soul,pop,dub reggae,soul,pop,electronic
suiiXr4zDIoKH0ng	brazilian,brasil,mpb,rock
svrdwOhXFApldNhZ	charlie brown jr,rock nacional
swez9rXTErll6F4X	pop,electronic,dance,love at first listen
swqKbDqKrQB2BlGK	indie,post-rock,electronic,alternative
sxBnePHulJs8w719	indie,alternative,house,electronic,indie rock,deep house
sxQsqRH7Zg3UidYA	pop,latin,reggaeton
sxr07tm57RAVvWhy	rock,90s,britpop,indie
sykmsjMfzJc1xszV	alternative,alternative rock,rock,awww
t0i9NJhpr11lc0a7	alternative,alternative rock,nu metal,deftones,rock,alternative metal
t1HxJ2ylFVtJhGiV	new wave,classic rock,rock,80s,pop
t1TxZ8K68499dWM0	comedy,synthpop,retro
t23WM0FcfSRKIx0I	japanese,j-pop,jpop,pop,asian,japanese pop
t2KDvXKBDgaVZHMk	ambient,electronic,chillout
t2tRv2tcnDyoGeSb	hip-hop,canadian,rap,funky,fun
t2xVoQNu4oa8bDB9	cloud rap,hip-hop,emo,emo rap,rap,post-emo
t4nm8bv9kPL3toRC	hard rock,rock,alternative metal,alternative rock,gothic rock,industrial rock
t51JFl01t8hst84J	electronic,synthpop,swedish,electronica
t53u2cUt6wZaRiaC	pop rock,2010s
t5NHA3VKvjlBxk8Y	post-punk,new wave
t73JfBxsfC59ShG5	country,happy,comforting,happiness,comfort,country,male vocalists,country rock
t7Ch0LB57ue4OE93	brasil,mpb,brazilian,70s
t7QKZaqDoJIo92Xz	folk,acoustic,alternative
t7difalObtUZyW7D	dubstep,electronic,brostep,moombahton
t7hRiovP7uBvgn5l	french,electro,electronic,dance,electropop,tecktonik
t80J8XleZXl2FnCv	hip-hop,rap,atlanta
t8LrHt429DwQvqkq	dream pop
t8nojYGwxBJA5LTa	country,taylor swift,female vocalists,pop,pop,country,female vocalists
t8ofFzvVq8GGzayy	classic rock,hard rock,blues rock,blues,rock,60s
t8rYT41Nq2bJM7Mz	irish,folk
t937GXuuWjo09f9p	alternative rock,alternative,indie,indie rock,rock
t95GSCUQwk40GFhX	2018,ambient,drone,shoegaze,experimental
t9PCn3YkQhJOG8AF	indie,rock,britpop,alternative
tAHXrXoZTC8qkroj	mellow,folk,duet,singer-songwriter,melancholy
tAnqhaQWVK34xoBp	indie,austrian,6 out of 10,2019,rock,german
tBHDSbEaXldpxB5a	heavy metal,polish,metal,thrash metal,soul metal
tBNFO4ukPjsZkmPh	skins,singer-songwriter
tC7tLxMMWymHkCMd	indie,alternative rock
tCHNxYf37vOWukVo	rap,hip-hop,brazilian,female vocals
tCf1sArJVWh6qAH6	rap,trap,cloud rap
tDZLjngxmr58WOcQ	gothic rock
tDitVjsJ1VGtXjr2	bachata,latin,pop
tE6wSpOB7MgEOVLU	pop,indie,german,female vocalist
tEFKP9kXy6ldVEFS	80s,brazilian,rock
tELVpq8Fxr0UOypX	art rock,art pop
tEWD63YHlequGcBr	rap,hip-hop,emo,post-nerdcore
tEcPenwVB4zUCzor	heavy metal,metal
tFVJO1E7nFFp7HuQ	rap,hip hop,soulja boy,hip-hop
tFqGFJasajdSDGF9	rock argentino,1992,134 bpm,rock,2007
tGUyxdeF8gIsHRop	new wave,80s,british,pop,mod
tGXQuc9unX3o9RAb	rapcore,rock
tGXfbAumxXrJ8Chq	90s,shoegaze,1995,1990s
tGXke5GZ9PtVfucq	hip-hop,rap,2011
tGcjF201wHfwV1wL	dance,deep house,electronic,house,pop,belgian
tH4aCaPkG5zCnRbw	indie,alternative,rock,irish,alternative rock
tHSNf3iqKVOu9jUh	alternative rock,rock,british,scottish,beautiful
tHTvPJKt8CCIlYFH	ambient,electronic,electronica,chillout,instrumental
tHuCJF1NxmshRru2	alternative rock,pop punk,tonight alive,australian,2013 single
tIIyhC6oTuAH6WCZ	j-pop,electronic,ballad,beautiful
tIXn19JLZ1jyG57x	hard rock,classic rock,glam metal,heavy metal
tIYulcOwPCYm8Ueu	emo,cloud rap,alternative,rap,indie,hip-hop
tIm1i6PHng1nfeLT	japanese,metal,death metal,j-metal
tJ4sQJO9GdKXBxPr	polish,alternative,experimental
tJCqaZcGgiaEMVLA	alternative rock,2014,post-hardcore,rock
tJJt3rIpHpsN2QQ0	hip-hop,rap,biracial,hip hop
tJrr2k2yPWZQyrRr	folk,canadian,indie,female vocalists
tJuyi7aMXHD57aF8	electronic,downtempo,synth,synt-pop,synthwave
tLG3NIT1e5dZ5HgP	70s,acoustic,folk,rock
tLaSn42pmyy0Ruxa	mpb,pop,brazilian,latin pop
tM38Z7p7RxgRbx65	folk metal,viking metal,pagan metal,metal
tM4kXFhQxFFVq6ZA	punk,punk rock,pop punk,epic
tMKgBIWbRZ6P3aRf	symphonic death metal,death metal,epic,majestic
tMTAFV1bwys4S3wf	progressive rock,classic rock
tMplnju2gtHtlzO0	easy listening,jazz,nat king cole
tMw1ofvzuXlSPFJU	house,dance,bob sinclar,electronic
tNBKrC9h2nddLJPK	post-punk,gothic rock,gothic
tOE7VDHS88yt58HB	similar to: wipers,rock,punk rock
tORxFdihYPFveodf	melodic death metal,death metal
tOXl2UWcBMxLbMsJ	axe,banda eva - beleza rara,mpb,banda eva
tOmFliTRX3O4hJvj	power metal,symphonic metal,melodic metal,metal,metal opera,heavy metal
tOpxvxFf1w7Pv8ey	cover,nu metal,metal,covers,korn,7 of 10 stars
tP9GWTDSQyLlRAYo	80s,new wave,pop,dance
tPjVq6VW5S3Unjn0	doom metal
tPpxseryP3SZudOS	indie rock,british,awesome sound,meaningful lyrics,2016 single
tQQYM6INc2PJtivC	lo-fi beat,2017,instrumental,beats,hip hop,instrumental hip hop
tQuGOrA0JpXHI7fu	alternative metal,alternative,rock,serj tankian,metal
tQvqQumxc4vKlbI2	electronic,techno,best of 2009,swedish,sublime,dreamy
tRlhKg4CRSOLqjOa	shoegaze,she sings so sweetly
tRtyUkRMFtLWc6KH	folk metal,spanish,metal,folk rock
tRul2jiNr2e6Pr82	70s,latin,mpb,brasil,samba rock,rj
tS9WCz1b7F9H4WCb	pop,rock,grunge,american,grunge rock,gnash
tSxdiMgrJehvxSLY	thrash metal,heavy metal,metal,hard rock,metallica,thrash metal,heavy metal,metal
tT7NxnxfroA5EPxb	new wave,punk,70s,rock
tTnfpshF42UAus3h	hardcore,punk,post-hardcore,hardcore punk
tU2p84k3NydGdlKA	funk,alternative metal,alternative rock,nu metal,funk rock,contemporary
tU9XOOtlAuaW1Obk	industrial rock,industrial,loved
tUekCvScbAokOhhH	post-hardcore,metalcore,female vocal,jarrodcore,crabcore,alternative rock
tVheiIXk5PzOHfOW	cuban,trova,cuba
tVqAyM99J3UcJtg8	dream pop,shoegaze,slowcore,lo-fi
tWK7jFI4jqr53DoT	60s,classic rock,oldies,folk,pop
tWMQ9ywEIXkol8Ug	indie,alternative,indie rock,rock,scottish
tWX1RIqjDMFtqIVC	electronic,trance,synthpop,dance,electro
tWlTMRqV77a6CSSC	contemporary christian music,christian,worship,christian rock,praise and worship,praise
tXLUO1K8xnIIkegr	pop,dance
tXVxrWyWfIf15Zbu	indie rock,garage,hypnotizing,adoring those vocals hooks on the chorus
tXhoFYt3gUf38kHN	soul,hip-hop,lauryn hill,female vocalists,rnb
tXpnqhnmStLATIO3	soul,hip-hop,rnb,downtempo,male vocalists,illbient
tXuH8Wi0KzMpRVVy	pop,spanish,playa limbo - el eco de tu voz,indie pop
tY5BeSsJAb6iHxyF	folk,ost,indie,pop
tYjQBeO5W4Ur8VAr	alternative,emo,pop punk,soundtrack
tYkbSavgNDdlO98A	dubstep,instrumental
tZHqooX3Auw1qBuw	grunge,rock,hard rock
tZvJ3KtJLCFfgdwq	french,pop
ta5eFyiIdxJPOiwL	rnb,soul,female vocalists,hip-hop,urban,rnb,soul,female vocalists
tadqOEqjPNeRqoBG	symphonic metal,metal
taiJBp1aRNBx2kHm	pop,soul,female vocalists
tc69ksoDdaIGdGq2	pop,romantic,westlife,love
tcUP4ymT4z2CmDMX	pop,solo version,melissa vandella
tcXsuGp99V3ciRGZ	beats,downtempo,hey arnold
tdPYlqPOYfvQ78Ok	pop,rnb,new jack swing,dance,90s,pop,rnb,dance
tdurlXOJoeDaOpVu	pop,jesse mccartney,rnb
teBiVGPgJfjYJ9KP	2016,experimental,electronic,folktronica,ambient,electronic,experimental,folktronica
teC3vI0nLVHLpJnu	electronic,pop,electropop
tefj3RENqkNCg9tQ	punk,rock,post-punk,hardcore punk,post-punk,punk,post-hardcore
tek796CDoc53xdab	samba
tf0lIl1Yk45HMU2d	hip-hop,rap,emo,hip hop
tfbp3eXzuYlzDVxk	electronic,indietronica,australia,indie
tgyyCWGbivZ7rjpA	soul,patti labelle,70s,soul,female vocalists,rnb
thsqsDM2viYcBXrY	pop punk,punk,indie rock,fucking amazing
tj3fXH29AD0d0anS	spanish,female vocalists,pop,latin
tjZ4pqMTUkLlT7VL	2014,folk
tkE9QS8vWjii3IgJ	hard rock,classic rock,70s,rock
tkHQJO99x8iR9nvT	80s,pop,soul,female vocalists
tkyyuomS4ND9ptAD	hardcore,punk,post-punk,post-hardcore,dc hardcore,emo punk
tlGFj7h4KXsH8Mop	2018,female vocalists,british,indie,indie pop
tlGHvtRBqfyqvl86	pop,rock,pop rock,pop,female vocalists,pop rock
tlNHOEBEfJ6kv8cd	glee,cover,pop
tmGWD6trbjg6l12G	instrumental,indie,indie rock,chillout
tmOzGAoGeoLuqCAO	britpop,indie,alternative,british,rock,90s
tnahSBaeNkMhGB84	progressive metal,djent
tp1RRH7ah9MiQwyo	pop,dance,female vocalists,love songs,dance-pop,hi-nrg
tp7juaZiHKQWWgrm	power metal
tqMo9ZCf4KMNQpRf	70s,oldies,female vocalists,soft rock,love songs
tqc0WIiaCUyFpbU0	punk rock,punk
tr5XdAWlcI0JX4cg	pop,pop,female vocalists,dance
trEXP0ay0IDQClxu	singapore,sleep,rnb,chill
trsCRBHUWJyc4ofd	hip-hop,pop
trzx0QMPUjGJbRtz	french,dance,party,hairy chest,talent show,wake-up song
tsMu0q95n5nrRGRd	disco,funk,funk,soul,disco
tt7OCNcJaQ3z6zSK	indie rock,indie,alternative,greys anatomy
ttB8NjIbbhfFThmx	hip-hop,rap,machine gun kelly,cleveland,mgk
tuKHPQDBzQH0JYlo	swedish,rap,hip-hop
tuwkV7E2laNRUlWy	folk,indie rock,indie,2016,acoustic,female vocalists
tv4aRfJqv5Tb4TQ2	shoegaze,psychedelic
tvFBLCPAdwmhA4MO	symphonic metal,gothic metal,metal
tw4rsExi3ve9pfIw	drum and bass,neurofunk,dnb
twTZiJnIkFnPHEF7	baroque pop,names of people,psychedelic peppermint
twllU4KgUBA2NA6f	vaporwave,ambient,electronic,alternative
txDVSopgsyB0acTt	electronic,indie,veto
txaMMgnUiky0cJfd	post-hardcore,metalcore,screamo,emo
tzHKAFNgyd0pekkg	experimental,noise,psychedelic,ambient,experimental,indie,freak folk
tzgGpQrOrdyACAvN	70s,rock,pop,classic rock
tzjl2VUCR64XhxKY	pop,dance,80s
u0uUQAA9Mt5fuhK7	soundtrack,instrumental,composer,score
u1VHh1FVzFS8z29w	house,dance,electronic,club,techno
u1hyvEKa02PlI9V8	pop punk,emo
u2qSLH6hQnHDdhtT	teen pop,pop,american,soundtrack
u2wuDqBqj3BhCTAi	jonas brothers,&lt;3,pop
u33XCd6fUedJbxgA	jazz,swing,michael buble,cover
u3D2sSD4ze8tFEPC	reggae,dancehall
u3ayS0FGagljyTXg	indie,pop,synthpop,indie pop,dreamwave
u4pQs5AsS8DmYXmc	indie,reggae,2010s,indie,reggae,indie pop
u5km9TXiYVFdm1Uj	pop punk,rock,christian rock,christian,alternative rock,indie pop
u5x8wp6W5fWFOcDn	dance,trance,female vocalists
u6c56rNoK8f3MPEJ	reggaeton,puerto rico
u6uFIiuFqiWIA1ak	post-rock,ambient,instrumental,labores somnium,post rock
u7TrdPrwhvdVKMXK	pop,my song
u7g0ba9lLs3ykgBi	symphonic metal,female fronted metal,gothic metal,power metal,metal,finnish
u8UF1lQ7AkSM4dws	indie,mark linkous,alternative,new weird america,john in the morning,indie,indie rock,alternative
u8yIiM7FDH5dmGZv	pop,female vocalists,nelly furtado,folk
u99ZlGLSwdpqXVle	ambient techno,ambient pop,minimal pop,female vocalists,experimental,electronic
u9IahL1RS94o8JiV	post-punk,psychobilly,alternative rock
u9aAw54WxPCV2rll	new wave,80s,emotionalism,electronic
u9dSJvjwX5xSZwIQ	indie rock,2010s
u9jATy9IoOGe7Dgf	electronic,idm
uAjJpzOhvbUO2pNB	alternative rock,don broco
uB7HFc6baYEYwMwj	hard rock,classic rock,80s,rock,whitesnake,hard rock,classic rock,rock
uBpbDSEP6Q3gb5lq	psychedelic rock,psychedelic,progressive rock,60s,pink floyd,classic rock
uBuaAWQvI4K4TD4K	indie,alternative,british,britpop,rock
uD05xxHlDVrn7Pqt	2016,indie pop,indie rock,psychedelic,psychedelic rock
uD8ofaCfxM74nFrw	metalcore,metal,hardcore,emo
uDIUKIltGrDKs0XQ	electronic,icelandic,house,trip-hop,electro
uEKdxPzIcjNX2VKb	folk,mexico,spanish,indie
uEQVh8s1jHftfo52	industrial,industrial metal,metal,rock,alternative rock,glam rock
uEqN4JEvB1dmX8Vd	screamo,rock,alternative,soul,post-hardcore,psychedelic funk
uF9NTRD4vG3Jp8s7	80s,pop,synthpop,thompson twins
uFFvWNQHSMQp5oKg	post-rock,italian,2019,alternative rock,alternative,77davez-all-tracks,post-rock,italian
uFeVGgXI7CGH4d0X	doom metal,funeral doom,funeral doom metal
uG6aYedGfSjxy41C	indie,pop,alternative,alternative pop,british,dream pop
uGEEcv4eecY7Si80	experimental,noise rock,2019,noise,post-punk,electropop
uGiglSqRPlSu2s5p	blues rock,blues,rock,guitar
uGrfAtG0DX1D8aGE	indie,indie rock
uH2ulTXx8jwafcGH	latin pop
uHfSwlImku0C6fcg	pop punk,indie rock,midwest emo,emo-pop
uHmAteBXA0HyakDu	pop,female vocalists,dido,chillout,britpop
uIM9Lur4MKSiigce	electronic,synthpop,electro pop,electronic,indie,powerpop
uIP1a6v8uYeubaBQ	indie rock
uIi8OwFL9JkBnwMT	2018 single,indie,folk,alternative
uIjkz7WNjgMeEzxi	classic rock,blues,rock,90s,guitar,eric clapton
uIpTqMyOXdJT2oOk	new wave,pop
uJRNTdNmYkjMURCG	ambient,atmosphere,intro,progressive rock,doom metal,progressive metal
uJgXKPWpkWITtR5C	tropicalia,samba,brasil,mpb
uJj6454c9jGeqqp3	slowcore,post-rock
uK5I4lPXkYCldPp5	epic,great lyrics,indie rock,beautiful,post-hardcore,indie,indie rock
uKfZlWlGEZFOpGHl	k-pop,korean,btob,kpop,k-pop,korean,btob
uKoYQVitYHUBBKW0	symphonic metal
uKuzgpt2LGlCZb0Q	alternative,electronic,alternative rock,rock,radiohead,experimental
uLUAVP3aDthuqvSv	fip,hip hop,hip-hop,trap
uN5YSlPz9FNDrgzv	rockabilly,oldies,60s,classic rock,rock
uNAFCwq1ZonWPCsD	pop,brazilian,female vocalists,rnb
uNCNJSbnzHFuK2Kq	acoustic,british,singer-songwriter,easy-listening
uNGhPKmReeSwFipM	post-hardcore,screamo,emocore,emo
uNZIQpseivgj7PFc	pop
uNxjn8PuFzpjeHPH	pop,electropop,novo testamento,2017 listen
uOJIAZmhvg5gOlU2	rap,hip-hop,kanye,sampha,hip-hop,rap,hip hop
uOOX0PPG7VJsjQIE	indie,noise,australia,lo-fi,melbourne,fuzz
uP2Lypf6N8jiFOaG	rock,80s,pop,classic rock
uP6m5sXpEihBTUP6	ambient,dark ambient
uPI7HUjRKP086kqU	dance,party,electronic,like a g6,techno
uPd07lESPDy0kb5v	alternative,piano,female vocalists,beautiful,singer-songwriter,love
uPhQso06v7jdsamB	2016,indie pop,lo-fi,indie,female vocalists
uQA7sNQujoHiuMAH	pop,soul,rnb,best of 2018
uQUCBofXJAQuX3pV	alternative,electronic,hip-hop,rock,gorillaz
uQrQlOrpJDKXo7Lb	pop,brandy
uR69sGDSUluAMEfR	pop rock,latin,guilty pleasure,&lt;3
uS39KjsinG8hyOSD	pop,80s,synthpop,new wave,a-ha,pop,new wave,80s
uSiBVXEIyY9vkkba	folk,banjo,alt-country,acoustic
uTKhN6egfQJOej6u	acoustic,rock
uTWuH5qt7HvzslCq	alternative rock,progressive metal
uU35tOTnmANnJEhR	cloud rap,hip-hop,rap,trap,phonk
uU39iaUYl0XLnihA	soul,motown,marvin,soul,motown,funk
uUWr7owWdCUz3Cfe	indie pop,experimental,dream pop,pop,synthpop
uUjE6lPAHRZgsAKN	post-hardcore,90s,noise rock,my music scares people,i love singing along,drunk tank singalong tune
uVGMh0MNP4in3A3x	indie rock,indie
uVHJnZC4VqO4cJIv	indie pop,surf pop,grunge pop,get inuit
uVbNO4Qt3zSaho37	2018 releases,pop,female vocalists,pop,female vocalists,indie
uVe6fjRMfFYe0G9e	folk,female vocalists,blues
uVpAghoOixzocv0X	karol conka,pop,rap,hip-hop
uWEnfg6Z4jsOJwou	post-rock,instrumental,math rock
uWPdIFCvvRmRfHyz	2017,experimental,indie,indie rock,progressive,indie,experimental,indie rock
uWpDH2EhFH0DPjLh	rocking out,alternative rock
uWzYrniam2UzBMdc	70s,classic rock,glam rock
uXGQCQQjLSQpdKoD	pop,electropop,novo testamento,2017 listen
uXOfGRdRjjRAVq0C	brazilian,pop rock,rock nacional,amor,jota quest
uXoV7P3klCYVN8HY	70s,oldies,pop,carpenters,female vocalists,70s,pop,easy listening
uYXH99JD1IYCLMsb	indie rock,dream pop,indie,top quality
uYvMaDdzf3bZQf1W	country,60s,country rock,classic rock
uYz80NfSutf949JD	thrash metal,heavy metal,thrash metal,crossover,metal
uZ95ZuwsQ5lKVoPk	7soul,soul
uZdl4o1nRfvSWxgN	nu metal,metal,hard rock,drowning pool
uZgPRqz3G8YQAEA4	pagode
uZllLV4KAFP9ptXI	k-pop,korean,dance,pop
uZooh1FibqxFgSix	cant even express how much i love this song,pop,rebel heart,female vocalists
uaS1eZQ6PzFi5GdR	indie,experimental,indie rock,alternative,rock
uadv6WcW4zjxqPXQ	rock,punk,indie,pop,rock,punk,indie
ubKyATY66NtVKTOJ	pop
ubcUueo6GReAKv4Z	rnb,jay sean,r&amp;b,pop
ubhTP8eoPbIesdN2	melodic death metal,finnish,9 of 10 stars
udAhlMPPwMvs4rtn	symphonic metal,female fronted metal,gothic metal,metal,power metal
udGwdjIF5Iq0USkf	jazz,saxophone
udScHNRDGNMObe7p	pop,christina aguilera,female vocalists,rnb
udyFlFSTTER45BQL	experimental,glitch pop,rnb,art pop,alternative rnb
ueBbSbMdSy6W6adj	grunge,rock,90s,alternative
ueDImnNQldux1wCj	rocksteady,reggae,lovers rock
ueFzPee9VIZWLolc	brasil,mpb
ueavcCtl9jMXUFWH	synthwave,retrowave,dreamwave,synthpop
uetiECgkEH83d7UV	power metal,symphonic metal,symphonic power metal,epic metal
uf5QOv5q96pBXhjU	pop,70s,michael jackson,soul,pop,80s,michael jackson
ufXP4em3UFWfnLVB	clube da esquina,brasil,mpb,rock
ugMDGvCfHtFVxNJy	punk rock,punk,english lyrics,american artist
ugYaNZmoIMw2IscA	rock nacional,new wave,minhas,brazilian,mpb,pop
uhM5CwYNbIRZEsyH	hip-hop,rap,emo,post-nerdcore
uhOuLXmCFOml8QPy	punk rock,punk,bad religion
uhahcG4Hd7d0ksS4	liquid funk,drum and bass
ui4bfNFpReoGeIQa	progressive metal,anneke van giersbergen,doom metal,folk metal,progressive metal,melodic death metal,death metal
uiWP8bBty9on9rKS	cover,indie,ra ra riot,indie pop
uieP5mmg5snmku1T	heavy metal,metal
uikqsynNXnWrkzeo	pop,backstreet boys,love at first listen,i could listen to this song forever,6 of 10 stars,getup
ujmin4EcRsLwIJj7	country,2014,modern country,sexy voice
ujqumv5R1BmN73ah	calypso,brega,forro,lambada,zouk,merengue
uk88L5gLKvOfjmIA	rock,female vocalists,paramore,alternative,pop punk
uk9AqHt6AK73Re6N	female vocalists,pop,singer-songwriter,american,00s
ulOslCx5r0Iqdwoc	80s,pop,80's
ulUWdhWR3EQzG6xG	soul,energetic
ulcmjapnliBYYJos	alternative rock,movie song,rock,2014 single
umPyLNAXbQHjKr3g	hip hop,female vocalist
umQcYqsFicENqXio	ambient,soundtrack,electronic,chillout,2016
umRXcx28GCSyICPk	pop rock,chile,latin,female vocalists,rock,pop
un3sk343RJ0sOg81	indie,psychedelic,new wave,alternative,post-rock,indie electronic
un4kzdmkZdWJ7KzZ	pop punk,emo,punk rock,punk,pop punk,punk rock,melodic hardcore
unxOT4Q0O4qHx3Un	indie rock,10s
uo361EMFekJxqjcc	pop,dance
uo7Wx2zjikt8e38y	singer-songwriter,singer-songwritergdchill,i never saw you dancing,folk,singer-songwriter,indie
uoJWoi0fHz5WDbTv	pop,united states,rnb
upC5mQJQgNH8NKDE	post-hardcore,silverstein,screamo,emo
upCfmqkAPJda1wH8	spanish,80s,pop,pop,spanish,80s
upGV2DyNjyKJ1WXh	alternative,rock,love at first listen,beautiful,the vampire diaries
upMpN1ww8tOWnbhS	80s,female vocalists,rock,alternative,fip
upQiuwtfoQdbwdsE	pop,hip hop,hip-hop,rebel,iggy azalea,rap
uplGsugWDuC1aacg	mpb,brazil,oswaldo montenegro,brasil,md-thoughtful
upwmJCh4ysaMIrC4	post-rock,experimental,sleepy,relax
uq5ETEbfFgKLqjnz	classic rock,bob seger,70s,rock
uqLWNT68XFaRJHHm	punk rock,punk,jenn
uqQkMXpx5YiMYoQ0	indie,indie rock,2013,10s
uqm5FeCfXStgSUXg	indie pop,psychedelic,indie,amor a primera oida
ur9b9N7fA5Nwvdug	progressive rock,rock,may 2009,131,indie,experimental,indie rock
uryZ8JC3AubSeg9T	electronic,experimental,bass bending,hip-hop,classy title,fucking amazing
usk2V937PzPVaOAo	post-hardcore,alternative rock,alternative metal,rock,alternative
uswqdwqKwqNpA0ea	electronic,psytrance,psychedelic,trance,psychedelic trance
uu46WcTiPDUH2AL1	death metal,2018,drum and bass,relapse records
uuGynMhwZtOZNWNP	classic rock,folk rock,70s,folk,rock
uublr4HSDBrSqY7w	2017,female vocalists,singer-songwriter,indie,alternative,rock
uuz4x9CaCTuL0SZx	indie pop,indie,female vocalists,indie pop,female vocalists,indie
uv8dTxntpSN0P9NQ	love at first listen,pop
ux9iQDQkkEnTt4kz	ambient,depressive black metal,experimental,psychedelic
uxAt5B5y30zR8gwO	pop,synthpop,new wave
uxFe375xX9J0tyVk	melodic death metal,metal,death metal,swedish metal
uxGfuUirDjQiTufM	pop,mpb,rnb,brazilian
uxjmTmUtxdczW2GN	funk,baile funk,baile,smash hit,2015,2016
uysYyvHjNhg4J03M	emo,minnesota,midwest,pop music,remo drive,erik
uzRuPwzfzLcloH3Z	deep house,eargasm,nu disco,funky house,c brits,this is the simulation
uzuh5XLA6f3ZTB8g	black metal,psychedelic black metal,psychedelic rock,metal,black metal,psychedelic black metal,experimental
v032ByDnk0vPSe9J	post-hardcore,melodic
v0BagbLQ68vsgBTZ	chillout,trip-hop,downtempo,electronic,lounge,downtempo,chillout,electronic
v0NEiFzGC1qP3VRf	rock,melancholic,swedish,10 av 10
v0U3c4xwkDNNTxAY	russian,hard house,hip house,rave
v0ZKSpu5PDb3T1jV	electronica,ambient,electronic,pop
v0fZb10dqfULp891	instrumental,piano,progressive metal,progressive rock
v1XepZBlHHPy1me2	dance,pop,club,sexy,pop,rnb,dance
v1YuwZ5wS27LIETA	moombahton
v27mu6sTZCtEM0wx	love at first listen,pop,dona do brasil
v2FhqfBlkM6Q3f2l	melodic death metal,death metal,lithuanian,lithuanian metal
v2P8wIymAEhQVomx	powerviolence,hardcore,sludge,grindcore,noise,hardcore punk
v2sMZwDD8aEoqjco	electronic,ambient,chillout
v371b4CXKioSIYn4	pop,female vocals,k-pop,kpop,korean,female vocalists
v3EjFAo41UKRfHUf	post-hardcore,8 of 10 stars,5 stars
v3P1kFTQ5aThsHA2	alternative rock,80s,hardcore,as above so below
v3mLjFAkkk61ttul	classic rock,hard rock,rock,70s,heavy metal,glam rock
v4bP5fdJjY34e1aV	spaghetticore,8bit,a hideo kojima song,metal gear solid,soundtrack,chiptune,undertale
v4ivyF5CbPaeWvHb	pop punk,new york
v52yHgLYmYyyYVBO	noise rock,psychedelic rock,art punk,punk blues
v5A6m4nJh7hl8XHj	emo,pop punk,indie rock,punk,indie,alternative
v5IjFEaZsbzyDOmZ	pop,female vocalists
v5ljKfVq6oWerL0R	indie rock,rock,indie,alternative,alternative rock,garage rock
v5xe058HcPorm48q	jazz,blues,vocal jazz,female vocalists,billie holiday,40s
v6XumM5GAD8eLHsn	90s,rock,alternative,grunge,alternative rock
v6iwIpi4K2UJiRng	instrumental,symphonic metal,metal,cover,cello
v6ltZbuUiklgQTea	indie pop,lo-fi,experimental,noise,indie
v7xYgojW95YbD28m	progressive metal
v8JcyhKOnJ9q2BRl	black metal
v8Nv4QDbzb52rETB	comedy,dsbm,not just for kids,depressive suicidal black metal,soundtrack,comedy,fun
v8XFtqHshPVmWuvl	post-rock,instrumental,this music is nice but do you have something with vocals
v8mcUAUvY2Pk1gDJ	punk rock,rock,alternative rock
v9XI7XCCe4yKgJSj	alternative rock,our lady peace,alternative,rock,canadian,alternative rock,rock,alternative
v9bRHVBbmmh8TgKl	dance,80s,remix,1989,favorite remixes
vA40YEOjc5FTGWcW	electronic,edm,monstercat
vAt6Z5tqxuh2DyLn	gypsy punk,punk,gypsy,alternative
vBBGaSjosEYNIu5K	synth-rock,synth rock,gothic,gothic rock
vBDenWcRnxzkIrvO	country
vBOyknxdz4A7dO4B	rnb,hip-hop,female vocalists,pop,2017,soul
vCCMvgSJnzirTprt	indie rock,indie,canadian
vCMtou9JWlsx5c6B	70s,rock,classic rock,pop
vCV4Ewc3Zm9uZZME	heavy metal,metal
vD4jmiC66VkozutN	electronic,downtempo,norwegian,electronica
vDWdxYxqEqmUXiVB	french,rock,rock francais,french rock
vDuyTP8mFItgngXp	industrial metal,metal,industrial,90s,industrial metal,metal,death metal
vDxRdszZDlsD3ErR	idm,electronic,ambient,experimental,trip hop,electronic,idm,ambient
vFEFpIZ0iySS6LWK	downtempo,trip-hop,electronic,chillout,instrumental
vFy8xJMMVFgWFZnq	dubstep,electronic,breakbeat,glitch
vG1k3aZWMD4dgyQs	german,rap,deutsch,fm4,massiv,episch-lyrisches werk
vGFGywexxqy7ugN5	black metal,metal,doom metal,post-rock,sludge,post-metal,post-hardcore
vHBQRNsc9eNx9gFd	hip-hop,rap,trap,urban,ybn nahmir
vHKtwYIHtGcMMJZa	soul,the stylistics,70s,philly soul,old school soul
vHcPtqGffZtwisWC	indie rock,alternative,indie,rock,silversun pickups
vHsoHHpfuEaNU0qa	indie rock,indie,rock,my morning jacket
vHxytZsuzapuCN0F	nu metal,djent,hardcore,metal,metalcore,deathcore,hardcore
vICz6SCzrWUSk9Jy	funk,soul
vIsCex9NOhqQSoUL	my anthem,favorites 2014,indie pop,electronic
vItpyeJfNViYnIb7	indie pop,indie,jangle pop,sophisti-pop
vJxpiRcgDkE7WsoT	punk rock,rock
vK2utyU9DKRSR01O	classic rock,hard rock,rock,blues rock,led zeppelin,70s
vLC3T6Tg1Me6QUNC	electro house,dubstep,trap,edm
vLSekbQg2vKlWXwe	country,60s,1969,old country
vLcLw2wIsr1F3esl	fip,electronic,trip-hop,indie
vLpHJgcJtDoRFEz3	melodic metalcore,metal
vM19ZgX2PKiP6P4w	country,linedance catalan,linedance 2017,country,american,linedance 2018
vM7BIA1ARPskl31j	jazz,jazz trio
vMTvfpTWWeX6z8cl	instrumental,indie,indie,indie rock,alternative
vN0sgIXsl7dd3OBH	pop,dance,electronic,lady gaga,monster
vN5Q2VvaGjH5LbfF	heavy metal,metal,thrash metal,metallica
vOXIPpF0R5V9FrVm	alternative rock,rock,alternative
vPKtzbQVTqD7eHMq	piano,ambient,melancholic,contemporary classical,cinematic,contemporary piano
vPNIItkt1ru5ivn2	drone,drone metal,dark ambient,drone doom,doom metal
vPg5yTHwfbOywbGR	hard rock,classic rock,progressive rock,rock
vPlsUTMVJruEnRXn	soul,female vocalists,funk,70s,soundtrack
vQDkDntGlQffD9u0	power metal,heavy metal
vQd9ehKDqQIQmN2R	rock,classic rock,hard rock,queen,roger taylor,70s
vR2rtFIpSxVQSkmS	pop,female vocalist,electronic,synth,pop,female vocalist,electronic
vR7Doj4E4USk004d	folk,80s,singer-songwriter,female vocals,female vocalists,folk rock
vRRzQvXPXHKNmrPT	pop,puppy
vRvTUoDSgOFkgUHu	alternative rock
vSbDiQWwWjo6GuXC	rock,frank turner
vSltIKOgEiJRMp0k	stoner rock,desert rock
vTA5vNreHTyEg7Lc	rock,psychedelic rock,psychedelic,reggae,australia,psychedelic rock,rock,psychedelic
vUDkrjs38zpJ2o3e	mpb,bossa nova,mpb,bossa nova,samba
vVIJ4IBciUdZjesr	poptron,alternative,alternative rock,indie,887 cimx,rock
vW4e1g4fMtk4qexd	hip-hop,electronic,zef,rap
vWE3wM9n7MBDda5I	soundtrack,drive
vXokTeyBuhKOFFpp	eurovision,icelandic,esc,2015 single
vY1s7MhFx7xiMkKo	electronic,female vocalists,dance
vY6IqLlQvtYRRgdz	thrash metal,speed metal,metal,exodus
vYOXzyEbFjTOt3mg	electronic,indie,dance,alternative,electronica
vYmsZNBaWGqN3bwR	2014,mpb,brazilian,folk,brasil
vYzU39qoa0f1n4KU	industrial metal,industrial,metal,alternative
vZ9PmA3CpzYuDQKE	chillwave,atmospheric,ethereal,dreamy,post-dubstep,relaxing
va5sT146CNyq3rkK	indie,rock,madchester,80s,britpop,britpop,madchester,indie
vaXmbWYhtvZq3mB4	pop,rnb
varVxonyosDEugeX	pop,folk,singer-songwriter,indie pop,alternative,indiepop
vaw43bvFmszYaCW1	r&amp;b,slow jams,rnb,come here jholiday,rnb,soul,j holiday
vb2cwkWdMabrucgH	80s,pop,dance,soul,party
vbjGig6FhPB4eW5w	hip hop,electronic,alternative
vbkCA5hZHvL8ju4T	punk,rock,punk rock,snow
vbpOrHHOsbeLtaiV	pop,female vocalists,c brazil,c red
vc9QtUyodXEsURBR	psychedelic,trippy,king crimson cover,post-punk,industrial,experimental
vdF2PDIFXryUdtva	synthpop,guitar,electronic,indie
vdWJ9O2VQDNgWEHj	rock,80s,progressive rock,classic rock,pop
vdefE5B0EAYfRgTq	alternative,rock,brazilian
veYoMnZZQMlWJJ4N	metalcore,christian metalcore,metal,christian metal
veoBRutKwJd2Kbgu	winter,psychedelic,lo-fi,synth-pop
vfHukmRNazesVu1y	pop,old school,beep beep,teen pop,little mix,busao
vfefjOjdzqYmj37l	rock,alternative rock,grunge,chris cornell,alternative,90s
vfv4Q5ATIIpkJnvg	indie rock,indie,alternative,rock
vgDBHF62RTnFdWk0	post-punk,80s,punk,classic
vh7WUQto7bOyXKq1	rap,hiphop,hip-hop,trip-hop
vhGPUwsBPIZn78SJ	rock,alternative rock,alternative,emo,my chemical romance,punk rock
vhKH6tVDzgQeCYlS	indie,surf rock,indie rock,dream pop,dreamy surf rock
vhpPbg8szZirrrlJ	indie rock,love,prologue,art pop,like a lot
vi1iCRMPE30DbNjX	soul,70s,funk,earth wind and fire
viCGiiYs23uqlyKy	death metal,old school death metal
viGnpPG8WQb8KjhC	electronic,idm,ambient,chillout,electronica
viHwG0gUX2qhNeTM	soundtrack,instrumental,1305fh,loved1305
viYzTd7fl5tPeYi7	folk,indie,singer-songwriter,british
virdwakuQdcOplI5	minimal synth,synthpop,ebm,spoken word,industrial techno
vj08Cdr6XjyU45JY	nu metal,rock,alternative rock,linkin park,alternative,rock,nu metal,alternative rock
vjGO8LlywjP6JpS9	brazilian punk,brazilian punk songs
vjwHhLg2PrafejVK	new wave,80s,pop,female vocalists,rock
vkNqygQY7nIoe7yH	cover,metal,female fronted metal,rock
vl97j88dTLilICmG	punk rock,punk,rock,90s,green day
vmdQYIHZwHA1CQ2b	electronic,dance,turntablism,electronica
vmem2WsZ135YcGi2	new wave,80s,post-punk,rock,alternative
vn7cGiP5eCRjnmVv	rock,alternative,oar- heres to you,nowe odkrycia,rock,alternative,jam
vnISQaKTGhRUKi9i	melodic death metal,metal,death metal
vnQzBX4FAi2KDXwp	demi lovato,pop,disney,female vocalists
vndPNsCR3RMALXwr	shoegaze,psychedelic rock,dream pop,6 of 10 stars
vo1F2xTdGIRIVBaD	alternative rock,hard rock,alternative,rock,chevelle,alternative metal
voBerAguDc202MkW	ambient,instrumental,piano,icelandic,contemporary classical
voJXKrTBsNhSIyBE	black metal,metal,finnish,doom metal,melodic death metal,finland
voQb07Q1hEqpHt4A	rock,brazilian rock,brasil,80s,legiao urbana,brazilian
voRTCNmgz4K0zsaI	2019,experimental,folk,psychedelic,electronic
voxsjUvGZDArRiPh	duet,love,acoustic,pop
vpg7Rq2qcDiHjank	gothic metal,female vocalists,female fronted metal,gothic
vpgcTDXEzxBEPDf4	folk,indie,acoustic,indie rock,alternative
vpkdcpRUdPdzxWXf	funk,soul,rhythm and blues,rock
vptqUoc2OQDmrxMK	pop,metalcore,post-hardcore,awkward
vqOqbwGfIEzo95qS	female vocalists,folk,irish,female vocalists,classical,new age
vqS2lVz4ivWIuUcM	singer-songwriter,dream pop,lisa germano,indie folk
vqUmgaX0UQIh5NOI	soft rock,80s,pop,love songs,rock
vr1Dcyklb0QHZ5U5	gothic metal,doom metal,metal,female fronted metal
vsBwnsneCoroMWjj	garage rock,san francisco,garage,rock,garage punk,austin radar
vsNX4UWXXb0pvocu	chillout,pop,trip-hop,mellow,everything but the girl
vsRH6eg4F2KWfvZH	punk rock,punk,punk rock,punk,ska punk
vsaVxn876THyVr4n	pop,dance,manila luzon,electronic
vtHFnHOAnlATNpa3	blues rock,rock,rock argentino,argentina,temon
vu4hTMjm8Pq8GNYm	metalcore,rock,progressive metalcore
vuIlaZKfCTlPgjmd	ambient,2013,sleep dealer
vuUAkMxeAYQNlMRe	rock,alternative,rock,alternative
vv02qtmw2OuuSw0D	shoegaze,krautrock,indierock,dreampop,postpunkrevival,shoegaze,dream pop,lo-fi
vvST5h16hjYjkzRC	soty,post-punk,2014,4 stars
vvbnCuS9j2e3BerS	death metal,doom metal,metal,5 of 10 stars
vvtB6ZMSTs8zsSPD	2017 releases,james-joul - 2017 releases - albums and eps,james-joul - 2017 albums,singer-songwriter,british
vw6RuiYPEE0xuIIN	alternative metal,alternative,symphonic rock,serj tankian
vwTyUlwGqjKHROYx	post-punk,80s,1986,new wave
vx4dnKo29PovqAyR	k-pop,korean,rnb,best of 2017,krnb,kpop
vxKOyHTWfK6nkAmc	stoner rock,alternative
vxq0Aqhz9p7E2Cwx	electroclash,electronic,electro,french
vz9ILVlgXye9qwTy	electronic,soul,acid jazz,chet faker,downtempo,lo-fi,post-dubstep
vzd9nzmcJvLPgyzm	doom metal,sludge metal,stoner metal,metal
w0I31v8OS6A1isKJ	doom metal,metal,texas
w0wj5z5hGuuOckdn	rock,pop,singer-songwriter,alternative,00s
w14CKJ66WU0ftOVl	folk,singer-songwriter,british,folk,alternative metal,melodic death metal
w15HLSKYETzcY2wV	industrial,industrial rock
w1DNGoZLFFnLQO7L	rnb,chris brown,hip hop,say goodbye,love
w1JYcBKW3bMxocsu	glam rock,pop,scissor sisters,mellow
w1p4w3mLHpOhi693	rap,emotional,hip hop,jessie ware
w1xcqQXVS7mESMev	50s,oldies,rock and roll,rockabilly,rock,rockabilly,50s,rock and roll
w2LIk3QmsyXktDHO	progressive metal,progressive rock,metal
w2S8c3Fwtmc9yk26	gothic rock,gothic,goth
w3C6EfJAHVosmE6T	pop,male vocalists,folk,uk
w3En2DnrWIDrnUCN	samba,brasil,samba de raiz
w3QMjFsSgaGUJFtb	soundtrack,lannister,game of thrones,soundtrack,instrumental,composer
w3qfhvEqEaKoMHe2	post-punk,christian rock,goth,new wave
w4siJUAPpGNOSH6g	rock,hard rock,alternative rock
w50Lfb8pr9mE7OX5	soundtrack,female vocalists,piano,beautiful,narnia,female vocalists,indie,piano
w57cL6rjiP0GjIJu	idm,electronic,breakcore,2014,experimental,ambient
w5Be9vpOuLlRmW15	female vocalists,bette midler,80s,pop,ballad
w5kjU9lJDWLQwnfV	indie,indie pop,british,alternative,indie,indie pop,british
w63puXmP8eWJJeQi	indie,indie rock,canadian,hand claps,indie,indie rock,canadian
w64KwSB7npnE8hb2	female vocalists,indie,cover,pop,canadian
w6BTU0doOLIYijKS	indie,indie rock,lo-fi,rock,alternative
w6LDwyb09Z7aPMhr	80s,rock,new wave,classic rock,pop,billy idol
w6dZZPH1JrOswNIN	metalcore,metal,nu metal,hardcore,post-hardcore,metalcore,screamo
w73mftnJLoLAYIGn	electronic,dance,minimal,electro,german,electronic,dance,minimal
w7MKZ4jo3ssNGW4v	fatso,deep,outsider house,fatso fatso
w7PZckOy6rsQs91D	indie pop,experimental,dream pop,pop,synthpop
w7rJBwhlfdhJeL92	indie rock,alternative,alternative rock,shoegaze,british,indie,scottish,rock
w80IVwuH4w37IWXb	pop,80s,new zealand
w881MZNITa8HJcvL	indie,90s,madchester,alternative
w8Q1ZIZPI0WKGm9z	chillwave,electronic,ambient,glo-fi,electronica
w8rtuFztCfL1KzpR	blues,instrumental,bluesy,blues,singer-songwriter,rock
w940ogjCNGrpxvir	post-punk,80s,shoegaze,rock,noise,noise pop
w96VZTnNTEyXNXh8	indie,indie rock,female vocalists,mellow
w9CyhUrD7tv5zOvP	classic rock,rock,hard rock,queen,70s
wAOvOAR5h3FhUagv	country,country rock,1998,90s
wAXij5XaK9tQ4DCD	rave,electronic,techno,breakbeat,dance,electronic,techno,industrial
wBZQZHbQveKaJRFq	hard rock,classic rock,rock
wBk79bOuOBT7J2AQ	post-hardcore,melodic hardcore
wBrToSbldsUN7RYD	indie,alternative,indie rock,rock
wC2eSHnbt1guRuav	indie,british,rock,electronic
wCM2UFSJxS0ryGpf	progressive rock,psychedelic,progressive,rock
wCPMStSN1z5GNvac	abstract hip-hop,underground hip-hop,hip-hop,experimental,russian
wCehTe01kHHUxVnJ	electropop,alternative rnb
wCglEvCdtoWo5kK1	garage rock,punk,garage,neo-psychedelia
wCxWPMq7SU6BvLFb	pop,chile
wDua3A962HzJmt5u	progressive rock,jazz,prog
wEVAql3aTyt8NIr9	pop,rihanna,rnb,love,female vocalist
wEmCUwF6ql0uJ1Bm	k-pop
wFsz88iaKxMyv1qa	punk rock,punk,alternative,alternative rock,rock
wGWFf8T8ejPirEko	indie rock,indie,british,alternative,rock
wH0pxqoDezzlrTVI	melodic death metal,power metal,progressive metal
wIF9WTqGbt94IIuB	heavy metal,hard rock
wJ9MrBCuGjYqSGHl	gothic metal,metal,doom metal,gothic
wJJvXL0jnk956f4r	post-grunge,alternative rock,alternative metal
wJjXJYEMp8OMqjS7	burlesque,soul,legend,soundtrack,christina aguilera
wKQ4FOkLlisuo8l7	chillout,bossa nova,french,lounge,cover
wKoB144EmzBEkIK9	metalcore,thrash metal
wL0BJJPmZuVENRkn	shoegaze,dream pop,2015,noise pop,shoegaze,dream pop,noise pop
wM02amI73QETEPcS	sentino,gmll,olek,rap
wMFkUWUakN9rh6Do	rock,indie,sunset,rap,hip hop,cool
wMd3vqD6cznSAMFB	alternative,indie,singer-songwriter,00s,electronic
wNaDf2Z83rVzWWF1	rock,u2,classic rock,irish
wNhnLZokO2pN5ABy	pop,indie pop,alternative rock,pop rock
wNlQrRbKZZTQhpYg	post-hardcore,emocore
wNvJ2zJw8QEUU7fw	 ,hip-hop,electronic
wOJreXO78AWATI0f	indie,german,electronic,alternative,indie pop
wOK0fNCTmn7eLrOM	alternative rock,rock,alternative,awesome,alternative rock,christian rock,rock
wOgJ2cYEAkbIFoiu	folk,acoustic,lo-fi
wPsp5Pw2o1GHtTUd	alternative rock
wQLIfkQd9Cf02IB3	funk,pop
wRest78Oh8CSxmD2	post-hardcore,pop rock,hardcore,emo
wS8YiGqCpYr2Y3jA	classic rock,60s,psychedelic rock,70s
wSp2O9X2bOHL0qC4	indie,electronic,indie pop,electro pop,new zealand,indietronica
wSrGfmxnMXnmh19t	pop,german,electronic,amazing
wSwO5GhBq8y1jn5g	brazilian,pop,rock brasileiro,alternative rock,pop rock,petits grains de beaute
wTbScpMChUoYAvdl	rock,british,pub rock,rock and roll,classic rock
wUIoXhk32WRlXztX	freak folk,art pop,female vocalists,ethereal
wUueD4TogHbWwZpp	pop,british,00s,sugababes,pop,female vocalists,british
wVJPGE6NpdM2lcuh	post-rock,portuguese,vinyl,alternative rock,progressive rock
wVs34YoLfvIUxR3H	house,electronic,progressive house,electro,mau5trap,minimal
wVsyXdKUXXqpdP26	thai,rock,ska,reggae
wWCS7VGzsMcEiQpS	2017,folk,psychedelic folk
wWY9eB18ccgtcQEn	rock,r&amp;b
wXVEUzSovffeBgfc	synthpop,new wave,indie rock,spanish indie pop,indie,indie pop
wXXqqJl8zPifGXWp	rock,blues rock,cover,singer-songwriter,blues,alternative
wXciZSkM8hdWtcn6	alternative rock,progressive rock,rock,muse,alternative,british
wYViIvODJJW7NrK4	2015,indie,pop,indie pop,soft rock,cds i own
wYmHOsdV71S4SBte	puerto rico,reggae,spanish reggae,zapdub
wZWxThEcPCOUnikc	pop,british,pop rock,britain
wa3NcWiWGkXca2lW	classic rock,rock,power pop,70s,cheap trick
waWhCTq4MbwTuqoF	folk metal,instrumental,celtic,melodic death metal,folk
waexM2D7S6PDhd9E	electroclash,electronic,synthpop
walxWViAIiOd5e4s	female vocalists,70s,singer-songwriter,folk,carole king
wayc1GRjC10XWJVR	alternative rock,alternative rock,rock,hard rock
wbJWFlmrHkax5pzp	soul,80s,female vocalists
wbVvno8PaLyGicEv	grunge,rock,90s,alternative,alternative rock
wbWZgxkkhL45NAuw	punk rock,rock,punk
wbgQmVbFZzCvh969	dutch,good live,download,2012 single,the edge of seventeen,rock,dutch,pop
wbmMChuG3ps66EmR	new wave,electronic,alternative,rock,new order,2001
wcKdTGmOzZMzG8ZU	progressive metal
wczOkPL07tKUUGoy	groove metal
wd7vX2b80Yi1ksBx	electronic,disco,2012,synthpop
wdGlALS3Rh51ZLVJ	stoner metal,progressive rock,heavy psych
wdQztxX81nLEruCo	dream pop,female vocalists,mellow,singer-songwriter,acoustic
wdRX3yzc9iMOqpim	soft rock
wdg9CPs88fDGfibe	k-pop,korean,kpop
wdkx1FcUhmVcTpgy	fip,rock,blues rock
weYoemShgpPENroN	singer-songwriter,rock,alternative,sex,make me smile,experimental
wfCPwxdNBulqJsyj	soundtrack,instrumental,game,video game music
wfGkEiHku71EU7t2	rock,classic rock,70s,female vocalists,hard rock
wfm2TCP3XLeLG0rX	love at first listen,pop
wgdhxtKgPCvd6tPl	hip-hop,halloween
wgwZwSe3P7b97eUF	ambient,folk,black metal,atmospheric,viking,black metal,dark ambient,ambient black metal
whM9P0qmqNjH6XNI	post-rock,blackgaze,black metal,shoegaze,black metal,post-black metal,atmospheric black metal
wj9eefDZQFtnPnVH	deep house,electronic
wjUvJ8dvWsgwucHs	polish,reggae,female vocalist,alternative
wjhPyeqAPGCx2Q8h	rock,punk,post-punk,male vocalists
wjuOa1MO1mAhMtZx	cover,female vocalist,sarah brightman,pop
wkJhWnGfPtpCerQr	dream pop,indie pop,jangle pop,dream pop,indie pop,lo-fi
wkpKyXuXJyUgllgK	idm,electronica,hypnotic,pure energy
wlcsUn0tA0ByAxyE	hardcore,punk rock,brazilian,rock,brasil
wlzCYtmV2GDLI1ne	rnb,soul
wm1T6O36izEGTkzI	punk,cover,punk rock,british
wmCKbX2aWx2tTFj4	black metal,avant-garde black metal,progressive black metal
wmDfLKyUAttJEbnr	progressive rock,rock,art rock,alternative
wmQAeNc7epXlaAzB	lo-fi,electronic
wmebf4IeIAWpH23w	indie rock,punk,warm,winter,memories
wnreB4as3kSRwQW3	hardcore,melodic hardcore,hardcore punk,punk
wnskbhun8T32DcEG	britpop,indie,90s,sexy,britpop,indie,british
woKaOuePP4JqsoRp	indie rock,dream pop,argentina,indie
woYcA7PVgvKszzzB	electronic,wonky,glitch hop
wpTJNmGEAmX4boiO	sadcore,emo,lo-fi,indie
wqPSFpwPTqnUpNxn	k-pop,korean,boyband,pop
wqYeNqrUxqVPw4u4	indie rock,indie
wqc0zThdHbZHeFbn	power metal,heavy metal,speed metal,metal
wqnd5YgE2Fh3WhNU	progressive metal,doom metal,depressive rock,gothic metal
wqwqPHarohW4paEH	country,acoustic,taylor swift
wr93zy6wrksrq4we	rap,hip hop,hip-hop,experimental hip hop,trap,asap rocky
wrAXGVsmyBlbBjjH	electronic,space taxi
wrKyd2R0bzQBpszJ	electronic,synthpop,indie,pop,electronic,indie,powerpop
wsDvE2DE6iHLoUXp	fip,portuguese,fado,folk,female vocalists,fado,portuguese,folk
wsGGjUbB90MtkF5k	garage rock,alternative rock,rock,indie,alternative,rock,alternative rock,alternative
wt3xdJYIOQXa9qUw	rock,u2,alternative rock,classic rock,irish
wtmB3ocrORsGv7sp	downtempo,minimal pop
wu1LSZk1VMK51cZF	pop,dance
wuLiGQ8yMaFkatsZ	hino,pop,piano,male vocalists
wukA1wBHsZM5R64U	pop,electronic,dance,mine
wv3MqZSYaVcaeGIN	rock,alternative,christian,christian rock
wvN9VdPwBXeXXTVp	rock,90s,alternative,irish,female vocalists,alternative rock
wvxJ3diYAjfDEYx6	metalcore,metal,christian metalcore,hardcore
wwXm7ircqopveami	classic rock,60s,rock,pop,the beatles,british
wwaLeliGzWKCf95d	funk,brazilian,samba
wxMihf7Rgk54AwBU	2019,folk,singer-songwriter
wxetZOv6BCSZchC8	soundtrack,the fountain,instrumental
wyk2grypIheZI2EZ	psychedelic,brazilian,rock gaucho,z3po like this,favorite brazilian albums,psychedelic,brazilian,rock gaucho
wz3eC4c38Tyfmlkg	indie pop,indie,indie rock,jump around the room
wz7Hpf9vQwZAVNIc	post-punk,punk,new wave,post-punk,punk,female vocalists
wz9Lk90thBx1TcaC	jazz,vocal jazz,blues,billie holiday,female vocalists,fip
wzDtKIqttUpPvlJY	folk,acoustic,indie,female vocalist,female vocalists
wza2SDaK2shlhrSR	soundtrack,cover,les amours imaginaires,dalida
wzyVgYHzy4X6tbGD	grunge,rock,alternative rock,alternative,90s
x0BoMpplnzwWFbIv	synthpop,new wave,electronic,80s
x0X0yrqDMrGTZepg	indie,lo-fi,80s,good stuff
x0wIM6uEuhNcolM3	alternative,pop rock
x0wx9Gifk9BMIQNp	piano,folk,vienna teng,the hypelist
x1IgSXHKjiYHGVFl	pop punk,all time low,movie soundtrack,&lt;3
x1aaWnOgm8dMLh0M	indie pop,indie,australian,new music
x1arf00pQjsqO0Qy	rock,melancholic
x2NCGmW1sXnvedMa	indie pop,indietronica,pop rock,alternative pop
x2S0EQQmXQRwDT89	forro,all
x2gfQxbRKtiVfzGs	punk,rock,craptag-spotify
x2iaRQqtICNElPhT	mpb,brazilian,alternative,indie,folk
x2udXvrt0a982gcR	japanese,japanese rock,jrock,female vocals,math rock,female vocalists
x34GAHtPhxEn0cxU	house,electronic,jungle,rave,post-dubstep,nu jungle
x3mou4Z2TgG5ycWk	house,deep,deep house synthpop,parts of the body,new band of the day,corporal elements
x4hv0ALTsGICpzry	new age,ambient,enigma,new age,ambient,chillout
x5FxsH6wQoczp3JL	k-pop,dance,korean,intro
x5fxh1zbSbWboqKG	tropicalia,mpb,experimental,brazilian,brasil
x68RTwGiegBXHliz	rock,alternative,indie rock
x6MINMVc0jxdQQ4x	electronica,electropop,electroclash,electronic
x6P4j4AQfqygjhgc	spanish,pop
x6Wm94GM8ZzsX1fH	disco,70s,pop,pop-rock,disco,70s,pop
x7LGjnccOuSSgL9R	pop punk,hardcore punk,punk skate
x7ZYklh1kDyNkXIh	drum and bass,neurofunk
x8Mf7T74rSDxcwGk	black metal,crust punk
x929NZxIzCJ8GEOf	00s,killer groove,southern rock,rock,the cream,work
x9L1rxEmeFyZvWSB	rock,alternative rock,punk rock,pop punk
xBCiFccD8enX69JT	pop
xBI4ltwyJRfkSZ68	rock en espanol,rock en español,powerpop,1995
xBSWF5nNmhEWWfXj	90s,female vocalists,indie,indie pop,dream pop,alternative
xC3kry1ZA7RS61Q2	hiphop,hip hop,hip-hop,portuguese,portugal,hip hop tuga
xCb8VMfP5yVKapGD	shoegaze,dream pop,lo-fi,psychedelic,surf rock,shoegaze,dream pop,lo-fi
xCkRr4Ok7FcBdm8p	hip-hop,mkit rain,hip hop,korean hip hop,korean hip-hop,khh
xE4OkepHJvOZ30Fj	drum and bass,electronic,dnb,drum n bass
xEYVbgBjgPGr2HQT	indie,female vocalists,indie rock
xF228OT96m5dtF7J	nelly,love,pop,male vocalists
xFD9fB0rITLpBiDc	k-pop,kpop
xFSHL14m21IBChEy	jazz,jazz fusion,miles davis,fusion
xGCzmNE6Iq6F8wZb	punk,ska-punk,ska punk,new york,punk ska,ska punk,ska,punk
xK0vtRfUu015RqMZ	alternative rock,amp,after midnight project,discoverockult,rock
xK3sgea5DZ6aMmCc	rnb,dance,rnb,electronic,canadian
xK6PtPPUuAoAltQD	house,turkish,electronic,turkey
xKETq4PMnXTZBVHw	ambient,2013,chillout
xMDsZJiAT213RMLl	pop,glam rock,electronic,scissor sisters
xMMSTfglDq0nfMMO	doom,gothic metal,best of 2015,haunting
xMsgghyQ7dNxQwG3	hardcore,awesome,melodic hardcore,hardcore punk
xN9RzxHRD81yP8Kz	indie rock,indie,british,rock,alternative
xNJNJyNl1u4RH4Dp	rock,alternative rock,alternative,matchbox twenty,pop
xNsYlVMULB81N9ZZ	post-hardcore,metal,electronic,experimental
xNwzRpcHO0FQmcUg	electronic,american,lo-fi,urban
xPVPHDWUjZR1HDqP	symphonic metal,neoclassical symphonic female frontend power metal,power metal,metal
xPkarNdxtmOXFG47	female vocalist,mellow,electro-pop,rock,chillout,90s
xPsn0NwTemozO2AS	rock,post-grunge,alternative rock,creed,alternative,acoustic
xPzyL03GdSZiGHOy	progressive metal,progressive,metalcore,post-hardcore,progressive metalcore,metalcore,progressive metalcore,australian
xQ8nao2SZIRVDkaO	post-hardcore,electronic,8,1905
xQI2kiTL1GJy5YPZ	cody simpson,2010,&lt;3,love at first listen,pop,catchy
xRG6VQB0WkxK5fWl	electronic,experimental,indie,alternative,electronic,experimental,alternative
xRYnCIOrfrnLAdXt	indie rock,alternative,indie,rock,female vocalists
xRn1ylhm5labUQsQ	electronic,pop,female vocalists,british
xRp3I9ZpnY1qv1io	rock,classic rock,love,adult contemporary
xSmgqRs2ltIwu46N	acoustic,folk,indie,singer-songwriter
xT4XCWKEZd7HdxEj	ambient,electronic,downtempo,idm,electronica
xTV31DrfW6tyr7KI	rock,alternative rock
xTfBVjiktBFKRtxM	2019,folk,singer-songwriter,indie,australian
xUejPutgMvdRzpsX	indie pop,alternative rock,indie rock,alternative rockindie popindie rock
xUrcqRSoPknsGKU7	rock,indie rock,indie,female vocalists,indie,indie rock,female vocalists
xUsBqk4JFsJw7BzQ	instrumental,electronic,progressive rock,progressive
xVGXaD8CA8ttZ2Ch	electronic,pop,deep house,dance,top,lieblingslied
xVeQ8q5TCklNk5HQ	italian,pop,eros ramazzotti
xWK6qt89GkD3ZsAH	dream pop,shoegaze,2018,indie
xWYCYPIrpiAoXrl0	rock,alternative rock,indie rock,post-punk
xWdUGTImVgov8oP5	alternative rock,rock,alternative,muse,british,progressive rock
xWeEfQxl3ouAbD6o	hip-hop,2013,rap,experimental,lo-fi,scottish
xX5Xf4c4w6xhNPqC	mellow,indie,experimental,alternative
xXPmQYlBPrFZU6h7	poptron,chillwave,electronic
xXfZeuu3ndCPTPaF	hard rock
xXpUScFyWnlDkWPZ	post-hardcore,rock,hardcore,emo
xXyAWYtBwmJrLYcy	punk,punk rock,female vocalists,rock
xYuAGBwjGUqEjk8y	thrash metal,metal,groove metal
xZSDuxli2aoVtmLh	90s,alternative rock,rock,grunge
xZkuIVHbrzA416qB	shoegaze,dream pop,90s,1990s
xZtjzpMS7tKfnkNI	rap,pop,electronic,hip hop
xa6Mf3BLv5bNwXyg	soundtrack,musical,mamma mia,pop
xaSUCFsJmEF8HqYl	electronic,electropop
xbPROldsip73RSkA	black metal,metal,orthodox black metal
xbbfluEgQZJLfWTT	progressive rock,classic rock,yes,symphonic rock,progressive rock,classic rock,rock
xcJPMrFB2kCGMcmm	dancehall,reggae,dancehall,reggae,dancehall reggae
xcosr9naMm8VL0Tv	90s,alternative,indie,beck,rock,alternative rock
xcwiPHyK1m50lxuf	indie,indie pop,canadian,2017,alternative,indie rock
xd7zDOlAGrmIUNMo	metal,hardcore,metalcore,thrash metal,groove metal
xdJFbrUN8e2J0bWa	soul,female vocalist,soul,female vocalists,pop
xdQbIcbWPWeYxE3p	pop,dance,sophie ellis-bextor,female vocalists
xeO7McHJvdlEW6Ed	black metal
xeVXUzb3BoyCMHXG	pop
xfHk98eJr61cvIs3	female vocalists,indie,singer-songwriter,piano,alternative,female vocalists,indie,piano
xfowo70kQkyYMdv4	oldies,soundtrack,musicals,jazz,50s,musical
xgDt5mpxICEcfh5l	pop,rnb,dance,jay sean,loved
xgXwLD1zVrA2r8w8	emo,2018,indie,punk,midwest emo,pop punk
xgaNiLxAqzknO3pn	female vocalists,indie,mellow,singer-songwriter,beautiful
xh6pZEaRtqMIYjIw	experimental,noise rock,2019,noise,post-punk,electropop
xhJ2y1SYoa1NZQ2P	alternative,sad,alternative rock,rock
xhQWWzKY5TAwaliZ	hip-hop,rap,hip hop,outkast
xhugtZRumLUU0Nf6	oldies,rockabilly,50s,buddy holly,rock and roll,rock n roll
xiHJKpeT0urb5Ehv	electronic,electropop,pop,swedish,synthpop,sweden
xiLUSOJOsgBIiy1N	60s,classic rock,psychedelic,rock,60s,psychedelic,classic rock
xj06nPLeBFenctWQ	neofolk,dark ambient,darkwave,winter
xkNfs3O6LhPdCMbA	pop,dance,stargate,party
xkWhqvmzlY2tyIMB	breakbeat,love at first listen,idm,electronica
xkjcuYdbAc1oFVeO	soul,neo-soul,rnb,female vocalists,mellow
xkk6h7NEVzRbBxJU	classic rock,southern rock,john fogerty,rock
xl7WL3MrUxVCYDu4	pop
xlCSNzdogggKu2da	female vocalists,indie,indie pop,love,rilo kiley
xlVLEFnI2HlA4Vrq	lo-fi,female vocalists,2016,indie,indie pop,lo-fi,female vocalists,indie
xldzorOc1sbvfNur	60s,classic rock,rock,halloween
xlqawVEjwLtLNAAO	rock,indie rock,indie,canadian
xmkQ8FHhspUlNPsS	house,dance
xmo98Ez8Nwejh8WP	drum &amp; bass,80s,indie,funk
xnnnRjxsjTsMqqFy	black metal,progressive black metal
xo0xZiNQRp1VcJR4	hip-hop,experimental,glitch hop,experimental hip-hop,rap,hip hop
xoDWi8UhtqT0zdcJ	soul,neo-soul,sophisti-pop,quiet storm,contemporary rnb
xpByvoxbs4ZJxfmQ	blues,experimental,alternative,singer-songwriter,blues,singer-songwriter,rock
xpMScb569sTjbGHx	melodic death metal,metal,symphonic metal
xphzfTIlojeuNgbP	rock,alternative rock,female vocals,great vocals,against the current
xpm71RlMLB0YTop9	be my baby,shoegaze,be-my-baby drum,melancholy
xqKat61zfR6sfxtZ	indie,rock,folk,singer-songwriter,fip
xqYPfFTr1Xzad5bk	reggae
xqxOhVeeqpEJIiUf	alternative,rock,90s,jazz,blues,jazz,alternative,rock
xr3ediQZ30ObOSbS	pop,rnb,austin mahone
xrBOdkBYFpSvtrqT	french,indie pop,female vocalists,ye-ye
xraFEi39V5V8ElEw	ambient,mellow,shoegaze,folk,ambient,drone,experimental
xs755Xv7WwZFoTNQ	hardcore,melodic hardcore,hardcore punk
xsAC7LEsEv3vlz4p	electronic,chillout,ambient,moby,electronica
xsRMt9WbAqsRpq6u	emo,punk,post-hardcore,minnesota,indie rock,pop punk
xsjNdgbV6isQbVF9	ambient,electronic,dark ambient,ethereal,robertitus coleccion,over ten minutes
xssAKrIfWv7wLWJj	soul,female vocalists,hip hop,pop,r'n'b,modern world soul music
xt4RKKv19C7GElyb	brazilian,bossa nova,brazilian jazz-lembra de mim-millenium-ivan lins,grappa utland
xtJqhMS7UyFV3vIh	pop,2017 listen,pop rock,british,indie,acoustic
xtR3Ctv9AhFLaJ9D	heavy metal,cover,hard rock
xtqwVkrJWBjHXM2y	k-pop,female vocals,female vocalists,girl group
xttpTFOEM44f27xR	eurobeat
xtw7RpP8uGuVrcFL	experimental,instrumental,alternative,alternative rock,alternative,experimental,post-punk
xu2LzYhkeyHSvSlu	albuns de 2018 que ouvi,emo,post-hardcore,melodic hardcore
xuaL5Z7IWQ53nut4	alternative,alternative rock,rock,female vocalists,90s,sexy
xudA6GSSJTas5vJn	chiptune,nintendocore,indie,instrumental,synthpunk
xvLw3kWHXk9cVdcy	2013,japanese,indie rock
xvv74n6x1kz49rst	pop,dance,latin,anahi,female vocalists,pop,female vocalists,latin
xwHe5ybP1MWC5IJh	symphonic metal,metal,female fronted metal
xwJc7oM2dkbh17Sy	pop,80s,new wave,rock,eurythmics
xwNRl6QA79WxwybH	alternative metal,hard rock,christian rock,10s
xx7AjP300BpGG3CX	classic rock,rock,80s,fleetwood mac,pop,classic rock,rock,70s
xxKIWSUPqTRkDK8v	alternative rock,rock,alternative,british,muse
xxMZNcsdctFhnqC1	hip-hop,hip hop,old school,rap
xxl7VOv9iFrnHEb2	mpb,brazilian,folk,indie,alternative,female vocalists
xxtIlt8rG3zAlFtX	punk rock,punk
xyoGJ588x09H0h8F	vancouver,surf rock,hardcore,alternative
xzA8mP8yexsrTs7p	punk,hardcore,indie,funk,77davez-all-tracks,post-hardcore,punk,hardcore
xzR3bZYMXC4pngrP	rock,emo,post-hardcore,screamo
xzWY2xKwFj1eaU2E	alternative rock,post-hardcore
xzZddKwR3B3ViQpb	jazz,blues,female vocalists,dinah washington
y05dHD9K6O3sCk2F	alternative,rock,indie rock,indie
y0ZafC3G45Dp0OTh	metal,hardcore,metalcore,emo
y0iRX8LrYqnrotNu	rock,pitty,female vocalists,rock,female vocalists,brazilian rock
y0vmwpSdsrkROj9m	rock,alternative,alternative rock,garage rock,indie
y0wiYl4BA6Wf1GPx	trip-hop,electronic
y1UiMjmab4c52Slg	rock,industrial,industrial rock,alternative
y23ZDGllD0RMC3Gf	indie pop,canadian,indie,space
y2TvubC3xyf9t50k	deep house,tech house,house,electronic,deep house,tech house,electronic
y33F3gjubszoaFRF	soundtrack,score,hearing,roar,soundtrack,instrumental,composer
y3MqKDTATQF14Cd6	indie rock,psychedelic,indie,female vocalists,rock,alternative rock
y3YtSQhfBUwm3apT	hip-hop,rap,trap
y3sQM0MYAvXL4rnx	post-hardcore,80s,punk,post-punk,punk,post-punk,hardcore punk
y4p5mYUoXNVgLzKS	pop,80s,elton john,classic rock,piano
y5iI2R8d4Zv1VCPs	dream pop,indie rock,surf,neo-psychedelia,chamber pop,female vocalists
y5nlpGu4jMLE0Wqd	pop,singer-songwriter,female vocalists
y6Xqwosk4wPVWE0v	alternative rock,alt rock,contemporary,alternativ,2017,alternative rock,rock,alternative
y6giaDRWgY7RVDfa	acoustic,folk,female vocalist,beautiful
y6wZT7dq7isrj1Zt	pop,indie pop,indie,spanish,rock
y7bBlKR3yn3DpoEJ	60s,oldies,classic rock,pop,rock
y7fQzcjsqFU1iG8n	singer-songwriter
y7q0hreUMWLclmnV	avant-garde,experimental,contemporary classical,ambient,john cage
y7xePVuQkALxLtuH	rap,trap,hip-hop,hip hop
y86rxJbIieI0nVAf	indie pop,synthpop,dream pop,pop,new zealand,female vocalists
y940RQ5C1RVrMQET	progressive metal,sludge,sludge metal,metal
y9PNNtuUNJWIGxIn	death metal,progressive death metal,technical death metal,progressive metal
yA0YFr2whAxMUMMV	soul,jazz,soul jazz,piano
yAXHDPi6EV5Bxg6Z	soundtrack,john williams,star wars,2010s,2015,soundtrack,classical,instrumental
yBPAagx0EjyUpV7D	dancehall,reggae,sean paul,hip-hop
yBQp1MprCMOGDd26	finnish black metal
yC6Q0ZOEQBAQQF3A	indie,noise,australia,lo-fi,melbourne,fuzz
yC6qh3tC9uA3kubs	indie rock,indie,2010
yCQKiq2jfwBohgAM	70s,classic rock,soft rock,wings,pop,rock
yDLQAgv5UVDW0cAA	pop punk,alternative,rock,indie,emo,power pop
yDUxI7tjCkSXdSvc	folk,singer-songwriter,psychedelic,folk-rock,rock
yDcnXFuvdQw9B4vm	classic rock,rock,70s,hard rock,led zeppelin
yE0lKZn21huIzyJk	indie pop,indie,pop,alternative,catchy,love at first listen
yE7RkAcQCztbn0ld	blues,fip,harmonica,chicago blues,harmonica blues
yEV6FN4Cf4uWYie0	soul,female vocalists,neo-soul,rnb,india arie
yEbjUv5FN9kHGC7e	rock,alternative rock,grunge,alternative,post-grunge
yFKxs7BRlg1XVYSK	soundtrack,classical,piano
yFW0KNy8lvqf3rK7	alternative,rock
yFvj4fU7uaabYOZH	dream pop,indie,90s,shoegaze,dream pop,shoegaze,indie
yG0WFZMNLx8CV9Um	cloud rap,hip-hop,rap,trap,phonk
yGa8a8r9MohiymNg	samba,female vocalists,brazilian,bossa nova,rock
yGgt6Io9bL81a7xj	rnb,pop,female vocal,rock,female vocalists
yHS1YLpQx36jVDEd	indie,relaxing,beautiful,singer-songwriter,oren lavie,mellow
yHWLQKeVzuMV7ory	indie,singer-songwriter
yHxPa7otg8ZoXa1h	industrial metal,metal,industrial,fear factory
yIJxc6jGVUoMoASv	new wave,rock,70s,female vocalists
yIul7Xf9NqZByUX7	alternative,rock,alternative rock,90s,collective soul,alternative rock,rock,90s
yIzgEe9OfObO5SkX	oldies,60s,rock,roy orbison,oldies,classic rock,60s
yJvAqijfTDEuA2Fd	indie pop,happy,claps,indie,indie rock,indie pop
yJylm8Cu0r30VZny	2017,jangle pop,indie,indie rock,lo-fi,jangle pop,indie,indie rock
yK4T0V5Ud558KTrC	grime,uk,grime,uk,rap
yKkuAhG4i3MC1DgA	post-hardcore,alternative rock
yL9miFgTwQojjwco	soundtrack,jazz,composer,pop,rock,classic rock
yLBPBTi5ICbOVvKS	rock,soundtrack of my life,pitty,inspirational
yLDYDyhZ3FFmc2Ys	pop,british,female vocalists,dance,cheryl cole
yMdnm3GvX9vwbnfu	electronic,ambient,indie,electronica
yMwSYtKRuCg0kfZf	post-hardcore,metalcore,screamo,hardcore,christian,underoath
yNiFgRwcUc6y42rP	shoegaze,dream pop,post-punk,indie,shoegaze,dream pop,post-punk
yO1ZLmykwCstpIIM	indie,female vocalists,indie pop,indie rock,2017 releases,indie,female vocalists,indie pop
yOZm3x8GQDckGdgI	house,electronic,progressive house,electro,soundtrack,minimal
yPV2pr1BBs96Wkbi	sertanejo,latin,pop,brazilian
yPe2IZAYdKod1dGk	pop,rock
yPhiaJTRbpFcsEqG	rap,hip hop,2018
yQTE1GqOGR8ApyMz	acoustic,british,folk,day,singer-songwriter
yRR8jQNkueUHpM4X	folk,psychedelic,psychedelic folk,female vocalists,covers
yRX83sdbxIuoa0u1	post-hardcore,screamo,hardcore,emocore,metalcore,emo
ySGPx7O3jnVERPfa	post-hardcore,hard rock
ySYPmw8uMr5ExleN	post-hardcore
yTRQJWVYSlOdV8pZ	manguebeat,brazilian,alternative,brasil,rock
yTVRzZQWbNKw9sPf	latin,90s,rock latino,mexican,pop rock latino,cafe tacvba
yTvCIAPBJv18RpHJ	post-hardcore,love at first listen,songs to cry,this is not what it is,good left undone
yVVC4N4eVWREzzqN	alternative rock,rock,hard rock,alternative,metal
yVVtbIaWHhTzsIFp	british,indie,electronic,alternative dance,bbc radio1 playlist 2012,2012 single
yW2lNyzOkgMU0Ugh	pop punk,punk rock,alternative rock
yW9oy32QEoLLyCyR	darkwave,gothic,gothic rock,new wave
yWakUvEvJA3cWUFC	electronic,electropop,synthpop,lofi,indiepop,new pop
yWpasLZxMkCbp8b8	irish,folk,irish folk,celtic
yYjUBRUpj1KaQFKD	instrumental,jazz,progressive rock,math rock
yZJlrvsCaSddEA1G	grunge,rock,alternative,90s
yacosNcLzkstziPh	samba,70s,mpb,luiz melodia
yatM9kO3cGLVDbKP	indie pop,2018
ybjSWXeF9hV43rV6	acoustic,german,singer-songwriter,pop
ybxom0QE4MOEZIYk	iyers world jukebox,mpb,clube da esquina,brasil
yd3PgPFcEBvKMAet	folk,swedish,scandinavian folk,medieval
ydhuZXDFESKe0Smb	pop,robbie williams,wrong track streaming,wts candidate
ydk0QQx8Y0gBTGuy	chillout,dreamy,jazz,electronic
ydpb57R61JNUBZhb	smooth soul,art pop
ye5zgXGTnaAkhA35	instrumental,violin,classical,electric strings
yeJexiTtRWAIMdRN	classical,classical music,klassik,piano
yeOF1YcfriokSbCW	folk,garage rock,pop,autumn,antifolk,indie folk
yeTAY1wfeosSJh8D	rock,alternative,alternative rock,britpop,coldplay
yeUFxN4SUgAo9xuz	70s,power pop,singer-songwriter,pop rock,sounds like paul mccartney,singer-songwriter,folk,baroque pop
yeeM7N9Rpmfh6paZ	lo-fi,beach
yetMyibYY6m5VrhI	axe,pop,female vocalists,brazilian,dance,latin
yfPeTPVemZtImxWE	french,female vocalists,indie,singer-songwriter,pop
yfbBZIYYrhXGTn6z	japanese,j-pop
ygTpNo5JjJRXuPtI	folk,female vocalists,psychedelic,psych folk
ygkUhqslGxDreZW7	pop,rnb,electropop,japanese
ygtaOzLcvVDHLjc0	rap,atlanta,hip-hop,gangsta rap
ygu36Bh6uAgZOjFP	k-pop,pop,kpop,underrated,male vocalists,asian
yhLXi6vwaBfmPA6g	j,doce,esus,pop rock
yhgo9cJpYTC0aBh9	fip,reggae,rock,summer,chillout,happy
yhpTlaoFlj6GAKdN	electronic,dubstep,experimental,british,soul
yhtOymRYtmp3PGgF	hip-hop,soundtrack,musical,female vocalists,broadway,musicals
yhwO5ofA8zane4fc	trip-hop,chillout,electronic,downtempo
yi3wP9RKVR7ZkMXO	cant get it out of my head,k-pop,korean,hell yeah
yiEUUwicz0Mg2HJd	new wave,perlen deutschsprachiger popmusik,psychoalgie,die wahren perlen deutschsprachiger popmusik,new wave,post-punk,ndw
yiXxPFTtVIzPHdZh	britpop,madchester,indie,alternative,best new reissues,rock
yjF0SxzctSeTzIjf	samba,joao bosco
yje5no46vnBpMZH1	grunge,psychedelic rock
yjo9RiyzrQBIlvuo	soul,fip,70s,chill
ykMScmUCEg7Wy39s	metalcore,progressive metalcore
ylZSHdQr0JTJdfjh	indie rock,2015,indie,alternative,rock
ymyN8yjI3JV5SgTj	rap,hip hop,hip-hop,trap,dababy
yn2nAjhEDOp1a235	nu metal,metal
yn6XtN9fP3Td3ujy	death metal,melodic death metal,swedish death metal
ynHSMgW1llRp5TEi	ska,instrumental,pop,alternative rock
ynX0O5X36vy95QQf	death metal,grindcore,carcass,death metal,grindcore,melodic death metal
yoRBMGHPWdt9tsnq	pop,90s
yp8wyuOrANXCqTdH	french,pop,female vocalists,chanson francaise,french pop
ypwVUkXs71HkdG2W	progressive rock,80s,classic rock,rock,yes
yq2DR4wx4U5yZQ8v	hip-hop,rap,emo,post-nerdcore
yqgwR3LLm5QYaVSs	the cab,alternative,rock
yrHNb205DJFwDQW2	alternative,latin,brazilian,brazilian rock
yrnQ3qo6XXb0MX7I	metalcore,metal,melodic death metal,heavy metal
ysNgcbfVtfwsQt1m	ambient,nostalgic,thinking about you
ysNlf3yzt7F5dHVi	pop,latin,dance,latin pop,rbd,male vocalists
ysZuzMcrnchgrahT	psychedelic,indie,rock,la sube,best of 2014,captured tracks
ytb0u6mskqqGBMXL	rock,classic rock,freddie mercury,80s,queen,cover
yu3gQAnaulYqGPCM	pop,cover,love,2013
yuR1sQODQtlmsMGH	indie rock,emo,rock,indie,noise,lo-fi
yuafclhKHugR0S1p	chillwave,electronic,glo-fi,noise-gaze
yucrm0I1usi3BSiK	death metal,progressive metal,technical death metal,progressive death metal,:3-5star
yvDDldJvBh7PcXmv	indie,indie rock,lo-fi,indie pop,alternative
yvGcahiTrus5DY9c	rap,hip-hop,american,dawin
yvvPBDj31OkF97mZ	black metal,die liebe neprus
ywF8kHDg69ULnWyi	deep house,trance,house,dance
ywYbfgwNiuubnBYU	jazz rock,classic rock,steely dan,70s,rock
ywaHq6ZVSsj8ZApt	power metal,female fronted metal,melodic death metal,symphonic metal,modern metal,pop metal
yxEK01gqoCQr5cjQ	goth,cloud rap,rap,hip-hop,emo,emo rap
yyeaM2iGL4jKKoyk	symphonic metal,gothic metal,female fronted metal,xandria,gothic
yymMz6dVlY8OXptl	hip-hop,cloud rap,rap,east coast hip-hop
yynrSStFikjKeeXd	hardcore punk,punk,punk rock,hardcore,rock
yzmM1ybnCqBpzSAi	pop,swedish
z08OKzclUcvRpKud	electronic,indie pop,american
z0UqEOsRBaWGWnqi	post-hardcore,screamo
z0lPbT9hvcx0iCAI	punk rock,punk,ska punk,ska
z1aYlEoRiaIM4vqe	tropical house,pop,electronic,all,dance,edm
z1pMKelVu4QeapCT	punk rock,skate punk,punk,rock
z1rsF4XRFgxIAHg6	death metal,technical death metal,brutal death metal
z1yQsZtnoyBC9ir1	funk,drag,pop,hino
z200qxsbGPVjSvxp	punk rock,punk,alternative,political
z2aIQjy3Zmq2KGfq	grime,math rock
z36AAia1yzQDFyYV	hip-hop,rap,underground hip-hop,the pharcyde,hip hop
z3EiE0NmcDImyh3B	country,pop,taylor swift,love,country pop
z3IFy7q4DtGEo0fi	pop,synth,atmospheric,calm,ballad,quiet
z3Kg1d9D80GWYNdW	lush,electronic,chillout,electronica
z3vinu5XcRGmMpio	alternative,rock,alternative metal,emo,post-hardcore,screamo
z4SSjtBPZBzkAU3q	liquid funk
z4hmyHAwDJaqha1y	hip-hop,hip hop,american,storytelling
z5W5PWEMUlRV40Vn	post-hardcore,alternative rock,female vocalists,la patate
z5qGwH461rz6ndPE	mpb,rock,classic rock,pop
z5tt2Gark6npnJIv	blues,fip,alternative,rock
z5vgpDwUBYmapghf	trip-hop,female vocalists,chillout,beautiful,trip-hop,electronic,chillout
z62CwaIu0ZJJfozc	soundtrack,nostalgia,77davez-all-tracks
z6KJIN5ZlQQlTtF7	reggae,dancehall,dub,roots reggae
z6ZIJqHljr5Ny3w4	doom metal,80s
z6cWTXD9qNglPS4w	80s,classic rock,rock,foreigner,love
z7G6IoGTf7hF0ch6	trip-hop,electronic,downtempo,chillout
z835yQHpe1OlV9ci	death metal,metal,old school death metal,fuck
z8penAFrWxd30PR6	beautiful,moon,mushy,indie pop,indie,indie pop,lo-fi
z94HxWZ70fGGM9W1	indie,indie rock,rock,veronica mars,alternative
z95zVT1Q9BC1P1vO	downtempo,chill,piano
z97XUbNDvBph7K7M	punk,political,hardcore punk,punk rock,punk,hardcore punk,punk rock
zAnMKI6EafaFBSxH	pop,rnb,keri hilson,female vocalists
zAnXfcCKd3xe8mHu	progressive death metal,death metal
zB5kq14x6feJ9MKn	female vocalists,chillout,downtempo,sad,sia,cover
zBJkBQY4v3xTSf7U	pagode
zBN2a6nChH4qhdhl	britpop,90s,indie,british,rock
zBQH6UAUoeCkStKu	pop,take that,pop music
zC1WYCdCZYoR8Cg3	pop,rnb,dance,male vocalists,hip-hop
zC3H3chcRSRJuJxG	soundtrack,game,10s
zC6zvEPBFU3BJMIg	rap,hip-hop,brazilian,female vocals
zC8HgAnuvfxIGkt5	alternative,indie rock,rock,indie
zCydZZTqPTrQJdvA	symphonic death metal,death,epic death metal,1
zDA7RkgQXOvVUVSO	post-hardcore,electronic,metalcore,metal,trancecore
zDFUPr7aBgl31TKt	dark ambient,ambient black metal,black metal,switzerland
zDzWt1gC7z3tw5O5	progressive metal,progressive rock
zEVSfCqlWzvajG3Q	power metal,symphonic metal,symphonic power metal,power metal,symphonic metal,progressive metal
zEgPm8CigZw6227y	reggae,brazilian
zF8JFbczaMB2Ku0F	soul,chillout,indie,alternative rnb,pop
zFVoqWkooRZlpVpL	lo-fi,black metal,experimental,indie rock
zFfIPlITN5ZVkrqB	pop,spanish,electropop,female vocalists
zFgg3KsP21sEvbKu	indie rock,indie,alt-country,emo,country,alternative
zFsEl8BRZm0cUjQE	danish,get,writhing in emotional pain,2014 single,post-punk,punk,post-hardcore
zHXoVI1g06jKhakU	indie,rock
zHud9fouGEihnRpP	rock,hard rock,alternative rock,shinedown,post-grunge
zIg53cR61PSvxGTT	alternative metal,metal,nu metal,system of a down,rock
zIkoSJ8BNQc1fp1C	latin,pop,pop-rock,spanish,espanol
zJX4qyXB3RWTUSZJ	hip-hop,rap,post-nerdcore,lean?
zJsORlxj29wLc6fD	pop,electronic,female vocalists,dance
zKBHAHBff5zCQltk	groove metal,metalcore,thrash metal,metal
zKU3RjwcBLVo46P1	2018,death metal,sludge metal,blackened death metal,black metal,progressive death metal
zL6izFur5llz4xz7	rock,fall out boy,alternative,emo,alternative rock,pop rock
zL8i7EGgiZKNeGTN	viking metal,swedish artist,black metal,intro
zL9bilYev1zOZOwg	indie rock,indie rock,indie,alternative
zLIDa3TRL0O7icbu	balada,pop,brazilian,gospel
zM0wxKxPRy0TMnO0	black metal,blackened death metal,death metal,finnish black metal
zM1OVHzcrJgD0Uf6	pop rock,pop,avril lavigne,canadian artist,female vocalists,soundtrack
zM8tFluXZTMaAyWq	canadian,indie,2015,folk,dream pop,singer-songwriter
zMwzssJgodAWCx1o	electropop,electronic,synth
zNCJjgNDpUtPFTgD	electronic,dance,pop,amazing
zO8gwg73TYVDoxWp	fip,nu jazz
zOfWi2wkIljHLslZ	indie,singer-songwriter
zP89PQHZW1sFGQk6	noise rock,alternative rock,sonic youth,rock
zPDU64Z27sSJDJn4	progressive metal,progressive rock
zPHj7qSJ8zA6R6Vq	argentina,indie,indie rock,2012
zQL1UFD5aEI8CAWz	indie pop,folk,indie,alternative
zQiOqPMhtnpPfzOf	visual kei,japanese,luna sea
zQv5x8sdB4YvIpdr	indie rock,australian,rock,indie
zRIahlQb0s0Yf1DO	french,electronic,electro,electroclash,electropop,female vocalists
zRgtCrB8UL5KrvTn	post-hardcore,indie
zSWd2N01NOafU8vU	electronic
zSz5BjCZVvrfIq8Z	french,soul,jazz,groovy,reggae,pop
zTNfBxkviGiTVUSn	psychedelic rock,makes me smile in a sad way,gotta have the banjo,space rock,salvation
zTsCGOXf1D2ykgfs	electronic,alternative
zU4hcQjWwh36CCBe	90s,stereolab,electronic,1994
zUfmYHjvNvWUG4yo	dream pop,ethereal,ambient
zVBVi5hr9JqO5QYg	trip-hop,chillout,electronic,electronica,female vocalists
zVeuUbpTLZewvW8l	pop,80s,spanish,12-08
zVpiGbltsR44SHr0	ebm,synthpop,electronic,industrial
zVqdjhk52Hl3KDcB	soundtrack,interstellar
zWMVx0ujMroBpdll	pop,british,dance,2012
zWNhZRUxCHV4q7SZ	garage rock,indie,female vocalists,los angeles,played,sxsw 2016
zWyZuY0rvOawZA1I	mpb,brasil,brazilian,brazilian music
zXN9nUA3jsHprGdO	soul,rnb,female vocalists,britpop,pop
zXUQlp1dYws7CRjN	pop rock,melhores
zXcaCZoKnWbu9HQF	pop,cover,rock,covers,female vocalists
zXouTXUyNaY4r1gM	fip,female vocals,piano,jazz
zXtqUQRMArU7B83p	electronic,instrumental,dark,ost
zYNdUqSUyejbUIUZ	melodic death metal,death metal,metal,female fronted metal,melodic death metal,death metal,female fronted metal
zYVnErhV19roMuSz	synthpop,electronic,new wave
zYtxKkGpEUYEWXj4	pop rock,male vocalists,love at first listen,rock
zYvmBjUAKTkVxm59	gothic rock,gothic,post-punk,darkwave
zZIiDgQNwPs971CB	classic rock,rock,latin,80s
zaXwH40UOkGhjFOz	rock,classic rock,needleontherecord,captain crunch,classic rock,progressive rock,rock
zalUDmlapjxrhdvp	gospel,jesus,louvor,clamor,christian,gospel brazil brasil brazilian louvor
zb4gbsrV76zBIeJq	folk,acoustic,singer-songwriter,radio paradise
zblVzT8K7WdgHPea	pop,rnb
zcdxcURqCDc2BeV3	post-punk,punk,new wave,70s
zd5HtSMxhfFuuY7b	samba,female vocalists,brazilian,bossa nova,rock
zdQknlERaq0G4LHM	mpb,blues
zdQqa7YFU9p29XBc	soundtrack,instrumental,beautiful
zdW1qZotRChnwkf8	pop,80s,6 of 10 stars
zdzy2ihJo3NuBDje	electronic,indietronica,shoegaze,alternative dance,dream pop,fuzz
ze9k1eU3VVoWXlvL	rock,britpop,indie,90s,alternative,britpop,indie,rock
zeXTuFN8reKZAfZd	nu metal,metal,alternative metal,intro,instrumental,nu metal,metal,heavy metal
zejElP7KisEPRXuh	rock,80s,classic rock,hard rock,female vocalists
zeoIIrQqqA7dMJ7s	pop,girls aloud,british,dance,pop,british,female vocalists
zf6I9Rp77pkBkbZE	spanish,pop,female vocalists,amaral
zf6fPUIHLrUd8EOt	swedish,pop,rnb,sweden
zf8DcHXo4mMdYZpo	synthpop,indie rock,indie,alternative
zfVNX9IiwSpdeVGK	pop,rnb
zfran3DqiPMOj666	indie,rock,indie rock,brooklyn,new york city
zgmqAnT4lnfMdc8a	2019,post-punk,punk,spoken word,british
zgwBDwtLcUdiYI6J	sad and beautiful,melancholy,indie,bittersweet,quiet storm,hauntingly beautiful
zgwKVITJHp0CT8JP	japanese,hip hop,electronic,hip-hop
zhZ3QAXFn6Z0OKLs	90s,alternative rock,alternative,punk,rock
zizyOYAW0BusOy2J	pop,ballad,american,prince
zkCYEZhGzySvOIGA	post-punk,shoegaze,80s,rock,goth
zkDB2ohM6VUne7jd	shoegaze,indie,swedish
zkK35ToERTSNm9vq	hard rock,rock,classic rock,80s,van halen
zkWyhnwzSyAjYp1i	actor,rock,country,country rock,soul,blues
zlLOaEiYl7E3Mq2R	rock,classic rock,80s,queen,glam rock
zlbTPHMwzJVlR2Kn	aaliyah,rnb,female vocalists,soul,love
zm2yRXhoimeoSGFq	mexico,pop,espanol,julieta venegas
zmEHGnxaIDFotsMX	new rave,indie,indie rock,british,electronic
zmxRWu5CdV5b2Tt9	folk,alternative,dream pop,ethereal,fip
znOS4HqtU8Ri142i	instrumental,psychedelic rock,psychedelic,experimental
znT9DPY6v0LPi697	punk,punk rock,70s,rock
zncu7vTsLK0kLGL7	minimal,techno,german,berlin,electronic
zoBOwNiWGn7SKzIq	hard rock,2010s
zq4iGQ6XY9e62zxw	symphonic metal,progressive metal,gothic metal,metal,female fronted metal,progressive metal,symphonic metal,gothic metal
zqLwQm4PTYEwZti4	indie rock,rock,indie,alternative,kings of leon
zqh9ga5VixyOV7cG	death metal,finnish
zquW2XlukhmOitM9	soundtrack,harry potter,stunning
zqwFGOudk3lzb5RZ	post-punk,new wave,80s,rock,the cure
zrm0b7LoobfOXuYb	black metal,symphonic black metal
zsBSl3gUPiEZzfvu	post-rock,shoegaze,drone,noise
zsCzLWXLeXjQdNfM	rnb,electropop,electronic,alternative,hip-hop,pop,rnb
zsKeT13NfJt0OvUI	cover,guitar,female vocalists,pop
ztSdsAe8DknzAusg	grunge,alternative rock,rock,alternative,90s
ztlk6bOjKXRtemXp	stoner metal,doom metal,high on fire,stoner metal,doom metal,sludge
zu4WhsxsG1N2TUph	bossa nova,jazz,latin,cool jazz
zuQuGr1ObYEQdmVu	tropicalia,mpb,brasil,psychedelic,tropicalia,brazilian
zuoO1Uw4sHUDE1Vl	mexico,banda,recuesdos de mi ninez,wisin,2015,cafeteria la sirena
zw4ClxiGtEpWByWc	classic rock,60s,rock,british,pop
zxUXIAfktNPCE0SK	rock,80s,new wave,the police
zyYHaBC64mtbXruH	shoegaze,dream pop,noise pop,lo-fi,indie
zyk8W12HxO0JFH78	country,classic country,ronnie milsap,80s
zz3P8EJJljpWjF1Z	southern rock,country,rock
zzm0WMJ14dzbttpm	cover,covers,alternative rock,alternative,rock
